3979.9665 0.138701245188713
3980.4622 0.128168374300003
3980.9579 0.117646254599094
3981.4536 0.107134968042374
3981.9493 0.0966346338391304
3982.4450 0.0883057564496994
3982.9407 0.0813890695571899
3983.4364 0.0744796916842461
3983.9321 0.0675776973366737
3984.4278 0.0606831796467304
3984.9235 0.0577249601483345
3985.4192 0.0557639077305794
3985.9149 0.0538048222661018
3986.4106 0.051847729831934
3986.9064 0.0498926490545273
3987.4021 0.0485004782676697
3987.8978 0.0471155904233456
3988.3935 0.0457321032881737
3988.8892 0.0443500280380249
3989.3849 0.0432347618043423
3989.8806 0.043321218341589
3990.3763 0.0434072837233543
3990.8720 0.0434929579496384
3991.3677 0.0435782335698605
3991.8634 0.0467992834746838
3992.3591 0.055307425558567
3992.8548 0.0638038963079453
3993.3505 0.0722885355353355
3993.8462 0.0807612240314484
3994.3419 0.0827413126826286
3994.8376 0.0796858370304108
3995.3333 0.0766341015696526
3995.8290 0.0735861286520958
3996.3247 0.0705419927835464
3996.8204 0.077170729637146
3997.3161 0.0869553610682487
3997.8118 0.0967252478003502
3998.3075 0.106480270624161
3998.8032 0.116220273077488
3999.2989 0.103928811848164
3999.7946 0.0903350561857224
4000.2903 0.0767612606287003
4000.7860 0.0632076114416122
4001.2817 0.0535114370286465
4001.7774 0.0687582120299339
4002.2731 0.0839811712503433
4002.7688 0.0991801843047142
4003.2645 0.114355131983757
4003.7602 0.123563140630722
4004.2559 0.120306506752968
4004.7516 0.117054618895054
4005.2473 0.113807544112206
4005.7430 0.110565349459648
4006.2387 0.108027033507824
4006.7344 0.106157504022121
4007.2301 0.104290820658207
4007.7258 0.102426998317242
4008.2215 0.10056609660387
4008.7172 0.0973025932908058
4009.2129 0.093446284532547
4009.7086 0.0895961672067642
4010.2044 0.0857522189617157
4010.7001 0.0819144695997238
4011.1958 0.0731200128793716
4011.6915 0.0637276545166969
4012.1872 0.0543501414358616
4012.6829 0.0449873954057693
4013.1786 0.0372147262096405
4013.6743 0.0478850454092026
4014.1700 0.0585391409695148
4014.6657 0.0691771805286407
4015.1614 0.0797993838787079
4015.6571 0.0894292965531349
4016.1528 0.0963652655482292
4016.6485 0.103291437029839
4017.1442 0.110207982361317
4017.6399 0.117115058004856
4018.1356 0.11932472884655
4018.6313 0.115918688476086
4019.1270 0.11251824349165
4019.6227 0.109123326838017
4020.1184 0.1057338565588
4020.6141 0.107613779604435
4021.1098 0.112417280673981
4021.6055 0.117215096950531
4022.1012 0.122007347643375
4022.5969 0.126794189214706
4023.0926 0.121578149497509
4023.5883 0.114324279129505
4024.0840 0.10708049684763
4024.5797 0.0998466610908508
4025.0754 0.0927020534873009
4025.5711 0.0900981798768044
4026.0668 0.08749820291996
4026.5625 0.0849020481109619
4027.0582 0.0823096558451653
4027.5539 0.0818651169538498
4028.0496 0.0897768959403038
4028.5453 0.0976806655526161
4029.0410 0.105576649308205
4029.5367 0.113465093076229
4030.0324 0.118117660284042
4030.5281 0.117735370993614
4031.0238 0.117354527115822
4031.5195 0.116975121200085
4032.0152 0.116597101092339
4032.5109 0.115071587264538
4033.0066 0.112707071006298
4033.5024 0.11034569144249
4033.9981 0.107987307012081
4034.4938 0.105631850659847
4034.9895 0.10732477158308
4035.4852 0.110271364450455
4035.9809 0.113216087222099
4036.4766 0.116158969700336
4036.9723 0.119099974632263
4037.4680 0.120970137417316
4037.9637 0.122781932353973
4038.4594 0.124592714011669
4038.9551 0.126402407884598
4039.4508 0.127597972750664
4039.9465 0.124855034053326
4040.4422 0.122114419937134
4040.9379 0.11937602609396
4041.4336 0.116639763116837
4041.9293 0.112949468195438
4042.4250 0.107230767607689
4042.9207 0.101516351103783
4043.4164 0.0958061739802361
4043.9121 0.0901002138853073
4044.4078 0.0856281295418739
4044.9035 0.0823639184236526
4045.3992 0.0791019126772881
4045.8949 0.0758421048521996
4046.3906 0.0725845098495483
4046.8863 0.0718713030219078
4047.3820 0.0723005831241608
4047.8777 0.072728730738163
4048.3734 0.0731557011604309
4048.8691 0.0735814049839973
4049.3648 0.071193628013134
4049.8605 0.0684034824371338
4050.3562 0.0656152740120888
4050.8519 0.0628290697932243
4051.3476 0.0608009435236454
4051.8433 0.0708977952599525
4052.3390 0.0809819549322128
4052.8347 0.0910529121756554
4053.3304 0.101110145449638
4053.8261 0.108373537659645
4054.3218 0.106958135962486
4054.8175 0.105542659759521
4055.3132 0.104127131402493
4055.8089 0.102711603045464
4056.3046 0.0985889956355095
4056.8004 0.0908326655626297
4057.2961 0.0830861926078796
4057.7918 0.0753499716520309
4058.2875 0.0676244273781776
4058.7832 0.0652313977479935
4059.2789 0.0662402957677841
4059.7746 0.067246213555336
4060.2703 0.0682490840554237
4060.7660 0.0692488923668861
4061.2617 0.0772360265254974
4061.7574 0.0870269760489464
4062.2531 0.0967980623245239
4062.7488 0.106548838317394
4063.2445 0.116278871893883
4063.7402 0.116736195981503
4064.2359 0.11696644872427
4064.7316 0.117194339632988
4065.2273 0.117419943213463
4065.7230 0.116402104496956
4066.2187 0.108831226825714
4066.7144 0.101275064051151
4067.2101 0.0937339290976524
4067.7058 0.0862081348896027
4068.2015 0.0812895894050598
4068.6972 0.0813700556755066
4069.1929 0.0814495161175728
4069.6886 0.0815280228853226
4070.1843 0.0816056579351425
4070.6800 0.0844513028860092
4071.1757 0.089802972972393
4071.6714 0.0951416790485382
4072.1671 0.100467436015606
4072.6628 0.10578028857708
4073.1585 0.109640821814537
4073.6542 0.112893089652061
4074.1499 0.116137452423573
4074.6456 0.119373999536037
4075.1413 0.122602820396423
4075.6370 0.117456264793873
4076.1327 0.111265011131763
4076.6284 0.105088345706463
4077.1241 0.098926268517971
4077.6198 0.0933772772550583
4078.1155 0.095869854092598
4078.6112 0.0983569398522377
4079.1069 0.100838653743267
4079.6026 0.103315062820911
4080.0984 0.103303320705891
4080.5941 0.0958761796355248
4081.0898 0.0884663164615631
4081.5855 0.0810735747218132
4082.0812 0.0736978128552437
4082.5769 0.071032702922821
4083.0726 0.0745464339852333
4083.5683 0.0780529826879501
4084.0640 0.0815524905920029
4084.5597 0.0850450694561005
4085.0554 0.0871791988611221
4085.5511 0.0884553641080856
4086.0468 0.0897295922040939
4086.5425 0.0910019427537918
4087.0382 0.0922724679112434
4087.5339 0.0919244810938835
4088.0296 0.0911567583680153
4088.5253 0.0903914496302605
4089.0210 0.0896285474300385
4089.5167 0.0888680294156075
4090.0124 0.0809566900134087
4090.5081 0.0728666633367538
4091.0038 0.0647926926612854
4091.4995 0.0567344948649406
4091.9952 0.050756111741066
4092.4909 0.0561536215245724
4092.9866 0.0615421235561371
4093.4823 0.0669218525290489
4093.9780 0.0722930431365967
4094.4737 0.0784684345126152
4094.9694 0.0862568542361259
4095.4651 0.0940334871411324
4095.9608 0.101798683404922
4096.4565 0.109552815556526
4096.9522 0.119777761399746
4097.4479 0.132341086864471
4097.9436 0.144887283444405
4098.4393 0.157416999340057
4098.9350 0.169930905103683
4099.4307 0.176503702998161
4099.9264 0.180441603064537
4100.4221 0.184377074241638
4100.9178 0.188310369849205
4101.4135 0.192241743206978
4101.9092 0.185647204518318
4102.4049 0.177516937255859
4102.9006 0.169399455189705
4103.3964 0.161294355988503
4103.8921 0.152917742729187
4104.3878 0.139251947402954
4104.8835 0.125602960586548
4105.3792 0.111970007419586
4105.8749 0.098352275788784
4106.3706 0.0873729363083839
4106.8663 0.0852116942405701
4107.3620 0.0830540433526039
4107.8577 0.0808998793363571
4108.3534 0.0787490680813789
4108.8491 0.0772897079586983
4109.3448 0.0768313184380531
4109.8405 0.0763749703764915
4110.3362 0.0759206563234329
4110.8319 0.0754683613777161
4111.3276 0.0747696608304977
4111.8233 0.0738978087902069
4112.3190 0.0730280801653862
4112.8147 0.0721604377031326
4113.3104 0.0712948441505432
4113.8061 0.0727285891771317
4114.3018 0.0748722553253174
4114.7975 0.0770175904035568
4115.2932 0.0791647732257843
4115.7889 0.0813139975070953
4116.2846 0.0809468030929565
4116.7803 0.0804270878434181
4117.2760 0.0799094289541245
4117.7717 0.0793937742710114
4118.2674 0.0791612938046455
4118.7631 0.0809976309537888
4119.2588 0.0828367471694946
4119.7545 0.0846787840127945
4120.2502 0.0865238681435585
4120.7459 0.0882448926568031
4121.2416 0.0896681398153305
4121.7373 0.091094508767128
4122.2330 0.0925240814685822
4122.7287 0.0939569249749184
4123.2244 0.0928395614027977
4123.7201 0.0888925269246101
4124.2158 0.0849441140890121
4124.7115 0.0809940099716187
4125.2072 0.0770418867468834
4125.7029 0.0777510032057762
4126.1986 0.0809604972600937
4126.6944 0.0841748863458633
4127.1901 0.0873942673206329
4127.6858 0.0906187072396278
4128.1815 0.0867957919836044
4128.6772 0.0815039724111557
4129.1729 0.0762067139148712
4129.6686 0.0709037184715271
4130.1643 0.0656088814139366
4130.6600 0.0634100213646889
4131.1557 0.0612087659537792
4131.6514 0.0590049661695957
4132.1471 0.0567985102534294
4132.6428 0.0556042641401291
4133.1385 0.059008713811636
4133.6342 0.0624177865684032
4134.1299 0.0658313930034637
4134.6256 0.0692494586110115
4135.1213 0.073042593896389
4135.6170 0.0775087848305702
4136.1127 0.0819803923368454
4136.6084 0.0864572152495384
4137.1041 0.0909390449523926
4137.5998 0.0978493615984917
4138.0955 0.106893599033356
4138.5912 0.115947559475899
4139.0869 0.125010713934898
4139.5826 0.134082555770874
4140.0783 0.131773725152016
4140.5740 0.124771438539028
4141.0697 0.117759235203266
4141.5654 0.110737420618534
4142.0611 0.103706285357475
4142.5568 0.0980413258075714
4143.0525 0.0925496146082878
4143.5482 0.0870509743690491
4144.0439 0.0815457329154015
4144.5396 0.0762782245874405
4145.0353 0.0748843625187874
4145.5310 0.0734875649213791
4146.0267 0.0720879063010216
4146.5224 0.0706854537129402
4147.0181 0.0707853212952614
4147.5138 0.0758047252893448
4148.0095 0.0808237046003342
4148.5052 0.0858417823910713
4149.0009 0.0908584520220757
4149.4966 0.093645878136158
4149.9924 0.0932127460837364
4150.4881 0.0927766710519791
4150.9838 0.0923376679420471
4151.4795 0.0918957591056824
4151.9752 0.0936133041977882
4152.4709 0.0968696922063828
4152.9666 0.100122153759003
4153.4623 0.103370375931263
4153.9580 0.106614075601101
4154.4537 0.109774492681026
4154.9494 0.11290480196476
4155.4451 0.116029791533947
4155.9408 0.119149178266525
4156.4365 0.122262723743916
4156.9322 0.119913250207901
4157.4279 0.1171660348773
4157.9236 0.114417731761932
4158.4193 0.11166862398386
4158.9150 0.108990482985973
4159.4107 0.106912486255169
4159.9064 0.104833789169788
4160.4021 0.102754607796669
4160.8978 0.100675165653229
4161.3935 0.0980180129408836
4161.8892 0.093878298997879
4162.3849 0.0897419154644012
4162.8806 0.0856092050671577
4163.3763 0.0814805403351784
4163.8720 0.0810278654098511
4164.3677 0.0849908217787743
4164.8634 0.0889456197619438
4165.3591 0.0928920954465866
4165.8548 0.0968301147222519
4166.3505 0.100448712706566
4166.8462 0.103874556720257
4167.3419 0.10729256272316
4167.8376 0.110702693462372
4168.3333 0.114104941487312
4168.8290 0.11285088956356
4169.3247 0.110439501702785
4169.8204 0.108031503856182
4170.3161 0.105627082288265
4170.8118 0.103226400911808
4171.3075 0.100208349525929
4171.8032 0.0971786230802536
4172.2989 0.0941543728113174
4172.7946 0.0911357328295708
4173.2904 0.0889138206839561
4173.7861 0.0913105309009552
4174.2818 0.0937022790312767
4174.7775 0.096089206635952
4175.2732 0.098471388220787
4175.7689 0.0999473482370377
4176.2646 0.0994963198900223
4176.7603 0.0990465134382248
4177.2560 0.098598025739193
4177.7517 0.098150908946991
4178.2474 0.0972239151597023
4178.7431 0.0958014354109764
4179.2388 0.0943823903799057
4179.7345 0.0929668098688126
4180.2302 0.0915547087788582
4180.7259 0.0881065800786018
4181.2216 0.0836323499679565
4181.7173 0.0791671648621559
4182.2130 0.0747108981013298
4182.7087 0.0702634006738663
4183.2044 0.0708127319812775
4183.7001 0.0723427683115005
4184.1958 0.0738710761070251
4184.6915 0.0753977224230766
4185.1872 0.0769323259592056
4185.6829 0.0797404423356056
4186.1786 0.0825450569391251
4186.6743 0.0853462740778923
4187.1700 0.0881442129611969
4187.6657 0.0910557433962822
4188.1614 0.0944988876581192
4188.6571 0.0979380831122398
4189.1528 0.101373411715031
4189.6485 0.104804985225201
4190.1442 0.108054235577583
4190.6399 0.110969439148903
4191.1356 0.113881811499596
4191.6313 0.116791374981403
4192.1270 0.119698166847229
4192.6227 0.118089064955711
4193.1184 0.112350963056087
4193.6141 0.106620974838734
4194.1098 0.100898899137974
4194.6055 0.0951845273375511
4195.1012 0.093874454498291
4195.5969 0.0945130363106728
4196.0926 0.095151275396347
4196.5884 0.0957891196012497
4197.0841 0.0964265167713165
4197.5798 0.0966496765613556
4198.0755 0.0968076214194298
4198.5712 0.0969655066728592
4199.0669 0.0971232578158379
4199.5626 0.097298227250576
4200.0583 0.097957581281662
4200.5540 0.0986160188913345
4201.0497 0.0992734581232071
4201.5454 0.0999298393726349
4202.0411 0.101200617849827
4202.5368 0.104851618409157
4203.0325 0.108497731387615
4203.5282 0.112138800323009
4204.0239 0.115774720907211
4204.5196 0.117712743580341
4205.0153 0.116835743188858
4205.5110 0.115958884358406
4206.0067 0.115082152187824
4206.5024 0.114205494523048
4206.9981 0.114502876996994
4207.4938 0.115774869918823
4207.9895 0.117043949663639
4208.4852 0.118310056626797
4208.9809 0.119573123753071
4209.4766 0.121858142316341
4209.9723 0.124545112252235
4210.4680 0.127226755023003
4210.9637 0.12990303337574
4211.4594 0.132573843002319
4211.9551 0.127311751246452
4212.4508 0.121034227311611
4212.9465 0.114765182137489
4213.4422 0.108504794538021
4213.9379 0.102585710585117
4214.4336 0.102339908480644
4214.9293 0.102093487977982
4215.4250 0.101846478879452
4215.9207 0.101598910987377
4216.4164 0.101771697402
4216.9121 0.103392645716667
4217.4078 0.105009935796261
4217.9035 0.106623567640781
4218.3992 0.108233563601971
4218.8949 0.10873194038868
4219.3906 0.107527583837509
4219.8864 0.106324695050716
4220.3821 0.105123370885849
4220.8778 0.103923670947552
4221.3735 0.100979320704937
4221.8692 0.0966876670718193
4222.3649 0.0924035087227821
4222.8606 0.0881269127130508
4223.3563 0.0838579088449478
4223.8520 0.0842156112194061
4224.3477 0.0862590149044991
4224.8434 0.088298462331295
4225.3391 0.090333990752697
4225.8348 0.092365637421608
4226.3305 0.0933113843202591
4226.8262 0.0941367521882057
4227.3219 0.094960555434227
4227.8176 0.0957828089594841
4228.3133 0.0965656116604805
4228.8090 0.0968420431017876
4229.3047 0.097118005156517
4229.8004 0.0973935276269913
4230.2961 0.0976686552166939
4230.7918 0.0980292782187462
4231.2875 0.0986637249588966
4231.7832 0.0992971807718277
4232.2789 0.0999296605587006
4232.7746 0.100561216473579
4233.2703 0.102728620171547
4233.7660 0.107133194804192
4234.2617 0.111530177295208
4234.7574 0.115919634699821
4235.2531 0.120301678776741
4235.7488 0.12077222019434
4236.2445 0.118356071412563
4236.7402 0.115944653749466
4237.2359 0.113537982106209
4237.7316 0.111136019229889
4238.2273 0.111524522304535
4238.7230 0.112877212464809
4239.2187 0.114228263497353
4239.7144 0.115577764809132
4240.2101 0.116925783455372
4240.7058 0.114099308848381
4241.2015 0.110868558287621
4241.6972 0.107643894851208
4242.1929 0.104425273835659
4242.6886 0.101385571062565
4243.1843 0.100389197468758
4243.6801 0.0993952751159668
4244.1758 0.0984037965536118
4244.6715 0.0974147543311119
4245.1672 0.0974981039762497
4245.6629 0.100865177810192
4246.1586 0.104228436946869
4246.6543 0.10758800059557
4247.1500 0.110944017767906
4247.6457 0.113886713981628
4248.1414 0.11624451726675
4248.6371 0.118600443005562
4249.1328 0.120954595506191
4249.6285 0.123307056725025
4250.1242 0.122749753296375
4250.6199 0.120091415941715
4251.1156 0.117437638342381
4251.6113 0.114788316190243
4252.1070 0.112143352627754
4252.6027 0.110147804021835
4253.0984 0.10837385058403
4253.5941 0.106602981686592
4254.0898 0.104835107922554
4254.5855 0.10307015478611
4255.0812 0.102729566395283
4255.5769 0.102523885667324
4256.0726 0.102319329977036
4256.5683 0.102115862071514
4257.0640 0.102051511406899
4257.5597 0.103559114038944
4258.0554 0.105066075921059
4258.5511 0.106572411954403
4259.0468 0.108078077435493
4259.5425 0.109508812427521
4260.0382 0.110712930560112
4260.5339 0.111916624009609
4261.0296 0.113119840621948
4261.5253 0.114322580397129
4262.0210 0.115289412438869
4262.5167 0.115922458469868
4263.0124 0.116555355489254
4263.5081 0.117188066244125
4264.0038 0.117820531129837
4264.4995 0.115490272641182
4264.9952 0.111017182469368
4265.4909 0.106547780334949
4265.9866 0.102081999182701
4266.4823 0.0976197868585587
4266.9781 0.0960578843951225
4267.4738 0.0954828560352325
4267.9695 0.0949081256985664
4268.4652 0.09433364123106
4268.9609 0.0937593579292297
4269.4566 0.0969636961817741
4269.9523 0.100529544055462
4270.4480 0.104091934859753
4270.9437 0.107650749385357
4271.4394 0.110910199582577
4271.9351 0.110661447048187
4272.4308 0.11041209846735
4272.9265 0.11016209423542
4273.4222 0.109911374747753
4273.9179 0.109443455934525
4274.4136 0.108302593231201
4274.9093 0.107161693274975
4275.4050 0.106020726263523
4275.9007 0.104879677295685
4276.3964 0.103362455964088
4276.8921 0.101302228868008
4277.3878 0.0992428809404373
4277.8835 0.097184456884861
4278.3792 0.0951269939541817
4278.8749 0.0964866280555725
4279.3706 0.100374110043049
4279.8663 0.104255273938179
4280.3620 0.108129933476448
4280.8577 0.111997880041599
4281.3534 0.112126976251602
4281.8491 0.110940255224705
4282.3448 0.109753400087357
4282.8405 0.108566470444202
4283.3362 0.107379540801048
4283.8319 0.105948396027088
4284.3276 0.104492023587227
4284.8233 0.103036284446716
4285.3190 0.101581290364265
4285.8147 0.100376196205616
4286.3104 0.102504760026932
4286.8061 0.104628413915634
4287.3018 0.106747142970562
4287.7975 0.108860924839973
4288.2932 0.110577695071697
4288.7889 0.111009769141674
4289.2846 0.111439853906631
4289.7803 0.111868046224117
4290.2761 0.112294383347034
4290.7718 0.113061606884003
4291.2675 0.114342384040356
4291.7632 0.11561993509531
4292.2589 0.116894319653511
4292.7546 0.118165634572506
4293.2503 0.119766607880592
4293.7460 0.121621571481228
4294.2417 0.123472541570663
4294.7374 0.125319585204124
4295.2331 0.127162784337997
4295.7288 0.12435757368803
4296.2245 0.119821920990944
4296.7202 0.115294806659222
4297.2159 0.110776297748089
4297.7116 0.106266401708126
4298.2073 0.105925627052784
4298.7030 0.106088794767857
4299.1987 0.106251798570156
4299.6944 0.106414683163166
4300.1901 0.106612510979176
4300.6858 0.107398517429829
4301.1815 0.108183346688747
4301.6772 0.108967058360577
4302.1729 0.109749689698219
4302.6686 0.110287480056286
4303.1643 0.109961502254009
4303.6600 0.109636582434177
4304.1557 0.109312705695629
4304.6514 0.108989916741848
4305.1471 0.107886761426926
4305.6428 0.105533115565777
4306.1385 0.103184171020985
4306.6342 0.100839875638485
4307.1299 0.098500207066536
4307.6256 0.0983439087867737
4308.1213 0.0999868288636208
4308.6170 0.101627469062805
4309.1127 0.10326586663723
4309.6084 0.104902058839798
4310.1041 0.107474535703659
4310.5998 0.110424123704433
4311.0955 0.113369442522526
4311.5912 0.116310574114323
4312.0869 0.119247548282146
4312.5826 0.121819816529751
4313.0783 0.124336965382099
4313.5741 0.126850798726082
4314.0698 0.129361346364021
4314.5655 0.131803765892982
4315.0612 0.132598340511322
4315.5569 0.13339239358902
4316.0526 0.134185925126076
4316.5483 0.13497893512249
4317.0440 0.135630056262016
4317.5397 0.135719612240791
4318.0354 0.135809704661369
4318.5311 0.13590033352375
4319.0268 0.135991483926773
4319.5225 0.136470451951027
4320.0182 0.137625068426132
4320.5139 0.138778671622276
4321.0096 0.13993127644062
4321.5053 0.141082882881165
4322.0010 0.140360027551651
4322.4967 0.137959003448486
4322.9924 0.135561913251877
4323.4881 0.133168652653694
4323.9838 0.130779236555099
4324.4795 0.131351232528687
4324.9752 0.133251577615738
4325.4709 0.135149881243706
4325.9666 0.137046173214912
4326.4623 0.138940468430519
4326.9580 0.141352161765099
4327.4537 0.143850937485695
4327.9494 0.146346986293793
4328.4451 0.148840323090553
4328.9408 0.151335656642914
4329.4365 0.154134064912796
4329.9322 0.156929433345795
4330.4279 0.15972176194191
4330.9236 0.162511095404625
4331.4193 0.167811423540115
4331.9150 0.184741273522377
4332.4107 0.201650813221931
4332.9064 0.218540221452713
4333.4021 0.235409677028656
4333.8978 0.250104039907455
4334.3935 0.260598242282867
4334.8892 0.271080583333969
4335.3849 0.281551092863083
4335.8806 0.292009860277176
4336.3763 0.299036473035812
4336.8721 0.302665650844574
4337.3678 0.306291341781616
4337.8635 0.309913516044617
4338.3592 0.313532173633575
4338.8549 0.309478402137756
4339.3506 0.301554769277573
4339.8463 0.293640911579132
4340.3420 0.285736680030823
4340.8377 0.277842044830322
4341.3334 0.270133078098297
4341.8291 0.26247039437294
4342.3248 0.254816859960556
4342.8205 0.247172355651855
4343.3162 0.239536866545677
4343.8119 0.227009326219559
4344.3076 0.214436605572701
4344.8033 0.201878100633621
4345.2990 0.189333707094193
4345.7947 0.178201764822006
4346.2904 0.175017923116684
4346.7861 0.171837851405144
4347.2818 0.168661534786224
4347.7775 0.165488928556442
4348.2732 0.161693707108498
4348.7689 0.156518459320068
4349.2646 0.151348948478699
4349.7603 0.14618518948555
4350.2560 0.141027092933655
4350.7517 0.138544112443924
4351.2474 0.139037936925888
4351.7431 0.139531493186951
4352.2388 0.140024811029434
4352.7345 0.140517845749855
4353.2302 0.141169965267181
4353.7259 0.141913443803787
4354.2216 0.142656445503235
4354.7173 0.143398940563202
4355.2130 0.144140928983688
4355.7087 0.143328994512558
4356.2044 0.142119169235229
4356.7001 0.140910804271698
4357.1958 0.139703869819641
4357.6915 0.138498395681381
4358.1872 0.140717878937721
4358.6829 0.143090054392815
4359.1786 0.14546012878418
4359.6743 0.147828161716461
4360.1701 0.149865835905075
4360.6658 0.149445384740829
4361.1615 0.149025559425354
4361.6572 0.148606389760971
4362.1529 0.148187875747681
4362.6486 0.14721605181694
4363.1443 0.144813284277916
4363.6400 0.142413005232811
4364.1357 0.140015184879303
4364.6314 0.137619853019714
4365.1271 0.137013599276543
4365.6228 0.138683944940567
4366.1185 0.140352919697762
4366.6142 0.14202056825161
4367.1099 0.143686860799789
4367.6056 0.14473120868206
4368.1013 0.145361989736557
4368.5970 0.145992383360863
4369.0927 0.146622374653816
4369.5884 0.147251948714256
4370.0841 0.146843269467354
4370.5798 0.146109461784363
4371.0755 0.145376458764076
4371.5712 0.144644245505333
4372.0669 0.143912807106972
4372.5626 0.144664525985718
4373.0583 0.145541653037071
4373.5540 0.146418064832687
4374.0497 0.147293776273727
4374.5454 0.148139968514442
4375.0411 0.148663729429245
4375.5368 0.149187028408051
4376.0325 0.149709910154343
4376.5282 0.150232315063477
4377.0239 0.15043817460537
4377.5196 0.149656757712364
4378.0153 0.148875951766968
4378.5110 0.148095801472664
4379.0067 0.147316232323647
4379.5024 0.146256864070892
4379.9981 0.144782662391663
4380.4938 0.143309623003006
4380.9895 0.141837731003761
4381.4852 0.140366956591606
4381.9809 0.141410052776337
4382.4766 0.144402459263802
4382.9723 0.147391930222511
4383.4681 0.150378420948982
4383.9638 0.153361916542053
4384.4595 0.155324518680573
4384.9552 0.15689505636692
4385.4509 0.158463761210442
4385.9466 0.160030588507652
4386.4423 0.16159550845623
4386.9380 0.15875232219696
4387.4337 0.155327200889587
4387.9294 0.151904821395874
4388.4251 0.148485153913498
4388.9208 0.145237326622009
4389.4165 0.145774260163307
4389.9122 0.146310150623322
4390.4079 0.146844983100891
4390.9036 0.147378727793694
4391.3993 0.148052230477333
4391.8950 0.149278625845909
4392.3907 0.150503247976303
4392.8864 0.151726067066193
4393.3821 0.1529471129179
4393.8778 0.153356894850731
4394.3735 0.152341291308403
4394.8692 0.151326224207878
4395.3649 0.150311708450317
4395.8606 0.149297773838043
4396.3563 0.148728609085083
4396.8520 0.148566424846649
4397.3477 0.148403987288475
4397.8434 0.148241296410561
4398.3391 0.148078382015228
4398.8348 0.146817266941071
4399.3305 0.145043909549713
4399.8262 0.143272176384926
4400.3219 0.14150208234787
4400.8176 0.139733701944351
4401.3133 0.139692813158035
4401.8090 0.139978498220444
4402.3047 0.140263706445694
4402.8004 0.140548408031464
4403.2961 0.140832617878914
4403.7918 0.140194594860077
4404.2875 0.139557182788849
4404.7832 0.13892038166523
4405.2789 0.138284221291542
4405.7746 0.138371869921684
4406.2703 0.142273306846619
4406.7661 0.146170377731323
4407.2618 0.150063097476959
4407.7575 0.153951480984688
4408.2532 0.156565621495247
4408.7489 0.156460717320442
4409.2446 0.156355962157249
4409.7403 0.156251341104507
4410.2360 0.156146869063377
4410.7317 0.15560382604599
4411.2274 0.154581651091576
4411.7231 0.153560698032379
4412.2188 0.152540966868401
4412.7145 0.151522472500801
4413.2102 0.152368649840355
4413.7059 0.154277592897415
4414.2016 0.15618459880352
4414.6973 0.158089727163315
4415.1930 0.159992977976799
4415.6887 0.16147193312645
4416.1844 0.162840932607651
4416.6801 0.164208710193634
4417.1758 0.165575295686722
4417.6715 0.166940703988075
4418.1672 0.16337862610817
4418.6629 0.159584522247314
4419.1586 0.155794739723206
4419.6543 0.152009233832359
4420.1500 0.148777529597282
4420.6457 0.149861425161362
4421.1414 0.150944530963898
4421.6371 0.152026891708374
4422.1328 0.153108522295952
4422.6285 0.153793171048164
4423.1242 0.153415501117706
4423.6199 0.153038650751114
4424.1156 0.15266264975071
4424.6113 0.152287498116493
4425.1070 0.152208507061005
4425.6027 0.152521014213562
4426.0984 0.152833759784698
4426.5941 0.153146833181381
4427.0898 0.153460219502449
4427.5855 0.152606293559074
4428.0812 0.150938510894775
4428.5769 0.149273037910461
4429.0726 0.147609829902649
4429.5683 0.14594891667366
4430.0641 0.144768491387367
4430.5598 0.143751695752144
4431.0555 0.14273664355278
4431.5512 0.141723334789276
4432.0469 0.140711799263954
4432.5426 0.142069756984711
4433.0383 0.143674522638321
4433.5340 0.145278960466385
4434.0297 0.146883144974709
4434.5254 0.148535415530205
4435.0211 0.150896400213242
4435.5168 0.153256669640541
4436.0125 0.155616268515587
4436.5082 0.157975256443024
4437.0039 0.159833282232285
4437.4996 0.159938141703606
4437.9953 0.160043984651566
4438.4910 0.160150825977325
4438.9867 0.160258635878563
4439.4824 0.159726992249489
4439.9781 0.158152773976326
4440.4738 0.156580463051796
4440.9695 0.155010014772415
4441.4652 0.153441339731216
4441.9609 0.154404670000076
4442.4566 0.157538682222366
4442.9523 0.160671725869179
4443.4480 0.163803800940514
4443.9437 0.16693489253521
4444.4394 0.169095918536186
4444.9351 0.170833632349968
4445.4308 0.172571077942848
4445.9265 0.174308180809021
4446.4222 0.176044911146164
4446.9179 0.174410030245781
4447.4136 0.172200694680214
4447.9093 0.169992819428444
4448.4050 0.167786359786987
4448.9007 0.165588840842247
4449.3964 0.164019733667374
4449.8921 0.162451580166817
4450.3878 0.160884395241737
4450.8835 0.159318134188652
4451.3792 0.157947853207588
4451.8749 0.157532230019569
4452.3706 0.157116949558258
4452.8663 0.156702041625977
4453.3621 0.156287476420403
4453.8578 0.155401274561882
4454.3535 0.153546616435051
4454.8492 0.151693001389503
4455.3449 0.149840384721756
4455.8406 0.147988796234131
4456.3363 0.147402971982956
4456.8320 0.148159489035606
4457.3277 0.148915946483612
4457.8234 0.149672374129295
4458.3191 0.150428786873817
4458.8148 0.150607228279114
4459.3105 0.150464743375778
4459.8062 0.15032272040844
4460.3019 0.150181144475937
4460.7976 0.150040075182915
4461.2933 0.153266549110413
4461.7890 0.157332360744476
4462.2847 0.161397129297256
4462.7804 0.165460929274559
4463.2761 0.169523805379868
4463.7718 0.173005133867264
4464.2675 0.176460236310959
4464.7632 0.179914757609367
4465.2589 0.183368712663651
4465.7546 0.186300620436668
4466.2503 0.185226440429688
4466.7460 0.184153169393539
4467.2417 0.183080762624741
4467.7374 0.182009190320969
4468.2331 0.182234287261963
4468.7288 0.185918420553207
4469.2245 0.189601868391037
4469.7202 0.193284600973129
4470.2159 0.196966633200645
4470.7116 0.198071882128716
4471.2073 0.195760354399681
4471.7030 0.19344961643219
4472.1987 0.191139683127403
4472.6944 0.188830435276031
4473.1901 0.187355056405067
4473.6858 0.186465993523598
4474.1815 0.185577139258385
4474.6772 0.1846883893013
4475.1729 0.183799728751183
4475.6686 0.182716444134712
4476.1643 0.181566283106804
4476.6601 0.180416196584702
4477.1558 0.179266139864922
4477.6515 0.178116053342819
4478.1472 0.178472295403481
4478.6429 0.178992792963982
4479.1386 0.179512739181519
4479.6343 0.180032044649124
4480.1300 0.180747538805008
4480.6257 0.184632480144501
4481.1214 0.18851563334465
4481.6171 0.192396968603134
4482.1128 0.196276426315308
4482.6085 0.199258059263229
4483.1042 0.198976561427116
4483.5999 0.198694542050362
4484.0956 0.198412030935287
4484.5913 0.19812898337841
4485.0870 0.197291016578674
4485.5827 0.195518791675568
4486.0784 0.193746581673622
4486.5741 0.191974461078644
4487.0698 0.190202370285988
4487.5655 0.18839904665947
4488.0612 0.186567947268486
4488.5569 0.184736967086792
4489.0526 0.182906091213226
4489.5483 0.181075274944305
4490.0440 0.179698780179024
4490.5397 0.178529769182205
4491.0354 0.177360534667969
4491.5311 0.176191046833992
4492.0268 0.175021290779114
4492.5225 0.176471993327141
4493.0182 0.178408861160278
4493.5139 0.180343776941299
4494.0096 0.182276725769043
4494.5053 0.184207573533058
4495.0010 0.185854032635689
4495.4967 0.187498360872269
4495.9924 0.189140528440475
4496.4881 0.190780460834503
4496.9838 0.192391768097878
4497.4795 0.193859055638313
4497.9752 0.195323944091797
4498.4709 0.196786373853683
4498.9666 0.198246210813522
4499.4623 0.198794439435005
4499.9581 0.197348356246948
4500.4538 0.195901483297348
4500.9495 0.194453820586205
4501.4452 0.193005383014679
4501.9409 0.192444279789925
4502.4366 0.192883402109146
4502.9323 0.193320155143738
4503.4280 0.1937545388937
4503.9237 0.194186508655548
4504.4194 0.196317419409752
4504.9151 0.199458360671997
4505.4108 0.202594265341759
4505.9065 0.205724954605103
4506.4022 0.208850294351578
4506.8979 0.208202421665192
4507.3936 0.206509158015251
4507.8893 0.204815164208412
4508.3850 0.203120484948158
4508.8807 0.201425209641457
4509.3764 0.198684349656105
4509.8721 0.195876955986023
4510.3678 0.193070381879807
4510.8635 0.190264776349068
4511.3592 0.187734290957451
4511.8549 0.187783554196358
4512.3506 0.18783064186573
4512.8463 0.187875598669052
4513.3420 0.187918499112129
4513.8377 0.188057780265808
4514.3334 0.188486337661743
4514.8291 0.188912495970726
4515.3248 0.18933629989624
4515.8205 0.189757883548737
4516.3162 0.190629079937935
4516.8119 0.192150473594666
4517.3076 0.19366829097271
4517.8033 0.195182621479034
4518.2990 0.196693554520607
4518.7947 0.196763917803764
4519.2904 0.195728108286858
4519.7861 0.19469290971756
4520.2818 0.193658411502838
4520.7775 0.192624807357788
4521.2732 0.188475847244263
4521.7689 0.183130502700806
4522.2646 0.17779278755188
4522.7603 0.172462835907936
4523.2561 0.16714072227478
4523.7518 0.167659595608711
4524.2475 0.168989509344101
4524.7432 0.170317634940147
4525.2389 0.171644106507301
4525.7346 0.172923535108566
4526.2303 0.172910869121552
4526.7260 0.172898799180985
4527.2217 0.172887369990349
4527.7174 0.172876685857773
4528.2131 0.173277914524078
4528.7088 0.175428181886673
4529.2045 0.1775763630867
4529.7002 0.179722562432289
4530.1959 0.181866884231567
4530.6916 0.183673143386841
4531.1873 0.184844091534615
4531.6830 0.186014741659164
4532.1787 0.187185168266296
4532.6744 0.188355386257172
4533.1701 0.189408421516418
4533.6658 0.190345734357834
4534.1615 0.191283285617828
4534.6572 0.192221134901047
4535.1529 0.193159312009811
4535.6486 0.194219782948494
4536.1443 0.195343628525734
4536.6400 0.196467682719231
4537.1357 0.19759202003479
4537.6314 0.198716625571251
4538.1271 0.199219688773155
4538.6228 0.199582517147064
4539.1185 0.199946582317352
4539.6142 0.200311884284019
4540.1099 0.200678452849388
4540.6056 0.200628146529198
4541.1013 0.200567021965981
4541.5970 0.200507655739784
4542.0927 0.200450077652931
4542.5884 0.200439721345901
4543.0841 0.200743496417999
4543.5798 0.201048761606216
4544.0755 0.201355546712875
4544.5712 0.201663851737976
4545.0669 0.202310353517532
4545.5626 0.203811094164848
4546.0583 0.205312371253967
4546.5541 0.206814229488373
4547.0498 0.208316698670387
4547.5455 0.207785546779633
4548.0412 0.204656913876534
4548.5369 0.201532438397408
4549.0326 0.198411971330643
4549.5283 0.195295408368111
4550.0240 0.194720104336739
4550.5197 0.195874363183975
4551.0154 0.197029292583466
4551.5111 0.198184907436371
4552.0068 0.199341207742691
4552.5025 0.198438689112663
4552.9982 0.19685472548008
4553.4939 0.195272952318192
4553.9896 0.193693295121193
4554.4853 0.192115694284439
4554.9810 0.194803506135941
4555.4767 0.197929248213768
4555.9724 0.201054230332375
4556.4681 0.204178407788277
4556.9638 0.207020282745361
4557.4595 0.205648630857468
4557.9552 0.204278483986855
4558.4509 0.202909752726555
4558.9466 0.201542392373085
4559.4423 0.199927598237991
4559.9380 0.19742488861084
4560.4337 0.194923922419548
4560.9294 0.192424684762955
4561.4251 0.189927116036415
4561.9208 0.189451843500137
4562.4165 0.192353367805481
4562.9122 0.195253983139992
4563.4079 0.19815368950367
4563.9036 0.201052501797676
4564.3993 0.202453687787056
4564.8950 0.202528789639473
4565.3907 0.20260426402092
4565.8864 0.202680170536041
4566.3821 0.202756479382515
4566.8778 0.204724326729774
4567.3735 0.207557067275047
4567.8692 0.210389137268066
4568.3649 0.213220506906509
4568.8606 0.216051250696182
4569.3563 0.216779485344887
4569.8521 0.217113226652145
4570.3478 0.217447370290756
4570.8435 0.217781960964203
4571.3392 0.218116998672485
4571.8349 0.216003850102425
4572.3306 0.213886320590973
4572.8263 0.211770191788673
4573.3220 0.209655404090881
4573.8177 0.207974657416344
4574.3134 0.208681806921959
4574.8091 0.209389388561249
4575.3048 0.210097402334213
4575.8005 0.210805907845497
4576.2962 0.211534649133682
4576.7919 0.212307929992676
4577.2876 0.213081806898117
4577.7833 0.213856250047684
4578.2790 0.214631319046021
4578.7747 0.214952930808067
4579.2704 0.214752852916718
4579.7661 0.214553773403168
4580.2618 0.214355662465096
4580.7575 0.214158609509468
4581.2532 0.213411003351212
4581.7489 0.212327569723129
4582.2446 0.211245432496071
4582.7403 0.210164591670036
4583.2360 0.209085032343864
4583.7317 0.209390237927437
4584.2274 0.210094749927521
4584.7231 0.210800275206566
4585.2188 0.211506828665733
4585.7145 0.212214395403862
4586.2102 0.209985464811325
4586.7059 0.207544267177582
4587.2016 0.205104440450668
4587.6973 0.202665895223618
4588.1930 0.200633987784386
4588.6887 0.202808558940887
4589.1844 0.20498389005661
4589.6801 0.207160010933876
4590.1758 0.209336891770363
4590.6715 0.211178496479988
4591.1672 0.211977601051331
4591.6629 0.212777450680733
4592.1586 0.213578000664711
4592.6543 0.214379206299782
4593.1501 0.213289424777031
4593.6458 0.209355100989342
4594.1415 0.205421283841133
4594.6372 0.201487883925438
4595.1329 0.197554796934128
4595.6286 0.197277471423149
4596.1243 0.199930623173714
4596.6200 0.202583968639374
4597.1157 0.205237448215485
4597.6114 0.207891047000885
4598.1071 0.21002334356308
4598.6028 0.211943477392197
4599.0985 0.213863506913185
4599.5942 0.2157833725214
4600.0899 0.217703029513359
4600.5856 0.218706741929054
4601.0813 0.219569027423859
4601.5770 0.220430836081505
4602.0727 0.221292182803154
4602.5684 0.222139596939087
4603.0641 0.222397074103355
4603.5598 0.222653865814209
4604.0555 0.222909957170486
4604.5512 0.223165273666382
4605.0469 0.223283961415291
4605.5426 0.222773864865303
4606.0383 0.222262963652611
4606.5340 0.221751198172569
4607.0297 0.221238553524017
4607.5254 0.221248283982277
4608.0211 0.222302407026291
4608.5168 0.223355486989021
4609.0125 0.224407449364662
4609.5082 0.225458294153214
4610.0039 0.226170554757118
4610.4996 0.226529508829117
4610.9953 0.226887375116348
4611.4910 0.227244198322296
4611.9867 0.227599918842316
4612.4824 0.227936252951622
4612.9781 0.228261440992355
4613.4738 0.228585571050644
4613.9695 0.228908658027649
4614.4652 0.229230761528015
4614.9609 0.231898665428162
4615.4566 0.235149160027504
4615.9523 0.238398030400276
4616.4481 0.241645246744156
4616.9438 0.244890809059143
4617.4395 0.243669658899307
4617.9352 0.242244571447372
4618.4309 0.240819066762924
4618.9266 0.239393264055252
4619.4223 0.238202437758446
4619.9180 0.238873884081841
4620.4137 0.239544555544853
4620.9094 0.240214467048645
4621.4051 0.240883708000183
4621.9008 0.241692647337914
4622.3965 0.242884561419487
4622.8922 0.244075730443001
4623.3879 0.245266228914261
4623.8836 0.246456012129784
4624.3793 0.24658140540123
4624.8750 0.245259240269661
4625.3707 0.243937328457832
4625.8664 0.242615684866905
4626.3621 0.241294339299202
4626.8578 0.239751085639
4627.3535 0.238046929240227
4627.8492 0.236343309283257
4628.3449 0.23464024066925
4628.8406 0.232937797904015
4629.3363 0.232891142368317
4629.8320 0.233440980315208
4630.3277 0.233990773558617
4630.8234 0.234540536999702
4631.3191 0.235090345144272
4631.8148 0.23378923535347
4632.3105 0.232262060046196
4632.8062 0.230735585093498
4633.3019 0.229209795594215
4633.7976 0.227773979306221
4634.2933 0.228163614869118
4634.7890 0.228553354740143
4635.2847 0.228943184018135
4635.7804 0.229333132505417
4636.2761 0.229329228401184
4636.7718 0.227773621678352
4637.2675 0.226218611001968
4637.7632 0.224664226174355
4638.2589 0.223110392689705
4638.7546 0.222572803497314
4639.2503 0.223854646086693
4639.7460 0.225136190652847
4640.2418 0.226417347788811
4640.7375 0.227698132395744
4641.2332 0.228628918528557
4641.7289 0.229228928685188
4642.2246 0.229828625917435
4642.7203 0.230427965521812
4643.2160 0.231026902794838
4643.7117 0.230838567018509
4644.2074 0.230262324213982
4644.7031 0.229685872793198
4645.1988 0.229109153151512
4645.6945 0.22853210568428
4646.1902 0.229739591479301
4646.6859 0.231322646141052
4647.1816 0.23290453851223
4647.6773 0.234485179185867
4648.1730 0.236064493656158
4648.6687 0.236723721027374
4649.1644 0.237364590167999
4649.6601 0.238004252314568
4650.1558 0.238642603158951
4650.6515 0.23894576728344
4651.1472 0.237153962254524
4651.6429 0.235361635684967
4652.1386 0.23356881737709
4652.6343 0.231775492429733
4653.1300 0.230884090065956
4653.6257 0.232164561748505
4654.1214 0.233443140983582
4654.6171 0.234719797968864
4655.1128 0.235994517803192
4655.6085 0.237175047397614
4656.1042 0.238240599632263
4656.5999 0.239304259419441
4657.0956 0.240366041660309
4657.5913 0.241425931453705
4658.0870 0.241844192147255
4658.5827 0.241843909025192
4659.0784 0.24184238910675
4659.5741 0.241839647293091
4660.0698 0.241835713386536
4660.5655 0.240242853760719
4661.0612 0.238152056932449
4661.5569 0.236061498522758
4662.0526 0.233971267938614
4662.5483 0.231881439685822
4663.0440 0.233159139752388
4663.5398 0.234738886356354
4664.0355 0.236316934227943
4664.5312 0.237893313169479
4665.0269 0.23952528834343
4665.5226 0.24187844991684
4666.0183 0.244229674339294
4666.5140 0.246579006314278
4667.0097 0.248926520347595
4667.5054 0.250643789768219
4668.0011 0.250248342752457
4668.4968 0.249853163957596
4668.9925 0.24945829808712
4669.4882 0.249063849449158
4669.9839 0.249136254191399
4670.4796 0.249952435493469
4670.9753 0.250768423080444
4671.4710 0.251584321260452
4671.9667 0.252400159835815
4672.4624 0.254637658596039
4672.9581 0.258077621459961
4673.4538 0.261516094207764
4673.9495 0.264953166246414
4674.4452 0.26838892698288
4674.9409 0.286735594272614
4675.4366 0.311533123254776
4675.9323 0.336316883563995
4676.4280 0.361087262630463
4676.9237 0.385844528675079
4677.4194 0.416049361228943
4677.9151 0.447173416614532
4678.4108 0.478281944990158
4678.9065 0.509375393390656
4679.4022 0.540310561656952
4679.8979 0.557003438472748
4680.3936 0.573689997196198
4680.8893 0.590370416641235
4681.3850 0.607044875621796
4681.8807 0.619032263755798
4682.3764 0.607539057731628
4682.8721 0.596053779125214
4683.3678 0.584576308727264
4683.8635 0.573106467723846
4684.3592 0.556391835212708
4684.8549 0.528654217720032
4685.3506 0.500930726528168
4685.8463 0.473220974206924
4686.3420 0.445524752140045
4686.8378 0.422767341136932
4687.3335 0.405382364988327
4687.8292 0.388005793094635
4688.3249 0.370637357234955
4688.8206 0.353276938199997
4689.3163 0.341524392366409
4689.8120 0.332994550466537
4690.3077 0.324468821287155
4690.8034 0.315947145223618
4691.2991 0.307429432868958
4691.7948 0.299582451581955
4692.2905 0.29191467165947
4692.7862 0.284250259399414
4693.2819 0.276589155197144
4693.7776 0.268931239843369
4694.2733 0.266054153442383
4694.7690 0.263441383838654
4695.2647 0.260829895734787
4695.7604 0.258219659328461
4696.2561 0.255941689014435
4696.7518 0.256509184837341
4697.2475 0.257076680660248
4697.7432 0.257644146680832
4698.2389 0.258211553096771
4698.7346 0.257952183485031
4699.2303 0.255349516868591
4699.7260 0.252747654914856
4700.2217 0.250146597623825
4700.7174 0.247546315193176
4701.2131 0.246119394898415
4701.7088 0.246330261230469
4702.2045 0.246540889143944
4702.7002 0.246751263737679
4703.1959 0.246961370110512
4703.6916 0.247181311249733
4704.1873 0.247408494353294
4704.6830 0.247635364532471
4705.1787 0.247861966490746
4705.6744 0.248088285326958
4706.1701 0.249691501259804
4706.6658 0.251802235841751
4707.1615 0.253912150859833
4707.6572 0.256021201610565
4708.1529 0.258129477500916
4708.6486 0.259716689586639
4709.1443 0.26123708486557
4709.6400 0.262757062911987
4710.1358 0.264276653528214
4710.6315 0.265707731246948
4711.1272 0.265209555625916
4711.6229 0.264711886644363
4712.1186 0.264214783906937
4712.6143 0.263718277215958
4713.1100 0.263446569442749
4713.6057 0.264069318771362
4714.1014 0.264692544937134
4714.5971 0.265316307544708
4715.0928 0.26594066619873
4715.5885 0.266652822494507
4716.0842 0.267522484064102
4716.5799 0.26839280128479
4717.0756 0.269263952970505
4717.5713 0.270135909318924
4718.0670 0.26971098780632
4718.5627 0.268060475587845
4719.0584 0.266411572694778
4719.5541 0.264764219522476
4720.0498 0.263118475675583
4720.5455 0.262272119522095
4721.0412 0.261818468570709
4721.5369 0.261366158723831
4722.0326 0.260915160179138
4722.5283 0.260465532541275
4723.0240 0.25887268781662
4723.5197 0.257043272256851
4724.0154 0.255215376615524
4724.5111 0.253388971090317
4725.0068 0.251564025878906
4725.5025 0.250676274299622
4725.9982 0.249804332852364
4726.4939 0.248933687806129
4726.9896 0.248064309358597
4727.4853 0.247535645961761
4727.9810 0.249063536524773
4728.4767 0.25059249997139
4728.9724 0.252122521400452
4729.4681 0.253653645515442
4729.9638 0.254645973443985
4730.4595 0.254372417926788
4730.9552 0.254100054502487
4731.4509 0.253828793764114
4731.9466 0.253558695316315
4732.4423 0.253636509180069
4732.9380 0.254129379987717
4733.4338 0.25462332367897
4733.9295 0.255118280649185
4734.4252 0.255614280700684
4734.9209 0.256115883588791
4735.4166 0.256621360778809
4735.9123 0.257127702236176
4736.4080 0.257634937763214
4736.9037 0.258142948150635
4737.3994 0.258219480514526
4737.8951 0.258167773485184
4738.3908 0.258116602897644
4738.8865 0.25806587934494
4739.3822 0.258015543222427
4739.8779 0.26044887304306
4740.3736 0.263076543807983
4740.8693 0.265704572200775
4741.3650 0.268332898616791
4741.8607 0.270584404468536
4742.3564 0.268772959709167
4742.8521 0.266961097717285
4743.3478 0.265148669481277
4743.8435 0.263335585594177
4744.3392 0.262128949165344
4744.8349 0.262820273637772
4745.3306 0.263510882854462
4745.8263 0.264200627803802
4746.3220 0.264889478683472
4746.8177 0.265154540538788
4747.3134 0.264783680438995
4747.8091 0.264411568641663
4748.3048 0.264038115739822
4748.8005 0.263663232326508
4749.2962 0.263755202293396
4749.7919 0.264217704534531
4750.2876 0.264678627252579
4750.7833 0.265137910842896
4751.2790 0.265595465898514
4751.7747 0.265033572912216
4752.2704 0.264063984155655
4752.7661 0.263092756271362
4753.2618 0.262119889259338
4753.7575 0.261145383119583
4754.2532 0.260361850261688
4754.7489 0.259604871273041
4755.2446 0.258846342563629
4755.7403 0.258086353540421
4756.2360 0.257255077362061
4756.7318 0.254173934459686
4757.2275 0.251091957092285
4757.7232 0.248009189963341
4758.2189 0.244925767183304
4758.7146 0.243017300963402
4759.2103 0.246188342571259
4759.7060 0.249357476830482
4760.2017 0.252524733543396
4760.6974 0.255690097808838
4761.1931 0.258017539978027
4761.6888 0.258761197328568
4762.1845 0.259503662586212
4762.6802 0.260245084762573
4763.1759 0.260985493659973
4763.6716 0.261511117219925
4764.1673 0.261825174093246
4764.6630 0.262138456106186
4765.1587 0.262450933456421
4765.6544 0.262762725353241
4766.1501 0.263067245483398
4766.6458 0.263367712497711
4767.1415 0.263667553663254
4767.6372 0.263966739177704
4768.1329 0.264265269041061
4768.6286 0.265415191650391
4769.1243 0.266751736402512
4769.6200 0.268087297677994
4770.1157 0.269421815872192
4770.6114 0.270755231380463
4771.1071 0.271927893161774
4771.6028 0.273095816373825
4772.0985 0.274262636899948
4772.5942 0.27542832493782
4773.0899 0.276452749967575
4773.5856 0.276584267616272
4774.0813 0.276714950799942
4774.5770 0.27684473991394
4775.0727 0.276973634958267
4775.5684 0.276495575904846
4776.0641 0.274561554193497
4776.5598 0.272627413272858
4777.0555 0.270693212747574
4777.5512 0.268758922815323
4778.0469 0.267852455377579
4778.5426 0.268190056085587
4779.0383 0.268526494503021
4779.5340 0.268861770629883
4780.0298 0.269195854663849
4780.5255 0.268638730049133
4781.0212 0.267513364553452
4781.5169 0.266387522220612
4782.0126 0.265261173248291
4782.5083 0.264134347438812
4783.0040 0.263446033000946
4783.4997 0.262888759374619
4783.9954 0.262330710887909
4784.4911 0.26177179813385
4784.9868 0.261212110519409
4785.4825 0.261957615613937
4785.9782 0.262803494930267
4786.4739 0.263647705316544
4786.9696 0.264490187168121
4787.4653 0.265419989824295
4787.9610 0.267292976379395
4788.4567 0.269163489341736
4788.9524 0.271031498908997
4789.4481 0.272897034883499
4789.9438 0.274105280637741
4790.4395 0.273291975259781
4790.9352 0.272477835416794
4791.4309 0.271662950515747
4791.9266 0.270847380161285
4792.4223 0.270609080791473
4792.9180 0.271223843097687
4793.4137 0.271836996078491
4793.9094 0.272448599338531
4794.4051 0.27305868268013
4794.9008 0.273691743612289
4795.3965 0.274342358112335
4795.8922 0.274991691112518
4796.3879 0.275639772415161
4796.8836 0.276286721229553
4797.3793 0.277228146791458
4797.8750 0.278282642364502
4798.3707 0.279335975646973
4798.8664 0.280388295650482
4799.3621 0.28143972158432
4799.8578 0.281747072935104
4800.3535 0.281953126192093
4800.8492 0.282159298658371
4801.3449 0.282365679740906
4801.8406 0.282539695501328
4802.3363 0.281913697719574
4802.8320 0.281288862228394
4803.3278 0.280665367841721
4803.8235 0.280043214559555
4804.3192 0.279145777225494
4804.8149 0.277131497859955
4805.3106 0.275119841098785
4805.8063 0.273110926151276
4806.3020 0.271104753017426
4806.7977 0.270762950181961
4807.2934 0.273407965898514
4807.7891 0.276052743196487
4808.2848 0.278697371482849
4808.7805 0.281341999769211
4809.2762 0.282923698425293
4809.7719 0.283512651920319
4810.2676 0.284103006124496
4810.7633 0.284694880247116
4811.2590 0.285288244485855
4811.7547 0.285303264856339
4812.2504 0.285042554140091
4812.7461 0.284783840179443
4813.2418 0.284527152776718
4813.7375 0.284272491931915
4814.2332 0.282901614904404
4814.7289 0.281313329935074
4815.2246 0.279727637767792
4815.7203 0.278144478797913
4816.2160 0.276563853025436
4816.7117 0.278259873390198
4817.2074 0.279972851276398
4817.7031 0.281686931848526
4818.1988 0.283402025699615
4818.6945 0.284993886947632
4819.1902 0.285908102989197
4819.6859 0.286823630332947
4820.1816 0.287740498781204
4820.6773 0.288658708333969
4821.1730 0.289145648479462
4821.6687 0.288691222667694
4822.1644 0.28823846578598
4822.6601 0.28778737783432
4823.1558 0.287337839603424
4823.6515 0.287614732980728
4824.1472 0.288696259260178
4824.6429 0.289778888225555
4825.1386 0.290862590074539
4825.6343 0.291947364807129
4826.1300 0.292149424552917
4826.6258 0.291842967271805
4827.1215 0.291537791490555
4827.6172 0.291233837604523
4828.1129 0.290931075811386
4828.6086 0.292538732290268
4829.1043 0.294642001390457
4829.6000 0.296745955944061
4830.0957 0.298850536346436
4830.5914 0.300955772399902
4831.0871 0.300615668296814
4831.5828 0.300159186124802
4832.0785 0.299703657627106
4832.5742 0.299249053001404
4833.0699 0.298744320869446
4833.5656 0.297845929861069
4834.0613 0.296948373317719
4834.5570 0.296051621437073
4835.0527 0.295155614614487
4835.5484 0.294898331165314
4836.0441 0.296326249837875
4836.5398 0.297754645347595
4837.0355 0.299183487892151
4837.5312 0.30061274766922
4838.0269 0.301797747612
4838.5226 0.30266547203064
4839.0183 0.303533613681793
4839.5140 0.304402112960815
4840.0097 0.305271029472351
4840.5054 0.305586665868759
4841.0011 0.305526554584503
4841.4968 0.305466860532761
4841.9925 0.305407494306564
4842.4882 0.305348485708237
4842.9839 0.306284815073013
4843.4796 0.307542562484741
4843.9753 0.308800548315048
4844.4710 0.31005871295929
4844.9667 0.311317086219788
4845.4624 0.313149958848953
4845.9581 0.315035253763199
4846.4538 0.316920667886734
4846.9495 0.318806171417236
4847.4452 0.321047753095627
4847.9409 0.327533602714539
4848.4366 0.334019362926483
4848.9323 0.340505003929138
4849.4280 0.346990585327148
4849.9238 0.360589861869812
4850.4195 0.39693883061409
4850.9152 0.433286666870117
4851.4109 0.469633400440216
4851.9066 0.505979061126709
4852.4023 0.553311467170715
4852.8980 0.617183208465576
4853.3937 0.681052982807159
4853.8894 0.74492084980011
4854.3851 0.808786809444427
4854.8808 0.85190337896347
4855.3765 0.878728628158569
4855.8722 0.905553221702576
4856.3679 0.93237692117691
4856.8636 0.959199845790863
4857.3593 0.949260354042053
4857.8550 0.925117671489716
4858.3507 0.900975704193115
4858.8464 0.876834452152252
4859.3421 0.852693915367126
4859.8378 0.814093947410584
4860.3335 0.773570597171783
4860.8292 0.733048498630524
4861.3249 0.692527532577515
4861.8206 0.652148127555847
4862.3163 0.614826917648315
4862.8120 0.57750678062439
4863.3077 0.540187776088715
4863.8034 0.50286990404129
4864.2991 0.46848663687706
4864.7948 0.445457875728607
4865.2905 0.422429800033569
4865.7862 0.399402439594269
4866.2819 0.376375764608383
4866.7776 0.358517587184906
4867.2733 0.349578022956848
4867.7690 0.340638697147369
4868.2647 0.33169960975647
4868.7604 0.322760760784149
4869.2561 0.317528158426285
4869.7518 0.31560155749321
4870.2475 0.313674867153168
4870.7432 0.31174823641777
4871.2389 0.309821546077728
4871.7346 0.308970481157303
4872.2303 0.308601975440979
4872.7260 0.308233350515366
4873.2218 0.307864665985107
4873.7175 0.307495832443237
4874.2132 0.306423872709274
4874.7089 0.305229872465134
4875.2046 0.304035812616348
4875.7003 0.302841633558273
4876.1960 0.301647365093231
4876.6917 0.300451278686523
4877.1874 0.299255073070526
4877.6831 0.298058807849884
4878.1788 0.296862423419952
4878.6745 0.296059608459473
4879.1702 0.297096818685532
4879.6659 0.298133790493011
4880.1616 0.29917049407959
4880.6573 0.300207018852234
4881.1530 0.300256580114365
4881.6487 0.298377156257629
4882.1444 0.296497672796249
4882.6401 0.29461807012558
4883.1358 0.292738407850266
4883.6315 0.291542083024979
4884.1272 0.29102697968483
4884.6229 0.290511727333069
4885.1186 0.289996296167374
4885.6143 0.289480626583099
4886.1100 0.290768325328827
4886.6057 0.292971700429916
4887.1014 0.295174688100815
4887.5971 0.297377288341522
4888.0928 0.299579441547394
4888.5885 0.301273792982101
4889.0842 0.30286055803299
4889.5799 0.304446965456009
4890.0756 0.30603301525116
4890.5713 0.307618618011475
4891.0670 0.309724807739258
4891.5627 0.311836659908295
4892.0584 0.313948065042496
4892.5541 0.316059023141861
4893.0498 0.317954570055008
4893.5455 0.318642288446426
4894.0412 0.319329619407654
4894.5369 0.32001668214798
4895.0326 0.320703357458115
4895.5283 0.320787817239761
4896.0240 0.319556951522827
4896.5198 0.318325966596603
4897.0155 0.317094892263412
4897.5112 0.31586366891861
4898.0069 0.314730137586594
4898.5026 0.313703656196594
4898.9983 0.312677085399628
4899.4940 0.311650425195694
4899.9897 0.310623705387115
4900.4854 0.309775412082672
4900.9811 0.309027493000031
4901.4768 0.308279514312744
4901.9725 0.307531505823135
4902.4682 0.306783437728882
4902.9639 0.30589497089386
4903.4596 0.304972171783447
4903.9553 0.304049432277679
4904.4510 0.303126752376556
4904.9467 0.302204191684723
4905.4424 0.303233623504639
4905.9381 0.304330289363861
4906.4338 0.305426865816116
4906.9295 0.306523412466049
4907.4252 0.307532101869583
4907.9209 0.307953655719757
4908.4166 0.308375388383865
4908.9123 0.30879732966423
4909.4080 0.309219419956207
4909.9037 0.308833599090576
4910.3994 0.306504935026169
4910.8951 0.304176896810532
4911.3908 0.301849603652954
4911.8865 0.299523025751114
4912.3822 0.300313770771027
4912.8779 0.304801166057587
4913.3736 0.309288829565048
4913.8693 0.313776761293411
4914.3650 0.318265110254288
4914.8607 0.321418821811676
4915.3564 0.323759347200394
4915.8521 0.326100736856461
4916.3478 0.328443139791489
4916.8435 0.3307865858078
4917.3392 0.331747055053711
4917.8349 0.332330316305161
4918.3306 0.332915037870407
4918.8263 0.333501279354095
4919.3220 0.33408910036087
4919.8178 0.335476875305176
4920.3135 0.336909025907516
4920.8092 0.338343113660812
4921.3049 0.339779257774353
4921.8006 0.340786516666412
4922.2963 0.338431656360626
4922.7920 0.33607879281044
4923.2877 0.333728045225143
4923.7834 0.331379413604736
4924.2791 0.328924924135208
4924.7748 0.326192080974579
4925.2705 0.323461294174194
4925.7662 0.320732563734055
4926.2619 0.318005859851837
4926.7576 0.316090494394302
4927.2533 0.315197616815567
4927.7490 0.3143070936203
4928.2447 0.313418865203857
4928.7404 0.312533020973206
4929.2361 0.311996221542358
4929.7318 0.311686307191849
4930.2275 0.311378866434097
4930.7232 0.311073869466782
4931.2189 0.310771286487579
4931.7146 0.310821503400803
4932.2103 0.310977965593338
4932.7060 0.311136901378632
4933.2017 0.311298310756683
4933.6974 0.311462163925171
4934.1931 0.312230259180069
4934.6888 0.313041746616364
4935.1845 0.313855797052383
4935.6802 0.314672380685806
4936.1759 0.315440386533737
4936.6716 0.315758466720581
4937.1673 0.316078573465347
4937.6630 0.316400647163391
4938.1587 0.316724598407745
4938.6544 0.317076146602631
4939.1501 0.317500352859497
4939.6458 0.317926168441772
4940.1415 0.318353474140167
4940.6372 0.318782031536102
4941.1329 0.319954097270966
4941.6286 0.322104215621948
4942.1243 0.324256390333176
4942.6200 0.326410412788391
4943.1158 0.32856622338295
4943.6115 0.329929828643799
4944.1072 0.330759197473526
4944.6029 0.331589221954346
4945.0986 0.332419872283936
4945.5943 0.333250999450684
4946.0900 0.333515733480453
4946.5857 0.333604216575623
4947.0814 0.33369255065918
4947.5771 0.333780765533447
4948.0728 0.333868801593781
4948.5685 0.33217915892601
4949.0642 0.330351203680038
4949.5599 0.328521817922592
4950.0556 0.326690971851349
4950.5513 0.325073063373566
4951.0470 0.325514823198318
4951.5427 0.325956374406815
4952.0384 0.326397776603699
4952.5341 0.326838910579681
4953.0298 0.327210545539856
4953.5255 0.327384948730469
4954.0212 0.327558815479279
4954.5169 0.32773220539093
4955.0126 0.327905058860779
4955.5083 0.327708601951599
4956.0040 0.327014774084091
4956.4997 0.326319754123688
4956.9954 0.325623452663422
4957.4911 0.324925869703293
4957.9868 0.324618428945541
4958.4825 0.324579149484634
4958.9782 0.324538677930832
4959.4739 0.324496954679489
4959.9696 0.324453860521317
4960.4653 0.323231846094131
4960.9610 0.321633458137512
4961.4567 0.320032745599747
4961.9524 0.318429589271545
4962.4481 0.316823989152908
4962.9438 0.31803771853447
4963.4395 0.31947785615921
4963.9352 0.320916652679443
4964.4309 0.322354048490524
4964.9266 0.323831140995026
4965.4223 0.325713396072388
4965.9180 0.32759416103363
4966.4138 0.329473286867142
4966.9095 0.331350713968277
4967.4052 0.333095818758011
4967.9009 0.334464907646179
4968.3966 0.335831940174103
4968.8923 0.337196826934814
4969.3880 0.338559627532959
4969.8837 0.338571667671204
4970.3794 0.336761474609375
4970.8751 0.334948301315308
4971.3708 0.333132207393646
4971.8665 0.331313282251358
4972.3622 0.330630093812943
4972.8579 0.330726653337479
4973.3536 0.330820918083191
4973.8493 0.330912917852402
4974.3450 0.331002622842789
4974.8407 0.32949623465538
4975.3364 0.327483952045441
4975.8321 0.325469464063644
4976.3278 0.323452889919281
4976.8235 0.32143434882164
4977.3192 0.321069419384003
4977.8149 0.320832699537277
4978.3106 0.320594489574432
4978.8063 0.320354819297791
4979.3020 0.32010605931282
4979.7977 0.31978103518486
4980.2934 0.319454967975616
4980.7891 0.319127917289734
4981.2848 0.318800032138824
4981.7805 0.318944215774536
4982.2762 0.320416450500488
4982.7719 0.321888089179993
4983.2676 0.323359310626984
4983.7633 0.324830114841461
4984.2590 0.325696259737015
4984.7547 0.325761944055557
4985.2504 0.32582750916481
4985.7461 0.325893044471741
4986.2418 0.325958698987961
4986.7375 0.326861441135406
4987.2332 0.32832658290863
4987.7289 0.329792022705078
4988.2246 0.331257790327072
4988.7203 0.33272397518158
4989.2160 0.333088248968124
4989.7118 0.333116948604584
4990.2075 0.333146333694458
4990.7032 0.333176583051682
4991.1989 0.333207666873932
4991.6946 0.332614928483963
4992.1903 0.331979513168335
4992.6860 0.331345230340958
4993.1817 0.330712258815765
4993.6774 0.330005466938019
4994.1731 0.328644782304764
4994.6688 0.327285557985306
4995.1645 0.325927972793579
4995.6602 0.324571967124939
4996.1559 0.323211878538132
4996.6516 0.321838021278381
4997.1473 0.320465952157974
4997.6430 0.3190957903862
4998.1387 0.317727535963058
4998.6344 0.317247927188873
4999.1301 0.317897945642471
4999.6258 0.318550378084183
5000.1215 0.319205284118652
5000.6172 0.319862723350525
5001.1129 0.320939213037491
5001.6086 0.322285741567612
5002.1043 0.323635131120682
5002.6000 0.324987441301346
5003.0957 0.326342701911926
5003.5914 0.327727019786835
5004.0871 0.329121857881546
5004.5828 0.330519765615463
5005.0785 0.331920772790909
5005.5742 0.33332484960556
5006.0699 0.337321102619171
5006.5656 0.341465592384338
5007.0613 0.345614403486252
5007.5570 0.349767655134201
5008.0527 0.353743463754654
5008.5484 0.35634633898735
5009.0441 0.358953028917313
5009.5398 0.361563503742218
5010.0355 0.364177852869034
5010.5312 0.365935146808624
5011.0269 0.365547358989716
5011.5226 0.365161776542664
5012.0183 0.364778369665146
5012.5140 0.364396989345551
5013.0098 0.363746017217636
5013.5055 0.36277237534523
5014.0012 0.361800283193588
5014.4969 0.360829621553421
5014.9926 0.359860301017761
5015.4883 0.358627647161484
5015.9840 0.35723751783371
5016.4797 0.355848163366318
5016.9754 0.354459524154663
5017.4711 0.353071391582489
5017.9668 0.351615130901337
5018.4625 0.350141525268555
5018.9582 0.348667979240417
5019.4539 0.34719443321228
5019.9496 0.345720708370209
5020.4453 0.343592911958694
5020.9410 0.341441005468369
5021.4367 0.339287996292114
5021.9324 0.33713373541832
5022.4281 0.335657209157944
5022.9238 0.338494151830673
5023.4195 0.34133306145668
5023.9152 0.344173848628998
5024.4109 0.347016274929047
5024.9066 0.349046617746353
5025.4023 0.349236339330673
5025.8980 0.349425375461578
5026.3937 0.349613547325134
5026.8894 0.349800825119019
5027.3851 0.349421709775925
5027.8808 0.348421335220337
5028.3765 0.34741884469986
5028.8722 0.346414059400558
5029.3679 0.345406949520111
5029.8636 0.343561708927155
5030.3593 0.341259211301804
5030.8550 0.338953226804733
5031.3507 0.336643695831299
5031.8464 0.334330588579178
5032.3421 0.332204222679138
5032.8378 0.330116480588913
5033.3335 0.328025132417679
5033.8292 0.325930178165436
5034.3249 0.323831677436829
5034.8206 0.324616014957428
5035.3163 0.325427353382111
5035.8120 0.326236575841904
5036.3077 0.32704371213913
5036.8035 0.328032165765762
5037.2992 0.329972356557846
5037.7949 0.331910938024521
5038.2906 0.333847910165787
5038.7863 0.335783213376999
5039.2820 0.337530046701431
5039.7777 0.338900536298752
5040.2734 0.340269148349762
5040.7691 0.341635972261429
5041.2648 0.343001067638397
5041.7605 0.345152795314789
5042.2562 0.348077774047852
5042.7519 0.351001530885696
5043.2476 0.353924095630646
5043.7433 0.356845438480377
5044.2390 0.357050538063049
5044.7347 0.355953812599182
5045.2304 0.354854971170425
5045.7261 0.353754162788391
5046.2218 0.352651387453079
5046.7175 0.353086560964584
5047.2132 0.353795796632767
5047.7089 0.354503631591797
5048.2046 0.355210185050964
5048.7003 0.355915486812592
5049.1960 0.356621205806732
5049.6917 0.357325732707977
5050.1874 0.358029067516327
5050.6831 0.358731240034103
5051.1788 0.359611392021179
5051.6745 0.361240655183792
5052.1702 0.362868994474411
5052.6659 0.364496350288391
5053.1616 0.366122841835022
5053.6573 0.367365896701813
5054.1530 0.367943078279495
5054.6487 0.368519276380539
5055.1444 0.369094550609589
5055.6401 0.369668930768967
5056.1358 0.368528604507446
5056.6315 0.365914911031723
5057.1272 0.363300114870071
5057.6229 0.360684335231781
5058.1186 0.358067572116852
5058.6143 0.357203155755997
5059.1100 0.357051551342011
5059.6057 0.356899231672287
5060.1015 0.356746315956116
5060.5972 0.356592774391174
5061.0929 0.356209009885788
5061.5886 0.355794489383698
5062.0843 0.355379492044449
5062.5800 0.354964137077332
5063.0757 0.354554116725922
5063.5714 0.354238003492355
5064.0671 0.353921622037888
5064.5628 0.353605061769485
5065.0585 0.353288352489471
5065.5542 0.352981090545654
5066.0499 0.352705478668213
5066.5456 0.352429896593094
5067.0413 0.352154463529587
5067.5370 0.351879149675369
5068.0327 0.352558583021164
5068.5284 0.354646861553192
5069.0241 0.356735527515411
5069.5198 0.358824759721756
5070.0155 0.360914528369904
5070.5112 0.35997673869133
5071.0069 0.356825590133667
5071.5026 0.353674948215485
5071.9983 0.350524842739105
5072.4940 0.347375333309174
5072.9897 0.345514714717865
5073.4854 0.344080716371536
5073.9811 0.342647522687912
5074.4768 0.341215193271637
5074.9725 0.339783817529678
5075.4682 0.341231763362885
5075.9639 0.34291198849678
5076.4596 0.344593584537506
5076.9553 0.346276551485062
5077.4510 0.347788453102112
5077.9467 0.34774923324585
5078.4424 0.347711235284805
5078.9381 0.347674489021301
5079.4338 0.34763902425766
5079.9295 0.347689211368561
5080.4252 0.347963988780975
5080.9209 0.348239928483963
5081.4166 0.348517119884491
5081.9123 0.34879544377327
5082.4080 0.350823193788528
5082.9037 0.35499694943428
5083.3995 0.359172523021698
5083.8952 0.363349884748459
5084.3909 0.36752912402153
5084.8866 0.369569540023804
5085.3823 0.370321214199066
5085.8780 0.371073842048645
5086.3737 0.371827483177185
5086.8694 0.372582137584686
5087.3651 0.371554225683212
5087.8608 0.37007811665535
5088.3565 0.368602395057678
5088.8522 0.36712709069252
5089.3479 0.365652143955231
5089.8436 0.365156888961792
5090.3393 0.364688128232956
5090.8350 0.364220082759857
5091.3307 0.363752663135529
5091.8264 0.363199055194855
5092.3221 0.362152338027954
5092.8178 0.361106157302856
5093.3135 0.360060602426529
5093.8092 0.359015583992004
5094.3049 0.358193248510361
5094.8006 0.357832461595535
5095.2963 0.357472509145737
5095.7920 0.357113480567932
5096.2877 0.356755316257477
5096.7834 0.35698926448822
5097.2791 0.357813328504562
5097.7748 0.358638733625412
5098.2705 0.359465569257736
5098.7662 0.36029377579689
5099.2619 0.360382080078125
5099.7576 0.360117793083191
5100.2533 0.359854459762573
5100.7490 0.359592169523239
5101.2447 0.359330922365189
5101.7404 0.358469903469086
5102.2361 0.35750612616539
5102.7318 0.356542944908142
5103.2275 0.355580300092697
5103.7232 0.3547043800354
5104.2189 0.356670320034027
5104.7146 0.358637809753418
5105.2103 0.360606729984283
5105.7060 0.362577080726624
5106.2017 0.364315152168274
5106.6975 0.36515411734581
5107.1932 0.365993678569794
5107.6889 0.366833716630936
5108.1846 0.367674112319946
5108.6803 0.368920177221298
5109.1760 0.370820313692093
5109.6717 0.372720927000046
5110.1674 0.3746218085289
5110.6631 0.376522928476334
5111.1588 0.376806527376175
5111.6545 0.37581667304039
5112.1502 0.374825328588486
5112.6459 0.373832404613495
5113.1416 0.372837662696838
5113.6373 0.371461927890778
5114.1330 0.369948655366898
5114.6287 0.368433088064194
5115.1244 0.366915166378021
5115.6201 0.365394800901413
5116.1158 0.363250523805618
5116.6115 0.361045181751251
5117.1072 0.358837008476257
5117.6029 0.356625974178314
5118.0986 0.354666918516159
5118.5943 0.355229467153549
5119.0900 0.355789929628372
5119.5857 0.356348276138306
5120.0814 0.356904476881027
5120.5771 0.356954544782639
5121.0728 0.355635523796082
5121.5685 0.354313939809799
5122.0642 0.352989882230759
5122.5599 0.351663380861282
5123.0556 0.351411044597626
5123.5513 0.352486699819565
5124.0470 0.353560477495193
5124.5427 0.354632258415222
5125.0384 0.355702191591263
5125.5341 0.356667339801788
5126.0298 0.35756903886795
5126.5255 0.358468890190125
5127.0212 0.359366863965988
5127.5169 0.360262989997864
5128.0126 0.361231297254562
5128.5083 0.36221581697464
5129.0040 0.363198518753052
5129.4997 0.364179521799088
5129.9955 0.365158706903458
5130.4912 0.365398675203323
5130.9869 0.365623593330383
5131.4826 0.365846812725067
5131.9783 0.366068422794342
5132.4740 0.366183817386627
5132.9697 0.365752935409546
5133.4654 0.365320533514023
5133.9611 0.364886581897736
5134.4568 0.364451169967651
5134.9525 0.363519608974457
5135.4482 0.361626267433167
5135.9439 0.359731733798981
5136.4396 0.357835978269577
5136.9353 0.3559390604496
5137.4310 0.354718714952469
5137.9267 0.354125022888184
5138.4224 0.353530168533325
5138.9181 0.352934181690216
5139.4138 0.352337032556534
5139.9095 0.351958274841309
5140.4052 0.351673156023026
5140.9009 0.351386934518814
5141.3966 0.351099610328674
5141.8923 0.350811302661896
5142.3880 0.351361840963364
5142.8837 0.352027952671051
5143.3794 0.352692902088165
5143.8751 0.353356689214706
5144.3708 0.354004502296448
5144.8665 0.354409396648407
5145.3622 0.35481321811676
5145.8579 0.35521599650383
5146.3536 0.355617791414261
5146.8493 0.356226325035095
5147.3450 0.357500046491623
5147.8407 0.3587726354599
5148.3364 0.360044181346893
5148.8321 0.361314684152603
5149.3278 0.363195836544037
5149.8235 0.365927934646606
5150.3192 0.368658781051636
5150.8149 0.371388465166092
5151.3106 0.374117016792297
5151.8063 0.375755548477173
5152.3020 0.376661896705627
5152.7977 0.377567857503891
5153.2935 0.378473401069641
5153.7892 0.379378646612167
5154.2849 0.379025846719742
5154.7806 0.378315925598145
5155.2763 0.377606362104416
5155.7720 0.376897275447845
5156.2677 0.376188695430756
5156.7634 0.374847531318665
5157.2591 0.373480498790741
5157.7548 0.372114449739456
5158.2505 0.370749413967133
5158.7462 0.368865787982941
5159.2419 0.363805651664734
5159.7376 0.358747601509094
5160.2333 0.353691875934601
5160.7290 0.348638355731964
5161.2247 0.344283521175385
5161.7204 0.341398596763611
5162.2161 0.338515669107437
5162.7118 0.335634827613831
5163.2075 0.332756131887436
5163.7032 0.330992609262466
5164.1989 0.330329924821854
5164.6946 0.329669207334518
5165.1903 0.329010546207428
5165.6860 0.328354001045227
5166.1817 0.328295946121216
5166.6774 0.328514516353607
5167.1731 0.328735291957855
5167.6688 0.328958362340927
5168.1645 0.329183727502823
5168.6602 0.334269851446152
5169.1559 0.340105623006821
5169.6516 0.345943838357925
5170.1473 0.351784586906433
5170.6430 0.357424288988113
5171.1387 0.359091252088547
5171.6344 0.360760867595673
5172.1301 0.362433135509491
5172.6258 0.364107966423035
5173.1215 0.364896267652512
5173.6172 0.362727403640747
5174.1129 0.360560566186905
5174.6086 0.358395636081696
5175.1043 0.356232464313507
5175.6000 0.354788035154343
5176.0957 0.354362428188324
5176.5915 0.353938490152359
5177.0872 0.353516191244125
5177.5829 0.353095442056656
5178.0786 0.353404581546783
5178.5743 0.354208558797836
5179.0700 0.355014055967331
5179.5657 0.355821043252945
5180.0614 0.356629401445389
5180.5571 0.358969002962112
5181.0528 0.361743837594986
5181.5485 0.36452043056488
5182.0442 0.367298662662506
5182.5399 0.370078504085541
5183.0356 0.369411557912827
5183.5313 0.368610262870789
5184.0270 0.367809563875198
5184.5227 0.367009371519089
5185.0184 0.366404145956039
5185.5141 0.366939902305603
5186.0098 0.367476463317871
5186.5055 0.368013828992844
5187.0012 0.368551969528198
5187.4969 0.369259744882584
5187.9926 0.370312541723251
5188.4883 0.371366173028946
5188.9840 0.37242066860199
5189.4797 0.373475968837738
5189.9754 0.374717980623245
5190.4711 0.376137256622314
5190.9668 0.377557456493378
5191.4625 0.378978610038757
5191.9582 0.380400687456131
5192.4539 0.380765646696091
5192.9496 0.380671501159668
5193.4453 0.380577921867371
5193.9410 0.380484879016876
5194.4367 0.38039243221283
5194.9324 0.379794150590897
5195.4281 0.379128217697144
5195.9238 0.378462791442871
5196.4195 0.377797991037369
5196.9152 0.377034574747086
5197.4109 0.374865263700485
5197.9066 0.372696161270142
5198.4023 0.370527356863022
5198.8980 0.368358880281448
5199.3937 0.366123825311661
5199.8895 0.363688886165619
5200.3852 0.361254304647446
5200.8809 0.358820199966431
5201.3766 0.356386661529541
5201.8723 0.355457216501236
5202.3680 0.356478124856949
5202.8637 0.357501089572906
5203.3594 0.358526259660721
5203.8551 0.359553694725037
5204.3508 0.361587107181549
5204.8465 0.364236861467361
5205.3422 0.36688968539238
5205.8379 0.369545608758926
5206.3336 0.372204631567001
5206.8293 0.374719142913818
5207.3250 0.377201110124588
5207.8207 0.379685997962952
5208.3164 0.382173657417297
5208.8121 0.384664118289948
5209.3078 0.386885166168213
5209.8035 0.389106273651123
5210.2992 0.391329616308212
5210.7949 0.393555134534836
5211.2906 0.395936876535416
5211.7863 0.399035543203354
5212.2820 0.402136325836182
5212.7777 0.405239045619965
5213.2734 0.408343583345413
5213.7691 0.409912794828415
5214.2648 0.408792316913605
5214.7605 0.407670617103577
5215.2562 0.406547456979752
5215.7519 0.40542271733284
5216.2476 0.403731018304825
5216.7433 0.401574432849884
5217.2390 0.399415224790573
5217.7347 0.397253304719925
5218.2304 0.395088464021683
5218.7261 0.392047762870789
5219.2218 0.388691157102585
5219.7175 0.385330826044083
5220.2132 0.38196673989296
5220.7089 0.378598868846893
5221.2046 0.380192071199417
5221.7003 0.382196485996246
5222.1960 0.384199529886246
5222.6917 0.386201053857803
5223.1875 0.388306498527527
5223.6832 0.391261488199234
5224.1789 0.394215196371078
5224.6746 0.397167474031448
5225.1703 0.400118261575699
5225.6660 0.402491867542267
5226.1617 0.403504192829132
5226.6574 0.404514163732529
5227.1531 0.405521780252457
5227.6488 0.406526952981949
5228.1445 0.407867729663849
5228.6402 0.40956512093544
5229.1359 0.411260217428207
5229.6316 0.412953078746796
5230.1273 0.414643615484238
5230.6230 0.41614755988121
5231.1187 0.41755947470665
5231.6144 0.418969035148621
5232.1101 0.420376181602478
5232.6058 0.421780973672867
5233.1015 0.422510027885437
5233.5972 0.423127621412277
5234.0929 0.423742771148682
5234.5886 0.424355536699295
5235.0843 0.425072878599167
5235.5800 0.427870780229568
5236.0757 0.430666655302048
5236.5714 0.433460563421249
5237.0671 0.436252504587173
5237.5628 0.4378921687603
5238.0585 0.435831129550934
5238.5542 0.433767974376678
5239.0499 0.431702792644501
5239.5456 0.429635643959045
5240.0413 0.426736801862717
5240.5370 0.422717571258545
5241.0327 0.41869655251503
5241.5284 0.414673954248428
5242.0241 0.41064977645874
5242.5198 0.407443553209305
5243.0155 0.40474933385849
5243.5112 0.402053773403168
5244.0069 0.399356991052628
5244.5026 0.39665898680687
5244.9983 0.395447432994843
5245.4940 0.394597560167313
5245.9897 0.393746644258499
5246.4855 0.392894744873047
5246.9812 0.392041921615601
5247.4769 0.392682582139969
5247.9726 0.393332421779633
5248.4683 0.393981426954269
5248.9640 0.394629687070847
5249.4597 0.39588075876236
5249.9554 0.399827301502228
5250.4511 0.403772920370102
5250.9468 0.407717734575272
5251.4425 0.411661744117737
5251.9382 0.41520944237709
5252.4339 0.418091028928757
5252.9296 0.420972138643265
5253.4253 0.423852890729904
5253.9210 0.426733374595642
5254.4167 0.426107436418533
5254.9124 0.422758907079697
5255.4081 0.419411092996597
5255.9038 0.416064202785492
5256.3995 0.412718296051025
5256.8952 0.410359621047974
5257.3909 0.408325254917145
5257.8866 0.406292259693146
5258.3823 0.404260784387589
5258.8780 0.40223103761673
5259.3737 0.39932519197464
5259.8694 0.396369159221649
5260.3651 0.393415480852127
5260.8608 0.390464305877686
5261.3565 0.387387990951538
5261.8522 0.383493095636368
5262.3479 0.379601180553436
5262.8436 0.375712484121323
5263.3393 0.371827065944672
5263.8350 0.369612455368042
5264.3307 0.370853394269943
5264.8264 0.372098565101624
5265.3221 0.373348265886307
5265.8178 0.374602764844894
5266.3135 0.376976817846298
5266.8092 0.380397498607636
5267.3049 0.383824229240417
5267.8006 0.387257277965546
5268.2963 0.390696972608566
5268.7920 0.39523833990097
5269.2877 0.400237530469894
5269.7835 0.405244737863541
5270.2792 0.410260379314423
5270.7749 0.415284723043442
5271.2706 0.418713927268982
5271.7663 0.421974182128906
5272.2620 0.425242871046066
5272.7577 0.428520143032074
5273.2534 0.431389093399048
5273.7491 0.430175691843033
5274.2448 0.428968071937561
5274.7405 0.427766084671021
5275.2362 0.426569491624832
5275.7319 0.425889253616333
5276.2276 0.426497936248779
5276.7233 0.427112907171249
5277.2190 0.427734106779099
5277.7147 0.428361237049103
5278.2104 0.430000573396683
5278.7061 0.432748377323151
5279.2018 0.435503542423248
5279.6975 0.438265889883041
5280.1932 0.441035240888596
5280.6889 0.44205629825592
5281.1846 0.442218214273453
5281.6803 0.442383676767349
5282.1760 0.442552357912064
5282.6717 0.442723900079727
5283.1674 0.442926675081253
5283.6631 0.443136215209961
5284.1588 0.443347603082657
5284.6545 0.443560540676117
5285.1502 0.443767845630646
5285.6459 0.443862050771713
5286.1416 0.443956613540649
5286.6373 0.444051176309586
5287.1330 0.444145381450653
5287.6287 0.443894296884537
5288.1244 0.442608863115311
5288.6201 0.441320598125458
5289.1158 0.440029263496399
5289.6115 0.438734501600266
5290.1072 0.436944544315338
5290.6029 0.434534519910812
5291.0986 0.432119220495224
5291.5943 0.429698497056961
5292.0900 0.427272200584412
5292.5857 0.425548553466797
5293.0815 0.424221515655518
5293.5772 0.422889590263367
5294.0729 0.421552717685699
5294.5686 0.420210808515549
5295.0643 0.422361254692078
5295.5600 0.42521345615387
5296.0557 0.428064107894897
5296.5514 0.430913031101227
5297.0471 0.433745682239532
5297.5428 0.436054795980453
5298.0385 0.438361436128616
5298.5342 0.440665572881699
5299.0299 0.442967146635056
5299.5256 0.44526007771492
5300.0213 0.447529256343842
5300.5170 0.449795752763748
5301.0127 0.45205956697464
5301.5084 0.454320669174194
5302.0041 0.456356167793274
5302.4998 0.458077222108841
5302.9955 0.459795415401459
5303.4912 0.461510807275772
5303.9869 0.463223487138748
5304.4826 0.464611798524857
5304.9783 0.465793877840042
5305.4740 0.466973304748535
5305.9697 0.46815025806427
5306.4654 0.469324797391891
5306.9611 0.46978634595871
5307.4568 0.470076739788055
5307.9525 0.4703648686409
5308.4482 0.470650851726532
5308.9439 0.470939248800278
5309.4396 0.4722940325737
5309.9353 0.473647713661194
5310.4310 0.475000381469727
5310.9267 0.476352155208588
5311.4224 0.476745635271072
5311.9181 0.473314046859741
5312.4138 0.469879865646362
5312.9095 0.46644338965416
5313.4052 0.4630047082901
5313.9009 0.460540264844894
5314.3966 0.459559231996536
5314.8923 0.458577394485474
5315.3880 0.457594931125641
5315.8837 0.456611901521683
5316.3795 0.455880492925644
5316.8752 0.455321490764618
5317.3709 0.454762488603592
5317.8666 0.454203605651855
5318.3623 0.453644901514053
5318.8580 0.450610190629959
5319.3537 0.446918040513992
5319.8494 0.443225026130676
5320.3451 0.439531356096268
5320.8408 0.435837030410767
5321.3365 0.433503478765488
5321.8322 0.431187182664871
5322.3279 0.428871154785156
5322.8236 0.426555514335632
5323.3193 0.425077319145203
5323.8150 0.427285641431808
5324.3107 0.429496824741364
5324.8064 0.431710988283157
5325.3021 0.433928281068802
5325.7978 0.436504870653152
5326.2935 0.439659148454666
5326.7892 0.44281741976738
5327.2849 0.445979803800583
5327.7806 0.44914647936821
5328.2763 0.451534628868103
5328.7720 0.453361868858337
5329.2677 0.455192863941193
5329.7634 0.457027763128281
5330.2591 0.458866596221924
5330.7548 0.459517806768417
5331.2505 0.459834426641464
5331.7462 0.460154175758362
5332.2419 0.460476964712143
5332.7376 0.460802882909775
5333.2333 0.460539519786835
5333.7290 0.460265278816223
5334.2247 0.459993571043015
5334.7204 0.459724396467209
5335.2161 0.45944407582283
5335.7118 0.45910257101059
5336.2075 0.458763271570206
5336.7032 0.458426088094711
5337.1989 0.458090841770172
5337.6946 0.4584940969944
5338.1903 0.460124373435974
5338.6860 0.461757838726044
5339.1817 0.463394224643707
5339.6775 0.46503347158432
5340.1732 0.466645449399948
5340.6689 0.468237727880478
5341.1646 0.469832241535187
5341.6603 0.471428781747818
5342.1560 0.473027050495148
5342.6517 0.473159313201904
5343.1474 0.472864538431168
5343.6431 0.472569286823273
5344.1388 0.472273290157318
5344.6345 0.471976310014725
5345.1302 0.473414301872253
5345.6259 0.474897593259811
5346.1216 0.47638064622879
5346.6173 0.477863103151321
5347.1130 0.479515254497528
5347.6087 0.481971353292465
5348.1044 0.484426885843277
5348.6001 0.486881583929062
5349.0958 0.489335238933563
5349.5915 0.49193748831749
5350.0872 0.494787991046906
5350.5829 0.497636884450912
5351.0786 0.500483930110931
5351.5743 0.503328919410706
5352.0700 0.504459857940674
5352.5657 0.504326701164246
5353.0614 0.504188776016235
5353.5571 0.504046142101288
5354.0528 0.503898501396179
5354.5485 0.502196967601776
5355.0442 0.500044822692871
5355.5399 0.497886538505554
5356.0356 0.495722144842148
5356.5313 0.493551701307297
5357.0270 0.49188220500946
5357.5227 0.4902184009552
5358.0184 0.488549172878265
5358.5141 0.486874639987946
5359.0098 0.485359221696854
5359.5055 0.484588265419006
5360.0012 0.483812898397446
5360.4969 0.483033239841461
5360.9926 0.48224949836731
5361.4883 0.481099545955658
5361.9840 0.479358851909637
5362.4797 0.477614343166351
5362.9755 0.475866377353668
5363.4712 0.474115014076233
5363.9669 0.474001288414001
5364.4626 0.475054889917374
5364.9583 0.476106584072113
5365.4540 0.477156490087509
5365.9497 0.478204816579819
5366.4454 0.479001671075821
5366.9411 0.479729145765305
5367.4368 0.480455428361893
5367.9325 0.48118069767952
5368.4282 0.481905102729797
5368.9239 0.481632322072983
5369.4196 0.481347560882568
5369.9153 0.481062054634094
5370.4110 0.48077592253685
5370.9067 0.48093655705452
5371.4024 0.482981294393539
5371.8981 0.485026031732559
5372.3938 0.487070798873901
5372.8895 0.489115625619888
5373.3852 0.489840447902679
5373.8809 0.488544076681137
5374.3766 0.487247049808502
5374.8723 0.485949397087097
5375.3680 0.484651118516922
5375.8637 0.48406645655632
5376.3594 0.483960181474686
5376.8551 0.483853369951248
5377.3508 0.483745962381363
5377.8465 0.483637899160385
5378.3422 0.484045803546906
5378.8379 0.484580218791962
5379.3336 0.485113948583603
5379.8293 0.485646933317184
5380.3250 0.486173212528229
5380.8207 0.485804051160812
5381.3164 0.485433787107468
5381.8121 0.485062450170517
5382.3078 0.484689980745316
5382.8035 0.484115153551102
5383.2992 0.482786357402802
5383.7949 0.481456249952316
5384.2906 0.480124711990356
5384.7863 0.478791803121567
5385.2820 0.47773402929306
5385.7777 0.477063715457916
5386.2735 0.47639212012291
5386.7692 0.475719153881073
5387.2649 0.475044876337051
5387.7606 0.473763972520828
5388.2563 0.472111523151398
5388.7520 0.47045773267746
5389.2477 0.468802660703659
5389.7434 0.467146396636963
5390.2391 0.467443346977234
5390.7348 0.468151777982712
5391.2305 0.468859314918518
5391.7262 0.46956604719162
5392.2219 0.47029435634613
5392.7176 0.47171339392662
5393.2133 0.473131895065308
5393.7090 0.474550098180771
5394.2047 0.475967973470688
5394.7004 0.477126985788345
5395.1961 0.477453172206879
5395.6918 0.477779448032379
5396.1875 0.478105962276459
5396.6832 0.47843274474144
5397.1789 0.477555900812149
5397.6746 0.475166589021683
5398.1703 0.472777843475342
5398.6660 0.470389842987061
5399.1617 0.468002647161484
5399.6574 0.468316912651062
5400.1531 0.470089375972748
5400.6488 0.471863180398941
5401.1445 0.473638504743576
5401.6402 0.47541543841362
5402.1359 0.481256425380707
5402.6316 0.487781703472137
5403.1273 0.49430924654007
5403.6230 0.500839293003082
5404.1187 0.507141649723053
5404.6144 0.510033845901489
5405.1101 0.512928366661072
5405.6058 0.515825092792511
5406.1015 0.518724083900452
5406.5972 0.520976305007935
5407.0929 0.521479368209839
5407.5886 0.521984398365021
5408.0843 0.522491216659546
5408.5800 0.52299976348877
5409.0757 0.523119390010834
5409.5715 0.522813975811005
5410.0672 0.522509872913361
5410.5629 0.522207140922546
5411.0586 0.521905481815338
5411.5543 0.520093560218811
5412.0500 0.517589867115021
5412.5457 0.515086591243744
5413.0414 0.512583613395691
5413.5371 0.510080873966217
5414.0328 0.50817745923996
5414.5285 0.506345391273499
5415.0242 0.504513263702393
5415.5199 0.502681255340576
5416.0156 0.500934302806854
5416.5113 0.499934166669846
5417.0070 0.498934060335159
5417.5027 0.497933954000473
5417.9984 0.49693375825882
5418.4941 0.496309399604797
5418.9898 0.496517062187195
5419.4855 0.496724992990494
5419.9812 0.496933072805405
5420.4769 0.497141450643539
5420.9726 0.497242659330368
5421.4683 0.497245073318481
5421.9640 0.497247785329819
5422.4597 0.497250735759735
5422.9554 0.497254073619843
5423.4511 0.495757758617401
5423.9468 0.493705213069916
5424.4425 0.491652637720108
5424.9382 0.489600121974945
5425.4339 0.487547725439072
5425.9296 0.485941290855408
5426.4253 0.484364092350006
5426.9210 0.482787251472473
5427.4167 0.481210887432098
5427.9124 0.48030161857605
5428.4081 0.483199745416641
5428.9038 0.486099720001221
5429.3995 0.489001601934433
5429.8952 0.49190554022789
5430.3909 0.494436681270599
5430.8866 0.496301144361496
5431.3823 0.498167544603348
5431.8780 0.500035881996155
5432.3737 0.501906216144562
5432.8694 0.50436145067215
5433.3652 0.507259249687195
5433.8609 0.510159432888031
5434.3566 0.513062179088593
5434.8523 0.515967428684235
5435.3480 0.516643464565277
5435.8437 0.516693890094757
5436.3394 0.516745805740356
5436.8351 0.516799330711365
5437.3308 0.516854405403137
5437.8265 0.516496598720551
5438.3222 0.516136646270752
5438.8179 0.515778064727783
5439.3136 0.515420794487
5439.8093 0.515060007572174
5440.3050 0.51468151807785
5440.8007 0.514304339885712
5441.2964 0.513928413391113
5441.7921 0.51355367898941
5442.2878 0.514336228370667
5442.7835 0.516751408576965
5443.2792 0.5191690325737
5443.7749 0.521588921546936
5444.2706 0.524011135101318
5444.7663 0.52365779876709
5445.2620 0.521651685237885
5445.7577 0.519645690917969
5446.2534 0.517639756202698
5446.7491 0.515633881092072
5447.2448 0.515089571475983
5447.7405 0.514825940132141
5448.2362 0.514563024044037
5448.7319 0.514300763607025
5449.2276 0.514143288135529
5449.7233 0.515892744064331
5450.2190 0.517643690109253
5450.7147 0.519396066665649
5451.2104 0.521149873733521
5451.7061 0.522354960441589
5452.2018 0.52203357219696
5452.6975 0.521712303161621
5453.1932 0.521391153335571
5453.6889 0.521070063114166
5454.1846 0.520419180393219
5454.6803 0.51940792798996
5455.1760 0.518396139144897
5455.6717 0.517383754253387
5456.1674 0.516370594501495
5456.6632 0.516830742359161
5457.1589 0.517948269844055
5457.6546 0.519065916538239
5458.1503 0.520183742046356
5458.6460 0.521301627159119
5459.1417 0.522689759731293
5459.6374 0.524106323719025
5460.1331 0.525522828102112
5460.6288 0.526939392089844
5461.1245 0.528306305408478
5461.6202 0.529307901859283
5462.1159 0.53030925989151
5462.6116 0.531310319900513
5463.1073 0.532311141490936
5463.6030 0.532701671123505
5464.0987 0.531875848770142
5464.5944 0.531048774719238
5465.0901 0.530220687389374
5465.5858 0.529391467571259
5466.0815 0.527524769306183
5466.5772 0.524804651737213
5467.0729 0.522082626819611
5467.5686 0.51935887336731
5468.0643 0.516633272171021
5468.5600 0.514649510383606
5469.0557 0.512894153594971
5469.5514 0.511137723922729
5470.0471 0.509380102157593
5470.5428 0.507621467113495
5471.0385 0.507750749588013
5471.5342 0.507919609546661
5472.0299 0.508088350296021
5472.5256 0.508257031440735
5473.0213 0.508164644241333
5473.5170 0.50699508190155
5474.0127 0.505824863910675
5474.5084 0.504653990268707
5475.0041 0.503482460975647
5475.4998 0.504193663597107
5475.9955 0.507602989673615
5476.4912 0.511013627052307
5476.9869 0.51442551612854
5477.4826 0.517838716506958
5477.9783 0.521947085857391
5478.4740 0.526468992233276
5478.9697 0.530992567539215
5479.4654 0.535517632961273
5479.9612 0.540044188499451
5480.4569 0.539357602596283
5480.9526 0.537707209587097
5481.4483 0.536055505275726
5481.9440 0.534402370452881
5482.4397 0.532817840576172
5482.9354 0.53230881690979
5483.4311 0.531798720359802
5483.9268 0.531287431716919
5484.4225 0.53077495098114
5484.9182 0.530516982078552
5485.4139 0.530921041965485
5485.9096 0.531324148178101
5486.4053 0.531726360321045
5486.9010 0.532127499580383
5487.3967 0.532254934310913
5487.8924 0.532104194164276
5488.3881 0.531952261924744
5488.8838 0.53179919719696
5489.3795 0.531645178794861
5489.8752 0.532105445861816
5490.3709 0.53281158208847
5490.8666 0.533517122268677
5491.3623 0.53422212600708
5491.8580 0.534926652908325
5492.3537 0.535138607025146
5492.8494 0.5353142619133
5493.3451 0.535489439964294
5493.8408 0.535664319992065
5494.3365 0.535794019699097
5494.8322 0.535670340061188
5495.3279 0.535546541213989
5495.8236 0.535422623157501
5496.3193 0.535298943519592
5496.8150 0.535032391548157
5497.3107 0.534522175788879
5497.8064 0.534012377262115
5498.3021 0.53350293636322
5498.7978 0.532994151115417
5499.2935 0.532512307167053
5499.7892 0.532049655914307
5500.2849 0.531588017940521
5500.7806 0.531127452850342
5501.2763 0.530668258666992
5501.7720 0.530110657215118
5502.2677 0.529530942440033
5502.7634 0.528952836990356
5503.2592 0.528376340866089
5503.7549 0.527829766273499
5504.2506 0.528250575065613
5504.7463 0.528673887252808
5505.2420 0.529099762439728
5505.7377 0.529528200626373
5506.2334 0.529716491699219
5506.7291 0.529172658920288
5507.2248 0.528631210327148
5507.7205 0.528092205524445
5508.2162 0.527555644512177
5508.7119 0.527643442153931
5509.2076 0.528438746929169
5509.7033 0.529237270355225
5510.1990 0.530039131641388
5510.6947 0.530844211578369
5511.1904 0.533339619636536
5511.6861 0.53659862279892
5512.1818 0.539862155914307
5512.6775 0.543130338191986
5513.1732 0.546403050422668
5513.6689 0.547161936759949
5514.1646 0.547676980495453
5514.6603 0.548194706439972
5515.1560 0.548715054988861
5515.6517 0.549394249916077
5516.1474 0.551101922988892
5516.6431 0.552812814712524
5517.1388 0.554526686668396
5517.6345 0.556243479251862
5518.1302 0.557009398937225
5518.6259 0.556036829948425
5519.1216 0.555064976215363
5519.6173 0.554093897342682
5520.1130 0.553123354911804
5520.6087 0.551145553588867
5521.1044 0.548425674438477
5521.6001 0.545704901218414
5522.0958 0.542983055114746
5522.5915 0.540260016918182
5523.0872 0.539848029613495
5523.5829 0.540019869804382
5524.0786 0.540192365646362
5524.5743 0.54036557674408
5525.0700 0.540555596351624
5525.5657 0.541486263275146
5526.0614 0.54241806268692
5526.5572 0.54335081577301
5527.0529 0.544284582138062
5527.5486 0.545424163341522
5528.0443 0.547197997570038
5528.5400 0.548973441123962
5529.0357 0.550750374794006
5529.5314 0.552528917789459
5530.0271 0.55307149887085
5530.5228 0.552206695079803
5531.0185 0.551341474056244
5531.5142 0.550475597381592
5532.0099 0.549609124660492
5532.5056 0.551481187343597
5533.0013 0.554576516151428
5533.4970 0.557674109935761
5533.9927 0.560773968696594
5534.4884 0.563876032829285
5534.9841 0.564072012901306
5535.4798 0.564000010490417
5535.9755 0.56392765045166
5536.4712 0.563854992389679
5536.9669 0.564026057720184
5537.4626 0.565695822238922
5537.9583 0.567366361618042
5538.4540 0.569037795066834
5538.9497 0.570709943771362
5539.4454 0.571784555912018
5539.9411 0.571817517280579
5540.4368 0.571849882602692
5540.9325 0.571881413459778
5541.4282 0.571912109851837
5541.9239 0.573272824287415
5542.4196 0.575559258460999
5542.9153 0.577845990657806
5543.4110 0.580133140087128
5543.9067 0.582420408725739
5544.4024 0.582664787769318
5544.8981 0.582444667816162
5545.3938 0.58222234249115
5545.8895 0.581997811794281
5546.3852 0.581743001937866
5546.8809 0.580836713314056
5547.3766 0.579927086830139
5547.8723 0.57901394367218
5548.3680 0.578097105026245
5548.8637 0.577763736248016
5549.3594 0.579038619995117
5549.8552 0.580310523509979
5550.3509 0.581579327583313
5550.8466 0.582844793796539
5551.3423 0.583835184574127
5551.8380 0.584542870521545
5552.3337 0.585246324539185
5552.8294 0.585945427417755
5553.3251 0.586640059947968
5553.8208 0.586244642734528
5554.3165 0.585422396659851
5554.8122 0.584594547748566
5555.3079 0.583761036396027
5555.8036 0.582921862602234
5556.2993 0.581290185451508
5556.7950 0.579608798027039
5557.2907 0.577921271324158
5557.7864 0.576227843761444
5558.2821 0.574642896652222
5558.7778 0.573592782020569
5559.2735 0.572537064552307
5559.7692 0.571475684642792
5560.2649 0.570408761501312
5560.7606 0.569995164871216
5561.2563 0.57055401802063
5561.7520 0.571107983589172
5562.2477 0.571657001972198
5562.7434 0.572201251983643
5563.2391 0.572195291519165
5563.7348 0.571865200996399
5564.2305 0.571530282497406
5564.7262 0.571190774440765
5565.2219 0.570846617221832
5565.7176 0.570755839347839
5566.2133 0.570702850818634
5566.7090 0.570645570755005
5567.2047 0.570584058761597
5567.7004 0.570653140544891
5568.1961 0.572117328643799
5568.6918 0.573577463626862
5569.1875 0.575033664703369
5569.6832 0.576485991477966
5570.1789 0.577310621738434
5570.6746 0.576787114143372
5571.1703 0.576260089874268
5571.6660 0.575729727745056
5572.1617 0.575196206569672
5572.6574 0.575556814670563
5573.1532 0.576659202575684
5573.6489 0.577758610248566
5574.1446 0.578855037689209
5574.6403 0.579948842525482
5575.1360 0.580363869667053
5575.6317 0.580581605434418
5576.1274 0.58079719543457
5576.6231 0.581010818481445
5577.1188 0.581211090087891
5577.6145 0.579602360725403
5578.1102 0.577992379665375
5578.6059 0.576381504535675
5579.1016 0.574769735336304
5579.5973 0.572474718093872
5580.0930 0.567979395389557
5580.5887 0.563484370708466
5581.0844 0.558989942073822
5581.5801 0.554496109485626
5582.0758 0.552177429199219
5582.5715 0.552334547042847
5583.0672 0.552491784095764
5583.5629 0.55264937877655
5584.0586 0.552807450294495
5584.5543 0.552576005458832
5585.0500 0.552177369594574
5585.5457 0.551779985427856
5586.0414 0.551383972167969
5586.5371 0.550989627838135
5587.0328 0.552310764789581
5587.5285 0.553762018680573
5588.0242 0.555215179920197
5588.5199 0.556670427322388
5589.0156 0.558252811431885
5589.5113 0.560482919216156
5590.0070 0.562715649604797
5590.5027 0.564951360225677
5590.9984 0.567190170288086
5591.4941 0.568288683891296
5591.9898 0.567634403705597
5592.4855 0.566984295845032
5592.9812 0.566338360309601
5593.4769 0.565696895122528
5593.9726 0.564932703971863
5594.4683 0.56409752368927
5594.9640 0.563267111778259
5595.4597 0.562441527843475
5595.9554 0.561621010303497
5596.4512 0.563997268676758
5596.9469 0.566899240016937
5597.4426 0.569806694984436
5597.9383 0.572719812393188
5598.4340 0.575587272644043
5598.9297 0.577961087226868
5599.4254 0.580340683460236
5599.9211 0.582726180553436
5600.4168 0.58511757850647
5600.9125 0.58723771572113
5601.4082 0.588792145252228
5601.9039 0.590352416038513
5602.3996 0.591918468475342
5602.8953 0.593490302562714
5603.3910 0.593814551830292
5603.8867 0.593161582946777
5604.3824 0.59251344203949
5604.8781 0.591870009899139
5605.3738 0.591231167316437
5605.8695 0.590812265872955
5606.3652 0.590453445911407
5606.8609 0.590098857879639
5607.3566 0.589748501777649
5607.8523 0.58941388130188
5608.3480 0.589469611644745
5608.8437 0.58952933549881
5609.3394 0.589592933654785
5609.8351 0.589660227298737
5610.3308 0.589621603488922
5610.8265 0.589281976222992
5611.3222 0.58894544839859
5611.8179 0.588612198829651
5612.3136 0.58828192949295
5612.8093 0.589032590389252
5613.3050 0.59086549282074
5613.8007 0.592702507972717
5614.2964 0.59454357624054
5614.7921 0.596388697624207
5615.2878 0.59538596868515
5615.7835 0.59335994720459
5616.2792 0.591335296630859
5616.7749 0.589311838150024
5617.2706 0.587289452552795
5617.7663 0.586685955524445
5618.2620 0.586125612258911
5618.7577 0.585566937923431
5619.2534 0.585009753704071
5619.7492 0.585042715072632
5620.2449 0.587319135665894
5620.7406 0.589598715305328
5621.2363 0.591881096363068
5621.7320 0.594166219234467
5622.2277 0.596294164657593
5622.7234 0.598224699497223
5623.2191 0.600157260894775
5623.7148 0.602091729640961
5624.2105 0.604027926921844
5624.7062 0.604576051235199
5625.2019 0.604476153850555
5625.6976 0.604376077651978
5626.1933 0.604275584220886
5626.6890 0.604174494743347
5627.1847 0.60480535030365
5627.6804 0.605500042438507
5628.1761 0.606194257736206
5628.6718 0.606887876987457
5629.1675 0.607265412807465
5629.6632 0.605951428413391
5630.1589 0.604635059833527
5630.6546 0.603316128253937
5631.1503 0.601994514465332
5631.6460 0.600583076477051
5632.1417 0.599035501480103
5632.6374 0.597484886646271
5633.1331 0.595931053161621
5633.6288 0.594374120235443
5634.1245 0.593774676322937
5634.6202 0.59372740983963
5635.1159 0.593677639961243
5635.6116 0.593625426292419
5636.1073 0.593570709228516
5636.6030 0.592863798141479
5637.0987 0.592059195041656
5637.5944 0.591251492500305
5638.0901 0.59044075012207
5638.5858 0.58998829126358
5639.0815 0.592393577098846
5639.5772 0.594797551631927
5640.0729 0.597200155258179
5640.5686 0.59960150718689
5641.0643 0.60129851102829
5641.5600 0.601698517799377
5642.0557 0.602096319198608
5642.5514 0.602491855621338
5643.0472 0.6028853058815
5643.5429 0.60369348526001
5644.0386 0.604787290096283
5644.5343 0.605879783630371
5645.0300 0.606970846652985
5645.5257 0.608060777187347
5646.0214 0.607845783233643
5646.5171 0.60736620426178
5647.0128 0.606885135173798
5647.5085 0.606402814388275
5648.0042 0.605843424797058
5648.4999 0.604316711425781
5648.9956 0.602788746356964
5649.4913 0.601259768009186
5649.9870 0.599729895591736
5650.4827 0.597143709659576
5650.9784 0.59224945306778
5651.4741 0.587353467941284
5651.9698 0.582455813884735
5652.4655 0.577556729316711
5652.9612 0.576516032218933
5653.4569 0.578566133975983
5653.9526 0.580618381500244
5654.4483 0.582673072814941
5654.9440 0.584730327129364
5655.4397 0.585599899291992
5655.9354 0.586169004440308
5656.4311 0.586740434169769
5656.9268 0.587314426898956
5657.4225 0.587865054607391
5657.9182 0.587785243988037
5658.4139 0.587707996368408
5658.9096 0.587633430957794
5659.4053 0.58756160736084
5659.9010 0.587981045246124
5660.3967 0.589648067951202
5660.8924 0.591318964958191
5661.3881 0.592993795871735
5661.8838 0.594672620296478
5662.3795 0.596297800540924
5662.8752 0.597874701023102
5663.3709 0.599455535411835
5663.8666 0.601040184497833
5664.3623 0.602628648281097
5664.8580 0.603314995765686
5665.3537 0.603730797767639
5665.8494 0.604149460792542
5666.3452 0.604570865631104
5666.8409 0.604997992515564
5667.3366 0.605697929859161
5667.8323 0.606400370597839
5668.3280 0.607105255126953
5668.8237 0.607812464237213
5669.3194 0.609218299388886
5669.8151 0.612654030323029
5670.3108 0.616093635559082
5670.8065 0.619537115097046
5671.3022 0.622984290122986
5671.7979 0.624302089214325
5672.2936 0.623489141464233
5672.7893 0.622676372528076
5673.2850 0.621863663196564
5673.7807 0.621050953865051
5674.2764 0.620219171047211
5674.7721 0.6193807721138
5675.2678 0.618542015552521
5675.7635 0.617702901363373
5676.2592 0.616863310337067
5676.7549 0.615325689315796
5677.2506 0.613779902458191
5677.7463 0.612233221530914
5678.2420 0.610685467720032
5678.7377 0.609242618083954
5679.2334 0.608142912387848
5679.7291 0.607042670249939
5680.2248 0.605941653251648
5680.7205 0.604839980602264
5681.2162 0.604072690010071
5681.7119 0.603666186332703
5682.2076 0.603259563446045
5682.7033 0.602852761745453
5683.1990 0.602445960044861
5683.6947 0.604804873466492
5684.1904 0.60820198059082
5684.6861 0.611601948738098
5685.1818 0.61500471830368
5685.6775 0.618410348892212
5686.1732 0.619573652744293
5686.6689 0.62067836523056
5687.1646 0.621783971786499
5687.6603 0.622890651226044
5688.1560 0.623695194721222
5688.6517 0.623432099819183
5689.1474 0.6231689453125
5689.6432 0.622905611991882
5690.1389 0.622642338275909
5690.6346 0.621731102466583
5691.1303 0.62008398771286
5691.6260 0.618435800075531
5692.1217 0.616786599159241
5692.6174 0.615136384963989
5693.1131 0.612994790077209
5693.6088 0.610657453536987
5694.1045 0.608318626880646
5694.6002 0.605978488922119
5695.0959 0.603636920452118
5695.5916 0.60385936498642
5696.0873 0.604177713394165
5696.5830 0.604496836662292
5697.0787 0.604816913604736
5697.5744 0.604513645172119
5698.0701 0.601900041103363
5698.5658 0.599285066127777
5699.0615 0.596668660640717
5699.5572 0.594050884246826
5700.0529 0.592331409454346
5700.5486 0.591661334037781
5701.0443 0.590991318225861
5701.5400 0.590321600437164
5702.0357 0.589652001857758
5702.5314 0.590221524238586
5703.0271 0.591296434402466
5703.5228 0.592372834682465
5704.0185 0.593450665473938
5704.5142 0.594529926776886
5705.0099 0.595197558403015
5705.5056 0.59584903717041
5706.0013 0.596501231193542
5706.4970 0.597154021263123
5706.9927 0.598254680633545
5707.4884 0.601035952568054
5707.9841 0.603819251060486
5708.4798 0.60660445690155
5708.9755 0.609391331672668
5709.4712 0.612695753574371
5709.9669 0.616606295108795
5710.4626 0.620518863201141
5710.9583 0.624433517456055
5711.4540 0.628349900245667
5711.9497 0.630731582641602
5712.4454 0.632490158081055
5712.9412 0.63424813747406
5713.4369 0.636005401611328
5713.9326 0.637761652469635
5714.4283 0.639097213745117
5714.9240 0.640414774417877
5715.4197 0.641730487346649
5715.9154 0.643044233322144
5716.4111 0.644007503986359
5716.9068 0.643689572811127
5717.4025 0.643367886543274
5717.8982 0.643042504787445
5718.3939 0.642713129520416
5718.8896 0.64297741651535
5719.3853 0.643923103809357
5719.8810 0.6448655128479
5720.3767 0.645804584026337
5720.8724 0.646740198135376
5721.3681 0.64572274684906
5721.8638 0.643935441970825
5722.3595 0.642142832279205
5722.8552 0.64034503698349
5723.3509 0.638542056083679
5723.8466 0.638573408126831
5724.3423 0.6386559009552
5724.8380 0.638734340667725
5725.3337 0.638808786869049
5725.8294 0.639209926128387
5726.3251 0.64075380563736
5726.8208 0.642294526100159
5727.3165 0.643832087516785
5727.8122 0.645366609096527
5728.3079 0.646532356739044
5728.8036 0.647294402122498
5729.2993 0.648053228855133
5729.7950 0.648808896541595
5730.2907 0.64956146478653
5730.7864 0.648351430892944
5731.2821 0.646416902542114
5731.7778 0.644478499889374
5732.2735 0.642536461353302
5732.7692 0.640590786933899
5733.2649 0.6423699259758
5733.7606 0.644202709197998
5734.2563 0.646033704280853
5734.7520 0.64786297082901
5735.2477 0.648925065994263
5735.7434 0.647558748722076
5736.2392 0.64618992805481
5736.7349 0.644818902015686
5737.2306 0.643445611000061
5737.7263 0.642262279987335
5738.2220 0.641273200511932
5738.7177 0.640282392501831
5739.2134 0.639289975166321
5739.7091 0.638296067714691
5740.2048 0.638124465942383
5740.7005 0.63822615146637
5741.1962 0.638326942920685
5741.6919 0.638426899909973
5742.1876 0.638537347316742
5742.6833 0.640563249588013
5743.1790 0.642589032649994
5743.6747 0.644614696502686
5744.1704 0.646640300750732
5744.6661 0.647625982761383
5745.1618 0.645681440830231
5745.6575 0.643735826015472
5746.1532 0.641789078712463
5746.6489 0.639841318130493
5747.1446 0.639032959938049
5747.6403 0.639283120632172
5748.1360 0.639532685279846
5748.6317 0.639781534671783
5749.1274 0.640029668807983
5749.6231 0.640898048877716
5750.1188 0.641945481300354
5750.6145 0.642992198467255
5751.1102 0.644037902355194
5751.6059 0.645023584365845
5752.1016 0.644261598587036
5752.5973 0.643497705459595
5753.0930 0.642732083797455
5753.5887 0.641964316368103
5754.0844 0.641400754451752
5754.5801 0.641339540481567
5755.0758 0.641275882720947
5755.5715 0.641209602355957
5756.0672 0.641140580177307
5756.5629 0.642833769321442
5757.0586 0.645977735519409
5757.5543 0.649118900299072
5758.0500 0.652256786823273
5758.5457 0.655391395092011
5759.0414 0.657766044139862
5759.5372 0.659955620765686
5760.0329 0.662141084671021
5760.5286 0.664322137832642
5761.0243 0.666361749172211
5761.5200 0.666450560092926
5762.0157 0.666534423828125
5762.5114 0.666613340377808
5763.0071 0.666687190532684
5763.5028 0.66696959733963
5763.9985 0.667690575122833
5764.4942 0.668406426906586
5764.9899 0.669117271900177
5765.4856 0.669823050498962
5765.9813 0.669986009597778
5766.4770 0.669761836528778
5766.9727 0.669532895088196
5767.4684 0.6692995429039
5767.9641 0.669061601161957
5768.4598 0.668216168880463
5768.9555 0.667255759239197
5769.4512 0.666291654109955
5769.9469 0.665324032306671
5770.4426 0.664270997047424
5770.9383 0.6625155210495
5771.4340 0.660757422447205
5771.9297 0.658996939659119
5772.4254 0.65723443031311
5772.9211 0.65535980463028
5773.4168 0.653292536735535
5773.9125 0.65122401714325
5774.4082 0.649154543876648
5774.9039 0.647084355354309
5775.3996 0.644386351108551
5775.8953 0.641315340995789
5776.3910 0.63824450969696
5776.8867 0.63517427444458
5777.3824 0.632104694843292
5777.8781 0.632433176040649
5778.3738 0.633187413215637
5778.8695 0.633941948413849
5779.3652 0.634696900844574
5779.8609 0.635610938072205
5780.3566 0.637418687343597
5780.8523 0.639227092266083
5781.3480 0.641036331653595
5781.8437 0.642846524715424
5782.3394 0.644424915313721
5782.8352 0.645673930644989
5783.3309 0.646924316883087
5783.8266 0.648176074028015
5784.3223 0.649429440498352
5784.8180 0.649846196174622
5785.3137 0.649862945079803
5785.8094 0.649881660938263
5786.3051 0.64990246295929
5786.8008 0.649925410747528
5787.2965 0.650096535682678
5787.7922 0.650279402732849
5788.2879 0.650464594364166
5788.7836 0.650652170181274
5789.2793 0.651075601577759
5789.7750 0.652419030666351
5790.2707 0.653765082359314
5790.7664 0.655113697052002
5791.2621 0.65646505355835
5791.7578 0.657395720481873
5792.2535 0.657845377922058
5792.7492 0.658298254013062
5793.2449 0.658754408359528
5793.7406 0.659213960170746
5794.2363 0.658872842788696
5794.7320 0.658239603042603
5795.2277 0.65761011838913
5795.7234 0.656984448432922
5796.2191 0.65636271238327
5796.7148 0.658782362937927
5797.2105 0.661218523979187
5797.7062 0.663658797740936
5798.2019 0.666103422641754
5798.6976 0.667664587497711
5799.1933 0.666718184947968
5799.6890 0.665775954723358
5800.1847 0.664838016033173
5800.6804 0.663904309272766
5801.1761 0.663846433162689
5801.6718 0.664576172828674
5802.1675 0.665310382843018
5802.6632 0.666049063205719
5803.1589 0.666792035102844
5803.6546 0.667522728443146
5804.1503 0.668253421783447
5804.6460 0.668988525867462
5805.1417 0.66972827911377
5805.6374 0.670525968074799
5806.1332 0.672179400920868
5806.6289 0.673837661743164
5807.1246 0.675500810146332
5807.6203 0.677168786525726
5808.1160 0.67801696062088
5808.6117 0.677164137363434
5809.1074 0.676315426826477
5809.6031 0.675470888614655
5810.0988 0.674630463123322
5810.5945 0.675013363361359
5811.0902 0.676236927509308
5811.5859 0.677465319633484
5812.0816 0.678698539733887
5812.5773 0.679936647415161
5813.0730 0.681455969810486
5813.5687 0.683025002479553
5814.0644 0.684598863124847
5814.5601 0.686177551746368
5815.0558 0.687642812728882
5815.5515 0.688313186168671
5816.0472 0.688987731933594
5816.5429 0.689666390419006
5817.0386 0.690348863601685
5817.5343 0.691471457481384
5818.0300 0.693259954452515
5818.5257 0.695052444934845
5819.0214 0.696848809719086
5819.5171 0.698648869991302
5820.0128 0.699582040309906
5820.5085 0.700081586837769
5821.0042 0.700583577156067
5821.4999 0.701087713241577
5821.9956 0.70159387588501
5822.4913 0.702067792415619
5822.9870 0.702540874481201
5823.4827 0.703015327453613
5823.9784 0.703490912914276
5824.4741 0.703878164291382
5824.9698 0.70391982793808
5825.4655 0.703961789608002
5825.9612 0.704003989696503
5826.4569 0.704046189785004
5826.9526 0.70368903875351
5827.4483 0.702890336513519
5827.9440 0.702090799808502
5828.4397 0.701290249824524
5828.9354 0.70048862695694
5829.4311 0.700142800807953
5829.9269 0.699951887130737
5830.4226 0.699760019779205
5830.9183 0.699567139148712
5831.4140 0.699415743350983
5831.9097 0.701798021793365
5832.4054 0.704180479049683
5832.9011 0.706563234329224
5833.3968 0.708946108818054
5833.8925 0.710448086261749
5834.3882 0.709769666194916
5834.8839 0.709089457988739
5835.3796 0.708407461643219
5835.8753 0.707723617553711
5836.3710 0.707647919654846
5836.8667 0.708050966262817
5837.3624 0.708452701568604
5837.8581 0.708853185176849
5838.3538 0.70925235748291
5838.8495 0.710111975669861
5839.3452 0.711063921451569
5839.8409 0.712014853954315
5840.3366 0.712964713573456
5840.8323 0.713768124580383
5841.3280 0.713320314884186
5841.8237 0.712870717048645
5842.3194 0.712419390678406
5842.8151 0.711966395378113
5843.3108 0.710905313491821
5843.8065 0.70884108543396
5844.3022 0.706774353981018
5844.7979 0.70470517873764
5845.2936 0.702633619308472
5845.7893 0.700785219669342
5846.2850 0.699055731296539
5846.7807 0.69732403755188
5847.2764 0.695590317249298
5847.7721 0.693854570388794
5848.2678 0.692249476909637
5848.7635 0.690653383731842
5849.2592 0.689055263996124
5849.7549 0.687455415725708
5850.2506 0.686487376689911
5850.7463 0.688075959682465
5851.2420 0.689664244651794
5851.7377 0.6912522315979
5852.2334 0.692839980125427
5852.7291 0.69398158788681
5853.2249 0.694626152515411
5853.7206 0.695270121097565
5854.2163 0.695913434028625
5854.7120 0.696556210517883
5855.2077 0.697376489639282
5855.7034 0.698256134986877
5856.1991 0.699135363101959
5856.6948 0.700014173984528
5857.1905 0.700887382030487
5857.6862 0.701543569564819
5858.1819 0.702199339866638
5858.6776 0.702854752540588
5859.1733 0.703509747982025
5859.6690 0.704317033290863
5860.1647 0.705481052398682
5860.6604 0.706645011901855
5861.1561 0.707808911800385
5861.6518 0.708972692489624
5862.1475 0.711420595645905
5862.6432 0.714815199375153
5863.1389 0.718210756778717
5863.6346 0.721607148647308
5864.1303 0.725004553794861
5864.6260 0.740739762783051
5865.1217 0.758615612983704
5865.6174 0.776498198509216
5866.1131 0.794387459754944
5866.6088 0.812534034252167
5867.1045 0.832371056079865
5867.6002 0.852215468883514
5868.0959 0.872067332267761
5868.5916 0.89192658662796
5869.0873 0.90425169467926
5869.5830 0.905598521232605
5870.0787 0.906945586204529
5870.5744 0.908292889595032
5871.0701 0.909640550613403
5871.5658 0.903472423553467
5872.0615 0.893846750259399
5872.5572 0.884217202663422
5873.0529 0.874583721160889
5873.5486 0.864946365356445
5874.0443 0.853859782218933
5874.5400 0.842714011669159
5875.0357 0.831563889980316
5875.5314 0.820409297943115
5876.0271 0.808083236217499
5876.5229 0.7921022772789
5877.0186 0.776115119457245
5877.5143 0.760121703147888
5878.0100 0.74412202835083
5878.5057 0.730362474918365
5879.0014 0.718658745288849
5879.4971 0.70695036649704
5879.9928 0.695237576961517
5880.4885 0.683520257472992
5880.9842 0.67642605304718
5881.4799 0.67047780752182
5881.9756 0.664527237415314
5882.4713 0.658574342727661
5882.9670 0.652670443058014
5883.4627 0.64734423160553
5883.9584 0.642015993595123
5884.4541 0.636685609817505
5884.9498 0.631353199481964
5885.4455 0.627246260643005
5885.9412 0.62530392408371
5886.4369 0.623360872268677
5886.9326 0.621416985988617
5887.4283 0.61947238445282
5887.9240 0.618660628795624
5888.4197 0.618479073047638
5888.9154 0.618297398090363
5889.4111 0.618115663528442
5889.9068 0.617933809757233
5890.4025 0.621019244194031
5890.8982 0.624374628067017
5891.3939 0.627731442451477
5891.8896 0.631089329719543
5892.3853 0.634560465812683
5892.8810 0.638464689254761
5893.3767 0.642370402812958
5893.8724 0.646277606487274
5894.3681 0.65018630027771
5894.8638 0.653646945953369
5895.3595 0.656637072563171
5895.8552 0.659628331661224
5896.3509 0.662620782852173
5896.8466 0.665614247322083
5897.3423 0.669670164585114
5897.8380 0.674043536186218
5898.3337 0.678418636322021
5898.8294 0.682795286178589
5899.3251 0.687071979045868
5899.8209 0.689554214477539
5900.3166 0.692037343978882
5900.8123 0.694521427154541
5901.3080 0.697006404399872
5901.8037 0.698293745517731
5902.2994 0.697223842144012
5902.7951 0.696153402328491
5903.2908 0.695082604885101
5903.7865 0.694011330604553
5904.2822 0.693114817142487
5904.7779 0.692324936389923
5905.2736 0.691534698009491
5905.7693 0.69074410200119
5906.2650 0.689953148365021
5906.7607 0.689452469348907
5907.2564 0.688981890678406
5907.7521 0.68851113319397
5908.2478 0.688040137290955
5908.7435 0.687913715839386
5909.2392 0.689256906509399
5909.7349 0.690600633621216
5910.2306 0.691944777965546
5910.7263 0.693289458751678
5911.2220 0.693988621234894
5911.7177 0.693974852561951
5912.2134 0.693961024284363
5912.7091 0.69394713640213
5913.2048 0.693933129310608
5913.7005 0.693890035152435
5914.1962 0.693837702274323
5914.6919 0.693785309791565
5915.1876 0.693732798099518
5915.6833 0.693711400032043
5916.1790 0.694323718547821
5916.6747 0.694936096668243
5917.1704 0.6955486536026
5917.6661 0.696161448955536
5918.1618 0.696241021156311
5918.6575 0.695254147052765
5919.1532 0.694266736507416
5919.6489 0.693278908729553
5920.1446 0.692290663719177
5920.6403 0.692027688026428
5921.1360 0.69220894575119
5921.6317 0.692390143871307
5922.1274 0.692571341991425
5922.6231 0.692752540111542
5923.1189 0.694892048835754
5923.6146 0.697231590747833
5924.1103 0.699571847915649
5924.6060 0.701912999153137
5925.1017 0.703928411006927
5925.5974 0.704599618911743
5926.0931 0.705270946025848
5926.5888 0.705942511558533
5927.0845 0.706614255905151
5927.5802 0.707609891891479
5928.0759 0.708951413631439
5928.5716 0.710293412208557
5929.0673 0.711635828018188
5929.5630 0.712978661060333
5930.0587 0.712535202503204
5930.5544 0.711564600467682
5931.0501 0.710593521595001
5931.5458 0.709622025489807
5932.0415 0.708755671977997
5932.5372 0.709504663944244
5933.0329 0.710253894329071
5933.5286 0.711003303527832
5934.0243 0.711752891540527
5934.5200 0.71141105890274
5935.0157 0.709048867225647
5935.5114 0.706685662269592
5936.0071 0.704321563243866
5936.5028 0.701956450939178
5936.9985 0.701099455356598
5937.4942 0.701088070869446
5937.9899 0.701076567173004
5938.4856 0.701065003871918
5938.9813 0.701053380966187
5939.4770 0.69947749376297
5939.9727 0.697785258293152
5940.4684 0.696092367172241
5940.9641 0.694398760795593
5941.4598 0.692968010902405
5941.9555 0.692459940910339
5942.4512 0.691951632499695
5942.9469 0.691443085670471
5943.4426 0.690934240818024
5943.9383 0.692367911338806
5944.4340 0.695644736289978
5944.9297 0.698922693729401
5945.4254 0.702201783657074
5945.9211 0.705482006072998
5946.4169 0.704984545707703
5946.9126 0.703571140766144
5947.4083 0.702157258987427
5947.9040 0.700742661952972
5948.3997 0.699664771556854
5948.8954 0.701722145080566
5949.3911 0.703780174255371
5949.8868 0.705838978290558
5950.3825 0.707898378372192
5950.8782 0.709496736526489
5951.3739 0.710372507572174
5951.8696 0.711248457431793
5952.3653 0.712124645709991
5952.8610 0.713001072406769
5953.3567 0.714101433753967
5953.8524 0.715306103229523
5954.3481 0.716511070728302
5954.8438 0.71771639585495
5955.3395 0.718922138214111
5955.8352 0.719673693180084
5956.3309 0.720414459705353
5956.8266 0.721155345439911
5957.3223 0.721896469593048
5957.8180 0.722878992557526
5958.3137 0.72451388835907
5958.8094 0.726149260997772
5959.3051 0.727785229682922
5959.8008 0.729421675205231
5960.2965 0.728466868400574
5960.7922 0.725510835647583
5961.2879 0.722553610801697
5961.7836 0.719595193862915
5962.2793 0.716635704040527
5962.7750 0.71764612197876
5963.2707 0.719307899475098
5963.7664 0.720970213413239
5964.2621 0.722633004188538
5964.7578 0.724503040313721
5965.2535 0.727506041526794
5965.7492 0.730510056018829
5966.2449 0.733515083789825
5966.7406 0.736521124839783
5967.2363 0.738177537918091
5967.7320 0.738183557987213
5968.2277 0.738189578056335
5968.7234 0.738195478916168
5969.2191 0.738201320171356
5969.7149 0.735953271389008
5970.2106 0.732937395572662
5970.7063 0.729920268058777
5971.2020 0.726902067661285
5971.6977 0.724042654037476
5972.1934 0.724770367145538
5972.6891 0.725498259067535
5973.1848 0.726226329803467
5973.6805 0.726954638957977
5974.1762 0.727181732654572
5974.6719 0.726434111595154
5975.1676 0.725686132907867
5975.6633 0.724937856197357
5976.1590 0.724189221858978
5976.6547 0.724550783634186
5977.1504 0.725544989109039
5977.6461 0.726539492607117
5978.1418 0.727534294128418
5978.6375 0.728529393672943
5979.1332 0.729601442813873
5979.6289 0.730679154396057
5980.1246 0.731757164001465
5980.6203 0.732835471630096
5981.1160 0.733372688293457
5981.6117 0.732130646705627
5982.1074 0.730888068675995
5982.6031 0.729645013809204
5983.0988 0.728401482105255
5983.5945 0.72876113653183
5984.0902 0.730531275272369
5984.5859 0.732302010059357
5985.0816 0.734073281288147
5985.5773 0.73584520816803
5986.0730 0.735930263996124
5986.5687 0.735672891139984
5987.0644 0.735415399074554
5987.5601 0.73515772819519
5988.0558 0.735053539276123
5988.5515 0.735967993736267
5989.0472 0.73688268661499
5989.5429 0.737797737121582
5990.0386 0.738713026046753
5990.5343 0.739983022212982
5991.0300 0.741721153259277
5991.5257 0.74345988035202
5992.0214 0.745199203491211
5992.5171 0.746939122676849
5993.0129 0.748830139636993
5993.5086 0.750777125358582
5994.0043 0.752724707126617
5994.5000 0.754672944545746
5994.9957 0.756467580795288
5995.4914 0.753699839115143
5995.9871 0.750931024551392
5996.4828 0.748161256313324
5996.9785 0.745390474796295
5997.4742 0.743423461914063
5997.9699 0.743059694766998
5998.4656 0.742695748806
5998.9613 0.742331683635712
5999.4570 0.741967380046844
5999.9527 0.741527378559113
6000.4484 0.741043865680695
6000.9441 0.740560173988342
6001.4398 0.740076303482056
6001.9355 0.73959219455719
6002.4312 0.740607082843781
6002.9269 0.741720616817474
6003.4226 0.742834568023682
6003.9183 0.743948936462402
6004.4140 0.744370996952057
6004.9097 0.742614924907684
6005.4054 0.740858197212219
6005.9011 0.739100873470306
6006.3968 0.737342894077301
6006.8925 0.736998796463013
6007.3882 0.737837851047516
6007.8839 0.738677203655243
6008.3796 0.739516854286194
6008.8753 0.740356862545013
6009.3710 0.739555835723877
6009.8667 0.738461017608643
6010.3624 0.737365782260895
6010.8581 0.736270129680634
6011.3538 0.735299646854401
6011.8495 0.735026955604553
6012.3452 0.734754204750061
6012.8409 0.734481334686279
6013.3366 0.734208345413208
6013.8323 0.735379934310913
6014.3280 0.738268196582794
6014.8237 0.741157472133636
6015.3194 0.74404776096344
6015.8151 0.746939122676849
6016.3109 0.747950434684753
6016.8066 0.748374938964844
6017.3023 0.748799622058868
6017.7980 0.749224364757538
6018.2937 0.749792873859406
6018.7894 0.752339243888855
6019.2851 0.754886567592621
6019.7808 0.757434725761414
6020.2765 0.759983718395233
6020.7722 0.761502265930176
6021.2679 0.761292457580566
6021.7636 0.761082530021667
6022.2593 0.760872483253479
6022.7550 0.760662198066711
6023.2507 0.761014342308044
6023.7464 0.761631190776825
6024.2421 0.762248158454895
6024.7378 0.76286518573761
6025.2335 0.763482272624969
6025.7292 0.766294538974762
6026.2249 0.769136488437653
6026.7206 0.771979331970215
6027.2163 0.774823009967804
6027.7120 0.777244508266449
6028.2077 0.778652787208557
6028.7034 0.780061423778534
6029.1991 0.78147029876709
6029.6948 0.782879412174225
6030.1905 0.783217072486877
6030.6862 0.782846510410309
6031.1819 0.782475531101227
6031.6776 0.782104074954987
6032.1733 0.781732141971588
6032.6690 0.781246304512024
6033.1647 0.780748724937439
6033.6604 0.780250608921051
6034.1561 0.779751837253571
6034.6518 0.779482483863831
6035.1475 0.780031859874725
6035.6432 0.780580997467041
6036.1389 0.781129717826843
6036.6346 0.781678199768066
6037.1303 0.781212151050568
6037.6260 0.779840111732483
6038.1217 0.778466939926147
6038.6174 0.777092695236206
6039.1131 0.775717318058014
6039.6089 0.776366055011749
6040.1046 0.777405619621277
6040.6003 0.778444826602936
6041.0960 0.779483556747437
6041.5917 0.780354261398315
6042.0874 0.780261099338531
6042.5831 0.780167043209076
6043.0788 0.780072033405304
6043.5745 0.779975950717926
6044.0702 0.780382513999939
6044.5659 0.781382501125336
6045.0616 0.78238171339035
6045.5573 0.783380091190338
6046.0530 0.784377634525299
6046.5487 0.784529864788055
6047.0444 0.784428358078003
6047.5401 0.784325540065765
6048.0358 0.784221351146698
6048.5315 0.783995926380157
6049.0272 0.782412767410278
6049.5229 0.780827760696411
6050.0186 0.779240906238556
6050.5143 0.777652144432068
6051.0100 0.777427971363068
6051.5057 0.779311239719391
6052.0014 0.781193494796753
6052.4971 0.783074617385864
6052.9928 0.78495454788208
6053.4885 0.783979952335358
6053.9842 0.781812787055969
6054.4799 0.779643297195435
6054.9756 0.777471601963043
6055.4713 0.775293827056885
6055.9670 0.772912740707397
6056.4627 0.770529270172119
6056.9584 0.768143475055695
6057.4541 0.765755355358124
6057.9498 0.76427549123764
6058.4455 0.764627158641815
6058.9412 0.764977097511292
6059.4369 0.76532518863678
6059.9326 0.765671491622925
6060.4283 0.765542984008789
6060.9240 0.765152931213379
6061.4197 0.764761030673981
6061.9154 0.76436710357666
6062.4111 0.763971328735352
6062.9069 0.767585217952728
6063.4026 0.771365523338318
6063.8983 0.775144577026367
6064.3940 0.778922438621521
6064.8897 0.782425343990326
6065.3854 0.785203695297241
6065.8811 0.787980854511261
6066.3768 0.790756821632385
6066.8725 0.793531537055969
6067.3682 0.794631361961365
6067.8639 0.794565916061401
6068.3596 0.794499158859253
6068.8553 0.794431090354919
6069.3510 0.79436194896698
6069.8467 0.794388473033905
6070.3424 0.79442435503006
6070.8381 0.794459402561188
6071.3338 0.794493794441223
6071.8295 0.79372650384903
6072.3252 0.790143847465515
6072.8209 0.786560714244843
6073.3166 0.782977402210236
6073.8123 0.779394149780273
6074.3080 0.776715219020844
6074.8037 0.774812817573547
6075.2994 0.772911190986633
6075.7951 0.771010458469391
6076.2908 0.769110977649689
6076.7865 0.768075704574585
6077.2822 0.767188131809235
6077.7779 0.766302525997162
6078.2736 0.765418946743011
6078.7693 0.764971315860748
6079.2650 0.766602218151093
6079.7607 0.76823616027832
6080.2564 0.769873201847076
6080.7521 0.771513640880585
6081.2478 0.772054255008698
6081.7435 0.771453380584717
6082.2392 0.770855784416199
6082.7349 0.770261585712433
6083.2306 0.769670844078064
6083.7263 0.769688427448273
6084.2220 0.76985228061676
6084.7177 0.770019888877869
6085.2134 0.770191371440887
6085.7091 0.770227193832397
6086.2049 0.769318461418152
6086.7006 0.768413245677948
6087.1963 0.767511606216431
6087.6920 0.766613483428955
6088.1877 0.766488134860992
6088.6834 0.767316281795502
6089.1791 0.768148303031921
6089.6748 0.768984138965607
6090.1705 0.769823849201202
6090.6662 0.770250976085663
6091.1619 0.770555436611176
6091.6576 0.770863354206085
6092.1533 0.771174669265747
6092.6490 0.771384954452515
6093.1447 0.770515143871307
6093.6404 0.769648015499115
6094.1361 0.768783152103424
6094.6318 0.767920613288879
6095.1275 0.766705334186554
6095.6232 0.764978229999542
6096.1189 0.763252556324005
6096.6146 0.761528253555298
6097.1103 0.759805202484131
6097.6060 0.761698663234711
6098.1017 0.764933049678802
6098.5974 0.768170654773712
6099.0931 0.77141147851944
6099.5888 0.774516105651855
6100.0845 0.775067448616028
6100.5802 0.775620520114899
6101.0759 0.776175200939178
6101.5716 0.776731431484222
6102.0673 0.77726012468338
6102.5630 0.777741551399231
6103.0587 0.778224229812622
6103.5544 0.778708219528198
6104.0501 0.779193103313446
6104.5458 0.77955549955368
6105.0415 0.77986478805542
6105.5372 0.780174732208252
6106.0329 0.780485212802887
6106.5286 0.780791938304901
6107.0243 0.780898034572601
6107.5200 0.781004071235657
6108.0157 0.781109869480133
6108.5114 0.781215310096741
6109.0071 0.781218647956848
6109.5029 0.781027138233185
6109.9986 0.780834555625916
6110.4943 0.780640721321106
6110.9900 0.780445456504822
6111.4857 0.779450953006744
6111.9814 0.778056859970093
6112.4771 0.776660203933716
6112.9728 0.775260925292969
6113.4685 0.773858726024628
6113.9642 0.774156630039215
6114.4599 0.774465501308441
6114.9556 0.774771869182587
6115.4513 0.775075495243073
6115.9470 0.775032758712769
6116.4427 0.774247467517853
6116.9384 0.773458540439606
6117.4341 0.772665798664093
6117.9298 0.771869242191315
6118.4255 0.771561741828918
6118.9212 0.771524488925934
6119.4169 0.771483480930328
6119.9126 0.771438479423523
6120.4083 0.771389603614807
6120.9040 0.772025763988495
6121.3997 0.772680222988129
6121.8954 0.773330867290497
6122.3911 0.77397757768631
6122.8868 0.774670243263245
6123.3825 0.775478005409241
6123.8782 0.776281833648682
6124.3739 0.777081668376923
6124.8696 0.777877449989319
6125.3653 0.77894514799118
6125.8610 0.78017646074295
6126.3567 0.78140389919281
6126.8524 0.782627522945404
6127.3481 0.783847153186798
6127.8438 0.780757367610931
6128.3395 0.777434885501862
6128.8352 0.774107933044434
6129.3309 0.770776569843292
6129.8266 0.767902076244354
6130.3223 0.766223073005676
6130.8180 0.764540374279022
6131.3137 0.762854218482971
6131.8094 0.761164665222168
6132.3051 0.759630441665649
6132.8009 0.758196234703064
6133.2966 0.756759285926819
6133.7923 0.755319952964783
6134.2880 0.753878355026245
6134.7837 0.754884541034698
6135.2794 0.756059527397156
6135.7751 0.757233142852783
6136.2708 0.758405685424805
6136.7665 0.759804010391235
6137.2622 0.761832475662231
6137.7579 0.763860642910004
6138.2536 0.765888690948486
6138.7493 0.767916858196259
6139.2450 0.77057296037674
6139.7407 0.773658394813538
6140.2364 0.776744842529297
6140.7321 0.779832661151886
6141.2278 0.78292191028595
6141.7235 0.78215080499649
6142.2192 0.781066179275513
6142.7149 0.779983758926392
6143.2106 0.778903782367706
6143.7063 0.778423011302948
6144.2020 0.779685080051422
6144.6977 0.780950665473938
6145.1934 0.782220125198364
6145.6891 0.78349357843399
6146.1848 0.784040927886963
6146.6805 0.784078001976013
6147.1762 0.784119665622711
6147.6719 0.784166038036346
6148.1676 0.784217238426209
6148.6633 0.783986389636993
6149.1590 0.78373509645462
6149.6547 0.783488929271698
6150.1504 0.783248066902161
6150.6461 0.782941341400146
6151.1418 0.78242701292038
6151.6375 0.781918108463287
6152.1332 0.78141450881958
6152.6289 0.780916333198547
6153.1246 0.779484450817108
6153.6203 0.777386963367462
6154.1160 0.775294363498688
6154.6117 0.773206532001495
6155.1074 0.771123468875885
6155.6031 0.7689608335495
6156.0989 0.766795098781586
6156.5946 0.76463395357132
6157.0903 0.762477219104767
6157.5860 0.760891497135162
6158.0817 0.76100742816925
6158.5774 0.761128723621368
6159.0731 0.761255264282227
6159.5688 0.761387050151825
6160.0645 0.760327458381653
6160.5602 0.758421659469604
6161.0559 0.756519854068756
6161.5516 0.754621744155884
6162.0473 0.752727389335632
6162.5430 0.754442632198334
6163.0387 0.75648045539856
6163.5344 0.758524000644684
6164.0301 0.760573148727417
6164.5258 0.763120949268341
6165.0215 0.767119884490967
6165.5172 0.771125555038452
6166.0129 0.775137841701508
6166.5086 0.779156684875488
6167.0043 0.782536029815674
6167.5000 0.785472393035889
6167.9957 0.788414239883423
6168.4914 0.791361391544342
6168.9871 0.794313728809357
6169.4828 0.793702661991119
6169.9785 0.792809247970581
6170.4742 0.791917622089386
6170.9699 0.79102748632431
6171.4656 0.791382968425751
6171.9613 0.795231699943542
6172.4570 0.799085021018982
6172.9527 0.802942514419556
6173.4484 0.806804001331329
6173.9441 0.808140397071838
6174.4398 0.807791411876678
6174.9355 0.807442367076874
6175.4312 0.80709320306778
6175.9269 0.806743621826172
6176.4226 0.808817446231842
6176.9183 0.811053931713104
6177.4140 0.813291311264038
6177.9097 0.815529465675354
6178.4054 0.816977262496948
6178.9011 0.816345393657684
6179.3969 0.815711379051209
6179.8926 0.815074980258942
6180.3883 0.814435958862305
6180.8840 0.812203168869019
6181.3797 0.808966457843781
6181.8754 0.805724680423737
6182.3711 0.802477657794952
6182.8668 0.799225270748138
6183.3625 0.797225296497345
6183.8582 0.795282185077667
6184.3539 0.793334364891052
6184.8496 0.791381537914276
6185.3453 0.790577292442322
6185.8410 0.792555570602417
6186.3367 0.794531166553497
6186.8324 0.796503901481628
6187.3281 0.798473477363586
6187.8238 0.8002650141716
6188.3195 0.801951587200165
6188.8152 0.803634107112885
6189.3109 0.805312514305115
6189.8066 0.806986391544342
6190.3023 0.807232320308685
6190.7980 0.807433605194092
6191.2937 0.80762904882431
6191.7894 0.807818353176117
6192.2851 0.808570802211761
6192.7808 0.810559153556824
6193.2765 0.812541723251343
6193.7722 0.814518451690674
6194.2679 0.816489100456238
6194.7636 0.816953659057617
6195.2593 0.816624343395233
6195.7550 0.816287755966187
6196.2507 0.815943837165833
6196.7464 0.815592646598816
6197.2421 0.816280543804169
6197.7378 0.816963851451874
6198.2335 0.817640244960785
6198.7292 0.818309783935547
6199.2249 0.819452106952667
6199.7206 0.821516990661621
6200.2163 0.823575556278229
6200.7120 0.825628101825714
6201.2077 0.827674686908722
6201.7034 0.827886998653412
6202.1991 0.827246367931366
6202.6949 0.826599776744843
6203.1906 0.825947403907776
6203.6863 0.825263321399689
6204.1820 0.823627471923828
6204.6777 0.821986377239227
6205.1734 0.8203404545784
6205.6691 0.81868988275528
6206.1648 0.817328989505768
6206.6605 0.816462814807892
6207.1562 0.815592765808105
6207.6519 0.814719140529633
6208.1476 0.813842117786407
6208.6433 0.811080932617188
6209.1390 0.807568430900574
6209.6347 0.804053127765656
6210.1304 0.800535261631012
6210.6261 0.797109246253967
6211.1218 0.795147180557251
6211.6175 0.793183147907257
6212.1132 0.791217446327209
6212.6089 0.789250314235687
6213.1046 0.788511395454407
6213.6003 0.789571583271027
6214.0960 0.79063093662262
6214.5917 0.791689455509186
6215.0874 0.792747378349304
6215.5831 0.795128643512726
6216.0788 0.797946751117706
6216.5745 0.800764918327332
6217.0702 0.803583383560181
6217.5659 0.806105613708496
6218.0616 0.805905401706696
6218.5573 0.805706143379211
6219.0530 0.805508196353912
6219.5487 0.805311620235443
6220.0444 0.805712938308716
6220.5401 0.806859254837036
6221.0358 0.808007597923279
6221.5315 0.809158205986023
6222.0272 0.810311377048492
6222.5229 0.809436678886414
6223.0186 0.808033525943756
6223.5143 0.806633472442627
6224.0100 0.805236577987671
6224.5057 0.80383837223053
6225.0014 0.802414178848267
6225.4971 0.800993680953979
6225.9928 0.799577116966248
6226.4886 0.798164546489716
6226.9843 0.798481702804565
6227.4800 0.800606548786163
6227.9757 0.802736401557922
6228.4714 0.804871261119843
6228.9671 0.807011544704437
6229.4628 0.803894579410553
6229.9585 0.799764513969421
6230.4542 0.795639038085938
6230.9499 0.791518270969391
6231.4456 0.788582444190979
6231.9413 0.790770411491394
6232.4370 0.792964577674866
6232.9327 0.795165240764618
6233.4284 0.797372400760651
6233.9241 0.797562539577484
6234.4198 0.796015799045563
6234.9155 0.794474601745605
6235.4112 0.792939007282257
6235.9069 0.791408896446228
6236.4026 0.789758145809174
6236.8983 0.788096785545349
6237.3940 0.78644073009491
6237.8897 0.784789800643921
6238.3854 0.783993542194366
6238.8811 0.785912811756134
6239.3768 0.787838637828827
6239.8725 0.789770901203156
6240.3682 0.79170960187912
6240.8639 0.793014287948608
6241.3596 0.793879985809326
6241.8553 0.794751346111298
6242.3510 0.795628309249878
6242.8467 0.796510696411133
6243.3424 0.795901000499725
6243.8381 0.795203626155853
6244.3338 0.794510304927826
6244.8295 0.793820977210999
6245.3252 0.792417049407959
6245.8209 0.789294838905334
6246.3166 0.786174416542053
6246.8123 0.783055603504181
6247.3080 0.779938161373138
6247.8037 0.778108835220337
6248.2994 0.776982247829437
6248.7951 0.77585768699646
6249.2908 0.774734854698181
6249.7866 0.773612558841705
6250.2823 0.77152681350708
6250.7780 0.769441366195679
6251.2737 0.767355978488922
6251.7694 0.765270233154297
6252.2651 0.764459431171417
6252.7608 0.765968441963196
6253.2565 0.767479002475739
6253.7522 0.768990814685822
6254.2479 0.770503520965576
6254.7436 0.773109376430511
6255.2393 0.776164412498474
6255.7350 0.779220759868622
6256.2307 0.782278120517731
6256.7264 0.785253703594208
6257.2221 0.787026226520538
6257.7178 0.788798272609711
6258.2135 0.790569543838501
6258.7092 0.792339861392975
6259.2049 0.794882416725159
6259.7006 0.798493802547455
6260.1963 0.802105069160461
6260.6920 0.805715978145599
6261.1877 0.809326529502869
6261.6834 0.810486853122711
6262.1791 0.810936272144318
6262.6748 0.811382830142975
6263.1705 0.811826646327972
6263.6662 0.812351047992706
6264.1619 0.813421308994293
6264.6576 0.814489006996155
6265.1533 0.815554082393646
6265.6490 0.816616535186768
6266.1447 0.818635940551758
6266.6404 0.821655929088593
6267.1361 0.824674427509308
6267.6318 0.827691316604614
6268.1275 0.830706536769867
6268.6232 0.829026877880096
6269.1189 0.826492011547089
6269.6146 0.823952674865723
6270.1103 0.821408927440643
6270.6060 0.818577468395233
6271.1017 0.814639329910278
6271.5974 0.810696303844452
6272.0931 0.806748509407043
6272.5888 0.802795886993408
6273.0846 0.798454284667969
6273.5803 0.793809413909912
6274.0760 0.789159834384918
6274.5717 0.784505605697632
6275.0674 0.779846906661987
6275.5631 0.778956890106201
6276.0588 0.778383553028107
6276.5545 0.777807772159576
6277.0502 0.7772296667099
6277.5459 0.777389883995056
6278.0416 0.779439210891724
6278.5373 0.781487464904785
6279.0330 0.78353476524353
6279.5287 0.785581171512604
6280.0244 0.790346741676331
6280.5201 0.796633064746857
6281.0158 0.802920341491699
6281.5115 0.809208512306213
6282.0072 0.815486669540405
6282.5029 0.816235840320587
6282.9986 0.816984057426453
6283.4943 0.817731440067291
6283.9900 0.818477988243103
6284.4857 0.819615006446838
6284.9814 0.82143771648407
6285.4771 0.823260307312012
6285.9728 0.825082838535309
6286.4685 0.826905369758606
6286.9642 0.825716912746429
6287.4599 0.823382616043091
6287.9556 0.821047127246857
6288.4513 0.818710446357727
6288.9470 0.816324710845947
6289.4427 0.813431620597839
6289.9384 0.810537397861481
6290.4341 0.807642102241516
6290.9298 0.80474579334259
6291.4255 0.801676690578461
6291.9212 0.798395991325378
6292.4169 0.79511433839798
6292.9126 0.791831791400909
6293.4083 0.788548350334167
6293.9040 0.787980794906616
6294.3997 0.788041651248932
6294.8954 0.788103103637695
6295.3911 0.788165092468262
6295.8868 0.788828670978546
6296.3826 0.792311489582062
6296.8783 0.795796394348145
6297.3740 0.799283266067505
6297.8697 0.802772223949432
6298.3654 0.805254101753235
6298.8611 0.806877255439758
6299.3568 0.808502078056335
6299.8525 0.810128390789032
6300.3482 0.811756253242493
6300.8439 0.815404832363129
6301.3396 0.819269120693207
6301.8353 0.823136031627655
6302.3310 0.827005445957184
6302.8267 0.829851984977722
6303.3224 0.829921007156372
6303.8181 0.829991221427917
6304.3138 0.830062627792358
6304.8095 0.83013516664505
6305.3052 0.830038905143738
6305.8009 0.829846024513245
6306.2966 0.829654216766357
6306.7923 0.829463303089142
6307.2880 0.829272866249084
6307.7837 0.828649461269379
6308.2794 0.828026831150055
6308.7751 0.827404797077179
6309.2708 0.826783418655396
6309.7665 0.826409578323364
6310.2622 0.826460719108582
6310.7579 0.826512575149536
6311.2536 0.826565086841583
6311.7493 0.826618313789368
6312.2450 0.82489949464798
6312.7407 0.822541475296021
6313.2364 0.820182681083679
6313.7321 0.817823112010956
6314.2278 0.815754950046539
6314.7235 0.816238641738892
6315.2192 0.816722452640533
6315.7149 0.817206203937531
6316.2106 0.817689836025238
6316.7063 0.818478882312775
6317.2020 0.819611132144928
6317.6977 0.820743143558502
6318.1934 0.821874856948853
6318.6891 0.823006093502045
6319.1848 0.825162708759308
6319.6806 0.827515065670013
6320.1763 0.829867243766785
6320.6720 0.832219123840332
6321.1677 0.834494650363922
6321.6634 0.836482286453247
6322.1591 0.838469088077545
6322.6548 0.840454876422882
6323.1505 0.842439711093903
6323.6462 0.841801583766937
6324.1419 0.839251220226288
6324.6376 0.83669775724411
6325.1333 0.83414101600647
6325.6290 0.831580817699432
6326.1247 0.829599916934967
6326.6204 0.82764720916748
6327.1161 0.825691163539886
6327.6118 0.823731899261475
6328.1075 0.822651863098145
6328.6032 0.823447823524475
6329.0989 0.824241459369659
6329.5946 0.825032889842987
6330.0903 0.825821876525879
6330.5860 0.828311562538147
6331.0817 0.83156156539917
6331.5774 0.834810078144073
6332.0731 0.838057219982147
6332.5688 0.841232419013977
6333.0645 0.843352079391479
6333.5602 0.845470070838928
6334.0559 0.847586572170258
6334.5516 0.849701642990112
6335.0473 0.851588785648346
6335.5430 0.853180289268494
6336.0387 0.854770421981812
6336.5344 0.856359362602234
6337.0301 0.857947111129761
6337.5258 0.859637677669525
6338.0215 0.861352145671844
6338.5172 0.863065600395203
6339.0129 0.864778161048889
6339.5086 0.865639865398407
6340.0043 0.86265766620636
6340.5000 0.859673857688904
6340.9957 0.856688380241394
6341.4914 0.853701591491699
6341.9871 0.853295743465424
6342.4828 0.854959666728973
6342.9786 0.856623649597168
6343.4743 0.858287811279297
6343.9700 0.85995215177536
6344.4657 0.863009452819824
6344.9614 0.866173207759857
6345.4571 0.869337916374207
6345.9528 0.872503638267517
6346.4485 0.874149918556213
6346.9442 0.872321128845215
6347.4399 0.870492279529572
6347.9356 0.868663549423218
6348.4313 0.866834819316864
6348.9270 0.865776300430298
6349.4227 0.865080893039703
6349.9184 0.864385843276978
6350.4141 0.86369127035141
6350.9098 0.862975001335144
6351.4055 0.861887335777283
6351.9012 0.860799789428711
6352.3969 0.859712362289429
6352.8926 0.858624875545502
6353.3883 0.857360243797302
6353.8840 0.855862617492676
6354.3797 0.854364573955536
6354.8754 0.852866113185883
6355.3711 0.851366996765137
6355.8668 0.854084014892578
6356.3625 0.857795894145966
6356.8582 0.861508131027222
6357.3539 0.865220725536346
6357.8496 0.868159711360931
6358.3453 0.867726743221283
6358.8410 0.867292821407318
6359.3367 0.866857945919037
6359.8324 0.866422057151794
6360.3281 0.866486549377441
6360.8238 0.866936683654785
6361.3195 0.867385923862457
6361.8152 0.867834150791168
6362.3109 0.868281364440918
6362.8066 0.871593058109283
6363.3023 0.875076830387115
6363.7980 0.878560185432434
6364.2937 0.882043063640594
6364.7894 0.884799003601074
6365.2851 0.886026799678802
6365.7808 0.887253701686859
6366.2766 0.888479709625244
6366.7723 0.889704823493958
6367.2680 0.89075231552124
6367.7637 0.891723871231079
6368.2594 0.892694532871246
6368.7551 0.893664240837097
6369.2508 0.894459843635559
6369.7465 0.893316626548767
6370.2422 0.89217209815979
6370.7379 0.891026139259338
6371.2336 0.889878809452057
6371.7293 0.889162003993988
6372.2250 0.888945579528809
6372.7207 0.888727843761444
6373.2164 0.888508915901184
6373.7121 0.888288676738739
6374.2078 0.887784659862518
6374.7035 0.887227177619934
6375.1992 0.88666844367981
6375.6949 0.886108577251434
6376.1906 0.885781168937683
6376.6863 0.886255025863647
6377.1820 0.886728048324585
6377.6777 0.88720029592514
6378.1734 0.887671828269959
6378.6691 0.887292146682739
6379.1648 0.88636302947998
6379.6605 0.88543313741684
6380.1562 0.884502768516541
6380.6519 0.883571863174438
6381.1476 0.88373202085495
6381.6433 0.883902430534363
6382.1390 0.88407289981842
6382.6347 0.884243369102478
6383.1304 0.883581042289734
6383.6261 0.881523251533508
6384.1218 0.879465579986572
6384.6175 0.877407968044281
6385.1132 0.875350654125214
6385.6089 0.873085975646973
6386.1046 0.870755195617676
6386.6003 0.868424713611603
6387.0960 0.866094827651978
6387.5917 0.864012002944946
6388.0874 0.863420784473419
6388.5831 0.862830519676209
6389.0788 0.862241208553314
6389.5746 0.861652970314026
6390.0703 0.860617160797119
6390.5660 0.859179377555847
6391.0617 0.857742726802826
6391.5574 0.856307148933411
6392.0531 0.854872643947601
6392.5488 0.853658974170685
6393.0445 0.852467715740204
6393.5402 0.851277709007263
6394.0359 0.850088894367218
6394.5316 0.850238084793091
6395.0273 0.853536903858185
6395.5230 0.856837868690491
6396.0187 0.860141038894653
6396.5144 0.863446474075317
6397.0101 0.866502583026886
6397.5058 0.869444847106934
6398.0015 0.872389495372772
6398.4972 0.875336408615112
6398.9929 0.87821900844574
6399.4886 0.880237817764282
6399.9843 0.882258832454681
6400.4800 0.884282171726227
6400.9757 0.886308014392853
6401.4714 0.887393593788147
6401.9671 0.887370109558105
6402.4628 0.887348771095276
6402.9585 0.887329697608948
6403.4542 0.887313008308411
6403.9499 0.884970843791962
6404.4456 0.882209837436676
6404.9413 0.879450738430023
6405.4370 0.876693546772003
6405.9327 0.875057578086853
6406.4284 0.877058029174805
6406.9241 0.879062056541443
6407.4198 0.881069719791412
6407.9155 0.883081138134003
6408.4112 0.884057760238647
6408.9069 0.884413361549377
6409.4026 0.884772598743439
6409.8983 0.885135352611542
6410.3940 0.885465741157532
6410.8897 0.883309662342072
6411.3854 0.881156325340271
6411.8811 0.879005610942841
6412.3768 0.876857817173004
6412.8726 0.875617146492004
6413.3683 0.875712692737579
6413.8640 0.875811696052551
6414.3597 0.875914335250854
6414.8554 0.876020431518555
6415.3511 0.876562058925629
6415.8468 0.877218842506409
6416.3425 0.87787926197052
6416.8382 0.878543436527252
6417.3339 0.879296660423279
6417.8296 0.880427598953247
6418.3253 0.881562113761902
6418.8210 0.882700204849243
6419.3167 0.883841693401337
6419.8124 0.883342027664185
6420.3081 0.88164359331131
6420.8038 0.879946708679199
6421.2995 0.878251254558563
6421.7952 0.876556873321533
6422.2909 0.877899765968323
6422.7866 0.879338204860687
6423.2823 0.880778908729553
6423.7780 0.882221698760986
6424.2737 0.884064137935638
6424.7694 0.886606574058533
6425.2651 0.889151275157928
6425.7608 0.891697883605957
6426.2565 0.894246160984039
6426.7522 0.893458425998688
6427.2479 0.891594886779785
6427.7436 0.889730215072632
6428.2393 0.887864410877228
6428.7350 0.88621461391449
6429.2307 0.885794997215271
6429.7264 0.885374426841736
6430.2221 0.884952783584595
6430.7178 0.884530127048492
6431.2135 0.883711636066437
6431.7092 0.882561683654785
6432.2049 0.881409883499146
6432.7006 0.880256116390228
6433.1963 0.879100322723389
6433.6920 0.881884396076202
6434.1877 0.884922027587891
6434.6834 0.887959539890289
6435.1791 0.890996813774109
6435.6748 0.892869174480438
6436.1706 0.892428457736969
6436.6663 0.891985595226288
6437.1620 0.89154052734375
6437.6577 0.891093134880066
6438.1534 0.890470921993256
6438.6491 0.889782905578613
6439.1448 0.889092564582825
6439.6405 0.88839989900589
6440.1362 0.888143420219421
6440.6319 0.890883266925812
6441.1276 0.893622577190399
6441.6233 0.896361470222473
6442.1190 0.899099946022034
6442.6147 0.898817837238312
6443.1104 0.89579701423645
6443.6061 0.892773389816284
6444.1018 0.889747202396393
6444.5975 0.886718451976776
6445.0932 0.887286186218262
6445.5889 0.888156533241272
6446.0846 0.889026522636414
6446.5803 0.889896035194397
6447.0760 0.890805065631866
6447.5717 0.891798377037048
6448.0674 0.892791390419006
6448.5631 0.893784403800964
6449.0588 0.894777238368988
6449.5545 0.895328879356384
6450.0502 0.895707964897156
6450.5459 0.896086633205414
6451.0416 0.896465182304382
6451.5373 0.896742701530457
6452.0330 0.89626944065094
6452.5287 0.89579564332962
6453.0244 0.895321249961853
6453.5201 0.894846320152283
6454.0158 0.894792258739471
6454.5115 0.895129919052124
6455.0072 0.895467519760132
6455.5029 0.895804941654205
6455.9986 0.896142184734344
6456.4943 0.892716407775879
6456.9900 0.888954281806946
6457.4857 0.885190367698669
6457.9814 0.881424784660339
6458.4771 0.878733932971954
6458.9728 0.878338098526001
6459.4686 0.877942025661469
6459.9643 0.877545714378357
6460.4600 0.877149045467377
6460.9557 0.879176139831543
6461.4514 0.882144272327423
6461.9471 0.885113477706909
6462.4428 0.888083815574646
6462.9385 0.890641748905182
6463.4342 0.890236377716064
6463.9299 0.889830768108368
6464.4256 0.889424979686737
6464.9213 0.889018952846527
6465.4170 0.888980984687805
6465.9127 0.889276206493378
6466.4084 0.889571607112885
6466.9041 0.889867067337036
6467.3998 0.890162587165833
6467.8955 0.888359844684601
6468.3912 0.886393308639526
6468.8869 0.884425938129425
6469.3826 0.882457673549652
6469.8783 0.881215870380402
6470.3740 0.881440877914429
6470.8697 0.881665945053101
6471.3654 0.881891131401062
6471.8611 0.882116436958313
6472.3568 0.881117403507233
6472.8525 0.879677474498749
6473.3482 0.878237128257751
6473.8439 0.876796007156372
6474.3396 0.875543713569641
6474.8353 0.8754523396492
6475.3310 0.875360906124115
6475.8267 0.875269532203674
6476.3224 0.875178039073944
6476.8181 0.876559615135193
6477.3138 0.879170298576355
6477.8095 0.881782114505768
6478.3052 0.884394943714142
6478.8009 0.887008965015411
6479.2966 0.889460742473602
6479.7923 0.891905128955841
6480.2880 0.894350588321686
6480.7837 0.896797060966492
6481.2794 0.898680090904236
6481.7751 0.899547874927521
6482.2708 0.900416076183319
6482.7666 0.901284635066986
6483.2623 0.902153551578522
6483.7580 0.897946000099182
6484.2537 0.892168164253235
6484.7494 0.886387705802917
6485.2451 0.880604982376099
6485.7408 0.875335454940796
6486.2365 0.872559010982513
6486.7322 0.869781374931335
6487.2279 0.867002546787262
6487.7236 0.864222466945648
6488.2193 0.860812246799469
6488.7150 0.856943249702454
6489.2107 0.853072643280029
6489.7064 0.849200367927551
6490.2021 0.845326483249664
6490.6978 0.846897661685944
6491.1935 0.848538041114807
6491.6892 0.850178956985474
6492.1849 0.851820588111877
6492.6806 0.853896677494049
6493.1763 0.856633722782135
6493.6720 0.859371960163116
6494.1677 0.862111330032349
6494.6634 0.864851772785187
6495.1591 0.870551705360413
6495.6548 0.876965999603271
6496.1505 0.883383095264435
6496.6462 0.889802694320679
6497.1419 0.895482003688812
6497.6376 0.898467421531677
6498.1333 0.901453852653503
6498.6290 0.904441595077515
6499.1247 0.907430410385132
6499.6204 0.9104984998703
6500.1161 0.91361403465271
6500.6118 0.916730940341949
6501.1075 0.91984897851944
6501.6032 0.923110127449036
6502.0989 0.929989159107208
6502.5946 0.93687105178833
6503.0903 0.943755567073822
6503.5860 0.950642943382263
6504.0817 0.954653024673462
6504.5774 0.955135464668274
6505.0731 0.95561820268631
6505.5688 0.95610100030899
6506.0646 0.956583917140961
6506.5603 0.955915510654449
6507.0560 0.955061852931976
6507.5517 0.954207837581635
6508.0474 0.95335328578949
6508.5431 0.95198380947113
6509.0388 0.949253261089325
6509.5345 0.946521580219269
6510.0302 0.943788588047028
6510.5259 0.941054463386536
6511.0216 0.938171327114105
6511.5173 0.935219883918762
6512.0130 0.932267189025879
6512.5087 0.929313063621521
6513.0044 0.926809966564178
6513.5001 0.928307294845581
6513.9958 0.929804980754852
6514.4915 0.931303262710571
6514.9872 0.932802140712738
6515.4829 0.933462619781494
6515.9786 0.93333625793457
6516.4743 0.933209776878357
6516.9700 0.933083117008209
6517.4657 0.932956337928772
6517.9614 0.936256527900696
6518.4571 0.939812421798706
6518.9528 0.943369567394257
6519.4485 0.946928143501282
6519.9442 0.951179563999176
6520.4399 0.956737458705902
6520.9356 0.96229749917984
6521.4313 0.967859745025635
6521.9270 0.973424196243286
6522.4227 0.978183269500732
6522.9184 0.982692718505859
6523.4141 0.987203776836395
6523.9098 0.99171656370163
6524.4055 0.995530009269714
6524.9012 0.996128976345062
6525.3969 0.9967280626297
6525.8926 0.997327327728271
6526.3883 0.997926712036133
6526.8840 1.00063133239746
6527.3797 1.00476324558258
6527.8754 1.00889647006989
6528.3711 1.01303148269653
6528.8668 1.01712357997894
6529.3626 1.01804852485657
6529.8583 1.01897394657135
6530.3540 1.01989948749542
6530.8497 1.02082526683807
6531.3454 1.02251005172729
6531.8411 1.02519261837006
6532.3368 1.02787613868713
6532.8325 1.03056061267853
6533.3282 1.03324604034424
6533.8239 1.03964507579803
6534.3196 1.04669725894928
6534.8153 1.0537520647049
6535.3110 1.06080961227417
6535.8067 1.06737422943115
6536.3024 1.07260191440582
6536.7981 1.07783174514771
6537.2938 1.08306360244751
6537.7895 1.08829736709595
6538.2852 1.09203267097473
6538.7809 1.09509551525116
6539.2766 1.09815943241119
6539.7723 1.10122442245483
6540.2680 1.10497260093689
6540.7637 1.11420881748199
6541.2594 1.12344872951508
6541.7551 1.13269221782684
6542.2508 1.1419392824173
6542.7465 1.15741002559662
6543.2422 1.17836940288544
6543.7379 1.19933724403381
6544.2336 1.22031331062317
6544.7293 1.24129772186279
6545.2250 1.27681529521942
6545.7207 1.31306207180023
6546.2164 1.34932327270508
6546.7121 1.38559901714325
6547.2078 1.43736922740936
6547.7035 1.51494431495667
6548.1992 1.59255051612854
6548.6949 1.67018759250641
6549.1906 1.74785602092743
6549.6863 1.89553320407867
6550.1820 2.06100511550903
6550.6777 2.22654342651367
6551.1734 2.3921480178833
6551.6691 2.59487128257751
6552.1648 2.92828512191772
6552.6606 3.26183247566223
6553.1563 3.59551310539246
6553.6520 3.92932772636414
6554.1477 4.31942367553711
6554.6434 4.74061489105225
6555.1391 5.16197538375854
6555.6348 5.58350372314453
6556.1305 5.98943185806274
6556.6262 6.18299198150635
6557.1219 6.37662887573242
6557.6176 6.57034254074097
6558.1133 6.76413345336914
6558.6090 6.8228931427002
6559.1047 6.7432222366333
6559.6004 6.66351795196533
6560.0961 6.58378171920776
6560.5918 6.50401306152344
6561.0875 6.23234462738037
6561.5832 5.94372987747192
6562.0789 5.65499925613403
6562.5746 5.3661527633667
6563.0703 5.05096817016602
6563.5660 4.6859278678894
6564.0617 4.32074165344238
6564.5574 3.95540952682495
6565.0531 3.58993101119995
6565.5488 3.29862904548645
6566.0445 3.02918744087219
6566.5402 2.75963830947876
6567.0359 2.48998141288757
6567.5316 2.24472594261169
6568.0273 2.09811282157898
6568.5230 1.9514411687851
6569.0187 1.80471074581146
6569.5144 1.65792202949524
6570.0101 1.56625878810883
6570.5058 1.50746262073517
6571.0015 1.44864296913147
6571.4972 1.38979971408844
6571.9929 1.33277463912964
6572.4886 1.30756163597107
6572.9843 1.2823383808136
6573.4800 1.2571052312851
6573.9757 1.2318617105484
6574.4714 1.21158814430237
6574.9671 1.19662845134735
6575.4628 1.18166303634644
6575.9586 1.16669142246246
6576.4543 1.15171372890472
6576.9500 1.14184951782227
6577.4457 1.13247096538544
6577.9414 1.12308859825134
6578.4371 1.11370253562927
6578.9328 1.10521137714386
6579.4285 1.09844219684601
6579.9242 1.09167015552521
6580.4199 1.08489561080933
6580.9156 1.0781182050705
6581.4113 1.07328689098358
6581.9070 1.06902647018433
6582.4027 1.06476414203644
6582.8984 1.0605001449585
6583.3941 1.05599904060364
6583.8898 1.05057680606842
6584.3855 1.04515254497528
6584.8812 1.03972601890564
6585.3769 1.03429734706879
6585.8726 1.02959561347961
6586.3683 1.02531039714813
6586.8640 1.02102339267731
6587.3597 1.01673471927643
6587.8554 1.0125412940979
6588.3511 1.00968325138092
6588.8468 1.00682389736176
6589.3425 1.00396347045898
6589.8382 1.00110197067261
6590.3339 0.998725056648254
6590.8296 0.996832549571991
6591.3253 0.994939267635345
6591.8210 0.993045270442963
6592.3167 0.991150617599487
6592.8124 0.992513537406921
6593.3081 0.994109869003296
6593.8038 0.995706856250763
6594.2995 0.997304499149323
6594.7952 0.997631132602692
6595.2909 0.995764493942261
6595.7866 0.993897199630737
6596.2823 0.992029249668121
6596.7780 0.990160405635834
6597.2737 0.988684117794037
6597.7694 0.98730456829071
6598.2651 0.985924482345581
6598.7608 0.984543800354004
6599.2566 0.982945024967194
6599.7523 0.980642437934875
6600.2480 0.978338718414307
6600.7437 0.976034164428711
6601.2394 0.973728477954865
6601.7351 0.97209769487381
6602.2308 0.970796346664429
6602.7265 0.969494342803955
6603.2222 0.968191683292389
6603.7179 0.96696400642395
6604.2136 0.96636039018631
6604.7093 0.965756356716156
6605.2050 0.965152084827423
6605.7007 0.964547216892242
6606.1964 0.965318739414215
6606.6921 0.967243492603302
6607.1878 0.969168901443481
6607.6835 0.971094787120819
6608.1792 0.973021268844604
6608.6749 0.97202730178833
6609.1706 0.970977008342743
6609.6663 0.969925880432129
6610.1620 0.968874096870422
6610.6577 0.968671798706055
6611.1534 0.969648420810699
6611.6491 0.970624983310699
6612.1448 0.971601366996765
6612.6405 0.972577750682831
6613.1362 0.977180004119873
6613.6319 0.982387483119965
6614.1276 0.98759651184082
6614.6233 0.992806851863861
6615.1190 0.995923578739166
6615.6147 0.994056820869446
6616.1104 0.99218875169754
6616.6061 0.990318953990936
6617.1018 0.988447546958923
6617.5975 0.989628612995148
6618.0932 0.991908550262451
6618.5889 0.994188368320465
6619.0846 0.996467888355255
6619.5803 0.997683346271515
6620.0760 0.993890464305878
6620.5717 0.99009507894516
6621.0674 0.986296951770782
6621.5631 0.98249614238739
6622.0588 0.979960739612579
6622.5545 0.978214681148529
6623.0503 0.976466357707977
6623.5460 0.974716126918793
6624.0417 0.972999751567841
6624.5374 0.971882402896881
6625.0331 0.970763146877289
6625.5288 0.969641745090485
6626.0245 0.968518137931824
6626.5202 0.968730330467224
6627.0159 0.97028774023056
6627.5116 0.971843719482422
6628.0073 0.97339802980423
6628.5030 0.974950730800629
6628.9987 0.972258269786835
6629.4944 0.969294309616089
6629.9901 0.966327011585236
6630.4858 0.963356614112854
6630.9815 0.962363362312317
6631.4772 0.964555263519287
6631.9729 0.966745316982269
6632.4686 0.968933284282684
6632.9643 0.971119165420532
6633.4600 0.972609579563141
6633.9557 0.973952114582062
6634.4514 0.975291967391968
6634.9471 0.976629376411438
6635.4428 0.976983428001404
6635.9385 0.974687516689301
6636.4342 0.9723881483078
6636.9299 0.970085084438324
6637.4256 0.967778563499451
6637.9213 0.970425248146057
6638.4170 0.975047826766968
6638.9127 0.979668080806732
6639.4084 0.984285891056061
6639.9041 0.987544715404511
6640.3998 0.983664751052856
6640.8955 0.979780733585358
6641.3912 0.975892722606659
6641.8869 0.972000896930695
6642.3826 0.971042156219482
6642.8783 0.971995532512665
6643.3740 0.972945809364319
6643.8697 0.973892986774445
6644.3654 0.974888205528259
6644.8611 0.976823329925537
6645.3568 0.978755593299866
6645.8525 0.980685114860535
6646.3483 0.98261171579361
6646.8440 0.98292338848114
6647.3397 0.981607019901276
6647.8354 0.980287909507751
6648.3311 0.978966355323792
6648.8268 0.977642416954041
6649.3225 0.978590607643127
6649.8182 0.979668617248535
6650.3139 0.980745077133179
6650.8096 0.981819927692413
6651.3053 0.983032643795013
6651.8010 0.984458923339844
6652.2967 0.985884428024292
6652.7924 0.987309634685516
6653.2881 0.988734662532806
6653.7838 0.98531311750412
6654.2795 0.980978727340698
6654.7752 0.976644694805145
6655.2709 0.97231137752533
6655.7666 0.96849513053894
6656.2623 0.965941071510315
6656.7580 0.963388562202454
6657.2537 0.960837841033936
6657.7494 0.958289206027985
6658.2451 0.958243608474731
6658.7408 0.95907986164093
6659.2365 0.959919095039368
6659.7322 0.960761368274689
6660.2279 0.961576282978058
6660.7236 0.962263464927673
6661.2193 0.962954223155975
6661.7150 0.963648915290833
6662.2107 0.964347779750824
6662.7064 0.965982556343079
6663.2021 0.968144536018372
6663.6978 0.970311403274536
6664.1935 0.972483396530151
6664.6892 0.974942982196808
6665.1849 0.980201065540314
6665.6806 0.985465347766876
6666.1763 0.990736246109009
6666.6720 0.996013581752777
6667.1677 1.00555884838104
6667.6634 1.01869034767151
6668.1591 1.03183114528656
6668.6548 1.04498136043549
6669.1505 1.05814135074615
6669.6463 1.07685875892639
6670.1420 1.09561109542847
6670.6377 1.11437571048737
6671.1334 1.13315308094025
6671.6291 1.14626801013947
6672.1248 1.15242254734039
6672.6205 1.15858626365662
6673.1162 1.16475915908813
6673.6119 1.17094111442566
6674.1076 1.17251181602478
6674.6033 1.17358922958374
6675.0990 1.17467367649078
6675.5947 1.17576467990875
6676.0904 1.17153680324554
6676.5861 1.1576908826828
6677.0818 1.14384412765503
6677.5775 1.12999582290649
6678.0732 1.11614584922791
6678.5689 1.10363340377808
6679.0646 1.09143114089966
6679.5603 1.07922661304474
6680.0560 1.06701934337616
6680.5517 1.05593907833099
6681.0474 1.04797422885895
6681.5431 1.04000759124756
6682.0388 1.03203880786896
6682.5345 1.02406740188599
6683.0302 1.0183070898056
6683.5259 1.01339793205261
6684.0216 1.00848698616028
6684.5173 1.00357377529144
6685.0130 0.999001324176788
6685.5087 0.996009945869446
6686.0044 0.993016600608826
6686.5001 0.99002081155777
6686.9958 0.987022340297699
6687.4915 0.986966967582703
6687.9872 0.988603115081787
6688.4829 0.990238308906555
6688.9786 0.991872489452362
6689.4743 0.993371069431305
6689.9700 0.993551135063171
6690.4657 0.993728697299957
6690.9614 0.993903696537018
6691.4571 0.99407571554184
6691.9528 0.994113206863403
6692.4485 0.994039952754974
6692.9443 0.993963420391083
6693.4400 0.993883192539215
6693.9357 0.993816554546356
6694.4314 0.99560683965683
6694.9271 0.99739408493042
6695.4228 0.999178349971771
6695.9185 1.00095927715302
6696.4142 1.00066232681274
6696.9099 0.998005390167236
6697.4056 0.995343625545502
6697.9013 0.992676734924316
6698.3970 0.990005016326904
6698.8927 0.98781281709671
6699.3884 0.985653638839722
6699.8841 0.983490288257599
6700.3798 0.981322824954987
6700.8755 0.979856491088867
6701.3712 0.979497015476227
6701.8669 0.979134559631348
6702.3626 0.978769421577454
6702.8583 0.978401720523834
6703.3540 0.97625070810318
6703.8497 0.973780870437622
6704.3454 0.971308052539825
6704.8411 0.968832731246948
6705.3368 0.967629730701447
6705.8325 0.969253122806549
6706.3282 0.970875442028046
6706.8239 0.97249698638916
6707.3196 0.974117815494537
6707.8153 0.976540863513947
6708.3110 0.979199707508087
6708.8067 0.981858611106873
6709.3024 0.984517812728882
6709.7981 0.986023008823395
6710.2938 0.983778953552246
6710.7895 0.981534123420715
6711.2852 0.979288637638092
6711.7809 0.977042675018311
6712.2766 0.977841734886169
6712.7723 0.979955494403839
6713.2680 0.98207038640976
6713.7637 0.984186232089996
6714.2594 0.985988616943359
6714.7551 0.986167728900909
6715.2508 0.986347556114197
6715.7465 0.986527800559998
6716.2423 0.986708581447601
6716.7380 0.985446095466614
6717.2337 0.983323454856873
6717.7294 0.981200337409973
6718.2251 0.97907680273056
6718.7208 0.977395296096802
6719.2165 0.980104923248291
6719.7122 0.982815265655518
6720.2079 0.985526442527771
6720.7036 0.988238096237183
6721.1993 0.989957749843597
6721.6950 0.990888297557831
6722.1907 0.991818726062775
6722.6864 0.992748975753784
6723.1821 0.993709921836853
6723.6778 0.995971500873566
6724.1735 0.998233377933502
6724.6692 1.00049531459808
6725.1649 1.0027574300766
6725.6606 1.00404989719391
6726.1563 1.00433170795441
6726.6520 1.00461292266846
6727.1477 1.00489377975464
6727.6434 1.00517416000366
6728.1391 1.00442051887512
6728.6348 1.00361967086792
6729.1305 1.00281810760498
6729.6262 1.00201594829559
6730.1219 0.999693274497986
6730.6176 0.995310366153717
6731.1133 0.990926027297974
6731.6090 0.986540257930756
6732.1047 0.982153058052063
6732.6004 0.980054795742035
6733.0961 0.97823029756546
6733.5918 0.976405441761017
6734.0875 0.974580407142639
6734.5832 0.973989069461823
6735.0789 0.975573062896729
6735.5746 0.977158308029175
6736.0703 0.978744685649872
6736.5660 0.980332493782043
6737.0617 0.980830729007721
6737.5574 0.981109023094177
6738.0531 0.981388688087463
6738.5488 0.98166960477829
6739.0445 0.981438457965851
6739.5403 0.980018973350525
6740.0360 0.978600740432739
6740.5317 0.97718334197998
6741.0274 0.975767195224762
6741.5231 0.97729480266571
6742.0188 0.97969251871109
6742.5145 0.982092797756195
6743.0102 0.984495580196381
6743.5059 0.986219942569733
6744.0016 0.985830366611481
6744.4973 0.985442459583282
6744.9930 0.985056221485138
6745.4887 0.984671652317047
6745.9844 0.984451353549957
6746.4801 0.984297573566437
6746.9758 0.984145402908325
6747.4715 0.983995079994202
6747.9672 0.984061539173126
6748.4629 0.985061168670654
6748.9586 0.986062824726105
6749.4543 0.987066626548767
6749.9500 0.988072454929352
6750.4457 0.989781677722931
6750.9414 0.991853415966034
6751.4371 0.993927717208862
6751.9328 0.996004521846771
6752.4285 0.997972905635834
6752.9242 0.999228358268738
6753.4199 1.0004860162735
6753.9156 1.00174593925476
6754.4113 1.00300812721252
6754.9070 1.0031590461731
6755.4027 1.00259447097778
6755.8984 1.00203168392181
6756.3941 1.00147032737732
6756.8898 1.00102126598358
6757.3855 1.0017991065979
6757.8812 1.00257909297943
6758.3769 1.00336122512817
6758.8726 1.00414562225342
6759.3683 1.00313270092011
6759.8640 1.00069713592529
6760.3597 0.998262345790863
6760.8554 0.995828449726105
6761.3511 0.99332058429718
6761.8468 0.988697826862335
6762.3425 0.98407518863678
6762.8383 0.979452431201935
6763.3340 0.974829733371735
6763.8297 0.973629713058472
6764.3254 0.975713014602661
6764.8211 0.977800011634827
6765.3168 0.979891002178192
6765.8125 0.981985986232758
6766.3082 0.984661221504211
6766.8039 0.987348198890686
6767.2996 0.990040123462677
6767.7953 0.992736876010895
6768.2910 0.994722604751587
6768.7867 0.995889484882355
6769.2824 0.99706095457077
6769.7781 0.998236954212189
6770.2738 0.99941748380661
6770.7695 0.997014820575714
6771.2652 0.99439936876297
6771.7609 0.991786301136017
6772.2566 0.989175856113434
6772.7523 0.98933219909668
6773.2480 0.993278563022614
6773.7437 0.997231543064117
6774.2394 1.00119113922119
6774.7351 1.00515747070313
6775.2308 1.00878548622131
6775.7265 1.01238203048706
6776.2222 1.01598501205444
6776.7179 1.01959419250488
6777.2136 1.02120673656464
6777.7093 1.01957356929779
6778.2050 1.01794278621674
6778.7007 1.01631438732147
6779.1964 1.01468813419342
6779.6921 1.01340579986572
6780.1878 1.01218032836914
6780.6835 1.01095700263977
6781.1792 1.00973558425903
6781.6749 1.00871884822845
6782.1706 1.00809264183044
6782.6663 1.00746822357178
6783.1620 1.00684559345245
6783.6577 1.00622475147247
6784.1534 1.00558221340179
6784.6491 1.00493621826172
6785.1448 1.00429141521454
6785.6405 1.00364744663239
6786.1363 1.0030951499939
6786.6320 1.00274884700775
6787.1277 1.00240302085876
6787.6234 1.00205779075623
6788.1191 1.00171267986298
6788.6148 1.00195002555847
6789.1105 1.00234293937683
6789.6062 1.00273609161377
6790.1019 1.00312912464142
6790.5976 1.00403904914856
6791.0933 1.00632667541504
6791.5890 1.00861501693726
6792.0847 1.01090383529663
6792.5804 1.01319324970245
6793.0761 1.01602494716644
6793.5718 1.01903104782104
6794.0675 1.02203750610352
6794.5632 1.02504420280457
6795.0589 1.02659749984741
6795.5546 1.02358663082123
6796.0503 1.02057087421417
6796.5460 1.01755011081696
6797.0417 1.01452422142029
6797.5374 1.01305866241455
6798.0331 1.01217770576477
6798.5288 1.01129329204559
6799.0245 1.01040506362915
6799.5202 1.01016688346863
6800.0159 1.01234912872314
6800.5116 1.0145298242569
6801.0073 1.0167088508606
6801.5030 1.01888644695282
6801.9987 1.01979959011078
6802.4944 1.02016615867615
6802.9901 1.02052974700928
6803.4858 1.02089083194733
6803.9815 1.0215607881546
6804.4772 1.0235960483551
6804.9729 1.02562999725342
6805.4686 1.02766215801239
6805.9643 1.02969300746918
6806.4600 1.03132498264313
6806.9557 1.03276240825653
6807.4514 1.03419804573059
6807.9471 1.03563213348389
6808.4428 1.03714978694916
6808.9385 1.03910994529724
6809.4343 1.04106867313385
6809.9300 1.04302644729614
6810.4257 1.04498302936554
6810.9214 1.04936623573303
6811.4171 1.05505776405334
6811.9128 1.06075060367584
6812.4085 1.0664449930191
6812.9042 1.07313764095306
6813.3999 1.08600032329559
6813.8956 1.09886884689331
6814.3913 1.11174309253693
6814.8870 1.12462329864502
6815.3827 1.13640165328979
6815.8784 1.1475316286087
6816.3741 1.15866708755493
6816.8698 1.1698077917099
6817.3655 1.18072032928467
6817.8612 1.18991565704346
6818.3569 1.19911575317383
6818.8526 1.20832097530365
6819.3483 1.21753108501434
6819.8440 1.23090291023254
6820.3397 1.24693608283997
6820.8354 1.26297879219055
6821.3311 1.27903175354004
6821.8268 1.29506742954254
6822.3225 1.31087195873261
6822.8182 1.32668721675873
6823.3139 1.3425133228302
6823.8096 1.35835111141205
6824.3053 1.36816489696503
6824.8010 1.37386381626129
6825.2967 1.37956881523132
6825.7924 1.38528037071228
6826.2881 1.3902233839035
6826.7838 1.38702619075775
6827.2795 1.38383078575134
6827.7752 1.38063740730286
6828.2709 1.377445936203
6828.7666 1.36617207527161
6829.2623 1.34904479980469
6829.7580 1.33191061019897
6830.2537 1.31476974487305
6830.7494 1.29764020442963
6831.2451 1.28073191642761
6831.7408 1.26381695270538
6832.2365 1.24689471721649
6832.7323 1.22996544837952
6833.2280 1.21238958835602
6833.7237 1.19432067871094
6834.2194 1.17624342441559
6834.7151 1.15815770626068
6835.2108 1.14029800891876
6835.7065 1.12587738037109
6836.2022 1.11145031452179
6836.6979 1.09701681137085
6837.1936 1.08257639408112
6837.6893 1.07333815097809
6838.1850 1.06820011138916
6838.6807 1.06306195259094
6839.1764 1.05792379379272
6839.6721 1.05285394191742
6840.1678 1.04895198345184
6840.6635 1.04505014419556
6841.1592 1.04114818572998
6841.6549 1.03724610805511
6842.1506 1.0345584154129
6842.6463 1.03285503387451
6843.1420 1.03115236759186
6843.6377 1.02945029735565
6844.1334 1.02768206596375
6844.6291 1.02465462684631
6845.1248 1.0216258764267
6845.6205 1.01859521865845
6846.1162 1.01556253433228
6846.6119 1.01537311077118
6847.1076 1.01753151416779
6847.6033 1.01969158649445
6848.0990 1.02185332775116
6848.5947 1.02400529384613
6849.0904 1.02593111991882
6849.5861 1.02785789966583
6850.0818 1.02978527545929
6850.5775 1.03171324729919
6851.0732 1.03221845626831
6851.5689 1.03153824806213
6852.0646 1.03085589408875
6852.5603 1.03017151355743
6853.0560 1.02943706512451
6853.5517 1.02770113945007
6854.0474 1.02596187591553
6854.5431 1.02421927452087
6855.0388 1.02247321605682
6855.5345 1.0198872089386
6856.0303 1.01660108566284
6856.5260 1.0133101940155
6857.0217 1.01001453399658
6857.5174 1.00683677196503
6858.0131 1.00614523887634
6858.5088 1.005450963974
6859.0045 1.00475382804871
6859.5002 1.00405406951904
6859.9959 0.997645676136017
6860.4916 0.986533224582672
6860.9873 0.975409865379334
6861.4830 0.964275538921356
6861.9787 0.953117668628693
6862.4744 0.941708981990814
6862.9701 0.930289387702942
6863.4658 0.91885906457901
6863.9615 0.907417953014374
6864.4572 0.890112817287445
6864.9529 0.868068754673004
6865.4486 0.846006214618683
6865.9443 0.823925316333771
6866.4400 0.801967442035675
6866.9357 0.782334923744202
6867.4314 0.762686431407928
6867.9271 0.743021965026855
6868.4228 0.723341643810272
6868.9185 0.712156474590302
6869.4142 0.707631349563599
6869.9099 0.703101754188538
6870.4056 0.698567688465118
6870.9013 0.694548368453979
6871.3970 0.69796621799469
6871.8927 0.701385378837585
6872.3884 0.704805850982666
6872.8841 0.708227694034576
6873.3798 0.714821875095367
6873.8755 0.72380930185318
6874.3712 0.732801854610443
6874.8669 0.741799771785736
6875.3626 0.751087248325348
6875.8583 0.763836741447449
6876.3540 0.776594161987305
6876.8497 0.789359331130981
6877.3454 0.802132248878479
6877.8411 0.813723862171173
6878.3368 0.824469149112701
6878.8325 0.835220873355865
6879.3283 0.845979034900665
6879.8240 0.856704354286194
6880.3197 0.867035686969757
6880.8154 0.877373099327087
6881.3111 0.887716710567474
6881.8068 0.898066461086273
6882.3025 0.903015851974487
6882.7982 0.904311835765839
6883.2939 0.905607938766479
6883.7896 0.906904280185699
6884.2853 0.907713055610657
6884.7810 0.904349207878113
6885.2767 0.900982558727264
6885.7724 0.897613167762756
6886.2681 0.894241154193878
6886.7638 0.890266001224518
6887.2595 0.885909199714661
6887.7552 0.881549119949341
6888.2509 0.877185881137848
6888.7466 0.87277764081955
6889.2423 0.868068039417267
6889.7380 0.863354980945587
6890.2337 0.858638525009155
6890.7294 0.853918671607971
6891.2251 0.851139008998871
6891.7208 0.849487245082855
6892.2165 0.847834169864655
6892.7122 0.846179664134979
6893.2079 0.845382332801819
6893.7036 0.849736213684082
6894.1993 0.854092717170715
6894.6950 0.858451902866364
6895.1907 0.862813651561737
6895.6864 0.867498397827148
6896.1821 0.87235552072525
6896.6778 0.877215683460236
6897.1735 0.88207882642746
6897.6692 0.886323690414429
6898.1649 0.887436628341675
6898.6606 0.888550221920013
6899.1563 0.8896644115448
6899.6520 0.890779197216034
6900.1477 0.894832849502563
6900.6434 0.90028703212738
6901.1391 0.905744671821594
6901.6348 0.91120582818985
6902.1305 0.915748476982117
6902.6263 0.916374325752258
6903.1220 0.917000532150269
6903.6177 0.917627036571503
6904.1134 0.918253898620605
6904.6091 0.920493721961975
6905.1048 0.923413693904877
6905.6005 0.926335453987122
6906.0962 0.929259121417999
6906.5919 0.932208061218262
6907.0876 0.935243368148804
6907.5833 0.938280522823334
6908.0790 0.941319644451141
6908.5747 0.944360673427582
6909.0704 0.946302950382233
6909.5661 0.94784414768219
6910.0618 0.949386239051819
6910.5575 0.950929343700409
6911.0532 0.952071785926819
6911.5489 0.951993942260742
6912.0446 0.951916098594666
6912.5403 0.95183801651001
6913.0360 0.951759934425354
6913.5317 0.953736007213593
6914.0274 0.956350445747375
6914.5231 0.958966553211212
6915.0188 0.961584270000458
6915.5145 0.964800894260406
6916.0102 0.969558477401733
6916.5059 0.974319100379944
6917.0016 0.979082703590393
6917.4973 0.983849406242371
6917.9930 0.984436869621277
6918.4887 0.983956694602966
6918.9844 0.983476161956787
6919.4801 0.982995212078094
6919.9758 0.981869220733643
6920.4715 0.979334712028503
6920.9672 0.976798474788666
6921.4629 0.974260449409485
6921.9586 0.971720814704895
6922.4543 0.968887627124786
6922.9500 0.965993702411652
6923.4457 0.963097870349884
6923.9414 0.960200071334839
6924.4371 0.958222270011902
6924.9328 0.957947850227356
6925.4285 0.957673251628876
6925.9243 0.957398295402527
6926.4200 0.957123100757599
6926.9157 0.960945188999176
6927.4114 0.965380072593689
6927.9071 0.969817757606506
6928.4028 0.974258303642273
6928.8985 0.977093875408173
6929.3942 0.977418899536133
6929.8899 0.977743983268738
6930.3856 0.978069186210632
6930.8813 0.978394627571106
6931.3770 0.97571074962616
6931.8727 0.972730398178101
6932.3684 0.969747960567474
6932.8641 0.966763436794281
6933.3598 0.964793562889099
6933.8555 0.964159846305847
6934.3512 0.963525652885437
6934.8469 0.962890863418579
6935.3426 0.962255656719208
6935.8383 0.957105755805969
6936.3340 0.951732933521271
6936.8297 0.946356415748596
6937.3254 0.94097638130188
6937.8211 0.93889719247818
6938.3168 0.940456330776215
6938.8125 0.942016303539276
6939.3082 0.943577170372009
6939.8039 0.945138990879059
6940.2996 0.947435915470123
6940.7953 0.9497349858284
6941.2910 0.952035486698151
6941.7867 0.954337358474731
6942.2824 0.955990433692932
6942.7781 0.957049608230591
6943.2738 0.958109378814697
6943.7695 0.959169685840607
6944.2652 0.960255563259125
6944.7609 0.961855888366699
6945.2566 0.963456988334656
6945.7523 0.965059041976929
6946.2480 0.966661989688873
6946.7437 0.967999875545502
6947.2394 0.96913868188858
6947.7351 0.970278203487396
6948.2308 0.97141820192337
6948.7265 0.973026275634766
6949.2223 0.979017853736877
6949.7180 0.985013067722321
6950.2137 0.991012036800385
6950.7094 0.997014820575714
6951.2051 0.997417986392975
6951.7008 0.99441933631897
6952.1965 0.991418600082397
6952.6922 0.988415777683258
6953.1879 0.985414028167725
6953.6836 0.982427895069122
6954.1793 0.979439675807953
6954.6750 0.976449429988861
6955.1707 0.973457098007202
6955.6664 0.97806715965271
6956.1621 0.986328363418579
6956.6578 0.994594812393188
6957.1535 1.00286638736725
6957.6492 1.00947701931
6958.1449 1.00957036018372
6958.6406 1.00966358184814
6959.1363 1.00975680351257
6959.6320 1.00984990596771
6960.1277 1.01258492469788
6960.6234 1.0162900686264
6961.1191 1.01999759674072
6961.6148 1.02370727062225
6962.1105 1.02709448337555
6962.6062 1.02956259250641
6963.1019 1.03203213214874
6963.5976 1.03450310230255
6964.0933 1.03697550296783
6964.5890 1.03751528263092
6965.0847 1.03754138946533
6965.5804 1.03756737709045
6966.0761 1.03759324550629
6966.5718 1.03857040405273
6967.0675 1.04156863689423
6967.5632 1.04456853866577
6968.0589 1.04757022857666
6968.5546 1.05057370662689
6969.0503 1.04967224597931
6969.5460 1.04808521270752
6970.0417 1.04649698734283
6970.5374 1.04490756988525
6971.0331 1.04462325572968
6971.5288 1.04645073413849
6972.0245 1.0482794046402
6972.5203 1.05010902881622
6973.0160 1.05193972587585
6973.5117 1.04922425746918
6974.0074 1.04607903957367
6974.5031 1.04293179512024
6974.9988 1.03978216648102
6975.4945 1.03879344463348
6975.9902 1.04048585891724
6976.4859 1.04217934608459
6976.9816 1.04387366771698
6977.4773 1.04556906223297
6977.9730 1.04207921028137
6978.4687 1.03847873210907
6978.9644 1.03487575054169
6979.4601 1.03127026557922
6979.9558 1.03022634983063
6980.4515 1.03161430358887
6980.9472 1.03300297260284
6981.4429 1.03439247608185
6981.9386 1.035364985466
6982.4343 1.02795374393463
6982.9300 1.02053761482239
6983.4257 1.01311671733856
6983.9214 1.00569081306458
6984.4171 1.00265216827393
6984.9128 1.00276267528534
6985.4085 1.00287318229675
6985.9042 1.00298357009888
6986.3999 1.00322997570038
6986.8956 1.0044949054718
6987.3913 1.00576043128967
6987.8870 1.00702667236328
6988.3827 1.00829362869263
6988.8784 1.00904476642609
6989.3741 1.00952255725861
6989.8698 1.01000046730042
6990.3655 1.01047873497009
6990.8612 1.0109395980835
6991.3569 1.01132678985596
6991.8526 1.011714220047
6992.3483 1.01210176944733
6992.8440 1.01248943805695
6993.3397 1.01105630397797
6993.8354 1.0089408159256
6994.3311 1.00682401657104
6994.8268 1.00470566749573
6995.3225 1.00279641151428
6995.8183 1.00146806240082
6996.3140 1.00013875961304
6996.8097 0.99880850315094
6997.3054 0.997477352619171
6997.8011 0.999029040336609
6998.2968 1.00128448009491
6998.7925 1.00354135036469
6999.2882 1.00579953193665
6999.7839 1.00723457336426
7000.2796 1.0070915222168
7000.7753 1.00694823265076
7001.2710 1.00680494308472
7001.7667 1.0066614151001
7002.2624 1.00818836688995
7002.7581 1.00993812084198
7003.2538 1.01168882846832
7003.7495 1.01344072818756
7004.2452 1.01476359367371
7004.7409 1.01550102233887
7005.2366 1.0162388086319
7005.7323 1.0169769525528
7006.2280 1.01771557331085
7006.7237 1.01728665828705
7007.2194 1.01681363582611
7007.7151 1.01634037494659
7008.2108 1.01586675643921
7008.7065 1.01343524456024
7009.2022 1.00908589363098
7009.6979 1.00473380088806
7010.1936 1.0003787279129
7010.6893 0.996156573295593
7011.1850 0.994651794433594
7011.6807 0.993146061897278
7012.1764 0.991639256477356
7012.6721 0.990131556987762
7013.1678 0.991336464881897
7013.6635 0.994427084922791
7014.1592 0.997519731521606
7014.6549 1.00061440467834
7015.1506 1.00359809398651
7015.6463 1.00584995746613
7016.1420 1.00810313224792
7016.6377 1.01035797595978
7017.1334 1.01261413097382
7017.6291 1.01084864139557
7018.1248 1.00716471672058
7018.6205 1.00347852706909
7019.1162 0.999789834022522
7019.6120 0.998099565505981
7020.1077 1.00343072414398
7020.6034 1.00876522064209
7021.0991 1.01410341262817
7021.5948 1.01944494247437
7022.0905 1.02120113372803
7022.5862 1.02186727523804
7023.0819 1.02253377437592
7023.5776 1.02320063114166
7024.0733 1.02349722385406
7024.5690 1.02297818660736
7025.0647 1.02245879173279
7025.5604 1.02193892002106
7026.0561 1.02141880989075
7026.5518 1.0234363079071
7027.0475 1.02587223052979
7027.5432 1.02830982208252
7028.0389 1.03074896335602
7028.5346 1.03592455387115
7029.0303 1.04511094093323
7029.5260 1.05430328845978
7030.0217 1.06350147724152
7030.5174 1.07270550727844
7031.0131 1.06928598880768
7031.5088 1.06524419784546
7032.0045 1.06119954586029
7032.5002 1.05715215206146
7032.9959 1.05433404445648
7033.4916 1.05274033546448
7033.9873 1.051145195961
7034.4830 1.04954874515533
7034.9787 1.0482063293457
7035.4744 1.05171597003937
7035.9701 1.05522751808167
7036.4658 1.0587409734726
7036.9615 1.06225633621216
7037.4572 1.06368923187256
7037.9529 1.0637286901474
7038.4486 1.06376755237579
7038.9443 1.06380605697632
7039.4400 1.06403768062592
7039.9357 1.06537413597107
7040.4314 1.06671071052551
7040.9271 1.06804740428925
7041.4228 1.06938445568085
7041.9185 1.07026100158691
7042.4142 1.07093966007233
7042.9100 1.07161784172058
7043.4057 1.07229566574097
7043.9014 1.07312047481537
7044.3971 1.07438576221466
7044.8928 1.07565069198608
7045.3885 1.07691538333893
7045.8842 1.0781797170639
7046.3799 1.07640862464905
7046.8756 1.07388806343079
7047.3713 1.07136464118958
7047.8670 1.06883835792542
7048.3627 1.06802892684937
7048.8584 1.07034504413605
7049.3541 1.07266116142273
7049.8498 1.07497715950012
7050.3455 1.07729291915894
7050.8412 1.08372342586517
7051.3369 1.09057414531708
7051.8326 1.09742712974548
7052.3283 1.10428237915039
7052.8240 1.11214995384216
7053.3197 1.12120020389557
7053.8154 1.13025367259979
7054.3111 1.13931024074554
7054.8068 1.14830303192139
7055.3025 1.15305507183075
7055.7982 1.1578072309494
7056.2939 1.16255962848663
7056.7896 1.16731190681458
7057.2853 1.1784987449646
7057.7810 1.19454085826874
7058.2767 1.21058881282806
7058.7724 1.22664248943329
7059.2681 1.24100708961487
7059.7638 1.24356853961945
7060.2595 1.24612784385681
7060.7552 1.24868512153625
7061.2509 1.25124025344849
7061.7466 1.24531495571136
7062.2423 1.23541903495789
7062.7380 1.22551441192627
7063.2337 1.2156013250351
7063.7294 1.20708727836609
7064.2251 1.20307266712189
7064.7208 1.1990522146225
7065.2165 1.1950261592865
7065.7122 1.1909943819046
7066.2080 1.18335151672363
7066.7037 1.17477262020111
7067.1994 1.16618609428406
7067.6951 1.15759170055389
7068.1908 1.15080857276917
7068.6865 1.14735329151154
7069.1822 1.14389288425446
7069.6779 1.14042723178864
7070.1736 1.13695645332336
7070.6693 1.13837695121765
7071.1650 1.14027070999146
7071.6607 1.1421617269516
7072.1564 1.1440497636795
7072.6521 1.14413070678711
7073.1478 1.14217555522919
7073.6435 1.14021611213684
7074.1392 1.13825249671936
7074.6349 1.13645887374878
7075.1306 1.14031958580017
7075.6263 1.14417827129364
7076.1220 1.14803504943848
7076.6177 1.15188980102539
7077.1134 1.15515947341919
7077.6091 1.15802180767059
7078.1048 1.16088223457336
7078.6005 1.1637407541275
7079.0962 1.16729116439819
7079.5919 1.17474710941315
7080.0876 1.18220269680023
7080.5833 1.18965828418732
7081.0790 1.19711375236511
7081.5747 1.20221221446991
7082.0704 1.20635759830475
7082.5661 1.21050250530243
7083.0618 1.21464657783508
7083.5575 1.21797120571136
7084.0532 1.21912777423859
7084.5489 1.22028291225433
7085.0446 1.22143697738647
7085.5403 1.22258996963501
7086.0360 1.22110593318939
7086.5317 1.21910643577576
7087.0274 1.21710515022278
7087.5231 1.21510231494904
7088.0188 1.20935952663422
7088.5145 1.19800698757172
7089.0102 1.18665087223053
7089.5060 1.17529129981995
7090.0017 1.16392862796783
7090.4974 1.15901923179626
7090.9931 1.15435039997101
7091.4888 1.14968037605286
7091.9845 1.14500916004181
7092.4802 1.14216911792755
7092.9759 1.14096474647522
7093.4716 1.13976049423218
7093.9673 1.13855648040771
7094.4630 1.13700938224792
7094.9587 1.13212668895721
7095.4544 1.12724375724792
7095.9501 1.12236058712006
7096.4458 1.1174772977829
7096.9415 1.11340987682343
7097.4372 1.10976529121399
7097.9329 1.10612094402313
7098.4286 1.10247719287872
7098.9243 1.09923481941223
7099.4200 1.09737193584442
7099.9157 1.09551048278809
7100.4114 1.09365034103394
7100.9071 1.09179162979126
7101.4028 1.08993566036224
7101.8985 1.08808159828186
7102.3942 1.08622944355011
7102.8899 1.08437955379486
7103.3856 1.08280956745148
7103.8813 1.08173704147339
7104.3770 1.08066713809967
7104.8727 1.07960021495819
7105.3684 1.07853651046753
7105.8641 1.08221364021301
7106.3598 1.08626556396484
7106.8555 1.09032273292542
7107.3512 1.09438538551331
7107.8469 1.09567320346832
7108.3426 1.09414350986481
7108.8383 1.09261786937714
7109.3340 1.0910964012146
7109.8297 1.08996534347534
7110.3254 1.09434032440186
7110.8211 1.09872257709503
7111.3168 1.10311198234558
7111.8125 1.10750889778137
7112.3082 1.10995018482208
7112.8040 1.11127197742462
7113.2997 1.11260032653809
7113.7954 1.11393511295319
7114.2911 1.11476850509644
7114.7868 1.11364901065826
7115.2825 1.11253488063812
7115.7782 1.11142611503601
7116.2739 1.11032259464264
7116.7696 1.10731506347656
7117.2653 1.10376381874084
7117.7610 1.10021615028381
7118.2567 1.09667193889618
7118.7524 1.09316062927246
7119.2481 1.08970773220062
7119.7438 1.0862580537796
7120.2395 1.08281111717224
7120.7352 1.07936680316925
7121.2309 1.08231234550476
7121.7266 1.08581113815308
7122.2223 1.08931636810303
7122.7180 1.09282779693604
7123.2137 1.09139275550842
7123.7094 1.08488726615906
7124.2051 1.07838046550751
7124.7008 1.07187223434448
7125.1965 1.06564962863922
7125.6922 1.06339454650879
7126.1879 1.06113982200623
7126.6836 1.05888521671295
7127.1793 1.05663061141968
7127.6750 1.058966755867
7128.1707 1.0638689994812
7128.6664 1.06877589225769
7129.1621 1.0736870765686
7129.6578 1.07766258716583
7130.1535 1.0782390832901
7130.6492 1.07881653308868
7131.1449 1.07939481735229
7131.6406 1.07997381687164
7132.1363 1.0842000246048
7132.6320 1.08938789367676
7133.1277 1.09457957744598
7133.6234 1.0997748374939
7134.1191 1.1013959646225
7134.6148 1.09686863422394
7135.1105 1.09233784675598
7135.6062 1.08780348300934
7136.1020 1.08326530456543
7136.5977 1.08452713489532
7137.0934 1.08613061904907
7137.5891 1.08773458003998
7138.0848 1.08933913707733
7138.5805 1.09105980396271
7139.0762 1.09288692474365
7139.5719 1.09471464157104
7140.0676 1.09654295444489
7140.5633 1.09799778461456
7141.0590 1.09606766700745
7141.5547 1.09413528442383
7142.0504 1.092200756073
7142.5461 1.09026396274567
7143.0418 1.08629357814789
7143.5375 1.08135414123535
7144.0332 1.0764102935791
7144.5289 1.07146203517914
7145.0246 1.06814885139465
7145.5203 1.06957495212555
7146.0160 1.07100129127502
7146.5117 1.0724276304245
7147.0074 1.07385396957397
7147.5031 1.07652902603149
7147.9988 1.07944893836975
7148.4945 1.0823700428009
7148.9902 1.08529210090637
7149.4859 1.08582890033722
7149.9816 1.08302521705627
7150.4773 1.08021879196167
7150.9730 1.07740950584412
7151.4687 1.07459723949432
7151.9644 1.07255160808563
7152.4601 1.07050538063049
7152.9558 1.06845712661743
7153.4515 1.06640636920929
7153.9472 1.0646413564682
7154.4429 1.06308364868164
7154.9386 1.06152403354645
7155.4343 1.0599627494812
7155.9300 1.05816733837128
7156.4257 1.05516219139099
7156.9214 1.05215430259705
7157.4171 1.04914379119873
7157.9128 1.04613041877747
7158.4085 1.04546189308167
7158.9042 1.0456006526947
7159.4000 1.04573881626129
7159.8957 1.04587638378143
7160.3914 1.04473388195038
7160.8871 1.04095780849457
7161.3828 1.03717863559723
7161.8785 1.03339660167694
7162.3742 1.02961134910584
7162.8699 1.02422976493835
7163.3656 1.01868844032288
7163.8613 1.01314306259155
7164.3570 1.00759363174438
7164.8527 0.999511063098907
7165.3484 0.98884791135788
7165.8441 0.978177547454834
7166.3398 0.967499852180481
7166.8355 0.956757426261902
7167.3312 0.945353627204895
7167.8269 0.933942198753357
7168.3226 0.922523021697998
7168.8183 0.911096155643463
7169.3140 0.902730166912079
7169.8097 0.895894408226013
7170.3054 0.8890540599823
7170.8011 0.882209002971649
7171.2968 0.876337051391602
7171.7925 0.873351514339447
7172.2882 0.870363891124725
7172.7839 0.867374122142792
7173.2796 0.864382147789001
7173.7753 0.86360239982605
7174.2710 0.863244414329529
7174.7667 0.862886071205139
7175.2624 0.862527310848236
7175.7581 0.862503111362457
7176.2538 0.862927675247192
7176.7495 0.863352298736572
7177.2452 0.863777101039886
7177.7409 0.864161550998688
7178.2366 0.861989498138428
7178.7323 0.859815835952759
7179.2280 0.857640624046326
7179.7237 0.855463922023773
7180.2194 0.850870490074158
7180.7151 0.844692170619965
7181.2108 0.838509857654572
7181.7065 0.832323491573334
7182.2022 0.826885342597961
7182.6980 0.824575662612915
7183.1937 0.82226437330246
7183.6894 0.81995153427124
7184.1851 0.817637085914612
7184.6808 0.814399600028992
7185.1765 0.810905635356903
7185.6722 0.807409405708313
7186.1679 0.803910851478577
7186.6636 0.80273300409317
7187.1593 0.805437684059143
7187.6550 0.808143854141235
7188.1507 0.810851752758026
7188.6464 0.813561260700226
7189.1421 0.812317728996277
7189.6378 0.810932517051697
7190.1335 0.8095463514328
7190.6292 0.808159112930298
7191.1249 0.808365941047668
7191.6206 0.809839308261871
7192.1163 0.811313509941101
7192.6120 0.812788546085358
7193.1077 0.813873887062073
7193.6034 0.812743961811066
7194.0991 0.811613321304321
7194.5948 0.81048184633255
7195.0905 0.809349536895752
7195.5862 0.808356523513794
7196.0819 0.807411134243011
7196.5776 0.806465089321136
7197.0733 0.805518329143524
7197.5690 0.804383099079132
7198.0647 0.802876770496368
7198.5604 0.801369488239288
7199.0561 0.799861133098602
7199.5518 0.798351764678955
7200.0475 0.804769337177277
7200.5432 0.811778783798218
7201.0389 0.818792641162872
7201.5346 0.82581090927124
7202.0303 0.832329332828522
7202.5260 0.838397145271301
7203.0217 0.844468832015991
7203.5174 0.850544214248657
7204.0131 0.857266545295715
7204.5088 0.868648707866669
7205.0045 0.88003796339035
7205.5002 0.89143431186676
7205.9960 0.902837812900543
7206.4917 0.913944959640503
7206.9874 0.924939513206482
7207.4831 0.93594092130661
7207.9788 0.946949243545532
7208.4745 0.957480251789093
7208.9702 0.966961026191711
7209.4659 0.976447761058807
7209.9616 0.985940337181091
7210.4573 0.995438992977142
7210.9530 0.996124505996704
7211.4487 0.995955526828766
7211.9444 0.995786249637604
7212.4401 0.995616853237152
7212.9358 0.997104108333588
7213.4315 1.00018715858459
7213.9272 1.00327205657959
7214.4229 1.00635886192322
7214.9186 1.00865972042084
7215.4143 1.00446772575378
7215.9100 1.00027287006378
7216.4057 0.99607527256012
7216.9014 0.991874873638153
7217.3971 0.993943750858307
7217.8928 0.998608946800232
7218.3885 1.00327694416046
7218.8842 1.00794792175293
7219.3799 1.01242589950562
7219.8756 1.01646494865417
7220.3713 1.02050650119781
7220.8670 1.02455055713654
7221.3627 1.02859699726105
7221.8584 1.02897036075592
7222.3541 1.02896976470947
7222.8498 1.02896904945374
7223.3455 1.02896809577942
7223.8412 1.02751910686493
7224.3369 1.02466976642609
7224.8326 1.02181851863861
7225.3283 1.0189653635025
7225.8240 1.01590132713318
7226.3197 1.01114940643311
7226.8154 1.0063943862915
7227.3111 1.00163626670837
7227.8068 0.996875047683716
7228.3025 0.98816055059433
7228.7982 0.977846503257751
7229.2940 0.967525899410248
7229.7897 0.95719850063324
7230.2854 0.946875810623169
7230.7811 0.936570882797241
7231.2768 0.926259398460388
7231.7725 0.91594123840332
7232.2682 0.905616402626038
7232.7639 0.89937299489975
7233.2596 0.893486380577087
7233.7553 0.887595891952515
7234.2510 0.881701648235321
7234.7467 0.879692435264587
7235.2424 0.881229758262634
7235.7381 0.882767915725708
7236.2338 0.884306967258453
7236.7295 0.885645270347595
7237.2252 0.885606527328491
7237.7209 0.885567665100098
7238.2166 0.885528743267059
7238.7123 0.885489642620087
7239.2080 0.883119702339172
7239.7037 0.879899203777313
7240.1994 0.876676619052887
7240.6951 0.873451769351959
7241.1908 0.874254584312439
7241.6865 0.882918238639832
7242.1822 0.891587197780609
7242.6779 0.900261580944061
7243.1736 0.908941388130188
7243.6693 0.914492428302765
7244.1650 0.919866383075714
7244.6607 0.925243675708771
7245.1564 0.930624186992645
7245.6521 0.931221723556519
7246.1478 0.927944779396057
7246.6435 0.924665629863739
7247.1392 0.921384274959564
7247.6349 0.918087720870972
7248.1306 0.914720952510834
7248.6263 0.911351919174194
7249.1220 0.907980620861053
7249.6177 0.904607117176056
7250.1134 0.903883874416351
7250.6091 0.903957605361938
7251.1048 0.904031336307526
7251.6005 0.904104888439178
7252.0962 0.903132379055023
7252.5920 0.900436282157898
7253.0877 0.897738337516785
7253.5834 0.895038604736328
7254.0791 0.892337024211884
7254.5748 0.893880069255829
7255.0705 0.895477712154388
7255.5662 0.897076189517975
7256.0619 0.898675680160522
7256.5576 0.90111768245697
7257.0533 0.904127836227417
7257.5490 0.907139718532562
7258.0447 0.910153329372406
7258.5404 0.913454651832581
7259.0361 0.917842626571655
7259.5318 0.922233283519745
7260.0275 0.926626563072205
7260.5232 0.931022584438324
7261.0189 0.929091215133667
7261.5146 0.925768911838531
7262.0103 0.922444403171539
7262.5060 0.91911768913269
7263.0017 0.919308423995972
7263.4974 0.924126267433167
7263.9931 0.928946971893311
7264.4888 0.933770537376404
7264.9845 0.938569307327271
7265.4802 0.942778825759888
7265.9759 0.94699090719223
7266.4716 0.951205492019653
7266.9673 0.955422639846802
7267.4630 0.95571368932724
7267.9587 0.953963220119476
7268.4544 0.952211558818817
7268.9501 0.950458705425262
7269.4458 0.947836637496948
7269.9415 0.942889332771301
7270.4372 0.937938749790192
7270.9329 0.932984948158264
7271.4286 0.928027927875519
7271.9243 0.925256073474884
7272.4200 0.922762513160706
7272.9157 0.920267224311829
7273.4114 0.917770206928253
7273.9071 0.918027639389038
7274.4028 0.921023190021515
7274.8985 0.92402058839798
7275.3942 0.927019655704498
7275.8900 0.930410206317902
7276.3857 0.936730325222015
7276.8814 0.943054258823395
7277.3771 0.949382245540619
7277.8728 0.955713987350464
7278.3685 0.95992237329483
7278.8642 0.963361501693726
7279.3599 0.966802716255188
7279.8556 0.970246016979218
7280.3513 0.974721252918243
7280.8470 0.981105446815491
7281.3427 0.987493574619293
7281.8384 0.993885576725006
7282.3341 1.00028157234192
7282.8298 0.995025515556335
7283.3255 0.989386081695557
7283.8212 0.983743011951447
7284.3169 0.978096127510071
7284.8126 0.972820043563843
7285.3083 0.967804312705994
7285.8040 0.962785363197327
7286.2997 0.957763075828552
7286.7954 0.953686952590942
7287.2911 0.953280091285706
7287.7868 0.952872812747955
7288.2825 0.952465295791626
7288.7782 0.952057301998138
7289.2739 0.950720906257629
7289.7696 0.949186623096466
7290.2653 0.947651207447052
7290.7610 0.946114718914032
7291.2567 0.945362567901611
7291.7524 0.945589661598206
7292.2481 0.945816695690155
7292.7438 0.946043789386749
7293.2395 0.946425974369049
7293.7352 0.949013769626617
7294.2309 0.95160311460495
7294.7266 0.954193890094757
7295.2223 0.956786334514618
7295.7180 0.96247398853302
7296.2137 0.96957540512085
7296.7094 0.976681053638458
7297.2051 0.98379111289978
7297.7008 0.988166272640228
7298.1965 0.986412703990936
7298.6922 0.984658002853394
7299.1880 0.982902050018311
7299.6837 0.981144845485687
7300.1794 0.978759229183197
7300.6751 0.976325750350952
7301.1708 0.973890662193298
7301.6665 0.971453785896301
7302.1622 0.966100215911865
7302.6579 0.958400666713715
7303.1536 0.950696110725403
7303.6493 0.942986607551575
7304.1450 0.937577188014984
7304.6407 0.942791104316711
7305.1364 0.948008179664612
7305.6321 0.95322847366333
7306.1278 0.958451867103577
7306.6235 0.961213529109955
7307.1192 0.963370561599731
7307.6149 0.965528845787048
7308.1106 0.96768844127655
7308.6063 0.970439553260803
7309.1020 0.973982751369476
7309.5977 0.977528035640717
7310.0934 0.981075525283813
7310.5891 0.984346091747284
7311.0848 0.982655465602875
7311.5805 0.98096364736557
7312.0762 0.97927063703537
7312.5719 0.977576553821564
7313.0676 0.978649199008942
7313.5633 0.98102867603302
7314.0590 0.983409583568573
7314.5547 0.985791802406311
7315.0504 0.986678302288055
7315.5461 0.984173119068146
7316.0418 0.981666207313538
7316.5375 0.979157626628876
7317.0332 0.97664737701416
7317.5289 0.982941627502441
7318.0246 0.989865124225616
7318.5203 0.996792793273926
7319.0160 1.0037248134613
7319.5117 1.00633990764618
7320.0074 1.00558483600616
7320.5031 1.0048291683197
7320.9988 1.00407314300537
7321.4945 1.00504148006439
7321.9902 1.01334595680237
7322.4860 1.02165567874908
7322.9817 1.02997040748596
7323.4774 1.03829026222229
7323.9731 1.04337251186371
7324.4688 1.04774439334869
7324.9645 1.05211913585663
7325.4602 1.05649638175964
7325.9559 1.05921530723572
7326.4516 1.05990207195282
7326.9473 1.0605890750885
7327.4430 1.06127655506134
7327.9387 1.06185042858124
7328.4344 1.06111776828766
7328.9301 1.06038451194763
7329.4258 1.05965089797974
7329.9215 1.05891668796539
7330.4172 1.06148278713226
7330.9129 1.06539058685303
7331.4086 1.06930088996887
7331.9043 1.07321357727051
7332.4000 1.07814013957977
7332.8957 1.08500719070435
7333.3914 1.09187865257263
7333.8871 1.09875428676605
7334.3828 1.10563433170319
7334.8785 1.10307335853577
7335.3742 1.10027277469635
7335.8699 1.0974702835083
7336.3656 1.0946661233902
7336.8613 1.0891889333725
7337.3570 1.08198869228363
7337.8527 1.07478392124176
7338.3484 1.0675745010376
7338.8441 1.06174659729004
7339.3398 1.06025779247284
7339.8355 1.0587682723999
7340.3312 1.05727744102478
7340.8269 1.05578589439392
7341.3226 1.05535459518433
7341.8183 1.05507302284241
7342.3140 1.05479121208191
7342.8097 1.05450928211212
7343.3054 1.05418503284454
7343.8011 1.05382025241852
7344.2968 1.05345523357391
7344.7925 1.05308997631073
7345.2882 1.053067445755
7345.7840 1.05504393577576
7346.2797 1.0570216178894
7346.7754 1.05900049209595
7347.2711 1.06098055839539
7347.7668 1.05968058109283
7348.2625 1.05746757984161
7348.7582 1.05525314807892
7349.2539 1.05303728580475
7349.7496 1.05235910415649
7350.2453 1.05381333827972
7350.7410 1.05526852607727
7351.2367 1.05672454833984
7351.7324 1.05808985233307
7352.2281 1.05792784690857
7352.7238 1.05776572227478
7353.2195 1.05760335922241
7353.7152 1.05744075775146
7354.2109 1.06288313865662
7354.7066 1.07079589366913
7355.2023 1.0787136554718
7355.6980 1.08663630485535
7356.1937 1.08938252925873
7356.6894 1.08174693584442
7357.1851 1.07410621643066
7357.6808 1.06646060943604
7358.1765 1.05880987644196
7358.6722 1.06047356128693
7359.1679 1.06240582466125
7359.6636 1.0643390417099
7360.1593 1.06627321243286
7360.6550 1.0669652223587
7361.1507 1.06686818599701
7361.6464 1.06677103042603
7362.1421 1.06667351722717
7362.6378 1.06621813774109
7363.1335 1.06470239162445
7363.6292 1.06318533420563
7364.1249 1.06166684627533
7364.6206 1.06014704704285
7365.1163 1.0677148103714
7365.6120 1.0763738155365
7366.1077 1.08503782749176
7366.6034 1.0937066078186
7367.0991 1.09780776500702
7367.5948 1.0979323387146
7368.0905 1.09805643558502
7368.5862 1.098179936409
7369.0820 1.09818470478058
7369.5777 1.09763956069946
7370.0734 1.09709322452545
7370.5691 1.09654581546783
7371.0648 1.09599733352661
7371.5605 1.09861671924591
7372.0562 1.10193336009979
7372.5519 1.10525107383728
7373.0476 1.10856986045837
7373.5433 1.10838794708252
7374.0390 1.10414743423462
7374.5347 1.09990322589874
7375.0304 1.09565532207489
7375.5261 1.09136748313904
7376.0218 1.08677434921265
7376.5175 1.08217716217041
7377.0132 1.07757604122162
7377.5089 1.07297086715698
7378.0046 1.07306468486786
7378.5003 1.07470786571503
7378.9960 1.07635056972504
7379.4917 1.07799279689789
7379.9874 1.07975316047668
7380.4831 1.08169269561768
7380.9788 1.08363175392151
7381.4745 1.08557033538818
7381.9702 1.08720564842224
7382.4659 1.08215391635895
7382.9616 1.07709753513336
7383.4573 1.07203638553619
7383.9530 1.06697058677673
7384.4487 1.06528162956238
7384.9444 1.06511080265045
7385.4401 1.0649379491806
7385.9358 1.06476283073425
7386.4315 1.06519770622253
7386.9272 1.06683540344238
7387.4229 1.06847178936005
7387.9186 1.07010686397552
7388.4143 1.07174062728882
7388.9100 1.07962536811829
7389.4057 1.0876088142395
7389.9014 1.09559404850006
7390.3971 1.10358083248138
7390.8928 1.10686814785004
7391.3885 1.10742950439453
7391.8842 1.10798871517181
7392.3800 1.1085456609726
7392.8757 1.10943448543549
7393.3714 1.11117136478424
7393.8671 1.11290669441223
7394.3628 1.11464023590088
7394.8585 1.11637210845947
7395.3542 1.11563146114349
7395.8499 1.11470699310303
7396.3456 1.11377954483032
7396.8413 1.11284923553467
7397.3370 1.1148544549942
7397.8327 1.11896920204163
7398.3284 1.12308347225189
7398.8241 1.12719738483429
7399.3198 1.13047873973846
7399.8155 1.13101696968079
7400.3112 1.13155329227448
7400.8069 1.13208794593811
7401.3026 1.13262093067169
7401.7983 1.12577605247498
7402.2940 1.1179610490799
7402.7897 1.11014127731323
7403.2854 1.10231697559357
7403.7811 1.09810733795166
7404.2768 1.09702396392822
7404.7725 1.09593904018402
7405.2682 1.09485256671906
7405.7639 1.09409546852112
7406.2596 1.09475648403168
7406.7553 1.09541690349579
7407.2510 1.09607684612274
7407.7467 1.09673643112183
7408.2424 1.09530997276306
7408.7381 1.09349191188812
7409.2338 1.091672539711
7409.7295 1.08985185623169
7410.2252 1.08845090866089
7410.7209 1.08747601509094
7411.2166 1.08649981021881
7411.7123 1.08552205562592
7412.2080 1.08431196212769
7412.7037 1.08180212974548
7413.1994 1.07928931713104
7413.6951 1.0767730474472
7414.1908 1.07425332069397
7414.6865 1.07377123832703
7415.1822 1.07377696037292
7415.6779 1.07377874851227
7416.1737 1.0737761259079
7416.6694 1.07352244853973
7417.1651 1.07297658920288
7417.6608 1.07242465019226
7418.1565 1.07186651229858
7418.6522 1.072310090065
7419.1479 1.08027410507202
7419.6436 1.08823275566101
7420.1393 1.09618604183197
7420.6350 1.10413336753845
7421.1307 1.10819816589355
7421.6264 1.11113119125366
7422.1221 1.11405646800995
7422.6178 1.11697399616241
7423.1135 1.11853194236755
7423.6092 1.11831033229828
7424.1049 1.11808025836945
7424.6006 1.11784148216248
7425.0963 1.11727631092072
7425.5920 1.11353015899658
7426.0877 1.10977506637573
7426.5834 1.1060106754303
7427.0791 1.10223722457886
7427.5748 1.10308384895325
7428.0705 1.10546517372131
7428.5662 1.10783755779266
7429.0619 1.11020076274872
7429.5576 1.11465609073639
7430.0533 1.12213408946991
7430.5490 1.12960255146027
7431.0447 1.13706159591675
7431.5404 1.14362287521362
7432.0361 1.1382714509964
7432.5318 1.13291275501251
7433.0275 1.12754702568054
7433.5232 1.12217485904694
7434.0189 1.11912930011749
7434.5146 1.11693978309631
7435.0103 1.11474442481995
7435.5060 1.11254382133484
7436.0017 1.10980463027954
7436.4974 1.10623180866241
7436.9931 1.1026554107666
7437.4888 1.09907603263855
7437.9845 1.09592890739441
7438.4802 1.10047733783722
7438.9759 1.10502243041992
7439.4717 1.10956466197968
7439.9674 1.11410474777222
7440.4631 1.11374807357788
7440.9588 1.11144995689392
7441.4545 1.10915338993073
7441.9502 1.10685884952545
7442.4459 1.1051732301712
7442.9416 1.10448396205902
7443.4373 1.10379791259766
7443.9330 1.10311555862427
7444.4287 1.10240018367767
7444.9244 1.10085487365723
7445.4201 1.09931516647339
7445.9158 1.09778153896332
7446.4115 1.09625446796417
7446.9072 1.09844899177551
7447.4029 1.10218703746796
7447.8986 1.10593235492706
7448.3943 1.1096853017807
7448.8900 1.11350929737091
7449.3857 1.1174476146698
7449.8814 1.12139523029327
7450.3771 1.12535238265991
7450.8728 1.12893235683441
7451.3685 1.12271511554718
7451.8642 1.11650919914246
7452.3599 1.11031460762024
7452.8556 1.10413181781769
7453.3513 1.10086107254028
7453.8470 1.09882044792175
7454.3427 1.0967925786972
7454.8384 1.09477734565735
7455.3341 1.09330940246582
7455.8298 1.09276044368744
7456.3255 1.09222531318665
7456.8212 1.09170436859131
7457.3169 1.09140169620514
7457.8126 1.09619271755219
7458.3083 1.1010000705719
7458.8040 1.10582435131073
7459.2997 1.11066615581512
7459.7954 1.1069051027298
7460.2911 1.09958028793335
7460.7868 1.09226834774017
7461.2825 1.08496940135956
7461.7782 1.07980477809906
7462.2739 1.07818484306335
7462.7697 1.07658004760742
7463.2654 1.07499039173126
7463.7611 1.07377481460571
7464.2568 1.08024561405182
7464.7525 1.08673644065857
7465.2482 1.09324741363525
7465.7439 1.09977853298187
7466.2396 1.10251688957214
7466.7353 1.10374963283539
7467.2310 1.10499823093414
7467.7267 1.10626208782196
7468.2224 1.10718393325806
7468.7181 1.10754954814911
7469.2138 1.10792863368988
7469.7095 1.1083208322525
7470.2052 1.10888373851776
7470.7009 1.11210489273071
7471.1966 1.11534035205841
7471.6923 1.1185896396637
7472.1880 1.12185227870941
7472.6837 1.11990511417389
7473.1794 1.11601459980011
7473.6751 1.11212766170502
7474.1708 1.108243227005
7474.6665 1.10654652118683
7475.1622 1.1081246137619
7475.6579 1.10970902442932
7476.1536 1.11129927635193
7476.6493 1.11259865760803
7477.1450 1.11018085479736
7477.6407 1.10776209831238
7478.1364 1.10534143447876
7478.6321 1.10291826725006
7479.1278 1.10502374172211
7479.6235 1.10866391658783
7480.1192 1.11230683326721
7480.6149 1.11595213413239
7481.1106 1.1174727678299
7481.6063 1.1160728931427
7482.1020 1.11466836929321
7482.5977 1.11325883865356
7483.0934 1.11176025867462
7483.5891 1.10947155952454
7484.0848 1.10717630386353
7484.5805 1.10487461090088
7485.0762 1.1025664806366
7485.5719 1.10547721385956
7486.0677 1.10993182659149
7486.5634 1.11438739299774
7487.0591 1.11884427070618
7487.5548 1.12267351150513
7488.0505 1.12572824954987
7488.5462 1.12878274917603
7489.0419 1.1318371295929
7489.5376 1.13376569747925
7490.0333 1.12779450416565
7490.5290 1.12181389331818
7491.0247 1.11582386493683
7491.5204 1.10982465744019
7492.0161 1.10601460933685
7492.5118 1.10274016857147
7493.0075 1.09945976734161
7493.5032 1.09617340564728
7493.9989 1.09878587722778
7494.4946 1.10779631137848
7494.9903 1.11681342124939
7495.4860 1.12583720684052
7495.9817 1.13374495506287
7496.4774 1.13570141792297
7496.9731 1.13765740394592
7497.4688 1.13961291313171
7497.9645 1.14156794548035
7498.4602 1.13853907585144
7498.9559 1.13453984260559
7499.4516 1.13053417205811
7499.9473 1.12652230262756
7500.4430 1.12366998195648
7500.9387 1.12189972400665
7501.4344 1.12012541294098
7501.9301 1.11834728717804
7502.4258 1.11671042442322
7502.9215 1.11565637588501
7503.4172 1.11459958553314
7503.9129 1.1135401725769
7504.4086 1.11247825622559
7504.9043 1.11119866371155
7505.4000 1.10988688468933
7505.8957 1.10857260227203
7506.3914 1.10725617408752
7506.8871 1.1050318479538
7507.3828 1.10209476947784
7507.8785 1.09915387630463
7508.3742 1.09620916843414
7508.8699 1.09494030475616
7509.3657 1.09890377521515
7509.8614 1.10286939144135
7510.3571 1.10683703422546
7510.8528 1.11080658435822
7511.3485 1.10925698280334
7511.8442 1.10726165771484
7512.3399 1.10526239871979
7512.8356 1.10325872898102
7513.3313 1.10586500167847
7513.8270 1.11142981052399
7514.3227 1.11699652671814
7514.8184 1.1225653886795
7515.3141 1.12623560428619
7515.8098 1.12532937526703
7516.3055 1.12441909313202
7516.8012 1.12350451946259
7517.2969 1.12258565425873
7517.7926 1.12546753883362
7518.2883 1.12843239307404
7518.7840 1.13139569759369
7519.2797 1.13435709476471
7519.7754 1.13334488868713
7520.2711 1.13031303882599
7520.7668 1.12727355957031
7521.2625 1.12422633171082
7521.7582 1.12282371520996
7522.2539 1.12449038028717
7522.7496 1.12615263462067
7523.2453 1.12781047821045
7523.7410 1.12940573692322
7524.2367 1.12945151329041
7524.7324 1.12949156761169
7525.2281 1.12952613830566
7525.7238 1.1295553445816
7526.2195 1.12424147129059
7526.7152 1.11687624454498
7527.2109 1.10950136184692
7527.7066 1.1021169424057
7528.2023 1.10230505466461
7528.6980 1.11335325241089
7529.1937 1.12440478801727
7529.6894 1.13546013832092
7530.1851 1.14542520046234
7530.6808 1.14549207687378
7531.1765 1.14555633068085
7531.6722 1.14561796188354
7532.1679 1.14567720890045
7532.6637 1.14111733436584
7533.1594 1.13531422615051
7533.6551 1.12950575351715
7534.1508 1.12369203567505
7534.6465 1.11796343326569
7535.1422 1.11232805252075
7535.6379 1.10668790340424
7536.1336 1.10104262828827
7536.6293 1.09678316116333
7537.1250 1.09938418865204
7537.6207 1.10198509693146
7538.1164 1.10458624362946
7538.6121 1.10718727111816
7539.1078 1.11680245399475
7539.6035 1.12757003307343
7540.0992 1.13834249973297
7540.5949 1.14911985397339
7541.0906 1.15159749984741
7541.5863 1.14730226993561
7542.0820 1.14300358295441
7542.5777 1.13870167732239
7543.0734 1.13434231281281
7543.5691 1.12981009483337
7544.0648 1.12527501583099
7544.5605 1.12073707580566
7545.0562 1.11619651317596
7545.5519 1.12780749797821
7546.0476 1.14053583145142
7546.5433 1.15327179431915
7547.0390 1.16601538658142
7547.5347 1.16779327392578
7548.0304 1.16309928894043
7548.5261 1.15840363502502
7549.0218 1.15370631217957
7549.5175 1.14992880821228
7550.0132 1.14808225631714
7550.5089 1.14623630046844
7551.0046 1.1443909406662
