3687.9054 1.61466217041016
3688.3805 1.62071931362152
3688.8556 1.62667775154114
3689.3307 1.63253688812256
3689.8058 1.63830161094666
3690.2809 1.64374184608459
3690.7560 1.64503300189972
3691.2311 1.64631080627441
3691.7062 1.64757776260376
3692.1813 1.64883542060852
3692.6564 1.65100157260895
3693.1315 1.66055905818939
3693.6066 1.66998612880707
3694.0817 1.67928671836853
3694.5568 1.68846428394318
3695.0318 1.69575083255768
3695.5069 1.69396233558655
3695.9820 1.69221293926239
3696.4571 1.69050002098084
3696.9322 1.68882071971893
3697.4073 1.68712472915649
3697.8824 1.68528819084167
3698.3575 1.68347692489624
3698.8326 1.68168640136719
3699.3077 1.67991185188293
3699.7828 1.67725121974945
3700.2579 1.67220938205719
3700.7330 1.66721332073212
3701.2081 1.66225719451904
3701.6832 1.65733504295349
3702.1583 1.66113662719727
3702.6334 1.68289804458618
3703.1084 1.70432341098785
3703.5835 1.7254124879837
3704.0586 1.74616491794586
3704.5337 1.75383567810059
3705.0088 1.74030804634094
3705.4839 1.72688293457031
3705.9590 1.71355283260345
3706.4341 1.70030999183655
3706.9092 1.6894896030426
3707.3843 1.68182826042175
3707.8594 1.674161195755
3708.3345 1.6664834022522
3708.8096 1.6587907075882
3709.2847 1.66734707355499
3709.7598 1.69327044487
3710.2349 1.71871054172516
3710.7100 1.74366724491119
3711.1850 1.76814103126526
3711.6601 1.78182721138
3712.1352 1.78606402873993
3712.6103 1.79008865356445
3713.0854 1.79390001296997
3713.5605 1.79749727249146
3714.0356 1.80475103855133
3714.5107 1.81452822685242
3714.9858 1.82399201393127
3715.4609 1.83314168453217
3715.9360 1.84197592735291
3716.4111 1.83678722381592
3716.8862 1.82343792915344
3717.3613 1.81009161472321
3717.8364 1.79674637317657
3718.3115 1.78340113162994
3718.7865 1.77983355522156
3719.2616 1.78073883056641
3719.7367 1.78142249584198
3720.2118 1.78188538551331
3720.6869 1.7821296453476
3721.1620 1.79213905334473
3721.6371 1.80552160739899
3722.1122 1.81847643852234
3722.5873 1.83100843429565
3723.0624 1.84312307834625
3723.5375 1.86544644832611
3724.0126 1.89027762413025
3724.4877 1.91448676586151
3724.9628 1.93808233737946
3725.4379 1.96107292175293
3725.9130 1.95828795433044
3726.3881 1.94987952709198
3726.8631 1.94140326976776
3727.3382 1.93286335468292
3727.8133 1.92426311969757
3728.2884 1.91335773468018
3728.7635 1.90209627151489
3729.2386 1.89082884788513
3729.7137 1.87955904006958
3730.1888 1.86829018592834
3730.6639 1.85639977455139
3731.1390 1.84447050094604
3731.6141 1.83256721496582
3732.0892 1.82069492340088
3732.5643 1.80885970592499
3733.0394 1.82016539573669
3733.5145 1.83209240436554
3733.9896 1.84365606307983
3734.4647 1.85486912727356
3734.9397 1.86580455303192
3735.4148 1.8912900686264
3735.8899 1.9161970615387
3736.3650 1.94054043292999
3736.8401 1.96433448791504
3737.3152 1.98770654201508
3737.7903 2.0127580165863
3738.2654 2.03725934028625
3738.7405 2.06122279167175
3739.2156 2.08466005325317
3739.6907 2.10581970214844
3740.1658 2.10937857627869
3740.6409 2.11276721954346
3741.1160 2.11598873138428
3741.5911 2.11904621124268
3742.0662 2.11879730224609
3742.5413 2.09864234924316
3743.0163 2.07871651649475
3743.4914 2.0590136051178
3743.9665 2.03952646255493
3744.4416 2.01782274246216
3744.9167 1.98532342910767
3745.3918 1.95324873924255
3745.8669 1.92158949375153
3746.3420 1.89033854007721
3746.8171 1.86322402954102
3747.2922 1.8494713306427
3747.7673 1.83582890033722
3748.2424 1.82229709625244
3748.7175 1.80887699127197
3749.1926 1.80267155170441
3749.6677 1.81617510318756
3750.1428 1.82934987545013
3750.6178 1.84220457077026
3751.0929 1.85474908351898
3751.5680 1.87237954139709
3752.0431 1.90182948112488
3752.5182 1.93070816993713
3752.9933 1.95903074741364
3753.4684 1.98681282997131
3753.9435 2.02272033691406
3754.4186 2.07424354553223
3754.8937 2.1248722076416
3755.3688 2.17463111877441
3755.8439 2.22354364395142
3756.3190 2.26244831085205
3756.7941 2.28618121147156
3757.2692 2.3095064163208
3757.7443 2.33243608474731
3758.2194 2.35498046875
3758.6944 2.36302804946899
3759.1695 2.3519971370697
3759.6446 2.34110736846924
3760.1197 2.33035492897034
3760.5948 2.31973576545715
3761.0699 2.3027720451355
3761.5450 2.27862644195557
3762.0201 2.25480890274048
3762.4952 2.2313117980957
3762.9703 2.20812916755676
3763.4454 2.17777419090271
3763.9205 2.14050269126892
3764.3956 2.10373950004578
3764.8707 2.06747484207153
3765.3458 2.03169965744019
3765.8209 1.99430108070374
3766.2960 1.95563507080078
3766.7710 1.91748583316803
3767.2461 1.87984383106232
3767.7212 1.84269976615906
3768.1963 1.82293260097504
3768.6714 1.8155962228775
3769.1465 1.80833458900452
3769.6216 1.80114638805389
3770.0967 1.79402959346771
3770.5718 1.80887711048126
3771.0469 1.83703231811523
3771.5220 1.86478209495544
3771.9971 1.89213275909424
3772.4722 1.91909003257751
3772.9473 1.95980334281921
3773.4224 2.00741338729858
3773.8975 2.0543646812439
3774.3725 2.10066723823547
3774.8476 2.14633011817932
3775.3227 2.20547962188721
3775.7978 2.27015066146851
3776.2729 2.33394622802734
3776.7480 2.39687824249268
3777.2231 2.4589581489563
3777.6982 2.51429462432861
3778.1733 2.56664991378784
3778.6484 2.61828780174255
3779.1235 2.66921758651733
3779.5986 2.71944808959961
3780.0737 2.74951887130737
3780.5488 2.77303862571716
3781.0239 2.79620170593262
3781.4990 2.81901168823242
3781.9741 2.84147310256958
3782.4491 2.8475079536438
3782.9242 2.84926748275757
3783.3993 2.85093879699707
3783.8744 2.85252285003662
3784.3495 2.85402083396912
3784.8246 2.8399600982666
3785.2997 2.82282590866089
3785.7748 2.80583810806274
3786.2499 2.78899574279785
3786.7250 2.77229928970337
3787.2001 2.73093247413635
3787.6752 2.68606996536255
3788.1503 2.64169502258301
3788.6254 2.59780406951904
3789.1005 2.55439209938049
3789.5756 2.4958028793335
3790.0507 2.43605041503906
3790.5257 2.3769679069519
3791.0008 2.31854772567749
3791.4759 2.26078176498413
3791.9510 2.20235800743103
3792.4261 2.1444878578186
3792.9012 2.08726477622986
3793.3763 2.03068041801453
3793.8514 1.97472679615021
3794.3265 1.94008326530457
3794.8016 1.90667343139648
3795.2767 1.87362575531006
3795.7518 1.84093570709229
3796.2269 1.80859851837158
3796.7020 1.81066846847534
3797.1771 1.81298494338989
3797.6522 1.81525957584381
3798.1273 1.81749272346497
3798.6023 1.82064199447632
3799.0774 1.8646879196167
3799.5525 1.90823197364807
3800.0276 1.95128107070923
3800.5027 1.99384164810181
3800.9778 2.03695917129517
3801.4529 2.09793853759766
3801.9280 2.15823745727539
3802.4031 2.21786499023438
3802.8782 2.27682876586914
3803.3533 2.33627080917358
3803.8284 2.40744876861572
3804.3035 2.47784090042114
3804.7786 2.54745650291443
3805.2537 2.61630344390869
3805.7288 2.68336963653564
3806.2038 2.74173426628113
3806.6789 2.79944729804993
3807.1540 2.85651445388794
3807.6291 2.91294145584106
3808.1042 2.96765232086182
3808.5793 3.01525354385376
3809.0544 3.06230926513672
3809.5295 3.10882353782654
3810.0046 3.15480065345764
3810.4797 3.19732069969177
3810.9548 3.22522258758545
3811.4299 3.25277471542358
3811.9050 3.27997994422913
3812.3801 3.30684018135071
3812.8552 3.33094215393066
3813.3303 3.34505128860474
3813.8054 3.35894775390625
3814.2804 3.37263417243958
3814.7555 3.3861129283905
3815.2306 3.39546775817871
3815.7057 3.39135646820068
3816.1808 3.3872218132019
3816.6559 3.38306522369385
3817.1310 3.37888956069946
3817.6061 3.37361764907837
3818.0812 3.36518669128418
3818.5563 3.35678601264954
3819.0314 3.34841847419739
3819.5065 3.34008550643921
3819.9816 3.32682371139526
3820.4567 3.30097627639771
3820.9318 3.27534675598145
3821.4069 3.24993491172791
3821.8820 3.22474145889282
3822.3570 3.19114971160889
3822.8321 3.13848280906677
3823.3072 3.08630919456482
3823.7823 3.03462505340576
3824.2574 2.98342704772949
3824.7325 2.92927861213684
3825.2076 2.86878418922424
3825.6827 2.80886268615723
3826.1578 2.74950909614563
3826.6329 2.69071817398071
3827.1080 2.62601900100708
3827.5831 2.55038237571716
3828.0582 2.47545957565308
3828.5333 2.40124297142029
3829.0084 2.32772350311279
3829.4835 2.25923228263855
3829.9586 2.19835352897644
3830.4336 2.13804221153259
3830.9087 2.07829189300537
3831.3838 2.01909494400024
3831.8589 1.97131371498108
3832.3340 1.93975102901459
3832.8091 1.90848290920258
3833.2842 1.87750566005707
3833.7593 1.84681570529938
3834.2344 1.8338360786438
3834.7095 1.84392142295837
3835.1846 1.85393524169922
3835.6597 1.86387932300568
3836.1348 1.87375569343567
3836.6099 1.89987778663635
3837.0850 1.9453307390213
3837.5601 1.99042189121246
3838.0351 2.03515839576721
3838.5102 2.07954668998718
3838.9853 2.13786435127258
3839.4604 2.21131944656372
3839.9355 2.28420448303223
3840.4106 2.356529712677
3840.8857 2.42830538749695
3841.3608 2.50349020957947
3841.8359 2.5820574760437
3842.3110 2.66004323959351
3842.7861 2.73745775222778
3843.2612 2.81431150436401
3843.7363 2.88540196418762
3844.2114 2.95122194290161
3844.6865 3.0165867805481
3845.1616 3.08150434494019
3845.6367 3.14598298072815
3846.1117 3.20700931549072
3846.5868 3.2650990486145
3847.0619 3.32281446456909
3847.5370 3.38016223907471
3848.0121 3.43714952468872
3848.4872 3.48419642448425
3848.9623 3.52357292175293
3849.4374 3.56272649765015
3849.9125 3.60166168212891
3850.3876 3.64038300514221
3850.8627 3.6721510887146
3851.3378 3.69897842407227
3851.8129 3.72568106651306
3852.2880 3.75226020812988
3852.7631 3.77871870994568
3853.2382 3.80181288719177
3853.7133 3.82269525527954
3854.1883 3.84349679946899
3854.6634 3.86421918869019
3855.1385 3.88486337661743
3855.6136 3.90092039108276
3856.0887 3.91422128677368
3856.5638 3.927490234375
3857.0389 3.94072771072388
3857.5140 3.95393228530884
3857.9891 3.96551370620728
3858.4642 3.9761917591095
3858.9393 3.9868495464325
3859.4144 3.99748539924622
3859.8895 4.00809812545776
3860.3646 4.01074075698853
3860.8397 4.00935888290405
3861.3148 4.00801658630371
3861.7899 4.00671148300171
3862.2649 4.00543975830078
3862.7400 3.99958944320679
3863.2151 3.99163246154785
3863.6902 3.98373818397522
3864.1653 3.97590446472168
3864.6404 3.96812725067139
3865.1155 3.96353626251221
3865.5906 3.96033024787903
3866.0657 3.95715045928955
3866.5408 3.95399570465088
3867.0159 3.95086431503296
3867.4910 3.93908834457397
3867.9661 3.92394423484802
3868.4412 3.90888786315918
3868.9163 3.89391827583313
3869.3914 3.87903475761414
3869.8664 3.86075019836426
3870.3415 3.84129905700684
3870.8166 3.82195711135864
3871.2917 3.80272507667542
3871.7668 3.7836012840271
3872.2419 3.75248432159424
3872.7170 3.7174916267395
3873.1921 3.68269205093384
3873.6672 3.64808416366577
3874.1423 3.61366748809814
3874.6174 3.56892585754395
3875.0925 3.52120399475098
3875.5676 3.47374153137207
3876.0427 3.42653679847717
3876.5178 3.37958741188049
3876.9929 3.32023286819458
3877.4680 3.25764298439026
3877.9430 3.19538617134094
3878.4181 3.13345980644226
3878.8932 3.07186126708984
3879.3683 3.00472688674927
3879.8434 2.93644237518311
3880.3185 2.86851358413696
3880.7936 2.80093789100647
3881.2687 2.73371148109436
3881.7438 2.65737819671631
3882.2189 2.57922554016113
3882.6940 2.50146961212158
3883.1691 2.42410612106323
3883.6442 2.34713077545166
3884.1193 2.28532457351685
3884.5944 2.22696757316589
3885.0695 2.16890144348145
3885.5446 2.11112356185913
3886.0196 2.05363059043884
3886.4947 2.02352046966553
3886.9698 1.99877798557281
3887.4449 1.97415995597839
3887.9200 1.94966518878937
3888.3951 1.92529189586639
3888.8702 1.93483340740204
3889.3453 1.95021104812622
3889.8204 1.96552336215973
3890.2955 1.98077023029327
3890.7706 1.9959511756897
3891.2457 2.04387164115906
3891.7208 2.09670376777649
3892.1959 2.14929747581482
3892.6710 2.20165324211121
3893.1461 2.25377130508423
3893.6212 2.32368135452271
3894.0962 2.39579439163208
3894.5713 2.4675772190094
3895.0464 2.53902912139893
3895.5215 2.61015009880066
3895.9966 2.6831259727478
3896.4717 2.75603103637695
3896.9468 2.82859015464783
3897.4219 2.90080189704895
3897.8970 2.97266387939453
3898.3721 3.0407121181488
3898.8472 3.10804033279419
3899.3223 3.1750271320343
3899.7974 3.24166965484619
3900.2725 3.30796337127686
3900.7476 3.35966014862061
3901.2227 3.40969252586365
3901.6977 3.45943474769592
3902.1728 3.50888156890869
3902.6479 3.55802869796753
3903.1230 3.59923553466797
3903.5981 3.63952851295471
3904.0732 3.67954468727112
3904.5483 3.71927690505981
3905.0234 3.75871992111206
3905.4985 3.79361581802368
3905.9736 3.82792639732361
3906.4487 3.86195302009583
3906.9238 3.89568853378296
3907.3989 3.92912793159485
3907.8740 3.94981622695923
3908.3491 3.96950936317444
3908.8242 3.98895835876465
3909.2993 4.00815868377686
3909.7743 4.02710580825806
3910.2494 4.03569555282593
3910.7245 4.04357624053955
3911.1996 4.05125141143799
3911.6747 4.05871915817261
3912.1498 4.06597661972046
3912.6249 4.07525682449341
3913.1000 4.08440113067627
3913.5751 4.09331893920898
3914.0502 4.10201072692871
3914.5253 4.11047744750977
3915.0004 4.11289358139038
3915.4755 4.11494493484497
3915.9506 4.11681604385376
3916.4257 4.1185097694397
3916.9008 4.120032787323
3917.3759 4.11997556686401
3917.8509 4.11973905563354
3918.3260 4.11936140060425
3918.8011 4.11885213851929
3919.2762 4.11822271347046
3919.7513 4.12020635604858
3920.2264 4.1221137046814
3920.7015 4.12391948699951
3921.1766 4.12563991546631
3921.6517 4.12729024887085
3922.1268 4.11884069442749
3922.6019 4.11035871505737
3923.0770 4.10192823410034
3923.5521 4.09356880187988
3924.0272 4.08529710769653
3924.5023 4.07198238372803
3924.9774 4.05883312225342
3925.4524 4.04587078094482
3925.9275 4.03311729431152
3926.4026 4.02060794830322
3926.8777 4.01015615463257
3927.3528 3.99996948242188
3927.8279 3.99006938934326
3928.3030 3.98047733306885
3928.7781 3.97111964225769
3929.2532 3.95509219169617
3929.7283 3.93946599960327
3930.2034 3.9242525100708
3930.6785 3.90946292877197
3931.1536 3.89526224136353
3931.6287 3.88965392112732
3932.1038 3.88445138931274
3932.5789 3.8796591758728
3933.0540 3.87528085708618
3933.5290 3.87148666381836
3934.0041 3.87498164176941
3934.4792 3.87886476516724
3934.9543 3.88313388824463
3935.4294 3.8877854347229
3935.9045 3.89277935028076
3936.3796 3.89700269699097
3936.8547 3.90158700942993
3937.3298 3.90652179718018
3937.8049 3.91179394721985
3938.2800 3.91749882698059
3938.7551 3.92662453651428
3939.2302 3.93604326248169
3939.7053 3.94574213027954
3940.1804 3.95570802688599
3940.6555 3.96557021141052
3941.1306 3.96653509140015
3941.6056 3.96773481369019
3942.0807 3.96915650367737
3942.5558 3.97078657150269
3943.0309 3.97244834899902
3943.5060 3.97048377990723
3943.9811 3.96869158744812
3944.4562 3.96705913543701
3944.9313 3.96557593345642
3945.4064 3.96363472938538
3945.8815 3.949054479599
3946.3566 3.93458914756775
3946.8317 3.92022752761841
3947.3068 3.90596032142639
3947.7819 3.89197397232056
3948.2570 3.88200092315674
3948.7321 3.87209677696228
3949.2072 3.86225342750549
3949.6822 3.85246300697327
3950.1573 3.8418390750885
3950.6324 3.81450033187866
3951.1075 3.78718662261963
3951.5826 3.75989079475403
3952.0577 3.73260807991028
3952.5328 3.70512247085571
3953.0079 3.67380905151367
3953.4830 3.64249205589294
3953.9581 3.61116671562195
3954.4332 3.57982969284058
3954.9083 3.54791784286499
3955.3834 3.50611591339111
3955.8585 3.46428751945496
3956.3336 3.42243003845215
3956.8087 3.38054132461548
3957.2837 3.33775615692139
3957.7588 3.28009057044983
3958.2339 3.2223801612854
3958.7090 3.16462445259094
3959.1841 3.10682320594788
3959.6592 3.04849004745483
3960.1343 2.98190879821777
3960.6094 2.91527676582336
3961.0845 2.84859418869019
3961.5596 2.78186130523682
3962.0347 2.71462440490723
3962.5098 2.63973498344421
3962.9849 2.56479358673096
3963.4600 2.48980069160461
3963.9351 2.41475820541382
3964.4102 2.3406457901001
3964.8853 2.28282427787781
3965.3603 2.22496438026428
3965.8354 2.16706705093384
3966.3105 2.10913324356079
3966.7856 2.05273723602295
3967.2607 2.02271509170532
3967.7358 1.99267089366913
3968.2109 1.96260499954224
3968.6860 1.93251836299896
3969.1611 1.90435969829559
3969.6362 1.90929567813873
3970.1113 1.91422510147095
3970.5864 1.91914820671082
3971.0615 1.92406487464905
3971.5366 1.93105566501617
3972.0117 1.9741176366806
3972.4868 2.01718616485596
3972.9619 2.06026077270508
3973.4369 2.1033411026001
3973.9120 2.14764785766602
3974.3871 2.21373987197876
3974.8622 2.27984356880188
3975.3373 2.3459587097168
3975.8124 2.41208505630493
3976.2875 2.47837805747986
3976.7626 2.54756951332092
3977.2377 2.61677169799805
3977.7128 2.68598484992981
3978.1879 2.75520849227905
3978.6630 2.824134349823
3979.1381 2.88709545135498
3979.6132 2.95006489753723
3980.0883 3.01304244995117
3980.5634 3.07602763175964
3981.0385 3.13866686820984
3981.5135 3.19405269622803
3981.9886 3.24944400787354
3982.4637 3.30484080314636
3982.9388 3.36024284362793
3983.4139 3.4151029586792
3983.8890 3.45794248580933
3984.3641 3.50078415870667
3984.8392 3.54362773895264
3985.3143 3.58647274971008
3985.7894 3.62904572486877
3986.2645 3.66507863998413
3986.7396 3.70111131668091
3987.2147 3.73714351654053
3987.6898 3.77317500114441
3988.1649 3.80894112586975
3988.6400 3.83772802352905
3989.1150 3.86651229858398
3989.5901 3.89529323577881
3990.0652 3.92407083511353
3990.5403 3.95252537727356
3991.0154 3.97143507003784
3991.4905 3.9903392791748
3991.9656 4.00923728942871
3992.4407 4.02812957763672
3992.9158 4.04689073562622
3993.3909 4.06129026412964
3993.8660 4.07568264007568
3994.3411 4.0900673866272
3994.8162 4.1044454574585
3995.2913 4.11859512329102
3995.7664 4.1234073638916
3996.2415 4.12821054458618
3996.7166 4.13300561904907
3997.1916 4.13779211044312
3997.6667 4.14269733428955
3998.1418 4.15457534790039
3998.6169 4.1664457321167
3999.0920 4.17830991744995
3999.5671 4.19016695022583
4000.0422 4.20192241668701
4000.5173 4.20598411560059
4000.9924 4.21004009246826
4001.4675 4.2140908241272
4001.9426 4.21813678741455
4002.4177 4.22220087051392
4002.8928 4.22951936721802
4003.3679 4.23683643341064
4003.8430 4.24415302276611
4004.3181 4.25146865844727
4004.7932 4.25878572463989
4005.2682 4.26228523254395
4005.7433 4.26578712463379
4006.2184 4.26929092407227
4006.6935 4.27279758453369
4007.1686 4.27630805969238
4007.6437 4.27898454666138
4008.1188 4.28165912628174
4008.5939 4.28433704376221
4009.0690 4.28701877593994
4009.5441 4.28970432281494
4010.0192 4.29079532623291
4010.4943 4.29186820983887
4010.9694 4.29294586181641
4011.4445 4.29402780532837
4011.9196 4.29511499404907
4012.3947 4.29827880859375
4012.8698 4.30149412155151
4013.3448 4.30471801757813
4013.8199 4.30795001983643
4014.2950 4.31119251251221
4014.7701 4.3142409324646
4015.2452 4.31729555130005
4015.7203 4.32036399841309
4016.1954 4.32344770431519
4016.6705 4.32654809951782
4017.1456 4.32630491256714
4017.6207 4.32595157623291
4018.0958 4.32561683654785
4018.5709 4.32530355453491
4019.0460 4.32501125335693
4019.5211 4.3209114074707
4019.9962 4.31665229797363
4020.4713 4.31241607666016
4020.9463 4.30820465087891
4021.4214 4.3040189743042
4021.8965 4.30386447906494
4022.3716 4.30396842956543
4022.8467 4.30410289764404
4023.3218 4.30426931381226
4023.7969 4.30446863174438
4024.2720 4.29814672470093
4024.7471 4.29141473770142
4025.2222 4.28471755981445
4025.6973 4.2780556678772
4026.1724 4.27143096923828
4026.6475 4.26729345321655
4027.1226 4.26338958740234
4027.5977 4.25952672958374
4028.0728 4.25570631027222
4028.5479 4.25193071365356
4029.0229 4.25612545013428
4029.4980 4.2610878944397
4029.9731 4.26610422134399
4030.4482 4.27117681503296
4030.9233 4.27630615234375
4031.3984 4.27533149719238
4031.8735 4.27377986907959
4032.3486 4.27228403091431
4032.8237 4.27084445953369
4033.2988 4.26946067810059
4033.7739 4.2669882774353
4034.2490 4.26443719863892
4034.7241 4.26193904876709
4035.1992 4.25949287414551
4035.6743 4.25709629058838
4036.1494 4.25848007202148
4036.6245 4.26039838790894
4037.0995 4.26236581802368
4037.5746 4.26438093185425
4038.0497 4.26644134521484
4038.5248 4.26598739624023
4038.9999 4.26520252227783
4039.4750 4.26445198059082
4039.9501 4.26373291015625
4040.4252 4.2630410194397
4040.9003 4.26162004470825
4041.3754 4.26009750366211
4041.8505 4.2585883140564
4042.3256 4.25708818435669
4042.8007 4.25559186935425
4043.2758 4.25212097167969
4043.7509 4.24829292297363
4044.2260 4.24444818496704
4044.7010 4.24058151245117
4045.1761 4.23668479919434
4045.6512 4.23238086700439
4046.1263 4.22796154022217
4046.6014 4.22349166870117
4047.0765 4.21896505355835
4047.5516 4.21437406539917
4048.0267 4.21015453338623
4048.5018 4.20595121383667
4048.9769 4.20166492462158
4049.4520 4.19728994369507
4049.9271 4.19282054901123
4050.4022 4.1916241645813
4050.8773 4.19110536575317
4051.3524 4.19048070907593
4051.8275 4.18974733352661
4052.3026 4.18890190124512
4052.7776 4.1883020401001
4053.2527 4.18767595291138
4053.7278 4.18693017959595
4054.2029 4.18606281280518
4054.6780 4.18507242202759
4055.1531 4.18121290206909
4055.6282 4.17647933959961
4056.1033 4.1716194152832
4056.5784 4.16663312911987
4057.0535 4.16152048110962
4057.5286 4.15289783477783
4058.0037 4.14314746856689
4058.4788 4.13327407836914
4058.9539 4.12327861785889
4059.4290 4.11316347122192
4059.9041 4.106689453125
4060.3792 4.10130453109741
4060.8542 4.09580516815186
4061.3293 4.0901951789856
4061.8044 4.0844783782959
4062.2795 4.07659816741943
4062.7546 4.06790781021118
4063.2297 4.05912590026855
4063.7048 4.05025768280029
4064.1799 4.04130840301514
4064.6550 4.0334906578064
4065.1301 4.02605485916138
4065.6052 4.0185546875
4066.0803 4.0109977722168
4066.5554 4.00338983535767
4067.0305 3.99420690536499
4067.5056 3.984370470047
4067.9807 3.97450685501099
4068.4558 3.96462297439575
4068.9308 3.95472621917725
4069.4059 3.9448606967926
4069.8810 3.9350118637085
4070.3561 3.9251697063446
4070.8312 3.91534018516541
4071.3063 3.90552949905396
4071.7814 3.89491415023804
4072.2565 3.88394069671631
4072.7316 3.87300300598145
4073.2067 3.86210513114929
4073.6818 3.85125160217285
4074.1569 3.83336019515991
4074.6320 3.81194829940796
4075.1071 3.79059982299805
4075.5822 3.76931571960449
4076.0573 3.74809789657593
4076.5323 3.7315616607666
4077.0074 3.7175977230072
4077.4825 3.70369529724121
4077.9576 3.68985462188721
4078.4327 3.67607617378235
4078.9078 3.65786838531494
4079.3829 3.63709831237793
4079.8580 3.61639547348022
4080.3331 3.59575819969177
4080.8082 3.57518625259399
4081.2833 3.55310320854187
4081.7584 3.53009223937988
4082.2335 3.50714302062988
4082.7086 3.48425483703613
4083.1837 3.46142530441284
4083.6588 3.43337488174438
4084.1339 3.40180444717407
4084.6089 3.37029123306274
4085.0840 3.33883333206177
4085.5591 3.30742812156677
4086.0342 3.270920753479
4086.5093 3.23070359230042
4086.9844 3.19053554534912
4087.4595 3.15041470527649
4087.9346 3.11033844947815
4088.4097 3.06725215911865
4088.8848 3.02180767059326
4089.3599 2.976402759552
4089.8350 2.93103551864624
4090.3101 2.88570356369019
4090.7852 2.83337616920471
4091.2603 2.77512574195862
4091.7354 2.71690797805786
4092.2105 2.65872097015381
4092.6855 2.60056281089783
4093.1606 2.54025793075562
4093.6357 2.47799229621887
4094.1108 2.41575145721436
4094.5859 2.35353374481201
4095.0610 2.29133820533752
4095.5361 2.23034191131592
4096.0112 2.17052865028381
4096.4863 2.11073350906372
4096.9614 2.05095529556274
4097.4365 1.99119341373444
4097.9116 1.94267463684082
4098.3867 1.90614688396454
4098.8618 1.86963224411011
4099.3369 1.83313059806824
4099.8120 1.79664158821106
4100.2871 1.7741847038269
4100.7621 1.76792991161346
4101.2372 1.76168894767761
4101.7123 1.75546181201935
4102.1874 1.74924969673157
4102.6625 1.75672483444214
4103.1376 1.78133904933929
4103.6127 1.80597460269928
4104.0878 1.83063328266144
4104.5629 1.8553169965744
4105.0380 1.89146280288696
4105.5131 1.94320058822632
4105.9882 1.99497723579407
4106.4633 2.04679656028748
4106.9384 2.09866213798523
4107.4135 2.15363335609436
4107.8886 2.21318793296814
4108.3636 2.27280521392822
4108.8387 2.33249044418335
4109.3138 2.39224934577942
4109.7889 2.45102214813232
4110.2640 2.50815486907959
4110.7391 2.56537771224976
4111.2142 2.62269735336304
4111.6893 2.68012022972107
4112.1644 2.73459506034851
4112.6395 2.78376007080078
4113.1146 2.83304309844971
4113.5897 2.88245129585266
4114.0648 2.93199181556702
4114.5399 2.97826147079468
4115.0150 3.0180230140686
4115.4901 3.05792808532715
4115.9652 3.09798359870911
4116.4402 3.13819622993469
4116.9153 3.1761736869812
4117.3904 3.20914840698242
4117.8655 3.24229049682617
4118.3406 3.27560544013977
4118.8157 3.30909967422485
4119.2908 3.34032678604126
4119.7659 3.36587333679199
4120.2410 3.39160060882568
4120.7161 3.41751194000244
4121.1912 3.44361186027527
4121.6663 3.46684670448303
4122.1414 3.48210000991821
4122.6165 3.49752402305603
4123.0916 3.5131196975708
4123.5667 3.52888631820679
4124.0418 3.54406499862671
4124.5168 3.55712890625
4124.9919 3.57035088539124
4125.4670 3.58372783660889
4125.9421 3.59725618362427
4126.4172 3.61094856262207
4126.8923 3.6248414516449
4127.3674 3.63887286186218
4127.8425 3.65303659439087
4128.3176 3.66732788085938
4128.7927 3.68123030662537
4129.2678 3.69324564933777
4129.7429 3.70536088943481
4130.2180 3.71756887435913
4130.6931 3.72986149787903
4131.1682 3.74239635467529
4131.6433 3.75575494766235
4132.1184 3.76917815208435
4132.5934 3.78265810012817
4133.0685 3.79618620872498
4133.5436 3.80962681770325
4134.0187 3.82240772247314
4134.4938 3.83520841598511
4134.9689 3.84802150726318
4135.4440 3.86083793640137
4135.9191 3.87343835830688
4136.3942 3.88462662696838
4136.8693 3.89578819274902
4137.3444 3.90691494941711
4137.8195 3.91799879074097
4138.2946 3.92855358123779
4138.7697 3.93505239486694
4139.2448 3.9414701461792
4139.7199 3.94779968261719
4140.1949 3.9540331363678
4140.6700 3.96008276939392
4141.1451 3.96511268615723
4141.6202 3.97002410888672
4142.0953 3.9748101234436
4142.5704 3.97946643829346
4143.0455 3.98411226272583
4143.5206 3.99070286750793
4143.9957 3.99715352058411
4144.4708 4.00346040725708
4144.9459 4.00961971282959
4145.4210 4.01558589935303
4145.8961 4.02012491226196
4146.3712 4.0245041847229
4146.8463 4.02872180938721
4147.3214 4.03277492523193
4147.7965 4.03668355941772
4148.2715 4.04384899139404
4148.7466 4.05085277557373
4149.2217 4.05769348144531
4149.6968 4.06437158584595
4150.1719 4.07088565826416
4150.6470 4.07145643234253
4151.1221 4.07173871994019
4151.5972 4.07184982299805
4152.0723 4.07179069519043
4152.5474 4.07156229019165
4153.0225 4.07244396209717
4153.4976 4.07322072982788
4153.9727 4.07383251190186
4154.4478 4.07427978515625
4154.9229 4.07456398010254
4155.3980 4.07449007034302
4155.8731 4.07424020767212
4156.3481 4.07383155822754
4156.8232 4.07326459884644
4157.2983 4.07254219055176
4157.7734 4.06974220275879
4158.2485 4.06657791137695
4158.7236 4.06326293945313
4159.1987 4.05980014801025
4159.6738 4.05619144439697
4160.1489 4.05282735824585
4160.6240 4.04937887191772
4161.0991 4.04579448699951
4161.5742 4.042076587677
4162.0493 4.03823041915894
4162.5244 4.03824472427368
4162.9995 4.03885984420776
4163.4746 4.03935718536377
4163.9497 4.03974151611328
4164.4247 4.04001951217651
4164.8998 4.03939247131348
4165.3749 4.03849458694458
4165.8500 4.03750896453857
4166.3251 4.03644227981567
4166.8002 4.03530216217041
4167.2753 4.03184747695923
4167.7504 4.02774238586426
4168.2255 4.02358818054199
4168.7006 4.01939296722412
4169.1757 4.01516342163086
4169.6508 4.00937223434448
4170.1259 4.00308609008789
4170.6010 3.9967896938324
4171.0761 3.99048948287964
4171.5512 3.98419237136841
4172.0262 3.97915315628052
4172.5013 3.97457981109619
4172.9764 3.97002696990967
4173.4515 3.96550130844116
4173.9266 3.96100950241089
4174.4017 3.95738554000854
4174.8768 3.95415163040161
4175.3519 3.95096850395203
4175.8270 3.94784164428711
4176.3021 3.94477701187134
4176.7772 3.94524669647217
4177.2523 3.94744038581848
4177.7274 3.94970798492432
4178.2025 3.95205521583557
4178.6776 3.95448756217957
4179.1527 3.95429968833923
4179.6278 3.95273518562317
4180.1028 3.95127248764038
4180.5779 3.94991517066956
4181.0530 3.94866633415222
4181.5281 3.948725938797
4182.0032 3.94963836669922
4182.4783 3.95066618919373
4182.9534 3.95181083679199
4183.4285 3.95307540893555
4183.9036 3.95519351959229
4184.3787 3.95794463157654
4184.8538 3.96081781387329
4185.3289 3.96381330490112
4185.8040 3.96693062782288
4186.2791 3.96803593635559
4186.7542 3.9675760269165
4187.2293 3.96723365783691
4187.7044 3.96700596809387
4188.1794 3.96689081192017
4188.6545 3.96732306480408
4189.1296 3.96825313568115
4189.6047 3.96928548812866
4190.0798 3.97041702270508
4190.5549 3.97164297103882
4191.0300 3.97224760055542
4191.5051 3.9722204208374
4191.9802 3.97227382659912
4192.4553 3.97240304946899
4192.9304 3.97260236740112
4193.4055 3.97344255447388
4193.8806 3.97499895095825
4194.3557 3.97661161422729
4194.8308 3.97827529907227
4195.3059 3.97998380661011
4195.7809 3.98133182525635
4196.2560 3.98219561576843
4196.7311 3.98308658599854
4197.2062 3.98399925231934
4197.6813 3.98492646217346
4198.1564 3.98551940917969
4198.6315 3.98560953140259
4199.1066 3.98569464683533
4199.5817 3.98576784133911
4200.0568 3.9858226776123
4200.5319 3.98673057556152
4201.0070 3.98908042907715
4201.4821 3.9913923740387
4201.9572 3.99365949630737
4202.4323 3.99587416648865
4202.9074 3.9975962638855
4203.3825 3.99841690063477
4203.8575 3.99916362762451
4204.3326 3.99982905387878
4204.8077 4.00040721893311
4205.2828 4.00081539154053
4205.7579 4.00095367431641
4206.2330 4.0009880065918
4206.7081 4.00091457366943
4207.1832 4.00072860717773
4207.6583 4.00038146972656
4208.1334 3.99979639053345
4208.6085 3.99909114837646
4209.0836 3.99826383590698
4209.5587 3.99731254577637
4210.0338 3.99632906913757
4210.5089 3.99550127983093
4210.9840 3.99455118179321
4211.4591 3.99348092079163
4211.9341 3.99229311943054
4212.4092 3.99142479896545
4212.8843 3.99205493927002
4213.3594 3.99257659912109
4213.8345 3.992995262146
4214.3096 3.99331426620483
4214.7847 3.99327087402344
4215.2598 3.99191188812256
4215.7349 3.99047040939331
4216.2100 3.98895120620728
4216.6851 3.98736071586609
4217.1602 3.9855055809021
4217.6353 3.98243641853333
4218.1104 3.97931361198425
4218.5855 3.97614240646362
4219.0606 3.97292804718018
4219.5357 3.96961522102356
4220.0107 3.96578884124756
4220.4858 3.96193528175354
4220.9609 3.95806050300598
4221.4360 3.95416903495789
4221.9111 3.95015478134155
4222.3862 3.94484424591064
4222.8613 3.93953204154968
4223.3364 3.93422150611877
4223.8115 3.92891669273376
4224.2866 3.92375183105469
4224.7617 3.92134308815002
4225.2368 3.91894793510437
4225.7119 3.9165678024292
4226.1870 3.9142050743103
4226.6621 3.91185283660889
4227.1372 3.90865325927734
4227.6122 3.90547728538513
4228.0873 3.90232563018799
4228.5624 3.89920020103455
4229.0375 3.89610004425049
4229.5126 3.89234590530396
4229.9877 3.88860249519348
4230.4628 3.88488578796387
4230.9379 3.8811948299408
4231.4130 3.87752962112427
4231.8881 3.87351012229919
4232.3632 3.8694920539856
4232.8383 3.86549711227417
4233.3134 3.86152458190918
4233.7885 3.85757327079773
4234.2636 3.85726737976074
4234.7387 3.8573477268219
4235.2138 3.85744571685791
4235.6888 3.85756134986877
4236.1639 3.85769367218018
4236.6390 3.85645723342896
4237.1141 3.85503625869751
4237.5892 3.85363435745239
4238.0643 3.8522515296936
4238.5394 3.85088920593262
4239.0145 3.84929513931274
4239.4896 3.84767389297485
4239.9647 3.84607577323914
4240.4398 3.84450268745422
4240.9149 3.84295558929443
4241.3900 3.84075903892517
4241.8651 3.83842539787292
4242.3402 3.83612370491028
4242.8153 3.83385682106018
4243.2904 3.83162641525269
4243.7654 3.82965278625488
4244.2405 3.82778668403625
4244.7156 3.82596373558044
4245.1907 3.82418632507324
4245.6658 3.82245683670044
4246.1409 3.82064318656921
4246.6160 3.81883215904236
4247.0911 3.81707429885864
4247.5662 3.81537246704102
4248.0413 3.81372737884521
4248.5164 3.81329035758972
4248.9915 3.81342124938965
4249.4666 3.8136134147644
4249.9417 3.8138689994812
4250.4168 3.81418871879578
4250.8919 3.81371688842773
4251.3670 3.81286382675171
4251.8420 3.81207799911499
4252.3171 3.81135940551758
4252.7922 3.81070899963379
4253.2673 3.81067085266113
4253.7424 3.81103372573853
4254.2175 3.81146502494812
4254.6926 3.81196522712708
4255.1677 3.81253337860107
4255.6428 3.81155967712402
4256.1179 3.80950450897217
4256.5930 3.8075156211853
4257.0681 3.80559206008911
4257.5432 3.80373334884644
4258.0183 3.80300974845886
4258.4934 3.80323839187622
4258.9685 3.80352902412415
4259.4435 3.80388164520264
4259.9186 3.8042950630188
4260.3937 3.80437660217285
4260.8688 3.80414009094238
4261.3439 3.80395841598511
4261.8190 3.80383062362671
4262.2941 3.80375385284424
4262.7692 3.80297064781189
4263.2443 3.80138826370239
4263.7194 3.79984903335571
4264.1945 3.79835057258606
4264.6696 3.79689025878906
4265.1447 3.79697299003601
4265.6198 3.79905438423157
4266.0949 3.80116891860962
4266.5700 3.8033139705658
4267.0451 3.80548667907715
4267.5201 3.80636405944824
4267.9952 3.80525040626526
4268.4703 3.80415081977844
4268.9454 3.80305957794189
4269.4205 3.80197381973267
4269.8956 3.80012392997742
4270.3707 3.79689979553223
4270.8458 3.79366302490234
4271.3209 3.7904064655304
4271.7960 3.78712511062622
4272.2711 3.78518342971802
4272.7462 3.78611946105957
4273.2213 3.78701615333557
4273.6964 3.78786730766296
4274.1715 3.78866672515869
4274.6466 3.78952240943909
4275.1217 3.79060745239258
4275.5967 3.79162311553955
4276.0718 3.79256367683411
4276.5469 3.79342412948608
4277.0220 3.7941620349884
4277.4971 3.79469585418701
4277.9722 3.79513502120972
4278.4473 3.79547429084778
4278.9224 3.79571056365967
4279.3975 3.79550886154175
4279.8726 3.79389762878418
4280.3477 3.79217481613159
4280.8228 3.79033803939819
4281.2979 3.78838539123535
4281.7730 3.78652596473694
4282.2481 3.78560853004456
4282.7232 3.78457570075989
4283.1983 3.78342890739441
4283.6733 3.78216934204102
4284.1484 3.78060483932495
4284.6235 3.77757024765015
4285.0986 3.7744312286377
4285.5737 3.77119183540344
4286.0488 3.76785659790039
4286.5239 3.76460385322571
4286.9990 3.76312398910522
4287.4741 3.76156282424927
4287.9492 3.75992560386658
4288.4243 3.75821852684021
4288.8994 3.75626254081726
4289.3745 3.75038433074951
4289.8496 3.74445819854736
4290.3247 3.73848962783813
4290.7998 3.73248529434204
4291.2748 3.72646903991699
4291.7499 3.72321152687073
4292.2250 3.71993517875671
4292.7001 3.71664571762085
4293.1752 3.71334886550903
4293.6503 3.71005058288574
4294.1254 3.70370602607727
4294.6005 3.69726371765137
4295.0756 3.69083666801453
4295.5507 3.68442869186401
4296.0258 3.67804336547852
4296.5009 3.67300748825073
4296.9760 3.66810655593872
4297.4511 3.66323566436768
4297.9262 3.65839719772339
4298.4013 3.65359377861023
4298.8764 3.64854335784912
4299.3514 3.64349365234375
4299.8265 3.63848304748535
4300.3016 3.63351249694824
4300.7767 3.628582239151
4301.2518 3.62309741973877
4301.7269 3.61754417419434
4302.2020 3.61203241348267
4302.6771 3.6065628528595
4303.1522 3.60113525390625
4303.6273 3.59702706336975
4304.1024 3.59327244758606
4304.5775 3.58955812454224
4305.0526 3.58588290214539
4305.5277 3.58224654197693
4306.0028 3.57674050331116
4306.4779 3.57067608833313
4306.9530 3.56464886665344
4307.4280 3.5586576461792
4307.9031 3.55270171165466
4308.3782 3.54699397087097
4308.8533 3.54140210151672
4309.3284 3.53584241867065
4309.8035 3.53031301498413
4310.2786 3.52481341362
4310.7537 3.51837134361267
4311.2288 3.51149868965149
4311.7039 3.50465202331543
4312.1790 3.49783062934875
4312.6541 3.49103355407715
4313.1292 3.48266315460205
4313.6043 3.47340679168701
4314.0794 3.46417140960693
4314.5545 3.45495581626892
4315.0296 3.44575905799866
4315.5046 3.43611907958984
4315.9797 3.42618322372437
4316.4548 3.41626238822937
4316.9299 3.40635704994202
4317.4050 3.39646458625793
4317.8801 3.38375759124756
4318.3552 3.36878061294556
4318.8303 3.35381460189819
4319.3054 3.33885860443115
4319.7805 3.32391214370728
4320.2556 3.30580306053162
4320.7307 3.28466963768005
4321.2058 3.26354265213013
4321.6809 3.2424213886261
4322.1560 3.22130584716797
4322.6311 3.1965274810791
4323.1061 3.16759634017944
4323.5812 3.13866782188416
4324.0563 3.10974144935608
4324.5314 3.08081698417664
4325.0065 3.04928755760193
4325.4816 3.01424908638
4325.9567 2.97921013832092
4326.4318 2.94417071342468
4326.9069 2.90913009643555
4327.3820 2.87130784988403
4327.8571 2.82901048660278
4328.3322 2.78671026229858
4328.8073 2.74440693855286
4329.2824 2.70210075378418
4329.7575 2.65619683265686
4330.2326 2.60332298278809
4330.7077 2.55044412612915
4331.1827 2.49756050109863
4331.6578 2.44467186927795
4332.1329 2.39087104797363
4332.6080 2.33492040634155
4333.0831 2.27896404266357
4333.5582 2.2230019569397
4334.0333 2.16703367233276
4334.5084 2.11226177215576
4334.9835 2.06101655960083
4335.4586 2.00976610183716
4335.9337 1.95851016044617
4336.4088 1.90724849700928
4336.8839 1.86112523078918
4337.3590 1.83430397510529
4337.8341 1.80747950077057
4338.3092 1.7806521654129
4338.7843 1.75382149219513
4339.2593 1.7317271232605
4339.7344 1.73331880569458
4340.2095 1.7349100112915
4340.6846 1.73650121688843
4341.1597 1.73809194564819
4341.6348 1.74288189411163
4342.1099 1.7705135345459
4342.5850 1.79814732074738
4343.0601 1.82578325271606
4343.5352 1.85342109203339
4344.0103 1.88248038291931
4344.4854 1.92811965942383
4344.9605 1.9737628698349
4345.4356 2.01940965652466
4345.9107 2.06505990028381
4346.3858 2.11090183258057
4346.8608 2.16197204589844
4347.3359 2.21304607391357
4347.8110 2.26412439346313
4348.2861 2.3152072429657
4348.7612 2.36629438400269
4349.2363 2.41304993629456
4349.7114 2.45976686477661
4350.1865 2.50648832321167
4350.6616 2.55321359634399
4351.1367 2.59994292259216
4351.6118 2.64148569107056
4352.0869 2.68273496627808
4352.5620 2.72398805618286
4353.0371 2.76524496078491
4353.5122 2.80650615692139
4353.9873 2.83939743041992
4354.4624 2.87137365341187
4354.9374 2.90335321426392
4355.4125 2.93533682823181
4355.8876 2.96732401847839
4356.3627 2.99396705627441
4356.8378 3.01971626281738
4357.3129 3.04546904563904
4357.7880 3.07122588157654
4358.2631 3.09698677062988
4358.7382 3.11731696128845
4359.2133 3.13638734817505
4359.6884 3.15546154975891
4360.1635 3.1745400428772
4360.6386 3.19362282752991
4361.1137 3.20885944366455
4361.5888 3.22292470932007
4362.0639 3.23699450492859
4362.5390 3.25106954574585
4363.0140 3.26514959335327
4363.4891 3.27569794654846
4363.9642 3.28488159179688
4364.4393 3.29407072067261
4364.9144 3.30326557159424
4365.3895 3.31246638298035
4365.8646 3.32193183898926
4366.3397 3.3315281867981
4366.8148 3.34113168716431
4367.2899 3.35074281692505
4367.7650 3.36036133766174
4368.2401 3.367431640625
4368.7152 3.37300658226013
4369.1903 3.37858963012695
4369.6654 3.38418173789978
4370.1405 3.38978219032288
4370.6156 3.3949499130249
4371.0906 3.39981174468994
4371.5657 3.40468311309814
4372.0408 3.40956521034241
4372.5159 3.41445779800415
4372.9910 3.4197211265564
4373.4661 3.42530560493469
4373.9412 3.43090176582336
4374.4163 3.43651008605957
4374.8914 3.44213104248047
4375.3665 3.44614815711975
4375.8416 3.44850826263428
4376.3167 3.45088076591492
4376.7918 3.45326590538025
4377.2669 3.45566415786743
4377.7420 3.45668458938599
4378.2171 3.45598697662354
4378.6921 3.45530128479004
4379.1672 3.45462656021118
4379.6423 3.45396304130554
4380.1174 3.4535710811615
4380.5925 3.45358157157898
4381.0676 3.4536018371582
4381.5427 3.45363092422485
4382.0178 3.45366787910461
4382.4929 3.45324969291687
4382.9680 3.45198822021484
4383.4431 3.4507315158844
4383.9182 3.44947957992554
4384.3933 3.44823002815247
4384.8684 3.4477219581604
4385.3435 3.44889307022095
4385.8186 3.45006442070007
4386.2937 3.4512345790863
4386.7687 3.45240259170532
4387.2438 3.45359086990356
4387.7189 3.4548454284668
4388.1940 3.45609283447266
4388.6691 3.45733213424683
4389.1442 3.45856118202209
4389.6193 3.45964002609253
4390.0944 3.46018886566162
4390.5695 3.46072316169739
4391.0446 3.46124219894409
4391.5197 3.46174478530884
4391.9948 3.46225810050964
4392.4699 3.46289920806885
4392.9450 3.46352100372314
4393.4201 3.46412181854248
4393.8952 3.46470212936401
4394.3703 3.46511721611023
4394.8453 3.46443438529968
4395.3204 3.4637291431427
4395.7955 3.46300172805786
4396.2706 3.46225190162659
4396.7457 3.46169281005859
4397.2208 3.46393322944641
4397.6959 3.46615314483643
4398.1710 3.46835327148438
4398.6461 3.47053480148315
4399.1212 3.4727144241333
4399.5963 3.4755654335022
4400.0714 3.47840166091919
4400.5465 3.48122358322144
4401.0216 3.48403286933899
4401.4967 3.48683023452759
4401.9718 3.48757910728455
4402.4469 3.48826599121094
4402.9219 3.48894500732422
4403.3970 3.48961639404297
4403.8721 3.4902811050415
4404.3472 3.49115204811096
4404.8223 3.49203515052795
4405.2974 3.4929141998291
4405.7725 3.4937903881073
4406.2476 3.49466443061829
4406.7227 3.49392223358154
4407.1978 3.49295711517334
4407.6729 3.49199151992798
4408.1480 3.49102640151978
4408.6231 3.49006271362305
4409.0982 3.48803329467773
4409.5733 3.48578953742981
4410.0484 3.48354768753052
4410.5234 3.48130965232849
4410.9985 3.47907519340515
4411.4736 3.4783341884613
4411.9487 3.47801160812378
4412.4238 3.47769522666931
4412.8989 3.47738647460938
4413.3740 3.47708582878113
4413.8491 3.47548055648804
4414.3242 3.47340965270996
4414.7993 3.47134923934937
4415.2744 3.46929907798767
4415.7495 3.46725988388062
4416.2246 3.46665096282959
4416.6997 3.46670293807983
4417.1748 3.4667661190033
4417.6499 3.46684002876282
4418.1250 3.46692514419556
4418.6000 3.46708393096924
4419.0751 3.46728920936584
4419.5502 3.46750450134277
4420.0253 3.46772956848145
4420.5004 3.46796441078186
4420.9755 3.46789789199829
4421.4506 3.46762251853943
4421.9257 3.46735620498657
4422.4008 3.46709871292114
4422.8759 3.46684956550598
4423.3510 3.4659595489502
4423.8261 3.464524269104
4424.3012 3.4630970954895
4424.7763 3.46167922019959
4425.2514 3.46027040481567
4425.7265 3.45894622802734
4426.2016 3.4577112197876
4426.6766 3.45648765563965
4427.1517 3.45527720451355
4427.6268 3.4540810585022
4428.1019 3.45343828201294
4428.5770 3.45349216461182
4429.0521 3.45356559753418
4429.5272 3.45365953445435
4430.0023 3.45377588272095
4430.4774 3.45272350311279
4430.9525 3.44984793663025
4431.4276 3.44699764251709
4431.9027 3.44417381286621
4432.3778 3.44137716293335
4432.8529 3.43976712226868
4433.3280 3.44040751457214
4433.8031 3.44107913970947
4434.2782 3.44178295135498
4434.7532 3.4425196647644
4435.2283 3.44301319122314
4435.7034 3.44287252426147
4436.1785 3.44276642799377
4436.6536 3.44269442558289
4437.1287 3.44265651702881
4437.6038 3.44237470626831
4438.0789 3.44126296043396
4438.5540 3.44018292427063
4439.0291 3.43913459777832
4439.5042 3.43811583518982
4439.9793 3.4371497631073
4440.4544 3.43630886077881
4440.9295 3.43549346923828
4441.4046 3.43470144271851
4441.8797 3.43393039703369
4442.3547 3.43277931213379
4442.8298 3.42927622795105
4443.3049 3.42578506469727
4443.7800 3.42230176925659
4444.2551 3.4188244342804
4444.7302 3.41558313369751
4445.2053 3.4145872592926
4445.6804 3.41359090805054
4446.1555 3.41259121894836
4446.6306 3.41158628463745
4447.1057 3.41068720817566
4447.5808 3.41224265098572
4448.0559 3.41378927230835
4448.5310 3.41532492637634
4449.0061 3.41684889793396
4449.4812 3.41836023330688
4449.9563 3.41648817062378
4450.4313 3.41457843780518
4450.9064 3.41265201568604
4451.3815 3.41070890426636
4451.8566 3.4087495803833
4452.3317 3.41017174720764
4452.8068 3.41178488731384
4453.2819 3.41338634490967
4453.7570 3.41497707366943
4454.2321 3.41655945777893
4454.7072 3.41562414169312
4455.1823 3.41438055038452
4455.6574 3.41313123703003
4456.1325 3.41187787055969
4456.6076 3.41062211990356
4457.0827 3.40886688232422
4457.5578 3.40701961517334
4458.0329 3.40517544746399
4458.5079 3.40333604812622
4458.9830 3.40150356292725
4459.4581 3.3996901512146
4459.9332 3.3978898525238
4460.4083 3.39610123634338
4460.8834 3.39432621002197
4461.3585 3.39256572723389
4461.8336 3.39019060134888
4462.3087 3.38761186599731
4462.7838 3.38505077362061
4463.2589 3.38250851631165
4463.7340 3.37998533248901
4464.2091 3.37601089477539
4464.6842 3.37139558792114
4465.1593 3.36679840087891
4465.6344 3.36221981048584
4466.1095 3.35765933990479
4466.5845 3.35426378250122
4467.0596 3.35153412818909
4467.5347 3.34882307052612
4468.0098 3.34612989425659
4468.4849 3.34345436096191
4468.9600 3.34190320968628
4469.4351 3.34114503860474
4469.9102 3.34040379524231
4470.3853 3.33967876434326
4470.8604 3.33896827697754
4471.3355 3.33790826797485
4471.8106 3.33654689788818
4472.2857 3.33519554138184
4472.7608 3.33385300636292
4473.2359 3.33251762390137
4473.7110 3.32879519462585
4474.1860 3.32253956794739
4474.6611 3.31628060340881
4475.1362 3.31001663208008
4475.6113 3.30374574661255
4476.0864 3.29856634140015
4476.5615 3.29481172561646
4477.0366 3.29104804992676
4477.5117 3.28727436065674
4477.9868 3.2834894657135
4478.4619 3.28010129928589
4478.9370 3.2773597240448
4479.4121 3.27460598945618
4479.8872 3.27183961868286
4480.3623 3.2690601348877
4480.8374 3.26757502555847
4481.3125 3.26871752738953
4481.7876 3.26984977722168
4482.2626 3.27097201347351
4482.7377 3.27208423614502
4483.2128 3.2739143371582
4483.6879 3.27761101722717
4484.1630 3.28130149841309
4484.6381 3.28498601913452
4485.1132 3.28866529464722
4485.5883 3.29259395599365
4486.0634 3.29737782478333
4486.5385 3.30215978622437
4487.0136 3.30694150924683
4487.4887 3.31172370910645
4487.9638 3.31620025634766
4488.4389 3.31924295425415
4488.9140 3.32228660583496
4489.3891 3.32533121109009
4489.8642 3.32837820053101
4490.3392 3.33119249343872
4490.8143 3.33235573768616
4491.2894 3.33351922035217
4491.7645 3.33468294143677
4492.2396 3.33584642410278
4492.7147 3.33703279495239
4493.1898 3.33851909637451
4493.6649 3.340003490448
4494.1400 3.34148502349854
4494.6151 3.34296321868896
4495.0902 3.34440207481384
4495.5653 3.34414982795715
4496.0404 3.34388875961304
4496.5155 3.34361743927002
4496.9906 3.34333419799805
4497.4657 3.34303712844849
4497.9407 3.34453749656677
4498.4158 3.34608268737793
4498.8909 3.34761047363281
4499.3660 3.34911894798279
4499.8411 3.35060596466064
4500.3162 3.34979891777039
4500.7913 3.34875464439392
4501.2664 3.34767985343933
4501.7415 3.34657287597656
4502.2166 3.34543061256409
4502.6917 3.34371757507324
4503.1668 3.34187960624695
4503.6419 3.33999848365784
4504.1170 3.33807134628296
4504.5921 3.33609652519226
4505.0672 3.33534526824951
4505.5423 3.33483958244324
4506.0173 3.33428001403809
4506.4924 3.33366346359253
4506.9675 3.33298850059509
4507.4426 3.33064007759094
4507.9177 3.32771372795105
4508.3928 3.32472324371338
4508.8679 3.32166814804077
4509.3430 3.31854701042175
4509.8181 3.3183228969574
4510.2932 3.31927061080933
4510.7683 3.32015228271484
4511.2434 3.32096791267395
4511.7185 3.32171869277954
4512.1936 3.32032775878906
4512.6687 3.31776785850525
4513.1438 3.31514644622803
4513.6189 3.31246495246887
4514.0939 3.30972528457642
4514.5690 3.30723094940186
4515.0441 3.30488324165344
4515.5192 3.30248403549194
4515.9943 3.30003523826599
4516.4694 3.29754018783569
4516.9445 3.29587149620056
4517.4196 3.29488253593445
4517.8947 3.2938551902771
4518.3698 3.29279279708862
4518.8449 3.29169869422913
4519.3200 3.28957486152649
4519.7951 3.28640151023865
4520.2702 3.28320670127869
4520.7453 3.27999401092529
4521.2204 3.27676606178284
4521.6955 3.27346730232239
4522.1705 3.27008533477783
4522.6456 3.26669692993164
4523.1207 3.26330590248108
4523.5958 3.25991439819336
4524.0709 3.25802278518677
4524.5460 3.25849771499634
4525.0211 3.25897884368896
4525.4962 3.25946927070618
4525.9713 3.25997161865234
4526.4464 3.25942826271057
4526.9215 3.25679492950439
4527.3966 3.2541823387146
4527.8717 3.2515926361084
4528.3468 3.24902820587158
4528.8219 3.24694395065308
4529.2970 3.2460470199585
4529.7720 3.24517893791199
4530.2471 3.24434065818787
4530.7222 3.24353408813477
4531.1973 3.24291467666626
4531.6724 3.24285221099854
4532.1475 3.24282336235046
4532.6226 3.24282789230347
4533.0977 3.24286675453186
4533.5728 3.24278855323792
4534.0479 3.24202942848206
4534.5230 3.24130487442017
4534.9981 3.24061512947083
4535.4732 3.23996019363403
4535.9483 3.23945760726929
4536.4234 3.23984289169312
4536.8985 3.24026298522949
4537.3736 3.24071717262268
4537.8486 3.24120569229126
4538.3237 3.24140453338623
4538.7988 3.23717021942139
4539.2739 3.23297047615051
4539.7490 3.22880458831787
4540.2241 3.22467255592346
4540.6992 3.22058248519897
4541.1743 3.21709275245667
4541.6494 3.21363735198975
4542.1245 3.21021676063538
4542.5996 3.20683193206787
4543.0747 3.20348286628723
4543.5498 3.20052695274353
4544.0249 3.19762325286865
4544.5000 3.19475746154785
4544.9751 3.19193029403687
4545.4502 3.18914222717285
4545.9252 3.18545389175415
4546.4003 3.18170833587646
4546.8754 3.17800283432007
4547.3505 3.17433738708496
4547.8256 3.17071175575256
4548.3007 3.16887879371643
4548.7758 3.16738843917847
4549.2509 3.16593790054321
4549.7260 3.16452741622925
4550.2011 3.16315531730652
4550.6762 3.16267466545105
4551.1513 3.16244554519653
4551.6264 3.16225242614746
4552.1015 3.16209292411804
4552.5766 3.16196537017822
4553.0517 3.1602668762207
4553.5268 3.15804719924927
4554.0018 3.15585088729858
4554.4769 3.15367603302002
4554.9520 3.15151977539063
4555.4271 3.15091872215271
4555.9022 3.15102005004883
4556.3773 3.15113425254822
4556.8524 3.15125846862793
4557.3275 3.15139055252075
4557.8026 3.15192365646362
4558.2777 3.15268564224243
4558.7528 3.15344977378845
4559.2279 3.15421390533447
4559.7030 3.15497660636902
4560.1781 3.1554126739502
4560.6532 3.15561294555664
4561.1283 3.15580701828003
4561.6033 3.15599370002747
4562.0784 3.15617251396179
4562.5535 3.15561151504517
4563.0286 3.15438938140869
4563.5037 3.15315628051758
4563.9788 3.15191149711609
4564.4539 3.15065550804138
4564.9290 3.15012407302856
4565.4041 3.15039730072021
4565.8792 3.15065979957581
4566.3543 3.15091180801392
4566.8294 3.15115356445313
4567.3045 3.15009260177612
4567.7796 3.14723753929138
4568.2547 3.144371509552
4568.7298 3.1414942741394
4569.2049 3.13860607147217
4569.6799 3.13658332824707
4570.1550 3.13606786727905
4570.6301 3.13554406166077
4571.1052 3.13501238822937
4571.5803 3.13447284698486
4572.0554 3.13317370414734
4572.5305 3.13020658493042
4573.0056 3.12723135948181
4573.4807 3.12424755096436
4573.9558 3.12125611305237
4574.4309 3.11835289001465
4574.9060 3.11572074890137
4575.3811 3.11308193206787
4575.8562 3.1104371547699
4576.3313 3.10778760910034
4576.8064 3.10542440414429
4577.2815 3.10419845581055
4577.7565 3.10297107696533
4578.2316 3.1017439365387
4578.7067 3.10051822662354
4579.1818 3.09904742240906
4579.6569 3.09616041183472
4580.1320 3.09327793121338
4580.6071 3.0904004573822
4581.0822 3.08752965927124
4581.5573 3.08479952812195
4582.0324 3.08335399627686
4582.5075 3.08191990852356
4582.9826 3.08049845695496
4583.4577 3.07909083366394
4583.9328 3.07772588729858
4584.4079 3.07706212997437
4584.8830 3.07641530036926
4585.3581 3.07578611373901
4585.8331 3.07517552375793
4586.3082 3.07458329200745
4586.7833 3.07602739334106
4587.2584 3.07752323150635
4587.7335 3.07903933525085
4588.2086 3.08057570457459
4588.6837 3.0821316242218
4589.1588 3.08220529556274
4589.6339 3.08218359947205
4590.1090 3.08217811584473
4590.5841 3.08218860626221
4591.0592 3.08221364021301
4591.5343 3.08367538452148
4592.0094 3.08535385131836
4592.4845 3.08704519271851
4592.9596 3.08874845504761
4593.4346 3.09046244621277
4593.9097 3.09032416343689
4594.3848 3.08978509902954
4594.8599 3.08925104141235
4595.3350 3.08872079849243
4595.8101 3.08819246292114
4596.2852 3.08894538879395
4596.7603 3.09009122848511
4597.2354 3.09123730659485
4597.7105 3.09238338470459
4598.1856 3.09352779388428
4598.6607 3.09422039985657
4599.1358 3.09472608566284
4599.6109 3.09522724151611
4600.0860 3.09572219848633
4600.5611 3.09621047973633
4601.0362 3.09644389152527
4601.5112 3.09653878211975
4601.9863 3.09662318229675
4602.4614 3.09669589996338
4602.9365 3.09675598144531
4603.4116 3.09660530090332
4603.8867 3.0963089466095
4604.3618 3.09599661827087
4604.8369 3.09566736221313
4605.3120 3.09532022476196
4605.7871 3.09498238563538
4606.2622 3.09464883804321
4606.7373 3.09429550170898
4607.2124 3.09392189979553
4607.6875 3.09352827072144
4608.1626 3.09296536445618
4608.6377 3.09222817420959
4609.1128 3.09146976470947
4609.5878 3.09069013595581
4610.0629 3.08988928794861
4610.5380 3.08870911598206
4611.0131 3.08704471588135
4611.4882 3.08535861968994
4611.9633 3.08365178108215
4612.4384 3.08192372322083
4612.9135 3.08031392097473
4613.3886 3.07890844345093
4613.8637 3.07748317718506
4614.3388 3.07603883743286
4614.8139 3.07457447052002
4615.2890 3.07321214675903
4615.7641 3.07208108901978
4616.2392 3.07093119621277
4616.7143 3.06976270675659
4617.1894 3.0685760974884
4617.6644 3.06712436676025
4618.1395 3.06499171257019
4618.6146 3.06284046173096
4619.0897 3.06067132949829
4619.5648 3.05848407745361
4620.0399 3.05692291259766
4620.5150 3.0576810836792
4620.9901 3.05842447280884
4621.4652 3.05915355682373
4621.9403 3.05986976623535
4622.4154 3.06007289886475
4622.8905 3.05765247344971
4623.3656 3.05522108078003
4623.8407 3.05277919769287
4624.3158 3.05032801628113
4624.7909 3.04794478416443
4625.2659 3.04619669914246
4625.7410 3.04444265365601
4626.2161 3.04268407821655
4626.6912 3.04092144966125
4627.1663 3.03916454315186
4627.6414 3.03755617141724
4628.1165 3.03594732284546
4628.5916 3.03433895111084
4629.0667 3.0327320098877
4629.5418 3.03112721443176
4630.0169 3.02975964546204
4630.4920 3.02839708328247
4630.9671 3.02703952789307
4631.4422 3.0256872177124
4631.9173 3.02434158325195
4632.3924 3.02375984191895
4632.8675 3.02323389053345
4633.3425 3.02271628379822
4633.8176 3.02220773696899
4634.2927 3.02170848846436
4634.7678 3.02229499816895
4635.2429 3.02303194999695
4635.7180 3.02378082275391
4636.1931 3.02454137802124
4636.6682 3.02531433105469
4637.1433 3.02562236785889
4637.6184 3.02584481239319
4638.0935 3.02608036994934
4638.5686 3.02632927894592
4639.0437 3.02659177780151
4639.5188 3.02669095993042
4639.9939 3.02675223350525
4640.4690 3.02682709693909
4640.9441 3.02691507339478
4641.4191 3.02701663970947
4641.8942 3.02722215652466
4642.3693 3.02747535705566
4642.8444 3.02774143218994
4643.3195 3.02801942825317
4643.7946 3.0283088684082
4644.2697 3.0277259349823
4644.7448 3.02670502662659
4645.2199 3.02569222450256
4645.6950 3.02468585968018
4646.1701 3.02368569374084
4646.6452 3.02305364608765
4647.1203 3.02265930175781
4647.5954 3.02226662635803
4648.0705 3.02187418937683
4648.5456 3.02148056030273
4649.0206 3.02089595794678
4649.4957 3.02015519142151
4649.9708 3.01940774917603
4650.4459 3.01865196228027
4650.9210 3.01788711547852
4651.3961 3.01646447181702
4651.8712 3.0143768787384
4652.3463 3.01227378845215
4652.8214 3.01015472412109
4653.2965 3.00801753997803
4653.7716 3.00665187835693
4654.2467 3.006263256073
4654.7218 3.00585436820984
4655.1969 3.0054247379303
4655.6720 3.00497341156006
4656.1471 3.0043568611145
4656.6222 3.00349020957947
4657.0972 3.00260066986084
4657.5723 3.00168800354004
4658.0474 3.00075244903564
4658.5225 2.99937605857849
4658.9976 2.99713373184204
4659.4727 2.99486875534058
4659.9478 2.99258184432983
4660.4229 2.99027419090271
4660.8980 2.9882218837738
4661.3731 2.98687410354614
4661.8482 2.98550891876221
4662.3233 2.98412799835205
4662.7984 2.98273301124573
4663.2735 2.98126268386841
4663.7486 2.97955703735352
4664.2237 2.97784352302551
4664.6988 2.97612380981445
4665.1738 2.97440004348755
4665.6489 2.97273826599121
4666.1240 2.97139573097229
4666.5991 2.97005677223206
4667.0742 2.96872353553772
4667.5493 2.96739888191223
4668.0244 2.96624803543091
4668.4995 2.96642923355103
4668.9746 2.96662640571594
4669.4497 2.96684265136719
4669.9248 2.96707987785339
4670.3999 2.96728515625
4670.8750 2.96655249595642
4671.3501 2.96584701538086
4671.8252 2.96517062187195
4672.3003 2.96452450752258
4672.7754 2.96391034126282
4673.2504 2.96445322036743
4673.7255 2.96503162384033
4674.2006 2.96564531326294
4674.6757 2.96629500389099
4675.1508 2.96698069572449
4675.6259 2.96503520011902
4676.1010 2.96296548843384
4676.5761 2.96092963218689
4677.0512 2.95892667770386
4677.5263 2.95695519447327
4678.0014 2.95581340789795
4678.4765 2.95480155944824
4678.9516 2.95381855964661
4679.4267 2.95286226272583
4679.9018 2.95193099975586
4680.3769 2.95239758491516
4680.8519 2.95316219329834
4681.3270 2.95394825935364
4681.8021 2.95475435256958
4682.2772 2.95557832717896
4682.7523 2.95656991004944
4683.2274 2.95761942863464
4683.7025 2.95868253707886
4684.1776 2.95975780487061
4684.6527 2.96084356307983
4685.1278 2.96140956878662
4685.6029 2.9617805480957
4686.0780 2.96215796470642
4686.5531 2.96254134178162
4687.0282 2.96292972564697
4687.5033 2.96279382705688
4687.9784 2.96239709854126
4688.4535 2.96200275421143
4688.9285 2.96160984039307
4689.4036 2.9612181186676
4689.8787 2.96134781837463
4690.3538 2.96180844306946
4690.8289 2.96226859092712
4691.3040 2.96272754669189
4691.7791 2.96318435668945
4692.2542 2.96221113204956
4692.7293 2.9600932598114
4693.2044 2.95796728134155
4693.6795 2.95583200454712
4694.1546 2.95368599891663
4694.6297 2.95139646530151
4695.1048 2.94896197319031
4695.5799 2.94651222229004
4696.0550 2.94404554367065
4696.5301 2.94156074523926
4697.0051 2.93994665145874
4697.4802 2.93942165374756
4697.9553 2.93887591362
4698.4304 2.93830895423889
4698.9055 2.93771958351135
4699.3806 2.93750333786011
4699.8557 2.93788385391235
4700.3308 2.93824005126953
4700.8059 2.93857145309448
4701.2810 2.93887710571289
4701.7561 2.93865633010864
4702.2312 2.93741512298584
4702.7063 2.9361457824707
4703.1814 2.93484783172607
4703.6565 2.93352103233337
4704.1316 2.93198823928833
4704.6067 2.92996978759766
4705.0817 2.92792201042175
4705.5568 2.92584466934204
4706.0319 2.92373871803284
4706.5070 2.92153120040894
4706.9821 2.91904187202454
4707.4572 2.91652584075928
4707.9323 2.9139838218689
4708.4074 2.91141700744629
4708.8825 2.90895867347717
4709.3576 2.90712451934814
4709.8327 2.90527057647705
4710.3078 2.9033989906311
4710.7829 2.90151214599609
4711.2580 2.89958930015564
4711.7331 2.89747881889343
4712.2082 2.89536046981812
4712.6832 2.89323663711548
4713.1583 2.89111018180847
4713.6334 2.88910412788391
4714.1085 2.88902854919434
4714.5836 2.88895988464355
4715.0587 2.8889012336731
4715.5338 2.88885521888733
4716.0089 2.88882446289063
4716.4840 2.88879561424255
4716.9591 2.88878750801086
4717.4342 2.88880205154419
4717.9093 2.88884115219116
4718.3844 2.88890695571899
4718.8595 2.88668084144592
4719.3346 2.88435626029968
4719.8097 2.88206076622009
4720.2848 2.87979531288147
4720.7598 2.87756013870239
4721.2349 2.87602090835571
4721.7100 2.87459230422974
4722.1851 2.87319469451904
4722.6602 2.87182712554932
4723.1353 2.87048959732056
4723.6104 2.86798405647278
4724.0855 2.86527395248413
4724.5606 2.86259055137634
4725.0357 2.85993266105652
4725.5108 2.8572998046875
4725.9859 2.85568857192993
4726.4610 2.85437846183777
4726.9361 2.85309147834778
4727.4112 2.8518271446228
4727.8863 2.85058450698853
4728.3614 2.84878730773926
4728.8364 2.84679412841797
4729.3115 2.84482026100159
4729.7866 2.84286451339722
4730.2617 2.84092664718628
4730.7368 2.83985233306885
4731.2119 2.83920741081238
4731.6870 2.83858013153076
4732.1621 2.83796977996826
4732.6372 2.8373761177063
4733.1123 2.83666157722473
4733.5874 2.83587789535522
4734.0625 2.83510828018188
4734.5376 2.83435273170471
4735.0127 2.83360981941223
4735.4878 2.83173179626465
4735.9629 2.82897019386292
4736.4380 2.8262152671814
4736.9130 2.82346630096436
4737.3881 2.82072067260742
4737.8632 2.81951117515564
4738.3383 2.81979370117188
4738.8134 2.82007789611816
4739.2885 2.82036352157593
4739.7636 2.8206479549408
4740.2387 2.82169890403748
4740.7138 2.82367730140686
4741.1889 2.82565188407898
4741.6640 2.8276207447052
4742.1391 2.82958221435547
4742.6142 2.8296422958374
4743.0893 2.82682037353516
4743.5644 2.82397985458374
4744.0395 2.82111930847168
4744.5145 2.81823706626892
4744.9896 2.81633901596069
4745.4647 2.81635046005249
4745.9398 2.81633806228638
4746.4149 2.81629991531372
4746.8900 2.81623482704163
4747.3651 2.81593132019043
4747.8402 2.81507778167725
4748.3153 2.81419396400452
4748.7904 2.81327891349792
4749.2655 2.81233191490173
4749.7406 2.81145572662354
4750.2157 2.81088590621948
4750.6908 2.81028413772583
4751.1659 2.80965137481689
4751.6410 2.80898690223694
4752.1161 2.80817699432373
4752.5911 2.80680656433105
4753.0662 2.80540657043457
4753.5413 2.80397868156433
4754.0164 2.80252361297607
4754.4915 2.80105447769165
4754.9666 2.79964351654053
4755.4417 2.79821014404297
4755.9168 2.79675579071045
4756.3919 2.79528260231018
4756.8670 2.79384326934814
4757.3421 2.79307317733765
4757.8172 2.79229068756104
4758.2923 2.79149770736694
4758.7674 2.79069590568542
4759.2425 2.78988981246948
4759.7176 2.78922152519226
4760.1927 2.78854990005493
4760.6677 2.78787732124329
4761.1428 2.7872040271759
4761.6179 2.78653192520142
4762.0930 2.78333306312561
4762.5681 2.78002882003784
4763.0432 2.77672648429871
4763.5183 2.77342629432678
4763.9934 2.77012872695923
4764.4685 2.76892137527466
4764.9436 2.76793742179871
4765.4187 2.7669575214386
4765.8938 2.76598167419434
4766.3689 2.76500988006592
4766.8440 2.7637186050415
4767.3191 2.76237392425537
4767.7942 2.76103234291077
4768.2693 2.75969338417053
4768.7443 2.75835704803467
4769.2194 2.75874423980713
4769.6945 2.75957584381104
4770.1696 2.76041007041931
4770.6447 2.76124668121338
4771.1198 2.76208543777466
4771.5949 2.76279258728027
4772.0700 2.76345491409302
4772.5451 2.76411819458008
4773.0202 2.76478147506714
4773.4953 2.7654447555542
4773.9704 2.7655713558197
4774.4455 2.76545238494873
4774.9206 2.76533126831055
4775.3957 2.76520729064941
4775.8708 2.76507997512817
4776.3458 2.76423645019531
4776.8209 2.76297426223755
4777.2960 2.76170635223389
4777.7711 2.76043176651001
4778.2462 2.75915002822876
4778.7213 2.75866556167603
4779.1964 2.75875973701477
4779.6715 2.75884580612183
4780.1466 2.75892281532288
4780.6217 2.75899028778076
4781.0968 2.7584867477417
4781.5719 2.7574622631073
4782.0470 2.75642585754395
4782.5221 2.75537657737732
4782.9972 2.75431394577026
4783.4723 2.75388622283936
4783.9474 2.75417566299438
4784.4224 2.75445032119751
4784.8975 2.75470924377441
4785.3726 2.7549524307251
4785.8477 2.75504302978516
4786.3228 2.75492572784424
4786.7979 2.75479006767273
4787.2730 2.75463533401489
4787.7481 2.75446128845215
4788.2232 2.75405263900757
4788.6983 2.75324559211731
4789.1734 2.75241684913635
4789.6485 2.7515664100647
4790.1236 2.75069403648376
4790.5987 2.74992609024048
4791.0738 2.74942088127136
4791.5489 2.74889373779297
4792.0240 2.74834442138672
4792.4990 2.74777388572693
4792.9741 2.7468957901001
4793.4492 2.74515557289124
4793.9243 2.74339509010315
4794.3994 2.74161553382874
4794.8745 2.73981785774231
4795.3496 2.73762440681458
4795.8247 2.7338981628418
4796.2998 2.73015785217285
4796.7749 2.72640466690063
4797.2500 2.72264075279236
4797.7251 2.71929168701172
4798.2002 2.71841740608215
4798.6753 2.71753883361816
4799.1504 2.71665740013123
4799.6255 2.71577620506287
4800.1005 2.71479606628418
4800.5756 2.71282911300659
4801.0507 2.71086835861206
4801.5258 2.70891547203064
4802.0009 2.70697283744812
4802.4760 2.70498037338257
4802.9511 2.70144939422607
4803.4262 2.69793367385864
4803.9013 2.69443368911743
4804.3764 2.69095087051392
4804.8515 2.68748617172241
4805.3266 2.68783593177795
4805.8017 2.68826508522034
4806.2768 2.68871593475342
4806.7519 2.68918871879578
4807.2270 2.68968415260315
4807.7021 2.68876957893372
4808.1771 2.6877715587616
4808.6522 2.68679666519165
4809.1273 2.6858446598053
4809.6024 2.68491554260254
4810.0775 2.6819920539856
4810.5526 2.67880916595459
4811.0277 2.6756477355957
4811.5028 2.67250728607178
4811.9779 2.66938781738281
4812.4530 2.66677260398865
4812.9281 2.66428089141846
4813.4032 2.66180872917175
4813.8783 2.6593554019928
4814.3534 2.65692067146301
4814.8285 2.65528178215027
4815.3036 2.65389204025269
4815.7787 2.65251922607422
4816.2537 2.65116310119629
4816.7288 2.64982271194458
4817.2039 2.6470091342926
4817.6790 2.64362263679504
4818.1541 2.6402485370636
4818.6292 2.63688659667969
4819.1043 2.63353586196899
4819.5794 2.63060736656189
4820.0545 2.62789726257324
4820.5296 2.62519693374634
4821.0047 2.62250566482544
4821.4798 2.61982274055481
4821.9549 2.61680459976196
4822.4300 2.61357450485229
4822.9051 2.61035108566284
4823.3802 2.60713315010071
4823.8553 2.60392045974731
4824.3303 2.60076689720154
4824.8054 2.59766101837158
4825.2805 2.59455847740173
4825.7556 2.59145951271057
4826.2307 2.58836317062378
4826.7058 2.58432650566101
4827.1809 2.57936453819275
4827.6560 2.57440304756165
4828.1311 2.56944108009338
4828.6062 2.56447887420654
4829.0813 2.5600950717926
4829.5564 2.55641555786133
4830.0315 2.5527355670929
4830.5066 2.54905438423157
4830.9817 2.54537200927734
4831.4568 2.54047966003418
4831.9318 2.53376054763794
4832.4069 2.5270369052887
4832.8820 2.52030873298645
4833.3571 2.5135760307312
4833.8322 2.50635147094727
4834.3073 2.4981997013092
4834.7824 2.49004149436951
4835.2575 2.48187685012817
4835.7326 2.47370576858521
4836.2077 2.46494841575623
4836.6828 2.45478534698486
4837.1579 2.44461345672607
4837.6330 2.4344334602356
4838.1081 2.42424440383911
4838.5832 2.41345548629761
4839.0583 2.40078639984131
4839.5334 2.38810682296753
4840.0084 2.37541627883911
4840.4835 2.36271524429321
4840.9586 2.34972834587097
4841.4337 2.33553791046143
4841.9088 2.32133603096008
4842.3839 2.30712199211121
4842.8590 2.29289627075195
4843.3341 2.27787208557129
4843.8092 2.25779747962952
4844.2843 2.23770666122437
4844.7594 2.21759963035584
4845.2345 2.19747638702393
4845.7096 2.1769871711731
4846.1847 2.15259313583374
4846.6598 2.12818002700806
4847.1349 2.10374760627747
4847.6100 2.07929611206055
4848.0850 2.05468964576721
4848.5601 2.02568507194519
4849.0352 1.99665832519531
4849.5103 1.96760904788971
4849.9854 1.93853783607483
4850.4605 1.9094443321228
4850.9356 1.87519681453705
4851.4107 1.84080708026886
4851.8858 1.80639159679413
4852.3609 1.77195024490356
4852.8360 1.73748326301575
4853.3111 1.7013555765152
4853.7862 1.66506958007813
4854.2613 1.62875688076019
4854.7364 1.59241724014282
4855.2115 1.5560507774353
4855.6866 1.52510523796082
4856.1616 1.49492645263672
4856.6367 1.46472537517548
4857.1118 1.43450212478638
4857.5869 1.40425670146942
4858.0620 1.38610982894897
4858.5371 1.37058579921722
4859.0122 1.35505020618439
4859.4873 1.33950304985046
4859.9624 1.32394433021545
4860.4375 1.32346212863922
4860.9126 1.32750165462494
4861.3877 1.33154356479645
4861.8628 1.33558821678162
4862.3379 1.33963525295258
4862.8130 1.35652542114258
4863.2881 1.37848329544067
4863.7631 1.40045642852783
4864.2382 1.42244493961334
4864.7133 1.44444870948792
4865.1884 1.47368729114532
4865.6635 1.50657188892365
4866.1386 1.53947973251343
4866.6137 1.57241034507751
4867.0888 1.60536432266235
4867.5639 1.63906395435333
4868.0390 1.67324161529541
4868.5141 1.70744299888611
4868.9892 1.74166858196259
4869.4643 1.77591824531555
4869.9394 1.80671119689941
4870.4145 1.83481705188751
4870.8896 1.86294257640839
4871.3647 1.89108777046204
4871.8397 1.91925263404846
4872.3148 1.94598436355591
4872.7899 1.97134375572205
4873.2650 1.99672079086304
4873.7401 2.02211546897888
4874.2152 2.04752779006958
4874.6903 2.07059574127197
4875.1654 2.09090042114258
4875.6405 2.11121892929077
4876.1156 2.13155150413513
4876.5907 2.15189814567566
4877.0658 2.17026233673096
4877.5409 2.18574333190918
4878.0160 2.20123481750488
4878.4911 2.21673679351807
4878.9662 2.23224902153015
4879.4413 2.24655961990356
4879.9163 2.25869560241699
4880.3914 2.27083945274353
4880.8665 2.28299117088318
4881.3416 2.29515051841736
4881.8167 2.30642986297607
4882.2918 2.3157000541687
4882.7669 2.32497572898865
4883.2420 2.33425688743591
4883.7171 2.34354329109192
4884.1922 2.35241603851318
4884.6673 2.36006760597229
4885.1424 2.36772322654724
4885.6175 2.37538242340088
4886.0926 2.38304567337036
4886.5677 2.39019393920898
4887.0428 2.39531803131104
4887.5179 2.40044403076172
4887.9929 2.40557193756104
4888.4680 2.41070103645325
4888.9431 2.41563320159912
4889.4182 2.41946792602539
4889.8933 2.42330288887024
4890.3684 2.42713785171509
4890.8435 2.43097305297852
4891.3186 2.43475675582886
4891.7937 2.43809199333191
4892.2688 2.44142651557922
4892.7439 2.44475984573364
4893.2190 2.44809246063232
4893.6941 2.45144557952881
4894.1692 2.45520424842834
4894.6443 2.45896148681641
4895.1194 2.46271729469299
4895.5944 2.46647167205811
4896.0695 2.47022175788879
4896.5446 2.47133851051331
4897.0197 2.47245216369629
4897.4948 2.47356152534485
4897.9699 2.47466707229614
4898.4450 2.47576880455017
4898.9201 2.4781277179718
4899.3952 2.480548620224
4899.8703 2.48296618461609
4900.3454 2.48537993431091
4900.8205 2.48778986930847
4901.2956 2.48866748809814
4901.7707 2.48937106132507
4902.2458 2.49006938934326
4902.7209 2.49076271057129
4903.1960 2.49145078659058
4903.6710 2.4924750328064
4904.1461 2.49355483055115
4904.6212 2.49462938308716
4905.0963 2.49569892883301
4905.5714 2.49676370620728
4906.0465 2.49630975723267
4906.5216 2.49547076225281
4906.9967 2.49462676048279
4907.4718 2.49377703666687
4907.9469 2.49292182922363
4908.4220 2.49259209632874
4908.8971 2.49243474006653
4909.3722 2.4922730922699
4909.8473 2.49210786819458
4910.3224 2.49193906784058
4910.7975 2.49223113059998
4911.2726 2.49271988868713
4911.7476 2.49320697784424
4912.2227 2.49369311332703
4912.6978 2.4941782951355
4913.1729 2.49327397346497
4913.6480 2.49162173271179
4914.1231 2.48997020721436
4914.5982 2.48831963539124
4915.0733 2.48667144775391
4915.5484 2.48505425453186
4916.0235 2.48345971107483
4916.4986 2.48187017440796
4916.9737 2.4802873134613
4917.4488 2.47871160507202
4917.9239 2.47690415382385
4918.3990 2.47491025924683
4918.8741 2.4729266166687
4919.3492 2.47095489501953
4919.8242 2.46899509429932
4920.2993 2.4676501750946
4920.7744 2.4669177532196
4921.2495 2.46620082855225
4921.7246 2.46550011634827
4922.1997 2.46481657028198
4922.6748 2.46456289291382
4923.1499 2.46482753753662
4923.6250 2.46511173248291
4924.1001 2.46541547775269
4924.5752 2.46573925018311
4925.0503 2.46653079986572
4925.5254 2.46800565719604
4926.0005 2.46950268745422
4926.4756 2.47102355957031
4926.9507 2.47256708145142
4927.4257 2.47408008575439
4927.9008 2.47551608085632
4928.3759 2.47697710990906
4928.8510 2.47846293449402
4929.3261 2.47997426986694
4929.8012 2.4813220500946
4930.2763 2.4822633266449
4930.7514 2.48323059082031
4931.2265 2.48422408103943
4931.7016 2.48524379730225
4932.1767 2.48625445365906
4932.6518 2.48718690872192
4933.1269 2.48814630508423
4933.6020 2.48913240432739
4934.0771 2.49014496803284
4934.5522 2.49098300933838
4935.0273 2.49107980728149
4935.5023 2.49119973182678
4935.9774 2.49134254455566
4936.4525 2.49150609970093
4936.9276 2.491779088974
4937.4027 2.49254608154297
4937.8778 2.49333024024963
4938.3529 2.49412989616394
4938.8280 2.49494314193726
4939.3031 2.49582672119141
4939.7782 2.49719333648682
4940.2533 2.4985682964325
4940.7284 2.49994993209839
4941.2035 2.50133609771729
4941.6786 2.50257921218872
4942.1537 2.50160503387451
4942.6288 2.5006263256073
4943.1039 2.49964094161987
4943.5789 2.49864745140076
4944.0540 2.49768161773682
4944.5291 2.49952363967896
4945.0042 2.50135636329651
4945.4793 2.5031795501709
4945.9544 2.50499129295349
4946.4295 2.50679206848145
4946.9046 2.50585913658142
4947.3797 2.50481224060059
4947.8548 2.50374984741211
4948.3299 2.50267124176025
4948.8050 2.50157713890076
4949.2801 2.50097560882568
4949.7552 2.50040578842163
4950.2303 2.49982237815857
4950.7054 2.4992253780365
4951.1804 2.49861598014832
4951.6555 2.49816679954529
4952.1306 2.4977331161499
4952.6057 2.49728918075562
4953.0808 2.49683713912964
4953.5559 2.49637675285339
4954.0310 2.49599814414978
4954.5061 2.49563217163086
4954.9812 2.49526071548462
4955.4563 2.49488401412964
4955.9314 2.4945023059845
4956.4065 2.4951000213623
4956.8816 2.4959819316864
4957.3567 2.49686026573181
4957.8318 2.49773502349854
4958.3069 2.49860620498657
4958.7820 2.4988420009613
4959.2570 2.49883413314819
4959.7321 2.49882006645203
4960.2072 2.49879837036133
4960.6823 2.49876809120178
4961.1574 2.49932909011841
4961.6325 2.50016403198242
4962.1076 2.50098943710327
4962.5827 2.50180292129517
4963.0578 2.50260424613953
4963.5329 2.50259375572205
4964.0080 2.50210237503052
4964.4831 2.50159358978271
4964.9582 2.50106644630432
4965.4333 2.50051975250244
4965.9084 2.49979758262634
4966.3835 2.49894285202026
4966.8586 2.49806499481201
4967.3336 2.49716377258301
4967.8087 2.4962375164032
4968.2838 2.49594497680664
4968.7589 2.49619436264038
4969.2340 2.496417760849
4969.7091 2.49661493301392
4970.1842 2.49678516387939
4970.6593 2.49656867980957
4971.1344 2.49595093727112
4971.6095 2.49530529975891
4972.0846 2.49463152885437
4972.5597 2.4939296245575
4973.0348 2.49284100532532
4973.5099 2.49127554893494
4973.9850 2.48968243598938
4974.4601 2.48806214332581
4974.9352 2.48641633987427
4975.4102 2.48491621017456
4975.8853 2.48365187644959
4976.3604 2.48236560821533
4976.8355 2.4810585975647
4977.3106 2.47973299026489
4977.7857 2.47849202156067
4978.2608 2.47742486000061
4978.7359 2.4763445854187
4979.2110 2.47525405883789
4979.6861 2.47415494918823
4980.1612 2.47312784194946
4980.6363 2.47227573394775
4981.1114 2.47142124176025
4981.5865 2.47056674957275
4982.0616 2.46971321105957
4982.5367 2.46863770484924
4983.0117 2.46692085266113
4983.4868 2.46520948410034
4983.9619 2.46350479125977
4984.4370 2.46180772781372
4984.9121 2.45979785919189
4985.3872 2.45660734176636
4985.8623 2.45342540740967
4986.3374 2.45025205612183
4986.8125 2.44708728790283
4987.2876 2.44427871704102
4987.7627 2.44321513175964
4988.2378 2.44216060638428
4988.7129 2.44111585617065
4989.1880 2.44008016586304
4989.6631 2.43910193443298
4990.1382 2.43848037719727
4990.6133 2.43786859512329
4991.0883 2.43726706504822
4991.5634 2.43667650222778
4992.0385 2.43598461151123
4992.5136 2.43392968177795
4992.9887 2.43188667297363
4993.4638 2.42985534667969
4993.9389 2.42783689498901
4994.4140 2.42587757110596
4994.8891 2.42540574073792
4995.3642 2.42495083808899
4995.8393 2.42451286315918
4996.3144 2.42409300804138
4996.7895 2.42369246482849
4997.2646 2.42239284515381
4997.7397 2.42109894752502
4998.2148 2.41982674598694
4998.6899 2.41857695579529
4999.1649 2.41734957695007
4999.6400 2.41602325439453
5000.1151 2.41471242904663
5000.5902 2.4134259223938
5001.0653 2.41216325759888
5001.5404 2.41092538833618
5002.0155 2.41018223762512
5002.4906 2.40951943397522
5002.9657 2.40888071060181
5003.4408 2.40826606750488
5003.9159 2.40767526626587
5004.3910 2.40621757507324
5004.8661 2.40462446212769
5005.3412 2.40305256843567
5005.8163 2.40150117874146
5006.2914 2.39997005462646
5006.7665 2.39926648139954
5007.2415 2.39877843856812
5007.7166 2.39831018447876
5008.1917 2.39786124229431
5008.6668 2.39743137359619
5009.1419 2.39607238769531
5009.6170 2.39443206787109
5010.0921 2.39280772209167
5010.5672 2.39120006561279
5011.0423 2.38960838317871
5011.5174 2.3876748085022
5011.9925 2.38561487197876
5012.4676 2.38356971740723
5012.9427 2.38153982162476
5013.4178 2.37952423095703
5013.8929 2.37716889381409
5014.3680 2.37465476989746
5014.8430 2.37215352058411
5015.3181 2.36966514587402
5015.7932 2.36718940734863
5016.2683 2.36580729484558
5016.7434 2.36507940292358
5017.2185 2.3643651008606
5017.6936 2.36366367340088
5018.1687 2.36297416687012
5018.6438 2.36352038383484
5019.1189 2.36495137214661
5019.5940 2.3663957118988
5020.0691 2.36785268783569
5020.5442 2.3693208694458
5021.0193 2.37082862854004
5021.4944 2.37236976623535
5021.9695 2.37391924858093
5022.4446 2.37547564506531
5022.9196 2.37703800201416
5023.3947 2.3787305355072
5023.8698 2.38055396080017
5024.3449 2.38237929344177
5024.8200 2.38420462608337
5025.2951 2.38602876663208
5025.7702 2.38721680641174
5026.2453 2.38763523101807
5026.7204 2.38804483413696
5027.1955 2.38844585418701
5027.6706 2.38883543014526
5028.1457 2.38843321800232
5028.6208 2.38689184188843
5029.0959 2.38533234596252
5029.5710 2.38375234603882
5030.0461 2.38215088844299
5030.5212 2.38065195083618
5030.9962 2.37934589385986
5031.4713 2.37801432609558
5031.9464 2.3766553401947
5032.4215 2.37526750564575
5032.8966 2.37399959564209
5033.3717 2.37301349639893
5033.8468 2.37199592590332
5034.3219 2.3709454536438
5034.7970 2.3698616027832
5035.2721 2.36907005310059
5035.7472 2.3690824508667
5036.2223 2.36906051635742
5036.6974 2.36900401115417
5037.1725 2.3689124584198
5037.6476 2.368567943573
5038.1227 2.36749029159546
5038.5978 2.36637663841248
5039.0728 2.36522674560547
5039.5479 2.3640410900116
5040.0230 2.36323189735413
5040.4981 2.36407971382141
5040.9732 2.36489510536194
5041.4483 2.36567878723145
5041.9234 2.36643123626709
5042.3985 2.36714792251587
5042.8736 2.36780166625977
5043.3487 2.36842703819275
5043.8238 2.36902499198914
5044.2989 2.3695969581604
5044.7740 2.37009406089783
5045.2491 2.37017059326172
5045.7242 2.37022376060486
5046.1993 2.37025547027588
5046.6743 2.3702666759491
5047.1494 2.37017297744751
5047.6245 2.36891198158264
5048.0996 2.36763334274292
5048.5747 2.3663387298584
5049.0498 2.36502909660339
5049.5249 2.3637216091156
5050.0000 2.3629789352417
5050.4751 2.36222457885742
5050.9502 2.36145925521851
5051.4253 2.36068367958069
5051.9004 2.35989904403687
5052.3755 2.35870623588562
5052.8506 2.35749959945679
5053.3257 2.35628509521484
5053.8008 2.35506367683411
5054.2759 2.35383534431458
5054.7509 2.35376405715942
5055.2260 2.35375642776489
5055.7011 2.35374402999878
5056.1762 2.35372686386108
5056.6513 2.35370588302612
5057.1264 2.35444331169128
5057.6015 2.35525965690613
5058.0766 2.35607385635376
5058.5517 2.35688614845276
5059.0268 2.35769748687744
5059.5019 2.35888886451721
5059.9770 2.36014127731323
5060.4521 2.36139488220215
5060.9272 2.36265015602112
5061.4023 2.36390829086304
5061.8774 2.36314368247986
5062.3525 2.36194109916687
5062.8275 2.36074233055115
5063.3026 2.35954737663269
5063.7777 2.35835790634155
5064.2528 2.35756611824036
5064.7279 2.35689115524292
5065.2030 2.3562228679657
5065.6781 2.35556173324585
5066.1532 2.35490775108337
5066.6283 2.35324096679688
5067.1034 2.3512225151062
5067.5785 2.3492112159729
5068.0536 2.34720730781555
5068.5287 2.34521102905273
5069.0038 2.34517312049866
5069.4789 2.34598350524902
5069.9540 2.34680438041687
5070.4290 2.34763598442078
5070.9041 2.3484787940979
5071.3792 2.34816956520081
5071.8543 2.34727001190186
5072.3294 2.34638285636902
5072.8045 2.34550762176514
5073.2796 2.34464621543884
5073.7547 2.34368777275085
5074.2298 2.34267568588257
5074.7049 2.34167790412903
5075.1800 2.34069538116455
5075.6551 2.33972787857056
5076.1302 2.33911037445068
5076.6053 2.33875203132629
5077.0804 2.33841013908386
5077.5555 2.33808445930481
5078.0306 2.33777546882629
5078.5056 2.33780550956726
5078.9807 2.33812808990479
5079.4558 2.33846712112427
5079.9309 2.33882212638855
5080.4060 2.33919262886047
5080.8811 2.33908605575562
5081.3562 2.33850121498108
5081.8313 2.33792853355408
5082.3064 2.33736634254456
5082.7815 2.33681464195251
5083.2566 2.3363561630249
5083.7317 2.33600568771362
5084.2068 2.33566164970398
5084.6819 2.33532285690308
5085.1570 2.3349883556366
5085.6321 2.33509397506714
5086.1072 2.33580231666565
5086.5822 2.33651351928711
5087.0573 2.33722591400146
5087.5324 2.33793926239014
5088.0075 2.33814191818237
5088.4826 2.33751678466797
5088.9577 2.33689022064209
5089.4328 2.33626127243042
5089.9079 2.33562994003296
5090.3830 2.33487224578857
5090.8581 2.33387517929077
5091.3332 2.3328754901886
5091.8083 2.33187365531921
5092.2834 2.33086967468262
5092.7585 2.32970190048218
5093.2336 2.32816123962402
5093.7087 2.32662010192871
5094.1838 2.32507920265198
5094.6588 2.32353973388672
5095.1339 2.32262206077576
5095.6090 2.32341432571411
5096.0841 2.3242130279541
5096.5592 2.32501912117004
5097.0343 2.32583403587341
5097.5094 2.32654619216919
5097.9845 2.3268895149231
5098.4596 2.3272442817688
5098.9347 2.32761025428772
5099.4098 2.32798910140991
5099.8849 2.32830190658569
5100.3600 2.32829356193542
5100.8351 2.32829809188843
5101.3102 2.32831525802612
5101.7853 2.32834553718567
5102.2603 2.32823014259338
5102.7354 2.32724690437317
5103.2105 2.3262734413147
5103.6856 2.32530951499939
5104.1607 2.32435369491577
5104.6358 2.32362508773804
5105.1109 2.32460498809814
5105.5860 2.32559204101563
5106.0611 2.32658529281616
5106.5362 2.32758355140686
5107.0113 2.32852625846863
5107.4864 2.3287570476532
5107.9615 2.32898807525635
5108.4366 2.3292179107666
5108.9117 2.32944440841675
5109.3868 2.32956719398499
5109.8619 2.32728791236877
5110.3369 2.3249979019165
5110.8120 2.32269477844238
5111.2871 2.32037734985352
5111.7622 2.31805229187012
5112.2373 2.31894636154175
5112.7124 2.31982398033142
5113.1875 2.32068395614624
5113.6626 2.32152533531189
5114.1377 2.32234621047974
5114.6128 2.32275009155273
5115.0879 2.32311773300171
5115.5630 2.32346153259277
5116.0381 2.32378149032593
5116.5132 2.32407736778259
5116.9883 2.32343292236328
5117.4634 2.32269334793091
5117.9385 2.32192778587341
5118.4135 2.32113671302795
5118.8886 2.32031989097595
5119.3637 2.31859874725342
5119.8388 2.3167462348938
5120.3139 2.31486821174622
5120.7890 2.31296539306641
5121.2641 2.31103849411011
5121.7392 2.31000328063965
5122.2143 2.30909872055054
5122.6894 2.30817317962646
5123.1645 2.30722713470459
5123.6396 2.30626130104065
5124.1147 2.30463695526123
5124.5898 2.30285382270813
5125.0649 2.3010528087616
5125.5400 2.29923439025879
5126.0151 2.2973997592926
5126.4901 2.29706048965454
5126.9652 2.29712176322937
5127.4403 2.29717016220093
5127.9154 2.29720520973206
5128.3905 2.29722833633423
5128.8656 2.29631423950195
5129.3407 2.29507756233215
5129.8158 2.29382991790771
5130.2909 2.29257154464722
5130.7660 2.29130244255066
5131.2411 2.29054832458496
5131.7162 2.28999543190002
5132.1913 2.28943395614624
5132.6664 2.28886485099792
5133.1415 2.2882878780365
5133.6166 2.28796863555908
5134.0916 2.28776836395264
5134.5667 2.28756237030029
5135.0418 2.28735041618347
5135.5169 2.28713345527649
5135.9920 2.286057472229
5136.4671 2.28450202941895
5136.9422 2.28294205665588
5137.4173 2.28137683868408
5137.8924 2.27980661392212
5138.3675 2.27815580368042
5138.8426 2.27645087242126
5139.3177 2.27474117279053
5139.7928 2.27302718162537
5140.2679 2.27130794525146
5140.7430 2.27090644836426
5141.2181 2.271484375
5141.6932 2.2720582485199
5142.1682 2.27262759208679
5142.6433 2.27319192886353
5143.1184 2.27151250839233
5143.5935 2.26791095733643
5144.0686 2.26430177688599
5144.5437 2.26068496704102
5145.0188 2.25705981254578
5145.4939 2.25476217269897
5145.9690 2.25376772880554
5146.4441 2.252765417099
5146.9192 2.25175499916077
5147.3943 2.25073623657227
5147.8694 2.24957418441772
5148.3445 2.24825215339661
5148.8196 2.24692225456238
5149.2947 2.24558520317078
5149.7698 2.24424147605896
5150.2448 2.24312496185303
5150.7199 2.24230432510376
5151.1950 2.24147939682007
5151.6701 2.24065017700195
5152.1452 2.23981785774231
5152.6203 2.2387797832489
5153.0954 2.23743939399719
5153.5705 2.2360987663269
5154.0456 2.2347583770752
5154.5207 2.23341965675354
5154.9958 2.23230671882629
5155.4709 2.23157787322998
5155.9460 2.23085379600525
5156.4211 2.230135679245
5156.8962 2.22942471504211
5157.3713 2.22757387161255
5157.8464 2.22346806526184
5158.3214 2.21937108039856
5158.7965 2.21528387069702
5159.2716 2.21120738983154
5159.7467 2.20808029174805
5160.2218 2.20712018013
5160.6969 2.20617532730103
5161.1720 2.205246925354
5161.6471 2.20433688163757
5162.1222 2.20234799385071
5162.5973 2.19742035865784
5163.0724 2.19251298904419
5163.5475 2.18762683868408
5164.0226 2.18276333808899
5164.4977 2.17850995063782
5164.9728 2.17615938186646
5165.4479 2.17383480072021
5165.9229 2.17153692245483
5166.3980 2.16926622390747
5166.8731 2.16689419746399
5167.3482 2.1640522480011
5167.8233 2.16123723983765
5168.2984 2.15844941139221
5168.7735 2.15568780899048
5169.2486 2.15335440635681
5169.7237 2.15296316146851
5170.1988 2.15259838104248
5170.6739 2.15225863456726
5171.1490 2.15194296836853
5171.6241 2.15193653106689
5172.0992 2.15368556976318
5172.5743 2.15545630455017
5173.0494 2.15724778175354
5173.5245 2.15905785560608
5173.9995 2.16079139709473
5174.4746 2.161776304245
5174.9497 2.16277456283569
5175.4248 2.16378498077393
5175.8999 2.1648063659668
5176.3750 2.16580867767334
5176.8501 2.16648149490356
5177.3252 2.16716074943542
5177.8003 2.1678454875946
5178.2754 2.16853475570679
5178.7505 2.16911149024963
5179.2256 2.16734790802002
5179.7007 2.16558289527893
5180.1758 2.16381573677063
5180.6509 2.16204524040222
5181.1260 2.16030883789063
5181.6011 2.16087412834167
5182.0761 2.16143679618835
5182.5512 2.16199612617493
5183.0263 2.16255140304565
5183.5014 2.16310262680054
5183.9765 2.16104459762573
5184.4516 2.15893983840942
5184.9267 2.15682601928711
5185.4018 2.15470290184021
5185.8769 2.15256929397583
5186.3520 2.15264296531677
5186.8271 2.15281248092651
5187.3022 2.15297245979309
5187.7773 2.15312242507935
5188.2524 2.15326166152954
5188.7275 2.15414953231812
5189.2026 2.15508913993835
5189.6777 2.15601801872253
5190.1527 2.1569356918335
5190.6278 2.1578426361084
5191.1029 2.15650010108948
5191.5780 2.1548798084259
5192.0531 2.15324592590332
5192.5282 2.15159940719604
5193.0033 2.1499400138855
5193.4784 2.14948487281799
5193.9535 2.14920997619629
5194.4286 2.14892578125
5194.9037 2.14863324165344
5195.3788 2.14833307266235
5195.8539 2.14845561981201
5196.3290 2.14865899085999
5196.8041 2.14885973930359
5197.2792 2.14905953407288
5197.7542 2.14926028251648
5198.2293 2.14872479438782
5198.7044 2.14801406860352
5199.1795 2.14730930328369
5199.6546 2.14661169052124
5200.1297 2.14592385292053
5200.6048 2.14599990844727
5201.0799 2.14630699157715
5201.5550 2.14662981033325
5202.0301 2.14697003364563
5202.5052 2.14732956886292
5202.9803 2.14707946777344
5203.4554 2.14663672447205
5203.9305 2.14621615409851
5204.4056 2.14581871032715
5204.8807 2.14544486999512
5205.3558 2.14431357383728
5205.8308 2.14289903640747
5206.3059 2.14150738716125
5206.7810 2.14013814926147
5207.2561 2.13879156112671
5207.7312 2.13971400260925
5208.2063 2.14167213439941
5208.6814 2.14365410804749
5209.1565 2.14565944671631
5209.6316 2.14768624305725
5210.1067 2.14822578430176
5210.5818 2.14800930023193
5211.0569 2.14780759811401
5211.5320 2.14761805534363
5212.0071 2.1474392414093
5212.4822 2.14628934860229
5212.9573 2.14457583427429
5213.4324 2.14286494255066
5213.9074 2.14115357398987
5214.3825 2.13943910598755
5214.8576 2.1390118598938
5215.3327 2.13942193984985
5215.8078 2.13982629776001
5216.2829 2.14022278785706
5216.7580 2.1406102180481
5217.2331 2.14145398139954
5217.7082 2.14262747764587
5218.1833 2.1437885761261
5218.6584 2.14493656158447
5219.1335 2.14607048034668
5219.6086 2.14612483978271
5220.0837 2.14529252052307
5220.5588 2.14444160461426
5221.0339 2.14357161521912
5221.5089 2.14268255233765
5221.9840 2.14198470115662
5222.4591 2.14145946502686
5222.9342 2.14091610908508
5223.4093 2.1403546333313
5223.8844 2.13977575302124
5224.3595 2.1390073299408
5224.8346 2.13804721832275
5225.3097 2.13707041740417
5225.7848 2.1360776424408
5226.2599 2.13506937026978
5226.7350 2.13442611694336
5227.2101 2.134197473526
5227.6852 2.13395547866821
5228.1603 2.13370132446289
5228.6354 2.13343453407288
5229.1105 2.13267254829407
5229.5855 2.13129138946533
5230.0606 2.12989807128906
5230.5357 2.12849283218384
5231.0108 2.12707567214966
5231.4859 2.12606644630432
5231.9610 2.12563276290894
5232.4361 2.12518882751465
5232.9112 2.12473440170288
5233.3863 2.12426948547363
5233.8614 2.1238374710083
5234.3365 2.12346172332764
5234.8116 2.12307643890381
5235.2867 2.12268114089966
5235.7618 2.12227559089661
5236.2369 2.12216544151306
5236.7120 2.1225745677948
5237.1871 2.12297463417053
5237.6621 2.12336587905884
5238.1372 2.1237485408783
5238.6123 2.12394714355469
5239.0874 2.12379717826843
5239.5625 2.12363767623901
5240.0376 2.12346839904785
5240.5127 2.12328886985779
5240.9878 2.1229944229126
5241.4629 2.12246084213257
5241.9380 2.12191605567932
5242.4131 2.12135863304138
5242.8882 2.12078881263733
5243.3633 2.12010335922241
5243.8384 2.11915421485901
5244.3135 2.1181902885437
5244.7886 2.11721014976501
5245.2637 2.11621356010437
5245.7387 2.11538290977478
5246.2138 2.11504220962524
5246.6889 2.11468315124512
5247.1640 2.11430525779724
5247.6391 2.11390733718872
5248.1142 2.11324548721313
5248.5893 2.11179399490356
5249.0644 2.11032009124756
5249.5395 2.10882234573364
5250.0146 2.10730147361755
5250.4897 2.10573482513428
5250.9648 2.10406684875488
5251.4399 2.10237312316895
5251.9150 2.10065317153931
5252.3901 2.09890651702881
5252.8652 2.09733438491821
5253.3402 2.09657955169678
5253.8153 2.09579801559448
5254.2904 2.09498977661133
5254.7655 2.09415602684021
5255.2406 2.0932092666626
5255.7157 2.09180951118469
5256.1908 2.09038639068604
5256.6659 2.08894109725952
5257.1410 2.08747553825378
5257.6161 2.08597230911255
5258.0912 2.08434128761292
5258.5663 2.08269572257996
5259.0414 2.08103847503662
5259.5165 2.07937169075012
5259.9916 2.07773756980896
5260.4667 2.07638216018677
5260.9418 2.07502627372742
5261.4168 2.07367396354675
5261.8919 2.07232761383057
5262.3670 2.0708122253418
5262.8421 2.06768107414246
5263.3172 2.06456732749939
5263.7923 2.06147384643555
5264.2674 2.05840396881104
5264.7425 2.05547952651978
5265.2176 2.05400323867798
5265.6927 2.05256128311157
5266.1678 2.05115580558777
5266.6429 2.04979109764099
5267.1180 2.04853630065918
5267.5931 2.0484983921051
5268.0682 2.04850912094116
5268.5433 2.04857110977173
5269.0184 2.04868650436401
5269.4934 2.0487904548645
5269.9685 2.04692125320435
5270.4436 2.04510927200317
5270.9187 2.04335570335388
5271.3938 2.04166102409363
5271.8689 2.04005146026611
5272.3440 2.04101085662842
5272.8191 2.04203248023987
5273.2942 2.0431170463562
5273.7693 2.04426383972168
5274.2444 2.04547309875488
5274.7195 2.04401445388794
5275.1946 2.04258108139038
5275.6697 2.04120326042175
5276.1448 2.03987956047058
5276.6199 2.03860855102539
5277.0950 2.03911685943604
5277.5700 2.03973579406738
5278.0451 2.04040384292603
5278.5202 2.04111909866333
5278.9953 2.04187917709351
5279.4704 2.04341220855713
5279.9455 2.04502820968628
5280.4206 2.04668307304382
5280.8957 2.04837369918823
5281.3708 2.05009722709656
5281.8459 2.05021214485168
5282.3210 2.05021715164185
5282.7961 2.05024242401123
5283.2712 2.05028390884399
5283.7463 2.05033826828003
5284.2214 2.0514931678772
5284.6965 2.05277180671692
5285.1715 2.05405497550964
5285.6466 2.05533981323242
5286.1217 2.05662274360657
5286.5968 2.05749273300171
5287.0719 2.05829954147339
5287.5470 2.05909299850464
5288.0221 2.05987000465393
5288.4972 2.06062769889832
5288.9723 2.06171751022339
5289.4474 2.06283903121948
5289.9225 2.0639328956604
5290.3976 2.06499671936035
5290.8727 2.06602883338928
5291.3478 2.06659388542175
5291.8229 2.06704187393188
5292.2980 2.06745076179504
5292.7731 2.06781888008118
5293.2481 2.06814503669739
5293.7232 2.06839513778687
5294.1983 2.06859397888184
5294.6734 2.06874752044678
5295.1485 2.06885480880737
5295.6236 2.06891536712646
5296.0987 2.06776642799377
5296.5738 2.06628680229187
5297.0489 2.06475853919983
5297.5240 2.06318211555481
5297.9991 2.06155824661255
5298.4742 2.06104588508606
5298.9493 2.06080436706543
5299.4244 2.06051993370056
5299.8995 2.06019306182861
5300.3746 2.05982637405396
5300.8497 2.05949878692627
5301.3247 2.05915760993958
5301.7998 2.05878114700317
5302.2749 2.05837035179138
5302.7500 2.05792784690857
5303.2251 2.05695915222168
5303.7002 2.05579519271851
5304.1753 2.05460453033447
5304.6504 2.05338859558105
5305.1255 2.05215001106262
5305.6006 2.05084252357483
5306.0757 2.04949808120728
5306.5508 2.04813623428345
5307.0259 2.04675912857056
5307.5010 2.04536819458008
5307.9761 2.04387974739075
5308.4512 2.04234600067139
5308.9263 2.0408034324646
5309.4013 2.0392529964447
5309.8764 2.03769659996033
5310.3515 2.03624105453491
5310.8266 2.03482818603516
5311.3017 2.03341269493103
5311.7768 2.03199505805969
5312.2519 2.03057599067688
5312.7270 2.02805662155151
5313.2021 2.02501249313354
5313.6772 2.02196741104126
5314.1523 2.01892232894897
5314.6274 2.01587724685669
5315.1025 2.01465630531311
5315.5776 2.01437664031982
5316.0527 2.01409912109375
5316.5278 2.0138247013092
5317.0028 2.01355385780334
5317.4779 2.01367425918579
5317.9530 2.01401424407959
5318.4281 2.01435923576355
5318.9032 2.01470923423767
5319.3783 2.01506567001343
5319.8534 2.01467967033386
5320.3285 2.01385426521301
5320.8036 2.01303601264954
5321.2787 2.01222586631775
5321.7538 2.01142430305481
5322.2289 2.01034450531006
5322.7040 2.0090913772583
5323.1791 2.00784969329834
5323.6542 2.00661969184875
5324.1293 2.0054030418396
5324.6044 2.00548624992371
5325.0794 2.00646376609802
5325.5545 2.00745964050293
5326.0296 2.00847458839417
5326.5047 2.00951027870178
5326.9798 2.00918865203857
5327.4549 2.00788307189941
5327.9300 2.00659918785095
5328.4051 2.00533676147461
5328.8802 2.0040967464447
5329.3553 2.00323295593262
5329.8304 2.00266671180725
5330.3055 2.00212502479553
5330.7806 2.00160789489746
5331.2557 2.00111556053162
5331.7308 2.00133275985718
5332.2059 2.00214099884033
5332.6810 2.00297546386719
5333.1560 2.00383639335632
5333.6311 2.00472331047058
5334.1062 2.00519919395447
5334.5813 2.00531578063965
5335.0564 2.0054566860199
5335.5315 2.00562047958374
5336.0066 2.00580596923828
5336.4817 2.00545859336853
5336.9568 2.00461483001709
5337.4319 2.00378823280334
5337.9070 2.00297784805298
5338.3821 2.00218200683594
5338.8572 2.00257205963135
5339.3323 2.00413179397583
5339.8074 2.00570511817932
5340.2825 2.00729060173035
5340.7576 2.00888657569885
5341.2326 2.01019048690796
5341.7077 2.01118850708008
5342.1828 2.01219034194946
5342.6579 2.01319456100464
5343.1330 2.01419854164124
5343.6081 2.01447939872742
5344.0832 2.01395916938782
5344.5583 2.01342988014221
5345.0334 2.01288938522339
5345.5085 2.01233506202698
5345.9836 2.01228928565979
5346.4587 2.01283645629883
5346.9338 2.01336407661438
5347.4089 2.01386880874634
5347.8840 2.01434898376465
5348.3591 2.01406145095825
5348.8341 2.01283359527588
5349.3092 2.01157188415527
5349.7843 2.01027393341064
5350.2594 2.0089373588562
5350.7345 2.00812220573425
5351.2096 2.0079927444458
5351.6847 2.00782179832459
5352.1598 2.00760793685913
5352.6349 2.00735068321228
5353.1100 2.00746250152588
5353.5851 2.00809335708618
5354.0602 2.00867986679077
5354.5353 2.00922298431396
5355.0104 2.0097222328186
5355.4855 2.00913190841675
5355.9606 2.00699853897095
5356.4357 2.00482225418091
5356.9107 2.00260496139526
5357.3858 2.00034809112549
5357.8609 1.99811029434204
5358.3360 1.99592339992523
5358.8111 1.99370324611664
5359.2862 1.99145221710205
5359.7613 1.98917281627655
5360.2364 1.98787617683411
5360.7115 1.98815417289734
5361.1866 1.9884135723114
5361.6617 1.9886577129364
5362.1368 1.98888981342316
5362.6119 1.98890554904938
5363.0870 1.98857069015503
5363.5621 1.9882333278656
5364.0372 1.98789608478546
5364.5123 1.9875625371933
5364.9873 1.98670744895935
5365.4624 1.9849396944046
5365.9375 1.98318314552307
5366.4126 1.98143982887268
5366.8877 1.97971212863922
5367.3628 1.97866117954254
5367.8379 1.97883665561676
5368.3130 1.97903406620026
5368.7881 1.97925448417664
5369.2632 1.97949934005737
5369.7383 1.97947406768799
5370.2134 1.97890758514404
5370.6885 1.97836709022522
5371.1636 1.97785329818726
5371.6387 1.9773656129837
5372.1138 1.9766343832016
5372.5888 1.97538661956787
5373.0639 1.97416305541992
5373.5390 1.97296273708344
5374.0141 1.97178435325623
5374.4892 1.97108542919159
5374.9643 1.97137045860291
5375.4394 1.97167491912842
5375.9145 1.97199702262878
5376.3896 1.97233557701111
5376.8647 1.97247457504272
5377.3398 1.97215461730957
5377.8149 1.97184503078461
5378.2900 1.97154426574707
5378.7651 1.97125029563904
5379.2402 1.97085189819336
5379.7153 1.97020494937897
5380.1904 1.96955859661102
5380.6654 1.9689108133316
5381.1405 1.96825969219208
5381.6156 1.96786940097809
5382.0907 1.96811234951019
5382.5658 1.96834683418274
5383.0409 1.96857178211212
5383.5160 1.96878516674042
5383.9911 1.96867799758911
5384.4662 1.96778547763824
5384.9413 1.96687543392181
5385.4164 1.9659469127655
5385.8915 1.96499824523926
5386.3666 1.96405017375946
5386.8417 1.9631370306015
5387.3168 1.96220099925995
5387.7919 1.9612410068512
5388.2670 1.96025657653809
5388.7420 1.95928168296814
5389.2171 1.9583752155304
5389.6922 1.95744359493256
5390.1673 1.95648717880249
5390.6424 1.9555059671402
5391.1175 1.95455181598663
5391.5926 1.95372033119202
5392.0677 1.95286667346954
5392.5428 1.95199167728424
5393.0179 1.95109665393829
5393.4930 1.95028209686279
5393.9681 1.94974267482758
5394.4432 1.9491879940033
5394.9183 1.9486198425293
5395.3934 1.9480402469635
5395.8685 1.94746935367584
5396.3436 1.94694697856903
5396.8186 1.94641900062561
5397.2937 1.94588708877563
5397.7688 1.9453536272049
5398.2439 1.94468629360199
5398.7190 1.94359183311462
5399.1941 1.94250106811523
5399.6692 1.94141590595245
5400.1443 1.94033789634705
5400.6194 1.93933606147766
5401.0945 1.93856775760651
5401.5696 1.93781161308289
5402.0447 1.93706846237183
5402.5198 1.93633937835693
5402.9949 1.93550729751587
5403.4700 1.93428373336792
5403.9451 1.93307638168335
5404.4201 1.93188619613647
5404.8952 1.93071365356445
5405.3703 1.92984747886658
5405.8454 1.93003106117249
5406.3205 1.93023312091827
5406.7956 1.93045401573181
5407.2707 1.9306937456131
5407.7458 1.93077158927917
5408.2209 1.93020081520081
5408.6960 1.92964696884155
5409.1711 1.9291090965271
5409.6462 1.92858624458313
5410.1213 1.92800378799438
5410.5964 1.9271514415741
5411.0715 1.92631101608276
5411.5466 1.92548131942749
5412.0217 1.92466139793396
5412.4967 1.92371463775635
5412.9718 1.92223989963531
5413.4469 1.9207706451416
5413.9220 1.91930603981018
5414.3971 1.91784489154816
5414.8722 1.9168461561203
5415.3473 1.917724609375
5415.8224 1.91860592365265
5416.2975 1.91948986053467
5416.7726 1.92037546634674
5417.2477 1.92109286785126
5417.7228 1.92109727859497
5418.1979 1.92110180854797
5418.6730 1.92110633850098
5419.1481 1.9211106300354
5419.6232 1.92098772525787
5420.0983 1.9203143119812
5420.5733 1.91963994503021
5421.0484 1.91896522045136
5421.5235 1.91829025745392
5421.9986 1.91738057136536
5422.4737 1.91543102264404
5422.9488 1.91348052024841
5423.4239 1.9115297794342
5423.8990 1.90957891941071
5424.3741 1.90803360939026
5424.8492 1.90833139419556
5425.3243 1.90863263607025
5425.7994 1.90893769264221
5426.2745 1.90924692153931
5426.7496 1.90939652919769
5427.2247 1.90878295898438
5427.6998 1.90817511081696
5428.1749 1.90757298469543
5428.6499 1.90697717666626
5429.1250 1.90630388259888
5429.6001 1.9052369594574
5430.0752 1.904177069664
5430.5503 1.9031240940094
5431.0254 1.90207850933075
5431.5005 1.90117084980011
5431.9756 1.90090370178223
5432.4507 1.90064477920532
5432.9258 1.90039372444153
5433.4009 1.900151014328
5433.8760 1.90005707740784
5434.3511 1.90066611766815
5434.8262 1.90128374099731
5435.3013 1.90191030502319
5435.7764 1.90254592895508
5436.2514 1.90299344062805
5436.7265 1.90246486663818
5437.2016 1.90194392204285
5437.6767 1.90143013000488
5438.1518 1.90092349052429
5438.6269 1.90077495574951
5439.1020 1.9024121761322
5439.5771 1.90405857563019
5440.0522 1.90571415424347
5440.5273 1.90737915039063
5441.0024 1.90874874591827
5441.4775 1.90856528282166
5441.9526 1.90838813781738
5442.4277 1.90821719169617
5442.9028 1.90805172920227
5443.3779 1.90785825252533
5443.8530 1.90749835968018
5444.3280 1.907142162323
5444.8031 1.90678894519806
5445.2782 1.90643775463104
5445.7533 1.90597856044769
5446.2284 1.90495038032532
5446.7035 1.90392088890076
5447.1786 1.90288949012756
5447.6537 1.90185487270355
5448.1288 1.90098094940186
5448.6039 1.90096306800842
5449.0790 1.90094029903412
5449.5541 1.90091240406036
5450.0292 1.90087783336639
5450.5043 1.90073418617249
5450.9794 1.90004920959473
5451.4545 1.8993546962738
5451.9296 1.89864993095398
5452.4046 1.89793431758881
5452.8797 1.89734721183777
5453.3548 1.89748156070709
5453.8299 1.89760434627533
5454.3050 1.89771509170532
5454.7801 1.89781332015991
5455.2552 1.89791798591614
5455.7303 1.89811205863953
5456.2054 1.89829301834106
5456.6805 1.89846038818359
5457.1556 1.89861416816711
5457.6307 1.8987557888031
5458.1058 1.89889097213745
5458.5809 1.89901220798492
5459.0560 1.8991197347641
5459.5311 1.89921379089355
5460.0062 1.89906299114227
5460.4812 1.89771091938019
5460.9563 1.89634394645691
5461.4314 1.89496290683746
5461.9065 1.89356744289398
5462.3816 1.89236187934875
5462.8567 1.89217829704285
5463.3318 1.89198243618011
5463.8069 1.89177513122559
5464.2820 1.89155673980713
5464.7571 1.89137268066406
5465.2322 1.8914041519165
5465.7073 1.89142656326294
5466.1824 1.89144062995911
5466.6575 1.89144706726074
5467.1326 1.89123821258545
5467.6077 1.88999176025391
5468.0827 1.88873875141144
5468.5578 1.88747954368591
5469.0329 1.88621520996094
5469.5080 1.88493919372559
5469.9831 1.88362586498261
5470.4582 1.88230872154236
5470.9333 1.88098859786987
5471.4084 1.87966573238373
5471.8835 1.87871968746185
5472.3586 1.87958240509033
5472.8337 1.8804452419281
5473.3088 1.88130939006805
5473.7839 1.88217496871948
5474.2590 1.88287496566772
5474.7341 1.88279366493225
5475.2092 1.88271415233612
5475.6843 1.88263654708862
5476.1593 1.88256108760834
5476.6344 1.88225030899048
5477.1095 1.88085865974426
5477.5846 1.87946760654449
5478.0597 1.87807631492615
5478.5348 1.87668490409851
5479.0099 1.87554454803467
5479.4850 1.87552618980408
5479.9601 1.87550711631775
5480.4352 1.87548637390137
5480.9103 1.87546348571777
5481.3854 1.8752715587616
5481.8605 1.87435412406921
5482.3356 1.87343204021454
5482.8107 1.87250471115112
5483.2858 1.8715717792511
5483.7609 1.8706601858139
5484.2359 1.86986017227173
5484.7110 1.8690527677536
5485.1861 1.86823773384094
5485.6612 1.86741471290588
5486.1363 1.86670863628387
5486.6114 1.86650538444519
5487.0865 1.8662942647934
5487.5616 1.86607527732849
5488.0367 1.86584866046906
5488.5118 1.86562180519104
5488.9869 1.86541676521301
5489.4620 1.86520433425903
5489.9371 1.86498522758484
5490.4122 1.86475884914398
5490.8873 1.8642578125
5491.3624 1.86272072792053
5491.8375 1.86117649078369
5492.3125 1.85962522029877
5492.7876 1.85806727409363
5493.2627 1.85669946670532
5493.7378 1.85605359077454
5494.2129 1.85540223121643
5494.6880 1.8547455072403
5495.1631 1.854083776474
5495.6382 1.85348296165466
5496.1133 1.85311365127563
5496.5884 1.85274064540863
5497.0635 1.85236418247223
5497.5386 1.85198509693146
5498.0137 1.85162675380707
5498.4888 1.85134649276733
5498.9639 1.85106539726257
5499.4390 1.85078382492065
5499.9140 1.85050296783447
5500.3891 1.85006964206696
5500.8642 1.84912800788879
5501.3393 1.848188996315
5501.8144 1.84725320339203
5502.2895 1.84632194042206
5502.7646 1.84553158283234
5503.2397 1.84518027305603
5503.7148 1.84483659267426
5504.1899 1.8445006608963
5504.6650 1.84417390823364
5505.1401 1.84370946884155
5505.6152 1.84280347824097
5506.0903 1.84190821647644
5506.5654 1.84102439880371
5507.0405 1.84015250205994
5507.5156 1.83910489082336
5507.9906 1.83751749992371
5508.4657 1.83594262599945
5508.9408 1.83438014984131
5509.4159 1.83283019065857
5509.8910 1.83192491531372
5510.3661 1.8328150510788
5510.8412 1.83371901512146
5511.3163 1.83463704586029
5511.7914 1.83556890487671
5512.2665 1.83620190620422
5512.7416 1.83600580692291
5513.2167 1.83582079410553
5513.6918 1.83564615249634
5514.1669 1.83548188209534
5514.6420 1.83503651618958
5515.1171 1.83384919166565
5515.5922 1.83266854286194
5516.0672 1.83149433135986
5516.5423 1.83032500743866
5517.0174 1.82945334911346
5517.4925 1.82930886745453
5517.9676 1.82916903495789
5518.4427 1.82903301715851
5518.9178 1.82890033721924
5519.3929 1.82864785194397
5519.8680 1.82810711860657
5520.3431 1.82756853103638
5520.8182 1.8270320892334
5521.2933 1.82649803161621
5521.7684 1.82589542865753
5522.2435 1.82513678073883
5522.7186 1.82438004016876
5523.1937 1.82362580299377
5523.6687 1.82287406921387
5524.1438 1.82202887535095
5524.6189 1.82097971439362
5525.0940 1.81993353366852
5525.5691 1.81889092922211
5526.0442 1.81785225868225
5526.5193 1.81708514690399
5526.9944 1.81687164306641
5527.4695 1.81666398048401
5527.9446 1.81646251678467
5528.4197 1.81626844406128
5528.8948 1.81631255149841
5529.3699 1.81681644916534
5529.8450 1.81732940673828
5530.3201 1.81785190105438
5530.7952 1.81838405132294
5531.2703 1.8186422586441
5531.7453 1.81838202476501
5532.2204 1.81813144683838
5532.6955 1.81789064407349
5533.1706 1.81765913963318
5533.6457 1.81708359718323
5534.1208 1.81589102745056
5534.5959 1.81470668315887
5535.0710 1.81353032588959
5535.5461 1.8123619556427
5536.0212 1.81124067306519
5536.4963 1.81019401550293
5536.9714 1.80915486812592
5537.4465 1.8081226348877
5537.9216 1.80709755420685
5538.3967 1.80706393718719
5538.8718 1.80860817432404
5539.3469 1.81016230583191
5539.8219 1.81172633171082
5540.2970 1.81330037117004
5540.7721 1.81405365467072
5541.2472 1.81355929374695
5541.7223 1.8130716085434
5542.1974 1.81258988380432
5542.6725 1.81211388111115
5543.1476 1.81174528598785
5543.6227 1.81152784824371
5544.0978 1.81131422519684
5544.5729 1.81110370159149
5545.0480 1.81089496612549
5545.5231 1.81104493141174
5545.9982 1.81168067455292
5546.4733 1.81231594085693
5546.9484 1.81294965744019
5547.4235 1.8135803937912
5547.8985 1.81338500976563
5548.3736 1.81212794780731
5548.8487 1.81086075305939
5549.3238 1.80958223342896
5549.7989 1.80829071998596
5550.2740 1.80825126171112
5550.7491 1.80973398685455
5551.2242 1.81120324134827
5551.6993 1.8126585483551
5552.1744 1.8140983581543
5552.6495 1.81445693969727
5553.1246 1.81357753276825
5553.5997 1.81267714500427
5554.0748 1.81175529956818
5554.5499 1.81081128120422
5555.0250 1.81018221378326
5555.5000 1.80989503860474
5555.9751 1.80958473682404
5556.4502 1.80925118923187
5556.9253 1.80889415740967
5557.4004 1.80853521823883
5557.8755 1.80817437171936
5558.3506 1.80779039859772
5558.8257 1.8073832988739
5559.3008 1.80695366859436
5559.7759 1.80664074420929
5560.2510 1.80643856525421
5560.7261 1.80621576309204
5561.2012 1.80597305297852
5561.6763 1.80571115016937
5562.1514 1.80550098419189
5562.6265 1.80533623695374
5563.1016 1.80515515804291
5563.5766 1.80495858192444
5564.0517 1.80474746227264
5564.5268 1.8045562505722
5565.0019 1.80438041687012
5565.4770 1.80419278144836
5565.9521 1.80399405956268
5566.4272 1.80378484725952
5566.9023 1.80295157432556
5567.3774 1.80162572860718
5567.8525 1.80029058456421
5568.3276 1.79894614219666
5568.8027 1.79759287834167
5569.2778 1.79618716239929
5569.7529 1.79474079608917
5570.2280 1.79328572750092
5570.7031 1.79182255268097
5571.1782 1.7903505563736
5571.6532 1.79000568389893
5572.1283 1.79042911529541
5572.6034 1.79084467887878
5573.0785 1.79125237464905
5573.5536 1.7916522026062
5574.0287 1.79099142551422
5574.5038 1.78965365886688
5574.9789 1.78830635547638
5575.4540 1.786949634552
5575.9291 1.7855829000473
5576.4042 1.78403949737549
5576.8793 1.78238785266876
5577.3544 1.78072583675385
5577.8295 1.77905321121216
5578.3046 1.77737033367157
5578.7797 1.77718591690063
5579.2548 1.77781248092651
5579.7298 1.77842998504639
5580.2049 1.7790390253067
5580.6800 1.77963995933533
5581.1551 1.77932524681091
5581.6302 1.77854895591736
5582.1053 1.77776610851288
5582.5804 1.77697718143463
5583.0555 1.77618265151978
5583.5306 1.77490699291229
5584.0057 1.77340865135193
5584.4808 1.77190685272217
5584.9559 1.77040243148804
5585.4310 1.76889586448669
5585.9061 1.76732504367828
5586.3812 1.76572716236115
5586.8563 1.76412951946259
5587.3313 1.76253294944763
5587.8064 1.76093804836273
5588.2815 1.76120376586914
5588.7566 1.76217913627625
5589.2317 1.76316010951996
5589.7068 1.76414740085602
5590.1819 1.76514196395874
5590.6570 1.76438987255096
5591.1321 1.76304519176483
5591.6072 1.76170969009399
5592.0823 1.76038479804993
5592.5574 1.75907075405121
5593.0325 1.75797462463379
5593.5076 1.7569545507431
5593.9827 1.75594735145569
5594.4578 1.75495326519012
5594.9329 1.75397312641144
5595.4079 1.7531533241272
5595.8830 1.75238752365112
5596.3581 1.75163602828979
5596.8332 1.75089919567108
5597.3083 1.75017666816711
5597.7834 1.74928426742554
5598.2585 1.74836194515228
5598.7336 1.74745357036591
5599.2087 1.74655830860138
5599.6838 1.74567627906799
5600.1589 1.74452233314514
5600.6340 1.74332189559937
5601.1091 1.74213302135468
5601.5842 1.74095523357391
5602.0593 1.73978841304779
5602.5344 1.73975992202759
5603.0095 1.73993957042694
5603.4845 1.74013006687164
5603.9596 1.74033105373383
5604.4347 1.7405424118042
5604.9098 1.74083375930786
5605.3849 1.74114561080933
5605.8600 1.74146747589111
5606.3351 1.74179995059967
5606.8102 1.74214291572571
5607.2853 1.74172830581665
5607.7604 1.74123501777649
5608.2355 1.74075186252594
5608.7106 1.74027943611145
5609.1857 1.73981785774231
5609.6608 1.7396867275238
5610.1359 1.73959565162659
5610.6110 1.73951661586761
5611.0861 1.73945045471191
5611.5611 1.73939728736877
5612.0362 1.73893511295319
5612.5113 1.73846101760864
5612.9864 1.73800086975098
5613.4615 1.73755502700806
5613.9366 1.73712408542633
5614.4117 1.73630237579346
5614.8868 1.73548150062561
5615.3619 1.73467564582825
5615.8370 1.73388457298279
5616.3121 1.73310840129852
5616.7872 1.73281717300415
5617.2623 1.73254561424255
5617.7374 1.73228871822357
5618.2125 1.73204660415649
5618.6876 1.73182857036591
5619.1626 1.7322564125061
5619.6377 1.73269879817963
5620.1128 1.73315477371216
5620.5879 1.73362374305725
5621.0630 1.73410582542419
5621.5381 1.73461008071899
5622.0132 1.73512554168701
5622.4883 1.73565125465393
5622.9634 1.73618650436401
5623.4385 1.73663723468781
5623.9136 1.73576772212982
5624.3887 1.73490285873413
5624.8638 1.73404133319855
5625.3389 1.73318219184875
5625.8140 1.73238778114319
5626.2891 1.7322279214859
5626.7642 1.73206758499146
5627.2392 1.73190593719482
5627.7143 1.73174154758453
5628.1894 1.73168849945068
5628.6645 1.73249411582947
5629.1396 1.73329520225525
5629.6147 1.73409032821655
5630.0898 1.73487877845764
5630.5649 1.73538672924042
5631.0400 1.73426723480225
5631.5151 1.7331348657608
5631.9902 1.73198807239532
5632.4653 1.73082566261292
5632.9404 1.72991108894348
5633.4155 1.7302633523941
5633.8906 1.73059856891632
5634.3657 1.73091542720795
5634.8408 1.73121285438538
5635.3158 1.73125338554382
5635.7909 1.73031437397003
5636.2660 1.72935152053833
5636.7411 1.72836410999298
5637.2162 1.72735071182251
5637.6913 1.72646307945251
5638.1664 1.72606873512268
5638.6415 1.72564733028412
5639.1166 1.72519826889038
5639.5917 1.72472131252289
5640.0668 1.72403764724731
5640.5419 1.72280025482178
5641.0170 1.72153353691101
5641.4921 1.72023737430573
5641.9672 1.71891176700592
5642.4423 1.71762812137604
5642.9174 1.71649718284607
5643.3924 1.71533811092377
5643.8675 1.71415114402771
5644.3426 1.71293747425079
5644.8177 1.71222352981567
5645.2928 1.71265017986298
5645.7679 1.71305370330811
5646.2430 1.71343588829041
5646.7181 1.7137975692749
5647.1932 1.71370434761047
5647.6683 1.71274757385254
5648.1434 1.7117748260498
5648.6185 1.71078753471375
5649.0936 1.70978772640228
5649.5687 1.70927226543427
5650.0438 1.70959258079529
5650.5189 1.70990633964539
5650.9939 1.71021604537964
5651.4690 1.71052289009094
5651.9441 1.7102906703949
5652.4192 1.70925045013428
5652.8943 1.70821332931519
5653.3694 1.7071807384491
5653.8445 1.70615482330322
5654.3196 1.70505404472351
5654.7947 1.70385336875916
5655.2698 1.70266389846802
5655.7449 1.70148718357086
5656.2200 1.70032477378845
5656.6951 1.69954109191895
5657.1702 1.69919967651367
5657.6453 1.6988765001297
5658.1204 1.69857215881348
5658.5955 1.69828808307648
5659.0705 1.69703817367554
5659.5456 1.69478893280029
5660.0207 1.69256019592285
5660.4958 1.69035172462463
5660.9709 1.68816375732422
5661.4460 1.68782663345337
5661.9211 1.68917942047119
5662.3962 1.69055414199829
5662.8713 1.69195079803467
5663.3464 1.6933685541153
5663.8215 1.69363188743591
5664.2966 1.69297206401825
5664.7717 1.69232940673828
5665.2468 1.69170260429382
5665.7219 1.69109070301056
5666.1970 1.68975365161896
5666.6721 1.687908411026
5667.1471 1.68607270717621
5667.6222 1.68424451351166
5668.0973 1.68242239952087
5668.5724 1.68211591243744
5669.0475 1.68274033069611
5669.5226 1.68336844444275
5669.9977 1.68399882316589
5670.4728 1.68463027477264
5670.9479 1.68452918529511
5671.4230 1.68403661251068
5671.8981 1.68354058265686
5672.3732 1.68303942680359
5672.8483 1.68253254890442
5673.3234 1.68217480182648
5673.7985 1.68188095092773
5674.2736 1.68157887458801
5674.7486 1.68126797676086
5675.2237 1.68094789981842
5675.6988 1.68035542964935
5676.1739 1.67965054512024
5676.6490 1.67893528938293
5677.1241 1.67820954322815
5677.5992 1.67747282981873
5678.0743 1.6767829656601
5678.5494 1.67610108852386
5679.0245 1.67540919780731
5679.4996 1.67470717430115
5679.9747 1.67399573326111
5680.4498 1.67275023460388
5680.9249 1.67135524749756
5681.4000 1.66995131969452
5681.8751 1.66853892803192
5682.3502 1.66711854934692
5682.8252 1.66676092147827
5683.3003 1.66662561893463
5683.7754 1.66648483276367
5684.2505 1.66633903980255
5684.7256 1.66618919372559
5685.2007 1.66579532623291
5685.6758 1.66535890102386
5686.1509 1.66491961479187
5686.6260 1.66447818279266
5687.1011 1.6640350818634
5687.5762 1.664626121521
5688.0513 1.66533780097961
5688.5264 1.66605019569397
5689.0015 1.66676342487335
5689.4766 1.6674782037735
5689.9517 1.6664412021637
5690.4268 1.66527688503265
5690.9018 1.66411399841309
5691.3769 1.66295289993286
5691.8520 1.66179406642914
5692.3271 1.66092562675476
5692.8022 1.66006970405579
5693.2773 1.65921747684479
5693.7524 1.65836930274963
5694.2275 1.65753197669983
5694.7026 1.65787363052368
5695.1777 1.65822184085846
5695.6528 1.65857672691345
5696.1279 1.65893912315369
5696.6030 1.65925121307373
5697.0781 1.65827786922455
5697.5532 1.65731227397919
5698.0283 1.65635466575623
5698.5034 1.65540528297424
5698.9784 1.65458130836487
5699.4535 1.65509569644928
5699.9286 1.65562057495117
5700.4037 1.6561564207077
5700.8788 1.65670323371887
5701.3539 1.65713214874268
5701.8290 1.65661454200745
5702.3041 1.65610766410828
5702.7792 1.65561103820801
5703.2543 1.65512490272522
5703.7294 1.6548023223877
5704.2045 1.65531039237976
5704.6796 1.65582919120789
5705.1547 1.65635848045349
5705.6298 1.65689826011658
5706.1049 1.65737748146057
5706.5799 1.65757858753204
5707.0550 1.65778827667236
5707.5301 1.65800642967224
5708.0052 1.65823197364807
5708.4803 1.65878868103027
5708.9554 1.66040277481079
5709.4305 1.66202402114868
5709.9056 1.66365170478821
5710.3807 1.66528522968292
5710.8558 1.66622734069824
5711.3309 1.66534376144409
5711.8060 1.66446042060852
5712.2811 1.66357624530792
5712.7562 1.66269040107727
5713.2313 1.66193723678589
5713.7064 1.66147398948669
5714.1815 1.66100609302521
5714.6565 1.66053283214569
5715.1316 1.66005301475525
5715.6067 1.65943622589111
5716.0818 1.65857827663422
5716.5569 1.65771043300629
5717.0320 1.65683257579803
5717.5071 1.65594387054443
5717.9822 1.65548741817474
5718.4573 1.65569126605988
5718.9324 1.6558837890625
5719.4075 1.6560652256012
5719.8826 1.65623486042023
5720.3577 1.65584671497345
5720.8328 1.65474855899811
5721.3079 1.65363740921021
5721.7830 1.65251266956329
5722.2581 1.65137505531311
5722.7331 1.65100574493408
5723.2082 1.65146708488464
5723.6833 1.65191721916199
5724.1584 1.65235662460327
5724.6335 1.65278506278992
5725.1086 1.65260481834412
5725.5837 1.65186882019043
5726.0588 1.65112233161926
5726.5339 1.65036571025848
5727.0090 1.64959967136383
5727.4841 1.64957594871521
5727.9592 1.65012061595917
5728.4343 1.65065789222717
5728.9094 1.65118861198425
5729.3845 1.65171337127686
5729.8596 1.64998805522919
5730.3347 1.64681601524353
5730.8097 1.64363622665405
5731.2848 1.64044940471649
5731.7599 1.63725543022156
5732.2350 1.63727533817291
5732.7101 1.63900506496429
5733.1852 1.64073324203491
5733.6603 1.64246010780334
5734.1354 1.6441867351532
5734.6105 1.644087433815
5735.0856 1.64319241046906
5735.5607 1.64229702949524
5736.0358 1.64140152931213
5736.5109 1.64050674438477
5736.9860 1.63896429538727
5737.4611 1.63719606399536
5737.9362 1.63542914390564
5738.4112 1.63366377353668
5738.8863 1.63190031051636
5739.3614 1.63096451759338
5739.8365 1.63025712966919
5740.3116 1.62955367565155
5740.7867 1.62885415554047
5741.2618 1.62815916538239
5741.7369 1.62770199775696
5742.2120 1.62729752063751
5742.6871 1.62689900398254
5743.1622 1.6265070438385
5743.6373 1.62612152099609
5744.1124 1.62546932697296
5744.5875 1.62478542327881
5745.0626 1.62410891056061
5745.5377 1.62343966960907
5746.0128 1.62277817726135
5746.4878 1.62228178977966
5746.9629 1.62180650234222
5747.4380 1.62133920192719
5747.9131 1.62087953090668
5748.3882 1.62042725086212
5748.8633 1.62000143527985
5749.3384 1.61958312988281
5749.8135 1.61917173862457
5750.2886 1.61876654624939
5750.7637 1.61836910247803
5751.2388 1.61811447143555
5751.7139 1.61786413192749
5752.1890 1.61761772632599
5752.6641 1.61737430095673
5753.1392 1.61711752414703
5753.6143 1.61663639545441
5754.0894 1.61615490913391
5754.5644 1.61567187309265
5755.0395 1.6151864528656
5755.5146 1.61474180221558
5755.9897 1.61465311050415
5756.4648 1.61455833911896
5756.9399 1.61445605754852
5757.4150 1.61434459686279
5757.8901 1.61423122882843
5758.3652 1.61414897441864
5758.8403 1.61405396461487
5759.3154 1.61394453048706
5759.7905 1.61381983757019
5760.2656 1.61360847949982
5760.7407 1.61311101913452
5761.2158 1.61259484291077
5761.6909 1.61205899715424
5762.1660 1.61150240898132
5762.6410 1.61076295375824
5763.1161 1.60953080654144
5763.5912 1.60827612876892
5764.0663 1.60699832439423
5764.5414 1.60569739341736
5765.0165 1.60438764095306
5765.4916 1.6030867099762
5765.9667 1.60176289081573
5766.4418 1.60041654109955
5766.9169 1.59904789924622
5767.3920 1.59841704368591
5767.8671 1.59914541244507
5768.3422 1.59985458850861
5768.8173 1.60054564476013
5769.2924 1.60121965408325
5769.7675 1.6013730764389
5770.2425 1.60077166557312
5770.7176 1.60015606880188
5771.1927 1.59952735900879
5771.6678 1.59888672828674
5772.1429 1.59791362285614
5772.6180 1.59654712677002
5773.0931 1.59517168998718
5773.5682 1.59378826618195
5774.0433 1.59239828586578
5774.5184 1.5908716917038
5774.9935 1.58921265602112
5775.4686 1.58754992485046
5775.9437 1.5858838558197
5776.4188 1.58421552181244
5776.8939 1.58311426639557
5777.3690 1.58246195316315
5777.8441 1.58180999755859
5778.3191 1.58115923404694
5778.7942 1.58051025867462
5779.2693 1.58055186271667
5779.7444 1.58103609085083
5780.2195 1.58152413368225
5780.6946 1.58201670646667
5781.1697 1.58251416683197
5781.6448 1.58172833919525
5782.1199 1.58029115200043
5782.5950 1.57885873317719
5783.0701 1.57743108272552
5783.5452 1.57600784301758
5784.0203 1.57516980171204
5784.4954 1.57456743717194
5784.9705 1.5739688873291
5785.4456 1.57337427139282
5785.9207 1.57278299331665
5786.3957 1.57214367389679
5786.8708 1.57149195671082
5787.3459 1.5708429813385
5787.8210 1.57019662857056
5788.2961 1.5695526599884
5788.7712 1.56942892074585
5789.2463 1.56941986083984
5789.7214 1.56941342353821
5790.1965 1.56940972805023
5790.6716 1.56940889358521
5791.1467 1.56888508796692
5791.6218 1.56829023361206
5792.0969 1.56769907474518
5792.5720 1.56711161136627
5793.0471 1.5665283203125
5793.5222 1.56594944000244
5793.9973 1.56537568569183
5794.4723 1.56480705738068
5794.9474 1.56424403190613
5795.4225 1.56368708610535
5795.8976 1.56352806091309
5796.3727 1.56338143348694
5796.8478 1.56324172019959
5797.3229 1.5631091594696
5797.7980 1.56298422813416
5798.2731 1.56287825107574
5798.7482 1.56278002262115
5799.2233 1.56268930435181
5799.6984 1.5626060962677
5800.1735 1.56250667572021
5800.6486 1.56219065189362
5801.1237 1.56188225746155
5801.5988 1.56158089637756
5802.0738 1.56128704547882
5802.5489 1.56108844280243
5803.0240 1.56138801574707
5803.4991 1.56169486045837
5803.9742 1.56200885772705
5804.4493 1.56233012676239
5804.9244 1.5624828338623
5805.3995 1.56197798252106
5805.8746 1.56148016452789
5806.3497 1.56098914146423
5806.8248 1.56050539016724
5807.2999 1.56006801128387
5807.7750 1.55974614620209
5808.2501 1.5594322681427
5808.7252 1.55912661552429
5809.2003 1.5588299036026
5809.6754 1.55898296833038
5810.1504 1.56006717681885
5810.6255 1.56116223335266
5811.1006 1.56226909160614
5811.5757 1.56338763237
5812.0508 1.56438159942627
5812.5259 1.56516551971436
5813.0010 1.56596255302429
5813.4761 1.56677269935608
5813.9512 1.5675961971283
5814.4263 1.56751561164856
5814.9014 1.56627798080444
5815.3765 1.5650520324707
5815.8516 1.56383752822876
5816.3267 1.56263411045074
5816.8018 1.56246387958527
5817.2769 1.56333446502686
5817.7520 1.56421685218811
5818.2270 1.56511056423187
5818.7021 1.56601500511169
5819.1772 1.56698894500732
5819.6523 1.5680193901062
5820.1274 1.56905925273895
5820.6025 1.57010793685913
5821.0776 1.57116460800171
5821.5527 1.57144331932068
5822.0278 1.57124066352844
5822.5029 1.57104241847992
5822.9780 1.57084739208221
5823.4531 1.57065510749817
5823.9282 1.56994760036469
5824.4033 1.56899392604828
5824.8784 1.56803870201111
5825.3535 1.56708133220673
5825.8285 1.56612038612366
5826.3036 1.56548929214478
5826.7787 1.56497228145599
5827.2538 1.56444978713989
5827.7289 1.56392097473145
5828.2040 1.5633852481842
5828.6791 1.56418335437775
5829.1542 1.56531310081482
5829.6293 1.56643581390381
5830.1044 1.56755173206329
5830.5795 1.56865990161896
5831.0546 1.56903505325317
5831.5297 1.56928360462189
5832.0048 1.56952309608459
5832.4799 1.5697535276413
5832.9550 1.56997466087341
5833.4301 1.57009172439575
5833.9051 1.57019150257111
5834.3802 1.57028186321259
5834.8553 1.57036280632019
5835.3304 1.5704345703125
5835.8055 1.56963205337524
5836.2806 1.56880617141724
5836.7557 1.56797051429749
5837.2308 1.56712532043457
5837.7059 1.56634771823883
5838.1810 1.5671249628067
5838.6561 1.56789445877075
5839.1312 1.56865656375885
5839.6063 1.56941139698029
5840.0814 1.57012128829956
5840.5565 1.57051944732666
5841.0316 1.57091057300568
5841.5067 1.57129514217377
5841.9817 1.57167315483093
5842.4568 1.57193112373352
5842.9319 1.57164001464844
5843.4070 1.57134258747101
5843.8821 1.57103943824768
5844.3572 1.57073032855988
5844.8323 1.57044160366058
5845.3074 1.57022929191589
5845.7825 1.57001209259033
5846.2576 1.56979012489319
5846.7327 1.56956386566162
5847.2078 1.56933903694153
5847.6829 1.56912338733673
5848.1580 1.56890380382538
5848.6331 1.56868076324463
5849.1082 1.56845438480377
5849.5833 1.56825530529022
5850.0583 1.56810617446899
5850.5334 1.56795406341553
5851.0085 1.56779956817627
5851.4836 1.56764256954193
5851.9587 1.56728827953339
5852.4338 1.56667542457581
5852.9089 1.5660605430603
5853.3840 1.5654433965683
5853.8591 1.56482446193695
5854.3342 1.56436479091644
5854.8093 1.56406581401825
5855.2844 1.56376540660858
5855.7595 1.56346392631531
5856.2346 1.56316113471985
5856.7097 1.56241345405579
5857.1848 1.56132173538208
5857.6598 1.5602285861969
5858.1349 1.55913424491882
5858.6100 1.55803871154785
5859.0851 1.55797410011292
5859.5602 1.55851209163666
5860.0353 1.5590500831604
5860.5104 1.55958819389343
5860.9855 1.56012618541718
5861.4606 1.56009984016418
5861.9357 1.55982887744904
5862.4108 1.5595577955246
5862.8859 1.55928635597229
5863.3610 1.55901479721069
5863.8361 1.55837523937225
5864.3112 1.55762314796448
5864.7863 1.55687046051025
5865.2614 1.55611729621887
5865.7364 1.55536413192749
5866.2115 1.55452394485474
5866.6866 1.55366635322571
5867.1617 1.55280840396881
5867.6368 1.55194997787476
5868.1119 1.55109119415283
5868.5870 1.55002892017365
5869.0621 1.54894399642944
5869.5372 1.54785847663879
5870.0123 1.54677248001099
5870.4874 1.54568600654602
5870.9625 1.54418277740479
5871.4376 1.54266631603241
5871.9127 1.5411491394043
5872.3878 1.53963112831116
5872.8629 1.5380722284317
5873.3380 1.53556573390961
5873.8130 1.53305792808533
5874.2881 1.53054857254028
5874.7632 1.52803778648376
5875.2383 1.52563512325287
5875.7134 1.52411115169525
5876.1885 1.52258634567261
5876.6636 1.52106058597565
5877.1387 1.51953399181366
5877.6138 1.51808404922485
5878.0889 1.51698422431946
5878.5640 1.51588344573975
5879.0391 1.51478230953217
5879.5142 1.51368033885956
5879.9893 1.51270151138306
5880.4644 1.51209115982056
5880.9395 1.51148045063019
5881.4146 1.51086902618408
5881.8896 1.51025748252869
5882.3647 1.50887036323547
5882.8398 1.50585508346558
5883.3149 1.50283777713776
5883.7900 1.49981868267059
5884.2651 1.49679780006409
5884.7402 1.49328744411469
5885.2153 1.48902606964111
5885.6904 1.48476195335388
5886.1655 1.48049521446228
5886.6406 1.47622585296631
5887.1157 1.47276532649994
5887.5908 1.47023117542267
5888.0659 1.46769535541534
5888.5410 1.46515786647797
5889.0161 1.46261858940125
5889.4911 1.46125304698944
5889.9662 1.46089231967926
5890.4413 1.46053099632263
5890.9164 1.46016931533813
5891.3915 1.45980715751648
5891.8666 1.45928919315338
5892.3417 1.45867204666138
5892.8168 1.4580545425415
5893.2919 1.45743632316589
5893.7670 1.45681750774384
5894.2421 1.45686960220337
5894.7172 1.45722949504852
5895.1923 1.45758962631226
5895.6674 1.45794951915741
5896.1425 1.45830929279327
5896.6176 1.4590859413147
5897.0927 1.45999503135681
5897.5677 1.4609043598175
5898.0428 1.46181392669678
5898.5179 1.46272373199463
5898.9930 1.46274435520172
5899.4681 1.46258759498596
5899.9432 1.46243035793304
5900.4183 1.46227264404297
5900.8934 1.46211457252502
5901.3685 1.4638923406601
5901.8436 1.46586573123932
5902.3187 1.46783995628357
5902.7938 1.46981501579285
5903.2689 1.47179102897644
5903.7440 1.47399747371674
5904.2191 1.47620868682861
5904.6942 1.4784209728241
5905.1693 1.48063445091248
5905.6443 1.48276948928833
5906.1194 1.48365497589111
5906.5945 1.48454058170319
5907.0696 1.48542666435242
5907.5447 1.48631286621094
5908.0198 1.48710715770721
5908.4949 1.48731517791748
5908.9700 1.48752295970917
5909.4451 1.48773074150085
5909.9202 1.48793816566467
5910.3953 1.48814272880554
5910.8704 1.48833703994751
5911.3455 1.4885311126709
5911.8206 1.488725066185
5912.2957 1.48891878128052
5912.7708 1.48867785930634
5913.2459 1.48737025260925
5913.7209 1.48606193065643
5914.1960 1.48475229740143
5914.6711 1.4834418296814
5915.1462 1.48166298866272
5915.6213 1.47907793521881
5916.0964 1.47649085521698
5916.5715 1.47390222549438
5917.0466 1.47131180763245
5917.5217 1.46904313564301
5917.9968 1.46717619895935
5918.4719 1.46530783176422
5918.9470 1.4634382724762
5919.4221 1.46156740188599
5919.8972 1.46045458316803
5920.3723 1.46003139019012
5920.8474 1.45960772037506
5921.3224 1.45918357372284
5921.7975 1.45875871181488
5922.2726 1.45983791351318
5922.7477 1.46190905570984
5923.2228 1.46398115158081
5923.6979 1.46605408191681
5924.1730 1.46812808513641
5924.6481 1.46890151500702
5925.1232 1.46906888484955
5925.5983 1.46923625469208
5926.0734 1.46940350532532
5926.5485 1.46957051753998
5927.0236 1.47039556503296
5927.4987 1.4714263677597
5927.9738 1.47245764732361
5928.4489 1.47348892688751
5928.9240 1.47452080249786
5929.3990 1.47550845146179
5929.8741 1.47648823261261
5930.3492 1.47746801376343
5930.8243 1.47844839096069
5931.2994 1.47942900657654
5931.7745 1.47926187515259
5932.2496 1.478999376297
5932.7247 1.47873640060425
5933.1998 1.47847318649292
5933.6749 1.47820377349854
5934.1500 1.47674918174744
5934.6251 1.47529351711273
5935.1002 1.47383666038513
5935.5753 1.47237884998322
5936.0504 1.47096049785614
5936.5255 1.46996927261353
5937.0006 1.46897685527802
5937.4756 1.46798396110535
5937.9507 1.46699023246765
5938.4258 1.46573793888092
5938.9009 1.46321547031403
5939.3760 1.46069133281708
5939.8511 1.45816552639008
5940.3262 1.45563781261444
5940.8013 1.45312488079071
5941.2764 1.45065867900848
5941.7515 1.44819092750549
5942.2266 1.44572138786316
5942.7017 1.44325006008148
5943.1768 1.44087290763855
5943.6519 1.43868386745453
5944.1270 1.43649351596832
5944.6021 1.43430149555206
5945.0771 1.43210792541504
5945.5522 1.43152558803558
5946.0273 1.43318557739258
5946.5024 1.4348464012146
5946.9775 1.43650782108307
5947.4526 1.43816983699799
5947.9277 1.43912577629089
5948.4028 1.43938148021698
5948.8779 1.43963718414307
5949.3530 1.43989276885986
5949.8281 1.44014823436737
5950.3032 1.44143033027649
5950.7783 1.44343543052673
5951.2534 1.44544124603271
5951.7285 1.4474481344223
5952.2036 1.44945597648621
5952.6787 1.45082247257233
5953.1537 1.45187616348267
5953.6288 1.45293021202087
5954.1039 1.45398473739624
5954.5790 1.45503950119019
5955.0541 1.45440924167633
5955.5292 1.45323884487152
5956.0043 1.4520674943924
5956.4794 1.45089542865753
5956.9545 1.44972229003906
5957.4296 1.4487407207489
5957.9047 1.44779396057129
5958.3798 1.44684624671936
5958.8549 1.44589805603027
5959.3300 1.44494891166687
5959.8051 1.44459438323975
5960.2802 1.44428420066834
5960.7553 1.44397354125977
5961.2303 1.44366264343262
5961.7054 1.44336068630219
5962.1805 1.44360423088074
5962.6556 1.44384753704071
5963.1307 1.44409072399139
5963.6058 1.44433391094208
5964.0809 1.44447684288025
5964.5560 1.44375991821289
5965.0311 1.44304239749908
5965.5062 1.44232416152954
5965.9813 1.44160544872284
5966.4564 1.44093489646912
5966.9315 1.44046950340271
5967.4066 1.44000363349915
5967.8817 1.43953704833984
5968.3568 1.43907010555267
5968.8319 1.43852376937866
5969.3069 1.43777501583099
5969.7820 1.43702554702759
5970.2571 1.43627536296844
5970.7322 1.43552446365356
5971.2073 1.43500781059265
5971.6824 1.43489122390747
5972.1575 1.43477427959442
5972.6326 1.4346569776535
5973.1077 1.4345395565033
5973.5828 1.43465173244476
5974.0579 1.4350346326828
5974.5330 1.43541777133942
5975.0081 1.43580079078674
5975.4832 1.43618381023407
5975.9583 1.43608093261719
5976.4334 1.43557786941528
5976.9084 1.43507444858551
5977.3835 1.4345703125
5977.8586 1.43406593799591
5978.3337 1.43338096141815
5978.8088 1.43259382247925
5979.2839 1.4318060874939
5979.7590 1.43101763725281
5980.2341 1.43022847175598
5980.7092 1.43033361434937
5981.1843 1.43077003955841
5981.6594 1.43120658397675
5982.1345 1.43164300918579
5982.6096 1.43207955360413
5983.0847 1.43287372589111
5983.5598 1.43374621868134
5984.0349 1.43461894989014
5984.5100 1.43549191951752
5984.9850 1.4363648891449
5985.4601 1.43633913993835
5985.9352 1.43622708320618
5986.4103 1.43611466884613
5986.8854 1.4360020160675
5987.3605 1.43588852882385
5987.8356 1.43568968772888
5988.3107 1.43549060821533
5988.7858 1.43529105186462
5989.2609 1.43509125709534
5989.7360 1.43484616279602
5990.2111 1.43418562412262
5990.6862 1.43352437019348
5991.1613 1.4328625202179
5991.6364 1.43219995498657
5992.1115 1.43147480487823
5992.5866 1.43048489093781
5993.0616 1.42949414253235
5993.5367 1.42850267887115
5994.0118 1.42751061916351
5994.4869 1.42676877975464
5994.9620 1.4266585111618
5995.4371 1.42654776573181
5995.9122 1.42643678188324
5996.3873 1.42632555961609
5996.8624 1.42652559280396
5997.3375 1.42723715305328
5997.8126 1.42794895172119
5998.2877 1.42866086959839
5998.7628 1.42937302589417
5999.2379 1.4301370382309
5999.7130 1.43095898628235
6000.1881 1.43178129196167
6000.6632 1.43260383605957
6001.1382 1.43342649936676
6001.6133 1.43363690376282
6002.0884 1.43338179588318
6002.5635 1.43312621116638
6003.0386 1.43287026882172
6003.5137 1.43261396884918
6003.9888 1.43228650093079
6004.4639 1.43192267417908
6004.9390 1.43155837059021
6005.4141 1.43119382858276
6005.8892 1.43082880973816
6006.3643 1.42966759204865
6006.8394 1.42825400829315
6007.3145 1.42683947086334
6007.7896 1.42542386054993
6008.2647 1.42400753498077
6008.7397 1.42467665672302
6009.2148 1.42569589614868
6009.6899 1.42671549320221
6010.1650 1.4277355670929
6010.6401 1.42875611782074
6011.1152 1.42691731452942
6011.5903 1.42493784427643
6012.0654 1.42295718193054
6012.5405 1.42097532749176
6013.0156 1.41915929317474
6013.4907 1.4204512834549
6013.9658 1.42174386978149
6014.4409 1.42303729057312
6014.9160 1.4243311882019
6015.3911 1.42519581317902
6015.8662 1.42360293865204
6016.3413 1.42200934886932
6016.8163 1.42041456699371
6017.2914 1.41881895065308
6017.7665 1.41766381263733
6018.2416 1.41785049438477
6018.7167 1.4180371761322
6019.1918 1.41822397708893
6019.6669 1.41841101646423
6020.1420 1.41874694824219
6020.6171 1.41936421394348
6021.0922 1.41998195648193
6021.5673 1.42059993743896
6022.0424 1.42121815681458
6022.5175 1.42103290557861
6022.9926 1.41984808444977
6023.4677 1.41866266727448
6023.9428 1.41747641563416
6024.4179 1.41628968715668
6024.8929 1.41522181034088
6025.3680 1.41425275802612
6025.8431 1.41328299045563
6026.3182 1.41231286525726
6026.7933 1.41134190559387
6027.2684 1.41081118583679
6027.7435 1.41052162647247
6028.2186 1.41023170948029
6028.6937 1.40994155406952
6029.1688 1.40965104103088
6029.6439 1.41017842292786
6030.1190 1.41098272800446
6030.5941 1.41178739070892
6031.0692 1.41259217262268
6031.5443 1.41339719295502
6032.0194 1.41281414031982
6032.4945 1.41198313236237
6032.9695 1.41115140914917
6033.4446 1.41031861305237
6033.9197 1.40948510169983
6034.3948 1.40841734409332
6034.8699 1.40733647346497
6035.3450 1.406254529953
6035.8201 1.40517115592957
6036.2952 1.40409016609192
6036.7703 1.40307140350342
6037.2454 1.40205132961273
6037.7205 1.40102982521057
6038.1956 1.40000677108765
6038.6707 1.3990650177002
6039.1458 1.39856922626495
6039.6209 1.39807212352753
6040.0960 1.39757347106934
6040.5710 1.39707362651825
6041.0461 1.39647674560547
6041.5212 1.39560663700104
6041.9963 1.39473438262939
6042.4714 1.39386010169983
6042.9465 1.39298391342163
6043.4216 1.39214932918549
6043.8967 1.39138984680176
6044.3718 1.39062798023224
6044.8469 1.38986349105835
6045.3220 1.38909661769867
6045.7971 1.38881742954254
6046.2722 1.38909447193146
6046.7473 1.38936901092529
6047.2224 1.38964104652405
6047.6975 1.38991069793701
6048.1726 1.38985371589661
6048.6476 1.38955187797546
6049.1227 1.38924694061279
6049.5978 1.38893854618073
6050.0729 1.38862657546997
6050.5480 1.38883233070374
6051.0231 1.38928246498108
6051.4982 1.38972914218903
6051.9733 1.39017200469971
6052.4484 1.39061117172241
6052.9235 1.38995790481567
6053.3986 1.38899970054626
6053.8737 1.38803672790527
6054.3488 1.38706874847412
6054.8239 1.38609600067139
6055.2990 1.38604140281677
6055.7741 1.38609623908997
6056.2492 1.38614642620087
6056.7242 1.38619148731232
6057.1993 1.38623201847076
6057.6744 1.3858095407486
6058.1495 1.38538074493408
6058.6246 1.38494694232941
6059.0997 1.38450801372528
6059.5748 1.38402414321899
6060.0499 1.38319182395935
6060.5250 1.38235449790955
6061.0001 1.38151252269745
6061.4752 1.38066554069519
6061.9503 1.38022029399872
6062.4254 1.38127911090851
6062.9005 1.38233435153961
6063.3756 1.3833863735199
6063.8507 1.38443505764008
6064.3258 1.38499879837036
6064.8008 1.38453710079193
6065.2759 1.38407254219055
6065.7510 1.38360476493835
6066.2261 1.38313436508179
6066.7012 1.38257813453674
6067.1763 1.38190913200378
6067.6514 1.3812370300293
6068.1265 1.38056206703186
6068.6016 1.37988412380219
6069.0767 1.37879264354706
6069.5518 1.3773467540741
6070.0269 1.37589752674103
6070.5020 1.37444496154785
6070.9771 1.37298941612244
6071.4522 1.37248873710632
6071.9273 1.37250506877899
6072.4023 1.37251901626587
6072.8774 1.37253141403198
6073.3525 1.37254238128662
6073.8276 1.37266659736633
6074.3027 1.37282645702362
6074.7778 1.37298667430878
6075.2529 1.37314748764038
6075.7280 1.37330961227417
6076.2031 1.37192392349243
6076.6782 1.37030804157257
6077.1533 1.36869430541992
6077.6284 1.36708307266235
6078.1035 1.36547482013702
6078.5786 1.36561369895935
6079.0537 1.36579012870789
6079.5288 1.36597120761871
6080.0039 1.36615717411041
6080.4789 1.36623775959015
6080.9540 1.36524748802185
6081.4291 1.364262342453
6081.9042 1.36328268051147
6082.3793 1.36230826377869
6082.8544 1.36142873764038
6083.3295 1.36090087890625
6083.8046 1.36037874221802
6084.2797 1.35986185073853
6084.7548 1.35935020446777
6085.2299 1.35893285274506
6085.7050 1.35871183872223
6086.1801 1.35849571228027
6086.6552 1.35828423500061
6087.1303 1.35807728767395
6087.6054 1.35766267776489
6088.0805 1.35697293281555
6088.5555 1.35628664493561
6089.0306 1.35560381412506
6089.5057 1.35492384433746
6089.9808 1.35492300987244
6090.4559 1.35548877716064
6090.9310 1.35605752468109
6091.4061 1.35662925243378
6091.8812 1.35720348358154
6092.3563 1.35695958137512
6092.8314 1.35629403591156
6093.3065 1.35563051700592
6093.7816 1.35496842861176
6094.2567 1.35430800914764
6094.7318 1.35382831096649
6095.2069 1.35340213775635
6095.6820 1.35297727584839
6096.1570 1.3525538444519
6096.6321 1.35213160514832
6097.1072 1.35146737098694
6097.5823 1.35077440738678
6098.0574 1.3500828742981
6098.5325 1.34939289093018
6099.0076 1.34871137142181
6099.4827 1.34915637969971
6099.9578 1.34960412979126
6100.4329 1.35005509853363
6100.9080 1.35050964355469
6101.3831 1.35097551345825
6101.8582 1.35149765014648
6102.3333 1.35202467441559
6102.8084 1.35255706310272
6103.2835 1.35309517383575
6103.7586 1.35349881649017
6104.2336 1.35346162319183
6104.7087 1.35343062877655
6105.1838 1.35340583324432
6105.6589 1.35338735580444
6106.1340 1.35319018363953
6106.6091 1.35266506671906
6107.0842 1.35214555263519
6107.5593 1.35163116455078
6108.0344 1.35112154483795
6108.5095 1.35025227069855
6108.9846 1.34898376464844
6109.4597 1.34771776199341
6109.9348 1.34645342826843
6110.4099 1.34519028663635
6110.8850 1.34469318389893
6111.3601 1.34472167491913
6111.8352 1.34474992752075
6112.3102 1.34477710723877
6112.7853 1.34480261802673
6113.2604 1.34398949146271
6113.7355 1.34283423423767
6114.2106 1.34167444705963
6114.6857 1.34050965309143
6115.1608 1.33933925628662
6115.6359 1.33937907218933
6116.1110 1.33965992927551
6116.5861 1.33993482589722
6117.0612 1.34020364284515
6117.5363 1.34046578407288
6118.0114 1.34200859069824
6118.4865 1.34361135959625
6118.9616 1.34520816802979
6119.4367 1.34679925441742
6119.9118 1.34820199012756
6120.3868 1.34724724292755
6120.8619 1.34628486633301
6121.3370 1.34531462192535
6121.8121 1.34433650970459
6122.2872 1.34336817264557
6122.7623 1.3424665927887
6123.2374 1.3415561914444
6123.7125 1.34063649177551
6124.1876 1.33970737457275
6124.6627 1.33920252323151
6125.1378 1.33963537216187
6125.6129 1.34005808830261
6126.0880 1.34047043323517
6126.5631 1.3408716917038
6127.0382 1.34100794792175
6127.5133 1.34080421924591
6127.9883 1.3405886888504
6128.4634 1.34036064147949
6128.9385 1.3401198387146
6129.4136 1.33866786956787
6129.8887 1.33625638484955
6130.3638 1.33383131027222
6130.8389 1.33139216899872
6131.3140 1.32893908023834
6131.7891 1.32895278930664
6132.2642 1.3301100730896
6132.7393 1.33125472068787
6133.2144 1.33238661289215
6133.6895 1.33350658416748
6134.1646 1.33414387702942
6134.6397 1.33465647697449
6135.1148 1.33515906333923
6135.5899 1.33565235137939
6136.0649 1.33613705635071
6136.5400 1.33488619327545
6137.0151 1.33349740505219
6137.4902 1.33210277557373
6137.9653 1.33070278167725
6138.4404 1.32929754257202
6138.9155 1.32787048816681
6139.3906 1.32644057273865
6139.8657 1.32500898838043
6140.3408 1.32357633113861
6140.8159 1.32241952419281
6141.2910 1.32252717018127
6141.7661 1.3226363658905
6142.2412 1.32274842262268
6142.7163 1.32286405563354
6143.1914 1.3226603269577
6143.6665 1.32172346115112
6144.1415 1.32079327106476
6144.6166 1.31987059116364
6145.0917 1.31895637512207
6145.5668 1.31797683238983
6146.0419 1.31690883636475
6146.5170 1.31585168838501
6146.9921 1.31480598449707
6147.4672 1.31377243995667
6147.9423 1.31336665153503
6148.4174 1.31346201896667
6148.8925 1.31357169151306
6149.3676 1.31369614601135
6149.8427 1.31383585929871
6150.3178 1.31303811073303
6150.7929 1.31181740760803
6151.2680 1.31061315536499
6151.7431 1.30942487716675
6152.2181 1.30825316905975
6152.6932 1.30661153793335
6153.1683 1.30487394332886
6153.6434 1.30315232276917
6154.1185 1.30144655704498
6154.5936 1.29975640773773
6155.0687 1.29906976222992
6155.5438 1.29846107959747
6156.0189 1.29786777496338
6156.4940 1.29728972911835
6156.9691 1.2966947555542
6157.4442 1.29568672180176
6157.9193 1.29469299316406
6158.3944 1.29371321201324
6158.8695 1.29274690151215
6159.3446 1.29227805137634
6159.8196 1.29377555847168
6160.2947 1.29528772830963
6160.7698 1.29681444168091
6161.2449 1.29835569858551
6161.7200 1.29967308044434
6162.1951 1.30051743984222
6162.6702 1.30137526988983
6163.1453 1.30224609375
6163.6204 1.30313014984131
6164.0955 1.30331552028656
6164.5706 1.30267322063446
6165.0457 1.30204153060913
6165.5208 1.30141997337341
6165.9959 1.30080842971802
6166.4710 1.30097579956055
6166.9461 1.30168902873993
6167.4212 1.30241250991821
6167.8962 1.3031462430954
6168.3713 1.30388951301575
6168.8464 1.30386447906494
6169.3215 1.30354642868042
6169.7966 1.30323600769043
6170.2717 1.30293345451355
6170.7468 1.30263805389404
6171.2219 1.30385005474091
6171.6970 1.3053297996521
6172.1721 1.30681777000427
6172.6472 1.30831348896027
6173.1223 1.30981683731079
6173.5974 1.30949223041534
6174.0725 1.30914437770844
6174.5476 1.30880069732666
6175.0227 1.30846095085144
6175.4978 1.30815613269806
6175.9728 1.30808973312378
6176.4479 1.30802643299103
6176.9230 1.30796539783478
6177.3981 1.30790638923645
6177.8732 1.30755877494812
6178.3483 1.30634641647339
6178.8234 1.30513370037079
6179.2985 1.30392014980316
6179.7736 1.30270540714264
6180.2487 1.30204057693481
6180.7238 1.30225491523743
6181.1989 1.30246901512146
6181.6740 1.30268263816834
6182.1491 1.30289590358734
6182.6242 1.30295622348785
6183.0993 1.30287492275238
6183.5744 1.30279219150543
6184.0494 1.30270826816559
6184.5245 1.30262279510498
6184.9996 1.30339539051056
6185.4747 1.30462074279785
6185.9498 1.30584526062012
6186.4249 1.30706882476807
6186.9000 1.30829071998596
6187.3751 1.30833852291107
6187.8502 1.30807089805603
6188.3253 1.30779826641083
6188.8004 1.30751943588257
6189.2755 1.3072338104248
6189.7506 1.30655431747437
6190.2257 1.30583453178406
6190.7008 1.30510437488556
6191.1759 1.30436253547668
6191.6509 1.30361568927765
6192.1260 1.30297231674194
6192.6011 1.30231392383575
6193.0762 1.30163931846619
6193.5513 1.30094754695892
6194.0264 1.30035006999969
6194.5015 1.30018389225006
6194.9766 1.29999852180481
6195.4517 1.29979312419891
6195.9268 1.29956722259521
6196.4019 1.29924464225769
6196.8770 1.29875254631042
6197.3521 1.29823887348175
6197.8272 1.29770410060883
6198.3023 1.29714798927307
6198.7774 1.29730010032654
6199.2525 1.29823613166809
6199.7275 1.29915285110474
6200.2026 1.3000510931015
6200.6777 1.30093157291412
6201.1528 1.3010573387146
6201.6279 1.30070340633392
6202.1030 1.30033326148987
6202.5781 1.29994785785675
6203.0532 1.2995480298996
6203.5283 1.29865062236786
6204.0034 1.29758203029633
6204.4785 1.29650115966797
6204.9536 1.2954089641571
6205.4287 1.29430603981018
6205.9038 1.29401326179504
6206.3789 1.29380929470062
6206.8540 1.2935973405838
6207.3291 1.29337787628174
6207.8041 1.29315495491028
6208.2792 1.29301750659943
6208.7543 1.29287481307983
6209.2294 1.29272723197937
6209.7045 1.2925751209259
6210.1796 1.29212975502014
6210.6547 1.29031097888947
6211.1298 1.28848886489868
6211.6049 1.28666353225708
6212.0800 1.28483510017395
6212.5551 1.28333234786987
6213.0302 1.28253841400146
6213.5053 1.28174257278442
6213.9804 1.28094506263733
6214.4555 1.28014647960663
6214.9306 1.27928781509399
6215.4057 1.27835869789124
6215.8807 1.2774293422699
6216.3558 1.27650034427643
6216.8309 1.27557194232941
6217.3060 1.2750563621521
6217.7811 1.27481710910797
6218.2562 1.27458024024963
6218.7313 1.27434647083282
6219.2064 1.27411639690399
6219.6815 1.27389323711395
6220.1566 1.27367615699768
6220.6317 1.27346444129944
6221.1068 1.27325928211212
6221.5819 1.2730610370636
6222.0570 1.27244210243225
6222.5321 1.2717764377594
6223.0072 1.27111911773682
6223.4822 1.27047109603882
6223.9573 1.26982545852661
6224.4324 1.26896250247955
6224.9075 1.2681097984314
6225.3826 1.26726794242859
6225.8577 1.266437292099
6226.3328 1.26578211784363
6226.8079 1.26591289043427
6227.2830 1.26605629920959
6227.7581 1.26621234416962
6228.2332 1.2663813829422
6228.7083 1.26630795001984
6229.1834 1.26570475101471
6229.6585 1.26511454582214
6230.1336 1.26453721523285
6230.6087 1.26397299766541
6231.0838 1.26298379898071
6231.5588 1.26150488853455
6232.0339 1.26003742218018
6232.5090 1.25858187675476
6232.9841 1.25713765621185
6233.4592 1.25709688663483
6233.9343 1.25795221328735
6234.4094 1.2588198184967
6234.8845 1.25969958305359
6235.3596 1.2605916261673
6235.8347 1.26022350788116
6236.3098 1.25946056842804
6236.7849 1.25870776176453
6237.2600 1.25796473026276
6237.7351 1.25723135471344
6238.2102 1.25748872756958
6238.6853 1.25785827636719
6239.1604 1.25823736190796
6239.6354 1.25862598419189
6240.1105 1.25898492336273
6240.5856 1.25867104530334
6241.0607 1.25836455821991
6241.5358 1.25806534290314
6242.0109 1.257772564888
6242.4860 1.25740218162537
6242.9611 1.25670456886292
6243.4362 1.25601172447205
6243.9113 1.25532281398773
6244.3864 1.2546374797821
6244.8615 1.2541766166687
6245.3366 1.25412940979004
6245.8117 1.25408446788788
6246.2868 1.25404143333435
6246.7619 1.25399971008301
6247.2369 1.25410556793213
6247.7120 1.25435876846313
6248.1871 1.25461196899414
6248.6622 1.25486481189728
6249.1373 1.25511658191681
6249.6124 1.2552764415741
6250.0875 1.2553858757019
6250.5626 1.25549256801605
6251.0377 1.25559639930725
6251.5128 1.25569677352905
6251.9879 1.25613355636597
6252.4630 1.25665163993835
6252.9381 1.25716543197632
6253.4132 1.2576744556427
6253.8883 1.2581787109375
6254.3634 1.25900340080261
6254.8385 1.25983941555023
6255.3135 1.26067018508911
6255.7886 1.26149487495422
6256.2637 1.26214051246643
6256.7388 1.26126444339752
6257.2139 1.26038014888763
6257.6890 1.2594872713089
6258.1641 1.25858545303345
6258.6392 1.2577223777771
6259.1143 1.25698959827423
6259.5894 1.2562472820282
6260.0645 1.25549530982971
6260.5396 1.25473344326019
6261.0147 1.25445163249969
6261.4898 1.25487422943115
6261.9649 1.25528740882874
6262.4400 1.25569140911102
6262.9151 1.25608611106873
6263.3901 1.25605392456055
6263.8652 1.25568437576294
6264.3403 1.25530517101288
6264.8154 1.25491631031036
6265.2905 1.25451827049255
6265.7656 1.2546534538269
6266.2407 1.25499737262726
6266.7158 1.25533282756805
6267.1909 1.25566041469574
6267.6660 1.25597977638245
6268.1411 1.25435626506805
6268.6162 1.25243020057678
6269.0913 1.25049555301666
6269.5664 1.24855256080627
6270.0415 1.24660503864288
6270.5166 1.24480438232422
6270.9917 1.24299621582031
6271.4667 1.24118101596832
6271.9418 1.23935878276825
6272.4169 1.23716115951538
6272.8920 1.2332569360733
6273.3671 1.22934544086456
6273.8422 1.22542726993561
6274.3173 1.22150230407715
6274.7924 1.21725392341614
6275.2675 1.21236681938171
6275.7426 1.20747351646423
6276.2177 1.20257437229156
6276.6928 1.19766914844513
6277.1679 1.19394433498383
6277.6430 1.19144678115845
6278.1181 1.18894517421722
6278.5932 1.18643963336945
6279.0682 1.18393039703369
6279.5433 1.18180739879608
6280.0184 1.17989325523376
6280.4935 1.17797613143921
6280.9686 1.17605626583099
6281.4437 1.17413365840912
6281.9188 1.17629683017731
6282.3939 1.17945051193237
6282.8690 1.18260383605957
6283.3441 1.18575692176819
6283.8192 1.18891000747681
6284.2943 1.19300353527069
6284.7694 1.19713354110718
6285.2445 1.20126414299011
6285.7196 1.20539510250092
6286.1947 1.2091338634491
6286.6698 1.21003341674805
6287.1448 1.21093189716339
6287.6199 1.21182978153229
6288.0950 1.21272695064545
6288.5701 1.21310496330261
6289.0452 1.21215319633484
6289.5203 1.21119964122772
6289.9954 1.21024489402771
6290.4705 1.20928847789764
6290.9456 1.20859742164612
6291.4207 1.20824432373047
6291.8958 1.20788979530334
6292.3709 1.20753407478333
6292.8460 1.20717692375183
6293.3211 1.20690786838531
6293.7962 1.2066969871521
6294.2713 1.2064847946167
6294.7464 1.20627093315125
6295.2214 1.20605552196503
6295.6965 1.20613205432892
6296.1716 1.20629918575287
6296.6467 1.20646476745605
6297.1218 1.2066285610199
6297.5969 1.2067905664444
6298.0720 1.20597410202026
6298.5471 1.20507335662842
6299.0222 1.20417034626007
6299.4973 1.20326495170593
6299.9724 1.20246517658234
6300.4475 1.20283424854279
6300.9226 1.2032014131546
6301.3977 1.20356631278992
6301.8728 1.2039293050766
6302.3479 1.20428276062012
6302.8230 1.2046126127243
6303.2980 1.20494031906128
6303.7731 1.20526564121246
6304.2482 1.20558893680573
6304.7233 1.2060204744339
6305.1984 1.20660901069641
6305.6735 1.207195520401
6306.1486 1.20778000354767
6306.6237 1.2083625793457
6307.0988 1.2085108757019
6307.5739 1.20833539962769
6308.0490 1.20815813541412
6308.5241 1.20797908306122
6308.9992 1.20779824256897
6309.4743 1.20705366134644
6309.9494 1.20610702037811
6310.4245 1.20515918731689
6310.8995 1.20421028137207
6311.3746 1.20326054096222
6311.8497 1.20432794094086
6312.3248 1.20561528205872
6312.7999 1.20690321922302
6313.2750 1.20819234848022
6313.7501 1.20938742160797
6314.2252 1.20925569534302
6314.7003 1.20912551879883
6315.1754 1.2089968919754
6315.6505 1.20887017250061
6316.1256 1.20875322818756
6316.6007 1.20866513252258
6317.0758 1.20857858657837
6317.5509 1.2084938287735
6318.0260 1.2084105014801
6318.5011 1.20860910415649
6318.9761 1.20923209190369
6319.4512 1.2098560333252
6319.9263 1.21048057079315
6320.4014 1.21110558509827
6320.8765 1.21076941490173
6321.3516 1.20969498157501
6321.8267 1.20861887931824
6322.3018 1.20754134654999
6322.7769 1.20646131038666
6323.2520 1.20638000965118
6323.7271 1.20666062831879
6324.2022 1.20693826675415
6324.6773 1.20721304416656
6325.1524 1.20748436450958
6325.6275 1.20843255519867
6326.1026 1.2094521522522
6326.5777 1.21046876907349
6327.0527 1.21148228645325
6327.5278 1.21245694160461
6328.0029 1.21294784545898
6328.4780 1.21343588829041
6328.9531 1.21392095088959
6329.4282 1.2144033908844
6329.9033 1.21427369117737
6330.3784 1.21219491958618
6330.8535 1.21011281013489
6331.3286 1.20802712440491
6331.8037 1.20593762397766
6332.2788 1.2043719291687
6332.7539 1.20356845855713
6333.2290 1.20276093482971
6333.7041 1.20194947719574
6334.1792 1.20113408565521
6334.6543 1.20103776454926
6335.1293 1.20146536827087
6335.6044 1.20188975334167
6336.0795 1.20231103897095
6336.5546 1.20272958278656
6337.0297 1.20255732536316
6337.5048 1.20218563079834
6337.9799 1.20181226730347
6338.4550 1.2014377117157
6338.9301 1.2010623216629
6339.4052 1.20133209228516
6339.8803 1.20165824890137
6340.3554 1.20198559761047
6340.8305 1.20231437683105
6341.3056 1.20255446434021
6341.7807 1.20189774036407
6342.2558 1.20124411582947
6342.7308 1.20059418678284
6343.2059 1.19994843006134
6343.6810 1.19904971122742
6344.1561 1.19743895530701
6344.6312 1.19583308696747
6345.1063 1.19423222541809
6345.5814 1.19263684749603
6346.0565 1.19149172306061
6346.5316 1.19092559814453
6347.0067 1.19036507606506
6347.4818 1.18981039524078
6347.9569 1.18926131725311
6348.4320 1.18928241729736
6348.9071 1.18966960906982
6349.3822 1.19006288051605
6349.8573 1.19046211242676
6350.3324 1.19086742401123
6350.8074 1.19171977043152
6351.2825 1.19269955158234
6351.7576 1.19368505477905
6352.2327 1.19467639923096
6352.7078 1.19567346572876
6353.1829 1.19508695602417
6353.6580 1.19443738460541
6354.1331 1.19379198551178
6354.6082 1.19315040111542
6355.0833 1.19275498390198
6355.5584 1.19392704963684
6356.0335 1.19510281085968
6356.5086 1.19628202915192
6356.9837 1.19746446609497
6357.4588 1.19827246665955
6357.9339 1.19824266433716
6358.4090 1.19821488857269
6358.8840 1.19818890094757
6359.3591 1.19816446304321
6359.8342 1.19794380664825
6360.3093 1.19751536846161
6360.7844 1.19708740711212
6361.2595 1.19665968418121
6361.7346 1.19623184204102
6362.2097 1.19581890106201
6362.6848 1.19541299343109
6363.1599 1.19500613212585
6363.6350 1.19459843635559
6364.1101 1.19418942928314
6364.5852 1.19366884231567
6365.0603 1.19312560558319
6365.5354 1.19258034229279
6366.0105 1.19203293323517
6366.4856 1.19147741794586
6366.9606 1.19061124324799
6367.4357 1.18974208831787
6367.9108 1.18886995315552
6368.3859 1.18799459934235
6368.8610 1.18714165687561
6369.3361 1.18638896942139
6369.8112 1.18563270568848
6370.2863 1.18487274646759
6370.7614 1.18410909175873
6371.2365 1.18382740020752
6371.7116 1.1843489408493
6372.1867 1.1848669052124
6372.6618 1.1853814125061
6373.1369 1.18589222431183
6373.6120 1.18560218811035
6374.0871 1.18467020988464
6374.5621 1.18373429775238
6375.0372 1.18279445171356
6375.5123 1.18185067176819
6375.9874 1.1823958158493
6376.4625 1.18347430229187
6376.9376 1.18455016613007
6377.4127 1.18562388420105
6377.8878 1.18669557571411
6378.3629 1.18716824054718
6378.8380 1.18758523464203
6379.3131 1.18800115585327
6379.7882 1.18841695785522
6380.2633 1.18871116638184
6380.7384 1.18788313865662
6381.2135 1.18705582618713
6381.6886 1.18622946739197
6382.1637 1.18540453910828
6382.6387 1.18484997749329
6383.1138 1.18498980998993
6383.5889 1.18513262271881
6384.0640 1.1852787733078
6384.5391 1.18542873859406
6385.0142 1.18559074401855
6385.4893 1.18576622009277
6385.9644 1.18594646453857
6386.4395 1.18613195419312
6386.9146 1.18632233142853
6387.3897 1.1855320930481
6387.8648 1.18420386314392
6388.3399 1.18288040161133
6388.8150 1.18156158924103
6389.2901 1.18024730682373
6389.7652 1.17995357513428
6390.2403 1.17987501621246
6390.7153 1.17980074882507
6391.1904 1.17973029613495
6391.6655 1.17966604232788
6392.1406 1.1797833442688
6392.6157 1.17990350723267
6393.0908 1.18002653121948
6393.5659 1.1801518201828
6394.0410 1.18001532554626
6394.5161 1.17880749702454
6394.9912 1.17759990692139
6395.4663 1.17639207839966
6395.9414 1.17518329620361
6396.4165 1.17445766925812
6396.8916 1.17451190948486
6397.3667 1.17456483840942
6397.8418 1.17461597919464
6398.3168 1.17466509342194
6398.7919 1.17491185665131
6399.2670 1.17530798912048
6399.7421 1.17570197582245
6400.2172 1.17609357833862
6400.6923 1.17648279666901
6401.1674 1.1758748292923
6401.6425 1.17494094371796
6402.1176 1.17400431632996
6402.5927 1.17306566238403
6403.0678 1.1721248626709
6403.5429 1.17300283908844
6404.0180 1.17399299144745
6404.4931 1.17498302459717
6404.9682 1.17597317695618
6405.4433 1.17664909362793
6405.9184 1.17520308494568
6406.3934 1.17375767230988
6406.8685 1.17231345176697
6407.3436 1.17087078094482
6407.8187 1.17018461227417
6408.2938 1.17112553119659
6408.7689 1.17207026481628
6409.2440 1.17301952838898
6409.7191 1.17397344112396
6410.1942 1.17395901679993
6410.6693 1.17299902439117
6411.1444 1.17204403877258
6411.6195 1.17109417915344
6412.0946 1.17014980316162
6412.5697 1.17022228240967
6413.0448 1.1707444190979
6413.5199 1.17127311229706
6413.9950 1.17180824279785
6414.4700 1.17234969139099
6414.9451 1.17105495929718
6415.4202 1.16952574253082
6415.8953 1.16800141334534
6416.3704 1.16648125648499
6416.8455 1.16500616073608
6417.3206 1.1640362739563
6417.7957 1.16307020187378
6418.2708 1.16210722923279
6418.7459 1.16114699840546
6419.2210 1.16035604476929
6419.6961 1.16002678871155
6420.1712 1.15969979763031
6420.6463 1.15937471389771
6421.1214 1.15905117988586
6421.5965 1.15928316116333
6422.0716 1.1601734161377
6422.5466 1.16106534004211
6423.0217 1.16195905208588
6423.4968 1.1628543138504
6423.9719 1.16345822811127
6424.4470 1.16390550136566
6424.9221 1.16435408592224
6425.3972 1.16480374336243
6425.8723 1.16525447368622
6426.3474 1.16491806507111
6426.8225 1.16443467140198
6427.2976 1.16395163536072
6427.7727 1.16346919536591
6428.2478 1.16304790973663
6428.7229 1.16427493095398
6429.1980 1.16550350189209
6429.6731 1.16673338413239
6430.1481 1.16796457767487
6430.6232 1.16858386993408
6431.0983 1.16714322566986
6431.5734 1.16570162773132
6432.0485 1.16425883769989
6432.5236 1.16281425952911
6432.9987 1.16188943386078
6433.4738 1.16167199611664
6433.9489 1.16145277023315
6434.4240 1.16123127937317
6434.8991 1.16100740432739
6435.3742 1.16119909286499
6435.8493 1.16164565086365
6436.3244 1.16208946704865
6436.7995 1.16253006458282
6437.2746 1.16296720504761
6437.7497 1.16254961490631
6438.2247 1.16193318367004
6438.6998 1.16131210327148
6439.1749 1.16068625450134
6439.6500 1.16005837917328
6440.1251 1.15974056720734
6440.6002 1.15941786766052
6441.0753 1.15908992290497
6441.5504 1.15875697135925
6442.0255 1.15825724601746
6442.5006 1.15713274478912
6442.9757 1.15600275993347
6443.4508 1.15486764907837
6443.9259 1.1537276506424
6444.4010 1.15297532081604
6444.8761 1.15279746055603
6445.3512 1.15261566638947
6445.8263 1.15243017673492
6446.3013 1.15224123001099
6446.7764 1.15170967578888
6447.2515 1.15095019340515
6447.7266 1.15018773078918
6448.2017 1.14942216873169
6448.6768 1.1486542224884
6449.1519 1.14801943302155
6449.6270 1.14741611480713
6450.1021 1.14681100845337
6450.5772 1.14620399475098
6451.0523 1.14559507369995
6451.5274 1.14497327804565
6452.0025 1.14435005187988
6452.4776 1.14372575283051
6452.9527 1.14310014247894
6453.4278 1.14250898361206
6453.9029 1.14205944538116
6454.3779 1.14160919189453
6454.8530 1.14115822315216
6455.3281 1.14070677757263
6455.8032 1.13990330696106
6456.2783 1.13856863975525
6456.7534 1.1372332572937
6457.2285 1.135897397995
6457.7036 1.13456094264984
6458.1787 1.13358938694
6458.6538 1.13286173343658
6459.1289 1.13213384151459
6459.6040 1.13140594959259
6460.0791 1.13067805767059
6460.5542 1.13009357452393
6461.0293 1.12954473495483
6461.5044 1.12899601459503
6461.9794 1.12844753265381
6462.4545 1.12789976596832
6462.9296 1.12758159637451
6463.4047 1.12726378440857
6463.8798 1.12694621086121
6464.3549 1.12662887573242
6464.8300 1.12617182731628
6465.3051 1.12517189979553
6465.7802 1.1241717338562
6466.2553 1.12317168712616
6466.7304 1.12217152118683
6467.2055 1.12121987342834
6467.6806 1.12033915519714
6468.1557 1.11945807933807
6468.6308 1.11857724189758
6469.1059 1.1176962852478
6469.5810 1.11669158935547
6470.0560 1.11560773849487
6470.5311 1.11452388763428
6471.0062 1.1134397983551
6471.4813 1.11235558986664
6471.9564 1.11119663715363
6472.4315 1.11002051830292
6472.9066 1.10884404182434
6473.3817 1.10766732692719
6473.8568 1.10650777816772
6474.3319 1.10618877410889
6474.8070 1.10586988925934
6475.2821 1.10555100440979
6475.7572 1.10523211956024
6476.2323 1.10460102558136
6476.7074 1.10289692878723
6477.1825 1.10119211673737
6477.6576 1.09948658943176
6478.1326 1.097780585289
6478.6077 1.09668982028961
6479.0828 1.09641087055206
6479.5579 1.09613180160522
6480.0330 1.09585285186768
6480.5081 1.09557366371155
6480.9832 1.09544968605042
6481.4583 1.09541392326355
6481.9334 1.09537816047668
6482.4085 1.09534239768982
6482.8836 1.09530663490295
6483.3587 1.09541916847229
6483.8338 1.09555900096893
6484.3089 1.09569883346558
6484.7840 1.09583866596222
6485.2591 1.09591507911682
6485.7342 1.09484386444092
6486.2092 1.09377205371857
6486.6843 1.09269976615906
6487.1594 1.09162676334381
6487.6345 1.09091949462891
6488.1096 1.09125185012817
6488.5847 1.09158420562744
6489.0598 1.09191679954529
6489.5349 1.09224915504456
6490.0100 1.09214067459106
6490.4851 1.09153342247009
6490.9602 1.09092581272125
6491.4353 1.09031760692596
6491.9104 1.0897091627121
6492.3855 1.09028220176697
6492.8606 1.09141492843628
6493.3357 1.09254801273346
6493.8107 1.0936815738678
6494.2858 1.09481549263
6494.7609 1.09423828125
6495.2360 1.09344625473022
6495.7111 1.092653632164
6496.1862 1.0918607711792
6496.6613 1.09126091003418
6497.1364 1.09242296218872
6497.6115 1.09358549118042
6498.0866 1.09474813938141
6498.5617 1.09591138362885
6499.0368 1.09674346446991
6499.5119 1.09683847427368
6499.9870 1.09693360328674
6500.4621 1.09702849388123
6500.9372 1.09712326526642
6501.4123 1.09759187698364
6501.8873 1.09840321540833
6502.3624 1.09921479225159
6502.8375 1.10002672672272
6503.3126 1.10083878040314
6503.7877 1.10153675079346
6504.2628 1.10219359397888
6504.7379 1.10285043716431
6505.2130 1.10350751876831
6505.6881 1.1041647195816
6506.1632 1.10258233547211
6506.6383 1.10087370872498
6507.1134 1.09916400909424
6507.5885 1.09745359420776
6508.0636 1.09560775756836
6508.5387 1.09305703639984
6509.0138 1.09050500392914
6509.4889 1.08795177936554
6509.9639 1.08539724349976
6510.4390 1.08366847038269
6510.9141 1.08332109451294
6511.3892 1.0829735994339
6511.8643 1.08262574672699
6512.3394 1.08227753639221
6512.8145 1.08027148246765
6513.2896 1.07710719108582
6513.7647 1.07394123077393
6514.2398 1.07077383995056
6514.7149 1.06760489940643
6515.1900 1.06601202487946
6515.6651 1.06480276584625
6516.1402 1.06359279155731
6516.6153 1.06238222122192
6517.0904 1.06116795539856
6517.5655 1.05981516838074
6518.0405 1.05846154689789
6518.5156 1.0571072101593
6518.9907 1.05575227737427
6519.4658 1.0550262928009
6519.9409 1.05633699893951
6520.4160 1.05764806270599
6520.8911 1.05895960330963
6521.3662 1.06027162075043
6521.8413 1.06093740463257
6522.3164 1.06082272529602
6522.7915 1.06070780754089
6523.2666 1.06059265136719
6523.7417 1.06047737598419
6524.2168 1.06090295314789
6524.6919 1.06159436702728
6525.1670 1.06228601932526
6525.6420 1.06297779083252
6526.1171 1.06366968154907
6526.5922 1.06297969818115
6527.0673 1.06211638450623
6527.5424 1.06125259399414
6528.0175 1.06038808822632
6528.4926 1.05947911739349
6528.9677 1.05820322036743
6529.4428 1.05692648887634
6529.9179 1.05564904212952
6530.3930 1.05437099933624
6530.8681 1.05299484729767
6531.3432 1.0514167547226
6531.8183 1.04983794689178
6532.2934 1.04825818538666
6532.7685 1.04667770862579
6533.2436 1.04537868499756
6533.7186 1.04431343078613
6534.1937 1.04324746131897
6534.6688 1.04218101501465
6535.1439 1.04111397266388
6535.6190 1.03889429569244
6536.0941 1.03632354736328
6536.5692 1.03375136852264
6537.0443 1.03117799758911
6537.5194 1.02860343456268
6537.9945 1.02602863311768
6538.4696 1.02345252037048
6538.9447 1.0208752155304
6539.4198 1.01829659938812
6539.8949 1.0156672000885
6540.3700 1.01284992694855
6540.8451 1.01003122329712
6541.3202 1.00721120834351
6541.7952 1.00438988208771
6542.2703 1.00127112865448
6542.7454 0.997761130332947
6543.2205 0.99424946308136
6543.6956 0.990736126899719
6544.1707 0.987221121788025
6544.6458 0.98174524307251
6545.1209 0.97523307800293
6545.5960 0.968717992305756
6546.0711 0.962199926376343
6546.5462 0.955678820610046
6547.0213 0.950162291526794
6547.4964 0.944783270359039
6547.9715 0.939401745796204
6548.4466 0.934017717838287
6548.9217 0.928559958934784
6549.3967 0.922471523284912
6549.8718 0.916380286216736
6550.3469 0.910286247730255
6550.8220 0.904189348220825
6551.2971 0.897394895553589
6551.7722 0.889164209365845
6552.2473 0.880929708480835
6552.7224 0.872691512107849
6553.1975 0.864449501037598
6553.6726 0.855770945549011
6554.1477 0.846736669540405
6554.6228 0.837698459625244
6555.0979 0.828656077384949
6555.5730 0.819609642028809
6556.0481 0.808867812156677
6556.5232 0.797637045383453
6556.9983 0.786401212215424
6557.4733 0.775160312652588
6557.9484 0.763922274112701
6558.4235 0.754755079746246
6558.8986 0.745583772659302
6559.3737 0.736408352851868
6559.8488 0.727228820323944
6560.3239 0.718904554843903
6560.7990 0.713442921638489
6561.2741 0.70797872543335
6561.7492 0.702512085437775
6562.2243 0.697042942047119
6562.6994 0.693271040916443
6563.1745 0.691507458686829
6563.6496 0.689743041992188
6564.1247 0.687977731227875
6564.5998 0.686211585998535
6565.0749 0.687751531600952
6565.5499 0.690803647041321
6566.0250 0.693857133388519
6566.5001 0.696911931037903
6566.9752 0.699967801570892
6567.4503 0.708071172237396
6567.9254 0.716646611690521
6568.4005 0.725225687026978
6568.8756 0.733808577060699
6569.3507 0.742453455924988
6569.8258 0.751448512077332
6570.3009 0.760447442531586
6570.7760 0.769450306892395
6571.2511 0.778456926345825
6571.7262 0.787937760353088
6572.2013 0.798209309577942
6572.6764 0.808485329151154
6573.1515 0.818765640258789
6573.6265 0.829050421714783
6574.1016 0.838554918766022
6574.5767 0.847550332546234
6575.0518 0.856549501419067
6575.5269 0.865552544593811
6576.0020 0.87455940246582
6576.4771 0.882289826869965
6576.9522 0.88977175951004
6577.4273 0.897256970405579
6577.9024 0.904745280742645
6578.3775 0.912208318710327
6578.8526 0.919280707836151
6579.3277 0.926356196403503
6579.8028 0.933434665203094
6580.2779 0.940515995025635
6580.7530 0.946729421615601
6581.2280 0.950909495353699
6581.7031 0.955091297626495
6582.1782 0.959274768829346
6582.6533 0.963460028171539
6583.1284 0.967446208000183
6583.6035 0.971257746219635
6584.0786 0.975070834159851
6584.5537 0.978885471820831
6585.0288 0.982701659202576
6585.5039 0.984602808952332
6585.9790 0.985918819904327
6586.4541 0.987235486507416
6586.9292 0.988552451133728
6587.4043 0.989869952201843
6587.8794 0.993775904178619
6588.3545 0.997683346271515
6588.8296 1.00159251689911
6589.3046 1.00550317764282
6589.7797 1.00908744335175
6590.2548 1.0116024017334
6590.7299 1.01411843299866
6591.2050 1.01663541793823
6591.6801 1.01915335655212
6592.1552 1.02135467529297
6592.6303 1.02319812774658
6593.1054 1.02504253387451
6593.5805 1.02688765525818
6594.0556 1.02873337268829
6594.5307 1.03006947040558
6595.0058 1.03119337558746
6595.4809 1.03231739997864
6595.9560 1.03344213962555
6596.4311 1.03456723690033
6596.9062 1.03531265258789
6597.3812 1.03603506088257
6597.8563 1.03675770759583
6598.3314 1.03748059272766
6598.8065 1.03816187381744
6599.2816 1.03865146636963
6599.7567 1.03914129734039
6600.2318 1.03963124752045
6600.7069 1.04012143611908
6601.1820 1.04090595245361
6601.6571 1.04210269451141
6602.1322 1.04329991340637
6602.6073 1.04449772834778
6603.0824 1.04569602012634
6603.5575 1.04597282409668
6604.0326 1.04576349258423
6604.5077 1.04555439949036
6604.9828 1.04534506797791
6605.4578 1.04513573646545
6605.9329 1.04631924629211
6606.4080 1.04766893386841
6606.8831 1.04901921749115
6607.3582 1.05037021636963
6607.8333 1.05170106887817
6608.3084 1.0528975725174
6608.7835 1.05409467220306
6609.2586 1.05529236793518
6609.7337 1.05649042129517
6610.2088 1.05713486671448
6610.6839 1.05684781074524
6611.1590 1.056560754776
6611.6341 1.05627369880676
6612.1092 1.05598640441895
6612.5843 1.05595207214355
6613.0593 1.05607688426971
6613.5344 1.05620169639587
6614.0095 1.05632674694061
6614.4846 1.05645167827606
6614.9597 1.05642426013947
6615.4348 1.05637097358704
6615.9099 1.05631756782532
6616.3850 1.0562641620636
6616.8601 1.05627834796906
6617.3352 1.05692481994629
6617.8103 1.05757176876068
6618.2854 1.05821871757507
6618.7605 1.05886614322662
6619.2356 1.05924868583679
6619.7107 1.05911540985107
6620.1858 1.05898177623749
6620.6609 1.05884790420532
6621.1359 1.05871391296387
6621.6110 1.05892515182495
6622.0861 1.05938446521759
6622.5612 1.05984377861023
6623.0363 1.060302734375
6623.5114 1.06076157093048
6623.9865 1.05981624126434
6624.4616 1.05857372283936
6624.9367 1.05733001232147
6625.4118 1.05608522891998
6625.8869 1.05499589443207
6626.3620 1.05598998069763
6626.8371 1.05698382854462
6627.3122 1.05797731876373
6627.7873 1.05897033214569
6628.2624 1.0596604347229
6628.7375 1.05969095230103
6629.2125 1.05972051620483
6629.6876 1.05974888801575
6630.1627 1.05977606773376
6630.6378 1.06048357486725
6631.1129 1.06172549724579
6631.5880 1.06296634674072
6632.0631 1.06420636177063
6632.5382 1.06544494628906
6633.0133 1.06444263458252
6633.4884 1.06289887428284
6633.9635 1.06135249137878
6634.4386 1.05980372428894
6634.9137 1.05837178230286
6635.3888 1.05908608436584
6635.8639 1.05979835987091
6636.3390 1.06050848960876
6636.8141 1.06121647357941
6637.2891 1.06155228614807
6637.7642 1.0610214471817
6638.2393 1.0604875087738
6638.7144 1.05995082855225
6639.1895 1.05941081047058
6639.6646 1.05929446220398
6640.1397 1.05952739715576
6640.6148 1.05975723266602
6641.0899 1.05998373031616
6641.5650 1.06020700931549
6642.0401 1.05955898761749
6642.5152 1.05868482589722
6642.9903 1.05780684947968
6643.4654 1.05692493915558
6643.9405 1.0560736656189
6644.4156 1.05595302581787
6644.8906 1.05582857131958
6645.3657 1.05570030212402
6645.8408 1.0555682182312
6646.3159 1.05530774593353
6646.7910 1.05474543571472
6647.2661 1.05417943000793
6647.7412 1.0536093711853
6648.2163 1.05303561687469
6648.6914 1.05280148983002
6649.1665 1.05285084247589
6649.6416 1.05289697647095
6650.1167 1.05293953418732
6650.5918 1.05297899246216
6651.0669 1.05236423015594
6651.5420 1.05157935619354
6652.0171 1.0507915019989
6652.4922 1.05000114440918
6652.9672 1.04922652244568
6653.4423 1.04881882667542
6653.9174 1.0484094619751
6654.3925 1.04799830913544
6654.8676 1.04758584499359
6655.3427 1.04715621471405
6655.8178 1.04668819904327
6656.2929 1.04621958732605
6656.7680 1.04575109481812
6657.2431 1.04528272151947
6657.7182 1.04537892341614
6658.1933 1.04593420028687
6658.6684 1.04649126529694
6659.1435 1.04705047607422
6659.6186 1.04761254787445
6660.0937 1.04696989059448
6660.5688 1.04603791236877
6661.0438 1.04510962963104
6661.5189 1.04418575763702
6661.9940 1.04330539703369
6662.4691 1.04305589199066
6662.9442 1.04281198978424
6663.4193 1.04257416725159
6663.8944 1.04234290122986
6664.3695 1.04226803779602
6664.8446 1.04252827167511
6665.3197 1.04279601573944
6665.7948 1.04307174682617
6666.2699 1.04335534572601
6666.7450 1.04324352741241
6667.2201 1.0428329706192
6667.6952 1.04243040084839
6668.1703 1.04203522205353
6668.6454 1.0416476726532
6669.1204 1.03999781608582
6669.5955 1.03808224201202
6670.0706 1.03617298603058
6670.5457 1.03426909446716
6671.0208 1.03255867958069
6671.4959 1.0330171585083
6671.9710 1.03348135948181
6672.4461 1.03395092487335
6672.9212 1.03442549705505
6673.3963 1.03445708751678
6673.8714 1.03361105918884
6674.3465 1.03276884555817
6674.8216 1.03193008899689
6675.2967 1.03109431266785
6675.7718 1.03085124492645
6676.2469 1.03101396560669
6676.7219 1.03117942810059
6677.1970 1.03134775161743
6677.6721 1.03151834011078
6678.1472 1.03261971473694
6678.6223 1.03388452529907
6679.0974 1.035151720047
6679.5725 1.03642129898071
6680.0476 1.03748118877411
6680.5227 1.03684544563293
6680.9978 1.03620994091034
6681.4729 1.03557467460632
6681.9480 1.03493916988373
6682.4231 1.03430271148682
6682.8982 1.03366482257843
6683.3733 1.03302538394928
6683.8484 1.03238439559937
6684.3235 1.03174126148224
6684.7985 1.03207671642303
6685.2736 1.03298592567444
6685.7487 1.0338933467865
6686.2238 1.03479897975922
6686.6989 1.0357027053833
6687.1740 1.03508687019348
6687.6491 1.03428196907043
6688.1242 1.03347420692444
6688.5993 1.0326634645462
6689.0744 1.03210806846619
6689.5495 1.03299188613892
6690.0246 1.03387427330017
6690.4997 1.03475534915924
6690.9748 1.03563570976257
6691.4499 1.0362274646759
6691.9250 1.03641057014465
6692.4001 1.03659343719482
6692.8751 1.036776304245
6693.3502 1.03695976734161
6693.8253 1.0366518497467
6694.3004 1.03610897064209
6694.7755 1.03556704521179
6695.2506 1.03502666950226
6695.7257 1.03448808193207
6696.2008 1.03513813018799
6696.6759 1.03586900234222
6697.1510 1.03660321235657
6697.6261 1.03734123706818
6698.1012 1.03755140304565
6698.5763 1.03566646575928
6699.0514 1.03378438949585
6699.5265 1.03190493583679
6700.0016 1.0300281047821
6700.4766 1.02889132499695
6700.9517 1.02860188484192
6701.4268 1.02831614017487
6701.9019 1.02803373336792
6702.3770 1.02775478363037
6702.8521 1.02789413928986
6703.3272 1.02818989753723
6703.8023 1.02848958969116
6704.2774 1.02879333496094
6704.7525 1.02910089492798
6705.2276 1.02876234054565
6705.7027 1.02842485904694
6706.1778 1.02809119224548
6706.6529 1.02776110172272
6707.1280 1.02743697166443
6707.6031 1.02712225914001
6708.0782 1.02681148052216
6708.5532 1.0265040397644
6709.0283 1.02620029449463
6709.5034 1.02572762966156
6709.9785 1.02510440349579
6710.4536 1.02448415756226
6710.9287 1.02386665344238
6711.4038 1.0232515335083
6711.8789 1.02259516716003
6712.3540 1.02192962169647
6712.8291 1.02126574516296
6713.3042 1.02060317993164
6713.7793 1.01994168758392
6714.2544 1.01927947998047
6714.7295 1.01861763000488
6715.2046 1.0179557800293
6715.6797 1.01729321479797
6716.1548 1.01692926883698
6716.6298 1.01716649532318
6717.1049 1.01740264892578
6717.5800 1.01763713359833
6718.0551 1.01786959171295
6718.5302 1.01790821552277
6719.0053 1.01781666278839
6719.4804 1.01772141456604
6719.9555 1.01762199401855
6720.4306 1.01751780509949
6720.9057 1.01670598983765
6721.3808 1.0157835483551
6721.8559 1.01485443115234
6722.3310 1.01391804218292
6722.8061 1.01317822933197
6723.2812 1.01367402076721
6723.7563 1.0141624212265
6724.2314 1.01464343070984
6724.7064 1.01511669158936
6725.1815 1.0153820514679
6725.6566 1.01535379886627
6726.1317 1.01531744003296
6726.6068 1.01527297496796
6727.0819 1.01522040367126
6727.5570 1.01451826095581
6728.0321 1.01351046562195
6728.5072 1.0124945640564
6728.9823 1.0114711523056
6729.4574 1.01044011116028
6729.9325 1.0101979970932
6730.4076 1.00998640060425
6730.8827 1.0097690820694
6731.3578 1.00954592227936
6731.8329 1.00972390174866
6732.3079 1.01127219200134
6732.7830 1.01281714439392
6733.2581 1.01435923576355
6733.7332 1.01589894294739
6734.2083 1.01616632938385
6734.6834 1.01516795158386
6735.1585 1.01416754722595
6735.6336 1.01316571235657
6736.1087 1.012162566185
6736.5838 1.01161897182465
6737.0589 1.01120829582214
6737.5340 1.01079750061035
6738.0091 1.01038634777069
6738.4842 1.00997161865234
6738.9593 1.009486079216
6739.4344 1.00900065898895
6739.9095 1.00851535797119
6740.3845 1.00803005695343
6740.8596 1.0076162815094
6741.3347 1.00735092163086
6741.8098 1.00708544254303
6742.2849 1.0068199634552
6742.7600 1.0065541267395
6743.2351 1.00616955757141
6743.7102 1.00570523738861
6744.1853 1.00524008274078
6744.6604 1.00477409362793
6745.1355 1.00430679321289
6745.6106 1.00442111492157
6746.0857 1.0046159029007
6746.5608 1.00480926036835
6747.0359 1.00500106811523
6747.5110 1.00500380992889
6747.9861 1.00397443771362
6748.4611 1.00294268131256
6748.9362 1.00190818309784
6749.4113 1.00087118148804
6749.8864 1.00024104118347
6750.3615 1.00014877319336
6750.8366 1.00005388259888
6751.3117 0.999956250190735
6751.7868 0.999856412410736
6752.2619 1.00027275085449
6752.7370 1.00089931488037
6753.2121 1.00152409076691
6753.6872 1.00214731693268
6754.1623 1.00276923179626
6754.6374 1.00219881534576
6755.1125 1.0016131401062
6755.5876 1.00102663040161
6756.0627 1.00043916702271
6756.5377 0.999850034713745
6757.0128 0.999256372451782
6757.4879 0.998662769794464
6757.9630 0.998069405555725
6758.4381 0.9974764585495
6758.9132 0.997462153434753
6759.3883 0.997925758361816
6759.8634 0.998391389846802
6760.3385 0.998859524726868
6760.8136 0.999330520629883
6761.2887 1.00012850761414
6761.7638 1.00099766254425
6762.2389 1.00187134742737
6762.7140 1.00274991989136
6763.1891 1.00339365005493
6763.6642 1.00209188461304
6764.1392 1.00079536437988
6764.6143 0.999504685401917
6765.0894 0.998220086097717
6765.5645 0.997471153736115
6766.0396 0.997551620006561
6766.5147 0.997639536857605
6766.9898 0.997734904289246
6767.4649 0.997838020324707
6767.9400 0.998004496097565
6768.4151 0.998205840587616
6768.8902 0.998415887355804
6769.3653 0.998634338378906
6769.8404 0.998861730098724
6770.3155 0.998077690601349
6770.7906 0.997256278991699
6771.2657 0.996443271636963
6771.7408 0.995638310909271
6772.2158 0.995283126831055
6772.6909 0.996327638626099
6773.1660 0.997381448745728
6773.6411 0.998444318771362
6774.1162 0.999516129493713
6774.5913 0.998997807502747
6775.0664 0.997041046619415
6775.5415 0.995090126991272
6776.0166 0.993144512176514
6776.4917 0.991203665733337
6776.9668 0.990709066390991
6777.4419 0.990557312965393
6777.9170 0.990410625934601
6778.3921 0.990268409252167
6778.8672 0.99020779132843
6779.3423 0.990881562232971
6779.8174 0.991559743881226
6780.2924 0.992242157459259
6780.7675 0.992928385734558
6781.2426 0.993027865886688
6781.7177 0.992174386978149
6782.1928 0.991322815418243
6782.6679 0.99047315120697
6783.1430 0.989624738693237
6783.6181 0.990046799182892
6784.0932 0.991100132465363
6784.5683 0.992155909538269
6785.0434 0.993214130401611
6785.5185 0.9942746758461
6785.9936 0.993772864341736
6786.4687 0.993199408054352
6786.9438 0.992625653743744
6787.4189 0.992051362991333
6787.8940 0.991821110248566
6788.3690 0.992659091949463
6788.8441 0.993496239185333
6789.3192 0.994332253932953
6789.7943 0.995166540145874
6790.2694 0.994893312454224
6790.7445 0.99364697933197
6791.2196 0.992395401000977
6791.6947 0.991138339042664
6792.1698 0.989875018596649
6792.6449 0.989022016525269
6793.1200 0.988252639770508
6793.5951 0.987476229667664
6794.0702 0.986692428588867
6794.5453 0.986150860786438
6795.0204 0.987583458423615
6795.4955 0.989009976387024
6795.9705 0.990430474281311
6796.4456 0.991844832897186
6796.9207 0.992495894432068
6797.3958 0.992015957832336
6797.8709 0.991528868675232
6798.3460 0.991034626960754
6798.8211 0.990533590316772
6799.2962 0.990716278553009
6799.7713 0.991197824478149
6800.2464 0.991673767566681
6800.7215 0.992144107818604
6801.1966 0.992609143257141
6801.6717 0.991921424865723
6802.1468 0.991210877895355
6802.6219 0.990494728088379
6803.0970 0.989773094654083
6803.5721 0.989499449729919
6804.0471 0.990400731563568
6804.5222 0.991297960281372
6804.9973 0.992191255092621
6805.4724 0.993080854415894
6805.9475 0.992606163024902
6806.4226 0.99110347032547
6806.8977 0.989596247673035
6807.3728 0.988084495067596
6807.8479 0.986568510532379
6808.3230 0.985571026802063
6808.7981 0.984651803970337
6809.2732 0.98372894525528
6809.7483 0.982802748680115
6810.2234 0.982375860214233
6810.6985 0.984613418579102
6811.1736 0.986850082874298
6811.6487 0.989086151123047
6812.1237 0.991322040557861
6812.5988 0.991791903972626
6813.0739 0.990131258964539
6813.5490 0.988469541072845
6814.0241 0.986806929111481
6814.4992 0.985143542289734
6814.9743 0.985162854194641
6815.4494 0.98574697971344
6815.9245 0.986332058906555
6816.3996 0.986918091773987
6816.8747 0.987468183040619
6817.3498 0.987230598926544
6817.8249 0.986994087696075
6818.3000 0.986758768558502
6818.7751 0.986524760723114
6819.2502 0.98620593547821
6819.7253 0.985722005367279
6820.2003 0.985239386558533
6820.6754 0.984758079051971
6821.1505 0.984278380870819
6821.6256 0.983472526073456
6822.1007 0.982482671737671
6822.5758 0.981493949890137
6823.0509 0.980506300926209
6823.5260 0.979519665241241
6824.0011 0.978193879127502
6824.4762 0.976845979690552
6824.9513 0.975498795509338
6825.4264 0.974152624607086
6825.9015 0.973431706428528
6826.3766 0.974740624427795
6826.8517 0.976052165031433
6827.3268 0.977366745471954
6827.8018 0.978684544563293
6828.2769 0.978699445724487
6828.7520 0.977579593658447
6829.2271 0.976462483406067
6829.7022 0.975348174571991
6830.1773 0.974237024784088
6830.6524 0.974559843540192
6831.1275 0.975171208381653
6831.6026 0.975787401199341
6832.0777 0.97640860080719
6832.5528 0.976928532123566
6833.0279 0.97676944732666
6833.5030 0.976615607738495
6833.9781 0.97646701335907
6834.4532 0.976324081420898
6834.9283 0.975776433944702
6835.4034 0.974702894687653
6835.8784 0.973634302616119
6836.3535 0.972570598125458
6836.8286 0.971511840820313
6837.3037 0.971623122692108
6837.7788 0.972154974937439
6838.2539 0.972692787647247
6838.7290 0.973236441612244
6839.2041 0.97375750541687
6839.6792 0.973595678806305
6840.1543 0.973438918590546
6840.6294 0.973287105560303
6841.1045 0.973140060901642
6841.5796 0.973011016845703
6842.0547 0.972911894321442
6842.5298 0.97281676530838
6843.0049 0.972725391387939
6843.4800 0.972637295722961
6843.9550 0.972353994846344
6844.4301 0.971964538097382
6844.9052 0.971576988697052
6845.3803 0.971190810203552
6845.8554 0.970805525779724
6846.3305 0.97068977355957
6846.8056 0.970588326454163
6847.2807 0.970486760139465
6847.7558 0.970384836196899
6848.2309 0.970359802246094
6848.7060 0.970560789108276
6849.1811 0.970760464668274
6849.6562 0.970958590507507
6850.1313 0.971154928207397
6850.6064 0.971495151519775
6851.0815 0.9719477891922
6851.5565 0.972398161888123
6852.0316 0.972846150398254
6852.5067 0.973291516304016
6852.9818 0.971954584121704
6853.4569 0.970339179039001
6853.9320 0.968719124794006
6854.4071 0.967094361782074
6854.8822 0.965963244438171
6855.3573 0.96720814704895
6855.8324 0.968450725078583
6856.3075 0.969690918922424
6856.7826 0.970928728580475
6857.2577 0.970502734184265
6857.7328 0.968275547027588
6858.2079 0.96604335308075
6858.6830 0.96380603313446
6859.1581 0.96156370639801
6859.6331 0.960099816322327
6860.1082 0.958842217922211
6860.5833 0.95758056640625
6861.0584 0.956315040588379
6861.5335 0.954674184322357
6862.0086 0.949563801288605
6862.4837 0.944446802139282
6862.9588 0.939323425292969
6863.4339 0.934193789958954
6863.9090 0.927471041679382
6864.3841 0.918417930603027
6864.8592 0.909356117248535
6865.3343 0.90028578042984
6865.8094 0.891206979751587
6866.2845 0.875754058361053
6866.7596 0.857758939266205
6867.2347 0.839749693870544
6867.7097 0.821726322174072
6868.1848 0.803683221340179
6868.6599 0.785404562950134
6869.1350 0.767112195491791
6869.6101 0.748806238174438
6870.0852 0.730486810207367
6870.5603 0.714432716369629
6871.0354 0.702849745750427
6871.5105 0.691258251667023
6871.9856 0.679658174514771
6872.4607 0.668049693107605
6872.9358 0.662461280822754
6873.4109 0.660134136676788
6873.8860 0.657804846763611
6874.3611 0.655473470687866
6874.8362 0.653140068054199
6875.3113 0.660519063472748
6875.7863 0.668297171592712
6876.2614 0.676079928874969
6876.7365 0.683867335319519
6877.2116 0.692611336708069
6877.6867 0.703885674476624
6878.1618 0.715166926383972
6878.6369 0.726455211639404
6879.1120 0.73775053024292
6879.5871 0.74889463186264
6880.0622 0.759934484958649
6880.5373 0.770981252193451
6881.0124 0.782034993171692
6881.4875 0.793095588684082
6881.9626 0.801670670509338
6882.4377 0.809978604316711
6882.9128 0.81829172372818
6883.3878 0.826610088348389
6883.8629 0.833394765853882
6884.3380 0.834603369235992
6884.8131 0.83581268787384
6885.2882 0.83702278137207
6885.7633 0.838233590126038
6886.2384 0.837502837181091
6886.7135 0.835059762001038
6887.1886 0.832615077495575
6887.6637 0.830168783664703
6888.1388 0.827720940113068
6888.6139 0.824866771697998
6889.0890 0.821937799453735
6889.5641 0.819007039070129
6890.0392 0.816074371337891
6890.5143 0.813164591789246
6890.9894 0.810379028320313
6891.4644 0.807591676712036
6891.9395 0.804802477359772
6892.4146 0.802011549472809
6892.8897 0.800740122795105
6893.3648 0.801106631755829
6893.8399 0.801473438739777
6894.3150 0.801840424537659
6894.7901 0.802207708358765
6895.2652 0.803627073764801
6895.7403 0.805311322212219
6896.2154 0.806996762752533
6896.6905 0.808683216571808
6897.1656 0.81020849943161
6897.6407 0.810520052909851
6898.1158 0.810831725597382
6898.5909 0.811143636703491
6899.0660 0.811455726623535
6899.5410 0.813427567481995
6900.0161 0.817539513111115
6900.4912 0.821654081344604
6900.9663 0.825771331787109
6901.4414 0.829891204833984
6901.9165 0.832639217376709
6902.3916 0.834946990013123
6902.8667 0.837256193161011
6903.3418 0.839566946029663
6903.8169 0.841872572898865
6904.2920 0.844101846218109
6904.7671 0.846332430839539
6905.2422 0.848564386367798
6905.7173 0.850797832012177
6906.1924 0.852324843406677
6906.6675 0.852782726287842
6907.1426 0.853240847587585
6907.6176 0.853699147701263
6908.0927 0.854157686233521
6908.5678 0.855650126934052
6909.0429 0.857545971870422
6909.5180 0.859442889690399
6909.9931 0.861341059207916
6910.4682 0.86328113079071
6910.9433 0.866151809692383
6911.4184 0.869024217128754
6911.8935 0.871898472309113
6912.3686 0.87477445602417
6912.8437 0.877248048782349
6913.3188 0.879019618034363
6913.7939 0.880792081356049
6914.2690 0.88256573677063
6914.7441 0.884340405464172
6915.2191 0.885835766792297
6915.6942 0.887205123901367
6916.1693 0.888575196266174
6916.6444 0.889946103096008
6917.1195 0.891329705715179
6917.5946 0.893645882606506
6918.0697 0.895963430404663
6918.5448 0.89828234910965
6919.0199 0.900602698326111
6919.4950 0.902484893798828
6919.9701 0.90350478887558
6920.4452 0.90452516078949
6920.9203 0.905546009540558
6921.3954 0.906567573547363
6921.8705 0.906095087528229
6922.3456 0.904861569404602
6922.8207 0.903627157211304
6923.2957 0.902391791343689
6923.7708 0.901155471801758
6924.2459 0.901220083236694
6924.7210 0.901299297809601
6925.1961 0.901378452777863
6925.6712 0.901457488536835
6926.1463 0.901586472988129
6926.6214 0.901823818683624
6927.0965 0.902061223983765
6927.5716 0.902298629283905
6928.0467 0.90253609418869
6928.5218 0.902471363544464
6928.9969 0.902238488197327
6929.4720 0.90200537443161
6929.9471 0.901771903038025
6930.4222 0.901538193225861
6930.8973 0.900189280509949
6931.3723 0.898805677890778
6931.8474 0.89742112159729
6932.3225 0.896035432815552
6932.7976 0.894912719726563
6933.2727 0.894407510757446
6933.7478 0.893901884555817
6934.2229 0.893395781517029
6934.6980 0.892889201641083
6935.1731 0.892744839191437
6935.6482 0.892814755439758
6936.1233 0.89288455247879
6936.5984 0.892954349517822
6937.0735 0.893024027347565
6937.5486 0.892834007740021
6938.0237 0.892632365226746
6938.4988 0.892430484294891
6938.9739 0.892228364944458
6939.4489 0.891921997070313
6939.9240 0.891359031200409
6940.3991 0.890795469284058
6940.8742 0.890231549739838
6941.3493 0.88966703414917
6941.8244 0.889349043369293
6942.2995 0.889182448387146
6942.7746 0.889015555381775
6943.2497 0.888848423957825
6943.7248 0.888681054115295
6944.1999 0.889064133167267
6944.6750 0.889475584030151
6945.1501 0.889887034893036
6945.6252 0.8902987241745
6946.1003 0.891076803207397
6946.5754 0.892780482769012
6947.0504 0.894485175609589
6947.5255 0.896190822124481
6948.0006 0.897897481918335
6948.4757 0.898545444011688
6948.9508 0.898534774780273
6949.4259 0.898523926734924
6949.9010 0.898512959480286
6950.3761 0.898501932621002
6950.8512 0.898427486419678
6951.3263 0.898349523544312
6951.8014 0.898271441459656
6952.2765 0.898193120956421
6952.7516 0.898557364940643
6953.2267 0.900035917758942
6953.7018 0.901515305042267
6954.1769 0.902995526790619
6954.6520 0.904476583003998
6955.1270 0.904977977275848
6955.6021 0.904876470565796
6956.0772 0.904774725437164
6956.5523 0.904672861099243
6957.0274 0.904570758342743
6957.5025 0.904329657554626
6957.9776 0.904081702232361
6958.4527 0.903833508491516
6958.9278 0.903585016727448
6959.4029 0.903519570827484
6959.8780 0.903901338577271
6960.3531 0.904283344745636
6960.8282 0.904665350914001
6961.3033 0.905047535896301
6961.7784 0.906012713909149
6962.2535 0.907324492931366
6962.7286 0.90863698720932
6963.2036 0.909950256347656
6963.6787 0.911264181137085
6964.1538 0.912739217281342
6964.6289 0.914220809936523
6965.1040 0.915703356266022
6965.5791 0.917186677455902
6966.0542 0.919110953807831
6966.5293 0.922049999237061
6967.0044 0.924990773200989
6967.4795 0.92793333530426
6967.9546 0.930877685546875
6968.4297 0.932946920394897
6968.9048 0.934527158737183
6969.3799 0.936108231544495
6969.8550 0.937690198421478
6970.3301 0.939273118972778
6970.8051 0.938900411128998
6971.2802 0.938488841056824
6971.7553 0.938076972961426
6972.2304 0.93766462802887
6972.7055 0.937332451343536
6973.1806 0.937170505523682
6973.6557 0.937008440494537
6974.1308 0.936846077442169
6974.6059 0.936683475971222
6975.0810 0.93642795085907
6975.5561 0.936124563217163
6976.0312 0.935820937156677
6976.5063 0.935516953468323
6976.9814 0.935210585594177
6977.4565 0.934002637863159
6977.9316 0.932793855667114
6978.4067 0.931584119796753
6978.8817 0.93037348985672
6979.3568 0.929393827915192
6979.8319 0.928855538368225
6980.3070 0.928316831588745
6980.7821 0.927777588367462
6981.2572 0.927237927913666
6981.7323 0.926563560962677
6982.2074 0.925827383995056
6982.6825 0.925090551376343
6983.1576 0.924353122711182
6983.6327 0.923622965812683
6984.1078 0.923153162002563
6984.5829 0.92268294095993
6985.0580 0.922212302684784
6985.5331 0.921741247177124
6986.0082 0.920161843299866
6986.4833 0.916719436645508
6986.9583 0.913274645805359
6987.4334 0.909827470779419
6987.9085 0.906377911567688
6988.3836 0.904882252216339
6988.8587 0.904156267642975
6989.3338 0.903429746627808
6989.8089 0.902702569961548
6990.2840 0.90199089050293
6990.7591 0.901518642902374
6991.2342 0.901045978069305
6991.7093 0.900572955608368
6992.1844 0.900099515914917
6992.6595 0.899676501750946
6993.1346 0.899327158927917
6993.6097 0.898977398872375
6994.0848 0.89862734079361
6994.5599 0.898276925086975
6995.0349 0.897705733776093
6995.5100 0.897062301635742
6995.9851 0.896418213844299
6996.4602 0.895773708820343
6996.9353 0.895259082317352
6997.4104 0.895906627178192
6997.8855 0.896554529666901
6998.3606 0.897202670574188
6998.8357 0.897851169109344
6999.3108 0.897885680198669
6999.7859 0.897164225578308
7000.2610 0.896442174911499
7000.7361 0.895719468593597
7001.2112 0.894996225833893
7001.6863 0.896225810050964
7002.1614 0.897955536842346
7002.6364 0.899686217308044
7003.1115 0.901417970657349
7003.5866 0.902785301208496
7004.0617 0.902001440525055
7004.5368 0.901217043399811
7005.0119 0.900431931018829
7005.4870 0.899646282196045
7005.9621 0.898936033248901
7006.4372 0.898302853107452
7006.9123 0.897669196128845
7007.3874 0.897035121917725
7007.8625 0.896400392055511
7008.3376 0.896573603153229
7008.8127 0.89689576625824
7009.2878 0.897217988967896
7009.7629 0.897540390491486
7010.2380 0.897964715957642
7010.7130 0.898809432983398
7011.1881 0.899654686450958
7011.6632 0.900500357151031
7012.1383 0.901346564292908
7012.6134 0.900750160217285
7013.0885 0.898954689502716
7013.5636 0.897158086299896
7014.0387 0.895360231399536
7014.5138 0.893561184406281
7014.9889 0.893681645393372
7015.4640 0.894019782543182
7015.9391 0.894358158111572
7016.4142 0.894696712493896
7016.8893 0.894767582416534
7017.3644 0.894037842750549
7017.8395 0.893307566642761
7018.3146 0.892576813697815
7018.7896 0.891845643520355
7019.2647 0.891936182975769
7019.7398 0.892566084861755
7020.2149 0.8931964635849
7020.6900 0.893827259540558
7021.1651 0.894458532333374
7021.6402 0.893879413604736
7022.1153 0.893246531486511
7022.5904 0.892613112926483
7023.0655 0.891979515552521
7023.5406 0.8922079205513
7024.0157 0.894338130950928
7024.4908 0.896469712257385
7024.9659 0.898602724075317
7025.4410 0.900737345218658
7025.9161 0.900143980979919
7026.3912 0.89818811416626
7026.8662 0.896231174468994
7027.3413 0.894273042678833
7027.8164 0.892364501953125
7028.2915 0.89262580871582
7028.7666 0.892887353897095
7029.2417 0.893149316310883
7029.7168 0.893411636352539
7030.1919 0.893610000610352
7030.6670 0.893703579902649
7031.1421 0.89379745721817
7031.6172 0.893891513347626
7032.0923 0.893985748291016
7032.5674 0.895107507705688
7033.0425 0.896598696708679
7033.5176 0.898090839385986
7033.9927 0.899584233760834
7034.4677 0.901068925857544
7034.9428 0.902460336685181
7035.4179 0.903852701187134
7035.8930 0.905246138572693
7036.3681 0.906640529632568
7036.8432 0.906963407993317
7037.3183 0.905985116958618
7037.7934 0.905006289482117
7038.2685 0.904026746749878
7038.7436 0.903046488761902
7039.2187 0.901920199394226
7039.6938 0.900759160518646
7040.1689 0.899597227573395
7040.6440 0.898434400558472
7041.1191 0.897463083267212
7041.5942 0.897429883480072
7042.0693 0.897396385669708
7042.5443 0.897362530231476
7043.0194 0.89732825756073
7043.4945 0.89678829908371
7043.9696 0.895799815654755
7044.4447 0.894810140132904
7044.9198 0.893819212913513
7045.3949 0.892826974391937
7045.8700 0.893701672554016
7046.3451 0.89480459690094
7046.8202 0.895907342433929
7047.2953 0.897009789943695
7047.7704 0.897753894329071
7048.2455 0.89743709564209
7048.7206 0.8971186876297
7049.1957 0.896798729896545
7049.6708 0.896477043628693
7050.1459 0.895997881889343
7050.6209 0.895419001579285
7051.0960 0.894837915897369
7051.5711 0.894254505634308
7052.0462 0.893668651580811
7052.5213 0.893847703933716
7052.9964 0.894042611122131
7053.4715 0.894235074520111
7053.9466 0.89442503452301
7054.4217 0.893670797348022
7054.8968 0.891088366508484
7055.3719 0.888501524925232
7055.8470 0.885909914970398
7056.3221 0.883313417434692
7056.7972 0.883072257041931
7057.2723 0.88381814956665
7057.7474 0.884560704231262
7058.2225 0.885299623012543
7058.6975 0.886082172393799
7059.1726 0.88750171661377
7059.6477 0.888917505741119
7060.1228 0.890329360961914
7060.5979 0.89173698425293
7061.0730 0.892441272735596
7061.5481 0.892229318618774
7062.0232 0.892011940479279
7062.4983 0.891789138317108
7062.9734 0.891560673713684
7063.4485 0.891465365886688
7063.9236 0.891398966312408
7064.3987 0.891326725482941
7064.8738 0.891248524188995
7065.3489 0.891049563884735
7065.8240 0.89026927947998
7066.2990 0.88948267698288
7066.7741 0.888689696788788
7067.2492 0.887890458106995
7067.7243 0.887907803058624
7068.1994 0.888638854026794
7068.6745 0.889364182949066
7069.1496 0.890083789825439
7069.6247 0.890797913074493
7070.0998 0.890859603881836
7070.5749 0.890845060348511
7071.0500 0.890825271606445
7071.5251 0.890800595283508
7072.0002 0.890578508377075
7072.4753 0.889829695224762
7072.9504 0.889076709747314
7073.4255 0.888319730758667
7073.9006 0.887559235095978
7074.3756 0.886973917484283
7074.8507 0.886486649513245
7075.3258 0.88599693775177
7075.8009 0.885505139827728
7076.2760 0.885028541088104
7076.7511 0.886574625968933
7077.2262 0.888120293617249
7077.7013 0.889665961265564
7078.1764 0.891212224960327
7078.6515 0.891915857791901
7079.1266 0.891235172748566
7079.6017 0.890556216239929
7080.0768 0.889879107475281
7080.5519 0.889204263687134
7081.0270 0.889236032962799
7081.5021 0.889506042003632
7081.9772 0.889779150485992
7082.4522 0.890055358409882
7082.9273 0.890309035778046
7083.4024 0.890377700328827
7083.8775 0.89044988155365
7084.3526 0.89052551984787
7084.8277 0.890604496002197
7085.3028 0.890250563621521
7085.7779 0.889451146125793
7086.2530 0.888654708862305
7086.7281 0.887860834598541
7087.2032 0.887069344520569
7087.6783 0.886218249797821
7088.1534 0.885359466075897
7088.6285 0.884502291679382
7089.1036 0.883646488189697
7089.5787 0.882950782775879
7090.0538 0.882761418819427
7090.5288 0.882572889328003
7091.0039 0.882385015487671
7091.4790 0.882197558879852
7091.9541 0.881951689720154
7092.4292 0.881668984889984
7092.9043 0.881386339664459
7093.3794 0.881103754043579
7093.8545 0.880821108818054
7094.3296 0.881537139415741
7094.8047 0.882265388965607
7095.2798 0.882993876934052
7095.7549 0.88372266292572
7096.2300 0.883754014968872
7096.7051 0.882563591003418
7097.1802 0.881373167037964
7097.6553 0.880182445049286
7098.1303 0.878991603851318
7098.6054 0.87889564037323
7099.0805 0.879185616970062
7099.5556 0.879475891590118
7100.0307 0.879766523838043
7100.5058 0.879900515079498
7100.9809 0.878838956356049
7101.4560 0.877777636051178
7101.9311 0.87671685218811
7102.4062 0.875656485557556
7102.8813 0.87483137845993
7103.3564 0.874248147010803
7103.8315 0.873665988445282
7104.3066 0.873085260391235
7104.7817 0.872506022453308
7105.2568 0.873559713363647
7105.7319 0.874857008457184
7106.2069 0.876157283782959
7106.6820 0.877460956573486
7107.1571 0.878128349781036
7107.6322 0.87687748670578
7108.1073 0.875629901885986
7108.5824 0.874385595321655
7109.0575 0.873144686222076
7109.5326 0.872189819812775
7110.0077 0.871405065059662
7110.4828 0.870623707771301
7110.9579 0.869845688343048
7111.4330 0.869068503379822
7111.9081 0.868025600910187
7112.3832 0.866985499858856
7112.8583 0.865948021411896
7113.3334 0.864913046360016
7113.8085 0.864061236381531
7114.2835 0.863495349884033
7114.7586 0.862931728363037
7115.2337 0.862370371818542
7115.7088 0.861811101436615
7116.1839 0.862789034843445
7116.6590 0.864227533340454
7117.1341 0.865669012069702
7117.6092 0.867113530635834
7118.0843 0.868375420570374
7118.5594 0.86860466003418
7119.0345 0.868836402893066
7119.5096 0.869070470333099
7119.9847 0.869306862354279
7120.4598 0.869275212287903
7120.9349 0.869010090827942
7121.4100 0.868746340274811
7121.8850 0.868483662605286
7122.3601 0.868221879005432
7122.8352 0.867786169052124
7123.3103 0.86733490228653
7123.7854 0.866883397102356
7124.2605 0.866431593894959
7124.7356 0.86601710319519
7125.2107 0.865690112113953
7125.6858 0.865362226963043
7126.1609 0.865033388137817
7126.6360 0.864703595638275
7127.1111 0.864877700805664
7127.5862 0.865283131599426
7128.0613 0.865688323974609
7128.5364 0.866093039512634
7129.0115 0.866482794284821
7129.4866 0.866674244403839
7129.9616 0.866865754127502
7130.4367 0.8670574426651
7130.9118 0.867249488830566
7131.3869 0.867209732532501
7131.8620 0.866892993450165
7132.3371 0.866576552391052
7132.8122 0.866260588169098
7133.2873 0.865945160388947
7133.7624 0.866097927093506
7134.2375 0.866339445114136
7134.7126 0.866581857204437
7135.1877 0.866825342178345
7135.6628 0.86709201335907
7136.1379 0.867434859275818
7136.6130 0.867778778076172
7137.0881 0.868123888969421
7137.5632 0.868470191955566
7138.0382 0.867776870727539
7138.5133 0.866435647010803
7138.9884 0.865094780921936
7139.4635 0.863754093647003
7139.9386 0.86242413520813
7140.4137 0.863563239574432
7140.8888 0.864703893661499
7141.3639 0.86584609746933
7141.8390 0.866989850997925
7142.3141 0.867257714271545
7142.7892 0.866170585155487
7143.2643 0.865083694458008
7143.7394 0.863997101783752
7144.2145 0.862910628318787
7144.6896 0.861182689666748
7145.1647 0.859275817871094
7145.6398 0.857368588447571
7146.1148 0.855460941791534
7146.5899 0.853881478309631
7147.0650 0.853880226612091
7147.5401 0.853879630565643
7148.0152 0.853879570960999
7148.4903 0.853880107402802
7148.9654 0.853491544723511
7149.4405 0.852800667285919
7149.9156 0.852109909057617
7150.3907 0.851419150829315
7150.8658 0.850728392601013
7151.3409 0.850518107414246
7151.8160 0.85033118724823
7152.2911 0.850144505500793
7152.7662 0.849958002567291
7153.2413 0.850127875804901
7153.7163 0.850971221923828
7154.1914 0.851815342903137
7154.6665 0.852660179138184
7155.1416 0.853505730628967
7155.6167 0.853653013706207
7156.0918 0.853553235530853
7156.5669 0.853453516960144
7157.0420 0.85335385799408
7157.5171 0.853212654590607
7157.9922 0.852797508239746
7158.4673 0.852382242679596
7158.9424 0.851966738700867
7159.4175 0.851550996303558
7159.8926 0.850239813327789
7160.3677 0.848119735717773
7160.8428 0.845998287200928
7161.3179 0.843875646591187
7161.7929 0.84175169467926
7162.2680 0.837021708488464
7162.7431 0.832062542438507
7163.2182 0.827100336551666
7163.6933 0.822135090827942
7164.1684 0.817774653434753
7164.6435 0.814732670783997
7165.1186 0.811688780784607
7165.5937 0.808643043041229
7166.0688 0.805595338344574
7166.5439 0.802452921867371
7167.0190 0.799270689487457
7167.4941 0.796086490154266
7167.9692 0.792900264263153
7168.4443 0.789488434791565
7168.9194 0.784212052822113
7169.3945 0.778932392597198
7169.8695 0.773649513721466
7170.3446 0.768363356590271
7170.8197 0.762340903282166
7171.2948 0.75559401512146
7171.7699 0.748842835426331
7172.2450 0.742087602615356
7172.7201 0.735328197479248
7173.1952 0.731812059879303
7173.6703 0.728646993637085
7174.1454 0.725479960441589
7174.6205 0.722310900688171
7175.0956 0.719073057174683
7175.5707 0.715677380561829
7176.0458 0.712279558181763
7176.5209 0.70887953042984
7176.9960 0.705477476119995
7177.4711 0.703880548477173
7177.9461 0.703060746192932
7178.4212 0.702240288257599
7178.8963 0.701419293880463
7179.3714 0.700762987136841
7179.8465 0.701617479324341
7180.3216 0.702472329139709
7180.7967 0.703327536582947
7181.2718 0.704183220863342
7181.7469 0.704159796237946
7182.2220 0.703252255916595
7182.6971 0.702344059944153
7183.1722 0.701435327529907
7183.6473 0.70052582025528
7184.1224 0.697178542613983
7184.5975 0.69355720281601
7185.0726 0.689933598041534
7185.5476 0.686307728290558
7186.0227 0.683343410491943
7186.4978 0.681918323040009
7186.9729 0.680492281913757
7187.4480 0.679065346717834
7187.9231 0.677637457847595
7188.3982 0.677880227565765
7188.8733 0.678828716278076
7189.3484 0.67977774143219
7189.8235 0.680727243423462
7190.2986 0.681474983692169
7190.7737 0.680516183376312
7191.2488 0.679556667804718
7191.7239 0.678596496582031
7192.1990 0.677635610103607
7192.6741 0.676643192768097
7193.1492 0.675620257854462
7193.6242 0.674596548080444
7194.0993 0.673572242259979
7194.5744 0.672547221183777
7195.0495 0.67298150062561
7195.5246 0.673554658889771
7195.9997 0.67412805557251
7196.4748 0.674701690673828
7196.9499 0.676196098327637
7197.4250 0.679666340351105
7197.9001 0.68313854932785
7198.3752 0.686612725257874
7198.8503 0.690088868141174
7199.3254 0.690571784973145
7199.8005 0.689908504486084
7200.2756 0.68924480676651
7200.7507 0.688580513000488
7201.2258 0.68813556432724
7201.7008 0.689172387123108
7202.1759 0.690209746360779
7202.6510 0.691247701644897
7203.1261 0.692286133766174
7203.6012 0.693747699260712
7204.0763 0.695576429367065
7204.5514 0.697406113147736
7205.0265 0.699236869812012
7205.5016 0.701068580150604
7205.9767 0.703930556774139
7206.4518 0.706856369972229
7206.9269 0.709783911705017
7207.4020 0.712713122367859
7207.8771 0.716436505317688
7208.3522 0.72162926197052
7208.8273 0.726825058460236
7209.3024 0.73202383518219
7209.7774 0.737225651741028
7210.2525 0.743789553642273
7210.7276 0.750788390636444
7211.2027 0.75779128074646
7211.6778 0.764798283576965
7212.1529 0.771085917949677
7212.6280 0.773802518844604
7213.1031 0.776520609855652
7213.5782 0.779240250587463
7214.0533 0.781961381435394
7214.5284 0.784619808197021
7215.0035 0.787232756614685
7215.4786 0.789847195148468
7215.9537 0.792463183403015
7216.4288 0.795080542564392
7216.9039 0.79687488079071
7217.3789 0.798660516738892
7217.8540 0.800447225570679
7218.3291 0.802234828472137
7218.8042 0.803282916545868
7219.2793 0.803218185901642
7219.7544 0.803153276443481
7220.2295 0.803088188171387
7220.7046 0.803023099899292
7221.1797 0.80396032333374
7221.6548 0.805131494998932
7222.1299 0.806303203105927
7222.6050 0.807475566864014
7223.0801 0.808123230934143
7223.5552 0.806944966316223
7224.0303 0.805765986442566
7224.5054 0.804586172103882
7224.9805 0.80340564250946
7225.4555 0.802347660064697
7225.9306 0.801359593868256
7226.4057 0.800370812416077
7226.8808 0.799381375312805
7227.3559 0.798287212848663
7227.8310 0.795212507247925
7228.3061 0.792135834693909
7228.7812 0.789057314395905
7229.2563 0.785976886749268
7229.7314 0.782638072967529
7230.2065 0.77900093793869
7230.6816 0.775361657142639
7231.1567 0.771720051765442
7231.6318 0.768076300621033
7232.1069 0.764940142631531
7232.5820 0.761872172355652
7233.0571 0.758802354335785
7233.5321 0.755730628967285
7234.0072 0.751710951328278
7234.4823 0.745421528816223
7234.9574 0.739128351211548
7235.4325 0.732831358909607
7235.9076 0.726530611515045
7236.3827 0.723232984542847
7236.8578 0.72115820646286
7237.3329 0.719082117080688
7237.8080 0.717004716396332
7238.2831 0.715155005455017
7238.7582 0.714873552322388
7239.2333 0.714591801166534
7239.7084 0.714309811592102
7240.1835 0.714027643203735
7240.6586 0.714099526405334
7241.1337 0.714467585086823
7241.6087 0.714835822582245
7242.0838 0.715204119682312
7242.5589 0.715572595596313
7243.0340 0.71696674823761
7243.5091 0.718401193618774
7243.9842 0.719836473464966
7244.4593 0.721272468566895
7244.9344 0.72172749042511
7245.4095 0.72059041261673
7245.8846 0.719452559947968
7246.3597 0.718314051628113
7246.8348 0.717174768447876
7247.3099 0.718742787837982
7247.7850 0.720985651016235
7248.2601 0.723229765892029
7248.7352 0.725475132465363
7249.2102 0.727380156517029
7249.6853 0.728080093860626
7250.1604 0.728780329227448
7250.6355 0.729480922222137
7251.1106 0.730181813240051
7251.5857 0.728670716285706
7252.0608 0.725920975208282
7252.5359 0.723169505596161
7253.0110 0.720416307449341
7253.4861 0.71778416633606
7253.9612 0.716989398002625
7254.4363 0.716194093227386
7254.9114 0.715398252010345
7255.3865 0.714601874351501
7255.8616 0.714381992816925
7256.3367 0.714776396751404
7256.8118 0.715170860290527
7257.2868 0.71556556224823
7257.7619 0.715960443019867
7258.2370 0.718001782894135
7258.7121 0.720213353633881
7259.1872 0.722426176071167
7259.6623 0.724640130996704
7260.1374 0.726391911506653
7260.6125 0.72720342874527
7261.0876 0.728015422821045
7261.5627 0.728827774524689
7262.0378 0.729640483856201
7262.5129 0.728656113147736
7262.9880 0.727083802223206
7263.4631 0.725510478019714
7263.9382 0.723936140537262
7264.4133 0.722549498081207
7264.8884 0.722032308578491
7265.3634 0.721514701843262
7265.8385 0.720996677875519
7266.3136 0.720478296279907
7266.7887 0.721636891365051
7267.2638 0.723899364471436
7267.7389 0.72616320848465
7268.2140 0.728428244590759
7268.6891 0.730732083320618
7269.1642 0.734298944473267
7269.6393 0.737867712974548
7270.1144 0.741438508033752
7270.5895 0.745011389255524
7271.0646 0.746169745922089
7271.5397 0.744436383247375
7272.0148 0.742701828479767
7272.4899 0.740966200828552
7272.9649 0.739229559898376
7273.4400 0.736491501331329
7273.9151 0.733618259429932
7274.3902 0.730743288993835
7274.8653 0.727866530418396
7275.3404 0.725666284561157
7275.8155 0.724976599216461
7276.2906 0.724286437034607
7276.7657 0.72359573841095
7277.2408 0.722904562950134
7277.7159 0.722069978713989
7278.1910 0.721184134483337
7278.6661 0.720297574996948
7279.1412 0.719410538673401
7279.6163 0.719016671180725
7280.0914 0.721088290214539
7280.5665 0.723160982131958
7281.0415 0.725234806537628
7281.5166 0.727309823036194
7281.9917 0.730359137058258
7282.4668 0.734068989753723
7282.9419 0.737780928611755
7283.4170 0.741494953632355
7283.8921 0.74519681930542
7284.3672 0.748379826545715
7284.8423 0.751564562320709
7285.3174 0.754751086235046
7285.7925 0.757939457893372
7286.2676 0.760148882865906
7286.7427 0.761195361614227
7287.2178 0.762242376804352
7287.6929 0.763289928436279
7288.1680 0.764338076114655
7288.6431 0.762378215789795
7289.1181 0.760040402412415
7289.5932 0.757701098918915
7290.0683 0.75536036491394
7290.5434 0.753056406974792
7291.0185 0.750831723213196
7291.4936 0.748605668544769
7291.9687 0.746378302574158
7292.4438 0.744149506092072
7292.9189 0.742730855941772
7293.3940 0.741576790809631
7293.8691 0.740422010421753
7294.3442 0.739266455173492
7294.8193 0.738208055496216
7295.2944 0.737575113773346
7295.7695 0.736941754817963
7296.2446 0.736307978630066
7296.7197 0.735673725605011
7297.1947 0.73707115650177
7297.6698 0.739711165428162
7298.1449 0.742352604866028
7298.6200 0.744995474815369
7299.0951 0.747611224651337
7299.5702 0.749739289283752
7300.0453 0.751868546009064
7300.5204 0.753998994827271
7300.9955 0.756130576133728
7301.4706 0.755702197551727
7301.9457 0.752613604068756
7302.4208 0.749523103237152
7302.8959 0.746430695056915
7303.3710 0.74333643913269
7303.8461 0.74562132358551
7304.3212 0.748334586620331
7304.7962 0.751049399375916
7305.2713 0.75376570224762
7305.7464 0.754508316516876
7306.2215 0.751784086227417
7306.6966 0.749058127403259
7307.1717 0.746330499649048
7307.6468 0.743601202964783
7308.1219 0.740888595581055
7308.5970 0.73817902803421
7309.0721 0.735467731952667
7309.5472 0.732754826545715
7310.0223 0.731474578380585
7310.4974 0.734789371490479
7310.9725 0.73810601234436
7311.4476 0.74142450094223
7311.9227 0.744744896888733
7312.3978 0.745813369750977
7312.8728 0.745803594589233
7313.3479 0.745793700218201
7313.8230 0.745783746242523
7314.2981 0.745925545692444
7314.7732 0.747232019901276
7315.2483 0.7485391497612
7315.7234 0.749846935272217
7316.1985 0.751155436038971
7316.6736 0.751710832118988
7317.1487 0.751662254333496
7317.6238 0.75161349773407
7318.0989 0.751564621925354
7318.5740 0.751515626907349
7319.0491 0.750957846641541
7319.5242 0.750397324562073
7319.9993 0.749836444854736
7320.4744 0.749275028705597
7320.9494 0.750354766845703
7321.4245 0.753555953502655
7321.8996 0.75675892829895
7322.3747 0.759963572025299
7322.8498 0.763170003890991
7323.3249 0.766452372074127
7323.8000 0.769746899604797
7324.2751 0.773043155670166
7324.7502 0.776341319084167
7325.2253 0.779013156890869
7325.7004 0.780352711677551
7326.1755 0.781692981719971
7326.6506 0.783033847808838
7327.1257 0.784375429153442
7327.6008 0.785225868225098
7328.0759 0.785923838615417
7328.5510 0.786622166633606
7329.0260 0.787320792675018
7329.5011 0.788356065750122
7329.9762 0.79068386554718
7330.4513 0.793012976646423
7330.9264 0.795343220233917
7331.4015 0.797674775123596
7331.8766 0.797881960868835
7332.3517 0.79694801568985
7332.8268 0.796013414859772
7333.3019 0.795078217983246
7333.7770 0.794155120849609
7334.2521 0.793351650238037
7334.7272 0.792547643184662
7335.2023 0.791743159294128
7335.6774 0.790938079357147
7336.1525 0.791042447090149
7336.6275 0.791919112205505
7337.1026 0.792796194553375
7337.5777 0.793673753738403
7338.0528 0.794551730155945
7338.5279 0.797457098960876
7339.0030 0.800390839576721
7339.4781 0.80332624912262
7339.9532 0.806263267993927
7340.4283 0.808589637279511
7340.9034 0.810117483139038
7341.3785 0.811646223068237
7341.8536 0.813175916671753
7342.3287 0.814706444740295
7342.8038 0.816292881965637
7343.2789 0.817887783050537
7343.7540 0.819483518600464
7344.2291 0.821080386638641
7344.7041 0.821509718894959
7345.1792 0.819555163383484
7345.6543 0.817599654197693
7346.1294 0.815643131732941
7346.6045 0.813685595989227
7347.0796 0.813759446144104
7347.5547 0.814414978027344
7348.0298 0.815071165561676
7348.5049 0.815727949142456
7348.9800 0.815588712692261
7349.4551 0.81273353099823
7349.9302 0.80987685918808
7350.4053 0.807018935680389
7350.8804 0.804159581661224
7351.3555 0.804073095321655
7351.8306 0.805312871932983
7352.3057 0.806553781032562
7352.7807 0.807795763015747
7353.2558 0.808947563171387
7353.7309 0.80947333574295
7354.2060 0.809999883174896
7354.6811 0.810527265071869
7355.1562 0.811055421829224
7355.6313 0.810509026050568
7356.1064 0.809178650379181
7356.5815 0.807847857475281
7357.0566 0.806517004966736
7357.5317 0.805263757705688
7358.0068 0.806520223617554
7358.4819 0.807778060436249
7358.9570 0.809037327766418
7359.4321 0.810298085212708
7359.9072 0.810585141181946
7360.3823 0.809827029705048
7360.8573 0.809069156646729
7361.3324 0.808311462402344
7361.8075 0.807554066181183
7362.2826 0.807749032974243
7362.7577 0.808010458946228
7363.2328 0.80827271938324
7363.7079 0.808535814285278
7364.1830 0.807902097702026
7364.6581 0.805859625339508
7365.1332 0.803816556930542
7365.6083 0.801772713661194
7366.0834 0.799728274345398
7366.5585 0.800433933734894
7367.0336 0.801650881767273
7367.5087 0.802869200706482
7367.9838 0.804088711738586
7368.4588 0.804728984832764
7368.9339 0.80400538444519
7369.4090 0.803281664848328
7369.8841 0.802557587623596
7370.3592 0.801833271980286
7370.8343 0.801594495773315
7371.3094 0.801514029502869
7371.7845 0.801433384418488
7372.2596 0.801352441310883
7372.7347 0.801193296909332
7373.2098 0.800741851329803
7373.6849 0.800289452075958
7374.1600 0.799836039543152
7374.6351 0.79938131570816
7375.1102 0.800373077392578
7375.5853 0.802086770534515
7376.0604 0.803799986839294
7376.5354 0.805512547492981
7377.0105 0.807061374187469
7377.4856 0.807463824748993
7377.9607 0.80786406993866
7378.4358 0.808261930942535
7378.9109 0.808657169342041
7379.3860 0.808226764202118
7379.8611 0.807203531265259
7380.3362 0.806175947189331
7380.8113 0.805143594741821
7381.2864 0.804070591926575
7381.7615 0.802168130874634
7382.2366 0.800259470939636
7382.7117 0.798344373703003
7383.1868 0.79642242193222
7383.6619 0.795325756072998
7384.1370 0.795051455497742
7384.6120 0.794770002365112
7385.0871 0.794480919837952
7385.5622 0.794183909893036
7386.0373 0.792830228805542
7386.5124 0.791424751281738
7386.9875 0.790009498596191
7387.4626 0.788584113121033
7387.9377 0.787407517433167
7388.4128 0.786575675010681
7388.8879 0.785732567310333
7389.3630 0.784877777099609
7389.8381 0.784010708332062
7390.3132 0.785134792327881
7390.7883 0.786511659622192
7391.2634 0.787875294685364
7391.7385 0.789225041866302
7392.2136 0.788151443004608
7392.6886 0.782486498355865
7393.1637 0.776806712150574
7393.6388 0.771111905574799
7394.1139 0.765402138233185
7394.5890 0.76578825712204
7395.0641 0.767615437507629
7395.5392 0.769425511360168
7396.0143 0.771218240261078
7396.4894 0.772244453430176
7396.9645 0.771235227584839
7397.4396 0.770209074020386
7397.9147 0.769165873527527
7398.3898 0.768105745315552
7398.8649 0.768313407897949
7399.3400 0.768968105316162
7399.8151 0.769605159759521
7400.2901 0.770224690437317
7400.7652 0.770610451698303
7401.2403 0.77010703086853
7401.7154 0.769588172435761
7402.1905 0.769054591655731
7402.6656 0.768506765365601
7403.1407 0.767575144767761
7403.6158 0.766443908214569
7404.0909 0.765301167964935
7404.5660 0.764147698879242
7405.0411 0.763386249542236
7405.5162 0.765307545661926
7405.9913 0.767217576503754
7406.4664 0.769117414951324
7406.9415 0.771008133888245
7407.4166 0.771493136882782
7407.8917 0.771026492118835
7408.3667 0.770556211471558
7408.8418 0.770083367824554
7409.3169 0.769645571708679
7409.7920 0.769754827022552
7410.2671 0.769862830638886
7410.7422 0.769970118999481
7411.2173 0.770077109336853
7411.6924 0.770319700241089
7412.1675 0.770682334899902
7412.6426 0.771045207977295
7413.1177 0.771408438682556
7413.5928 0.771772027015686
7414.0679 0.771461129188538
7414.5430 0.771150708198547
7415.0181 0.770841002464294
7415.4932 0.770532071590424
7415.9683 0.770594537258148
7416.4433 0.7710782289505
7416.9184 0.771560668945313
7417.3935 0.772041440010071
7417.8686 0.772520124912262
7418.3437 0.772508263587952
7418.8188 0.772461652755737
7419.2939 0.772412300109863
7419.7690 0.77235996723175
7420.2441 0.772186696529388
7420.7192 0.771839201450348
7421.1943 0.771488070487976
7421.6694 0.771132946014404
7422.1445 0.770773649215698
7422.6196 0.770192801952362
7423.0947 0.76957768201828
7423.5698 0.768958270549774
7424.0448 0.76833438873291
7424.5199 0.76791524887085
7424.9950 0.767879843711853
7425.4701 0.767839252948761
7425.9452 0.767793476581573
7426.4203 0.76774275302887
7426.8954 0.768307566642761
7427.3705 0.769001245498657
7427.8456 0.769689321517944
7428.3207 0.770372092723846
7428.7958 0.770871818065643
7429.2709 0.770941257476807
7429.7460 0.771007120609283
7430.2211 0.771069586277008
7430.6962 0.771129071712494
7431.1713 0.772209286689758
7431.6464 0.773594498634338
7432.1214 0.774975657463074
7432.5965 0.776352941989899
7433.0716 0.776543796062469
7433.5467 0.773029565811157
7434.0218 0.769519209861755
7434.4969 0.766012787818909
7434.9720 0.762510299682617
7435.4471 0.761594712734222
7435.9222 0.761700332164764
7436.3973 0.761804938316345
7436.8724 0.761908650398254
7437.3475 0.761975109577179
7437.8226 0.761886656284332
7438.2977 0.761798918247223
7438.7728 0.761712253093719
7439.2479 0.761627197265625
7439.7230 0.761652052402496
7440.1980 0.761732995510101
7440.6731 0.761817038059235
7441.1482 0.761904776096344
7441.6233 0.761853992938995
7442.0984 0.760960161685944
7442.5735 0.760073184967041
7443.0486 0.759193599224091
7443.5237 0.758321821689606
7443.9988 0.757479906082153
7444.4739 0.756659984588623
7444.9490 0.755849182605743
7445.4241 0.755048036575317
7445.8992 0.754235565662384
7446.3743 0.753238916397095
7446.8494 0.752253413200378
7447.3245 0.751279592514038
7447.7996 0.750317811965942
7448.2746 0.749749183654785
7448.7497 0.749471426010132
7449.2248 0.749206602573395
7449.6999 0.748955070972443
7450.1750 0.748751759529114
7450.6501 0.749135851860046
7451.1252 0.749534487724304
7451.6003 0.749948382377625
7452.0754 0.750378251075745
7452.5505 0.750761389732361
7453.0256 0.751107096672058
7453.5007 0.751470744609833
7453.9758 0.751852869987488
7454.4509 0.752252817153931
7454.9260 0.752606511116028
7455.4011 0.752980053424835
7455.8761 0.753373920917511
7456.3512 0.753788352012634
7456.8263 0.752561926841736
7457.3014 0.749677062034607
7457.7765 0.746813595294952
7458.2516 0.743971228599548
7458.7267 0.741149604320526
7459.2018 0.741138637065887
7459.6769 0.741208136081696
7460.1520 0.741297423839569
7460.6271 0.741406321525574
7461.1022 0.741211533546448
7461.5773 0.740658104419708
7462.0524 0.740123569965363
7462.5275 0.739607691764832
7463.0026 0.739110231399536
7463.4777 0.74022376537323
7463.9527 0.741451025009155
7464.4278 0.742697060108185
7464.9029 0.74396163225174
7465.3780 0.744232892990112
7465.8531 0.743164539337158
7466.3282 0.742112576961517
7466.8033 0.741076707839966
7467.2784 0.740056395530701
7467.7535 0.739823400974274
7468.2286 0.739681124687195
7468.7037 0.739553987979889
7469.1788 0.739441752433777
7469.6539 0.739921450614929
7470.1290 0.741297423839569
7470.6041 0.742688953876495
7471.0792 0.744095683097839
7471.5543 0.745517492294312
7472.0293 0.746004164218903
7472.5044 0.746376156806946
7472.9795 0.746760845184326
7473.4546 0.74715793132782
7473.9297 0.747259974479675
7474.4048 0.746843874454498
7474.8799 0.746437549591064
7475.3550 0.74604058265686
7475.8301 0.745652318000793
7476.3052 0.746886670589447
7476.7803 0.74840772151947
7477.2554 0.74993908405304
7477.7305 0.751480162143707
7478.2056 0.751885652542114
7478.6807 0.750084042549133
7479.1558 0.748285710811615
7479.6309 0.746490001678467
7480.1059 0.744696497917175
7480.5810 0.74566262960434
7481.0561 0.747204422950745
7481.5312 0.748752951622009
7482.0063 0.750308096408844
7482.4814 0.751042783260345
7482.9565 0.750002562999725
7483.4316 0.748964190483093
7483.9067 0.747927665710449
7484.3818 0.746892929077148
7484.8569 0.747203946113586
7485.3320 0.747842073440552
7485.8071 0.748485147953033
7486.2822 0.749133586883545
7486.7573 0.749824523925781
7487.2324 0.750609159469604
7487.7074 0.751400411128998
7488.1825 0.752198576927185
7488.6576 0.753004193305969
7489.1327 0.752336144447327
7489.6078 0.75127100944519
7490.0829 0.750210702419281
7490.5580 0.749155402183533
7491.0331 0.748423039913177
7491.5082 0.748524308204651
7491.9833 0.748633503913879
7492.4584 0.748750925064087
7492.9335 0.748876690864563
7493.4086 0.748164534568787
7493.8837 0.747205078601837
7494.3588 0.746251940727234
7494.8339 0.745305180549622
7495.3090 0.745110511779785
7495.7840 0.747032701969147
7496.2591 0.748967230319977
7496.7342 0.75091415643692
7497.2093 0.752873241901398
7497.6844 0.752977073192596
7498.1595 0.752479195594788
7498.6346 0.75198632478714
7499.1097 0.751497447490692
7499.5848 0.750696778297424
7500.0599 0.748940825462341
7500.5350 0.747182250022888
7501.0101 0.745419681072235
7501.4852 0.743651390075684
7501.9603 0.742284834384918
7502.4354 0.741052627563477
7502.9105 0.739810585975647
7503.3856 0.738556921482086
7503.8606 0.737107396125793
7504.3357 0.735054016113281
7504.8108 0.732981264591217
7505.2859 0.730887174606323
7505.7610 0.728769898414612
7506.2361 0.72814154624939
7506.7112 0.728043794631958
7507.1863 0.727921545505524
7507.6614 0.727772951126099
7508.1365 0.727806031703949
7508.6116 0.728519797325134
7509.0867 0.729203701019287
7509.5618 0.729856312274933
7510.0369 0.730475902557373
7510.5120 0.730419397354126
7510.9871 0.730082273483276
7511.4622 0.729707002639771
7511.9372 0.729292154312134
7512.4123 0.72876101732254
7512.8874 0.727922856807709
7513.3625 0.727041959762573
7513.8376 0.726117670536041
7514.3127 0.725149273872375
7514.7878 0.725077450275421
7515.2629 0.725327014923096
7515.7380 0.725531935691834
7516.2131 0.72569215297699
7516.6882 0.72604775428772
7517.1633 0.727217257022858
7517.6384 0.728342294692993
7518.1135 0.72942316532135
7518.5886 0.730460345745087
7519.0637 0.732377648353577
7519.5387 0.734614968299866
7520.0138 0.736809849739075
7520.4889 0.73896312713623
7520.9640 0.740217804908752
7521.4391 0.738349676132202
7521.9142 0.736448168754578
7522.3893 0.734515130519867
7522.8644 0.732552111148834
7523.3395 0.733942568302155
7523.8146 0.736628472805023
7524.2897 0.739281713962555
7524.7648 0.741903603076935
7525.2399 0.743767917156219
7525.7150 0.743011772632599
7526.1901 0.742235720157623
7526.6652 0.741441667079926
7527.1403 0.740631222724915
7527.6153 0.740234971046448
7528.0904 0.739991009235382
7528.5655 0.739734530448914
7529.0406 0.739467203617096
7529.5157 0.739311814308167
7529.9908 0.739570558071136
7530.4659 0.739821970462799
7530.9410 0.740067362785339
7531.4161 0.740308523178101
7531.8912 0.738736152648926
7532.3663 0.736483454704285
7532.8414 0.734236240386963
7533.3165 0.731995820999146
7533.7916 0.730517029762268
7534.2667 0.731574296951294
7534.7418 0.732634663581848
7535.2169 0.733699440956116
7535.6919 0.734770119190216
7536.1670 0.736422061920166
7536.6421 0.738289713859558
7537.1172 0.740165591239929
7537.5923 0.742051124572754
7538.0674 0.743251323699951
7538.5425 0.742243051528931
7539.0176 0.741253554821014
7539.4927 0.740283489227295
7539.9678 0.73933357000351
7540.4429 0.738098502159119
7540.9180 0.736779749393463
7541.3931 0.735483109951019
7541.8682 0.734208941459656
7542.3433 0.733378350734711
7542.8184 0.733832657337189
7543.2935 0.734307706356049
7543.7685 0.734803915023804
7544.2436 0.735321700572968
7544.7187 0.737118601799011
7545.1938 0.739340603351593
7545.6689 0.741583466529846
7546.1440 0.743847608566284
7546.6191 0.745301067829132
7547.0942 0.744455933570862
7547.5693 0.743635714054108
7548.0444 0.742840111255646
7548.5195 0.742068767547607
7548.9946 0.740505576133728
7549.4697 0.738725066184998
7549.9448 0.736967742443085
7550.4199 0.735232770442963
7550.8950 0.734391033649445
7551.3700 0.735806584358215
7551.8451 0.73724102973938
7552.3202 0.738693952560425
7552.7953 0.740164756774902
7553.2704 0.738472461700439
7553.7455 0.735949456691742
7554.2206 0.733442544937134
7554.6957 0.730950534343719
7555.1708 0.72890168428421
7555.6459 0.727870345115662
7556.1210 0.726850867271423
7556.5961 0.725842297077179
7557.0712 0.724843740463257
7557.5463 0.724903523921967
7558.0214 0.725218296051025
7558.4965 0.725540935993195
7558.9716 0.725870728492737
7559.4466 0.726544618606567
7559.9217 0.727939128875732
7560.3968 0.729339122772217
7560.8719 0.730744004249573
7561.3470 0.732153415679932
7561.8221 0.734394788742065
7562.2972 0.736806511878967
7562.7723 0.739221572875977
7563.2474 0.74163943529129
7563.7225 0.742441892623901
7564.1976 0.740170955657959
7564.6727 0.73790043592453
7565.1478 0.735630035400391
7565.6229 0.733359515666962
7566.0980 0.732247233390808
7566.5731 0.731326699256897
7567.0482 0.730405688285828
7567.5232 0.729483842849731
7567.9983 0.729543447494507
7568.4734 0.731266140937805
7568.9485 0.732988178730011
7569.4236 0.734709501266479
7569.8987 0.736429870128632
7570.3738 0.737474024295807
7570.8489 0.738429427146912
7571.3240 0.739383399486542
7571.7991 0.740335822105408
7572.2742 0.740283727645874
7572.7493 0.738726615905762
7573.2244 0.737167239189148
7573.6995 0.735605478286743
7574.1746 0.734041392803192
7574.6497 0.733103394508362
7575.1247 0.732221007347107
7575.5998 0.73133647441864
7576.0749 0.730449795722961
7576.5500 0.730169653892517
7577.0251 0.730688810348511
7577.5002 0.731206059455872
7577.9753 0.731721580028534
7578.4504 0.732235312461853
7578.9255 0.732676029205322
7579.4006 0.733111083507538
7579.8757 0.7335444688797
7580.3508 0.733976185321808
7580.8259 0.733956277370453
7581.3010 0.733418583869934
7581.7761 0.732879102230072
7582.2512 0.732338011264801
7582.7263 0.731795430183411
7583.2013 0.730391085147858
7583.6764 0.72897082567215
7584.1515 0.727549076080322
7584.6266 0.72612589597702
7585.1017 0.724793314933777
7585.5768 0.72355055809021
7586.0519 0.722306728363037
7586.5270 0.721061527729034
7587.0021 0.719760537147522
7587.4772 0.715937376022339
7587.9523 0.71211302280426
7588.4274 0.708287417888641
7588.9025 0.704460620880127
7589.3776 0.699484467506409
7589.8527 0.693533182144165
7590.3278 0.687580704689026
7590.8029 0.681627035140991
7591.2779 0.675492763519287
7591.7530 0.666614413261414
7592.2281 0.657734811306
7592.7032 0.648854076862335
7593.1783 0.639972150325775
7593.6534 0.62945020198822
7594.1285 0.617752134799957
7594.6036 0.606052875518799
7595.0787 0.59435248374939
7595.5538 0.581954300403595
7596.0289 0.563560664653778
7596.5040 0.545165419578552
7596.9791 0.526768684387207
7597.4542 0.508370399475098
7597.9293 0.49040499329567
7598.4044 0.47269731760025
7598.8795 0.454988241195679
7599.3545 0.437277793884277
7599.8296 0.419901758432388
7600.3047 0.404438048601151
7600.7798 0.388973206281662
7601.2549 0.3735072016716
7601.7300 0.358040064573288
7602.2051 0.34429544210434
7602.6802 0.331388175487518
7603.1553 0.318479955196381
7603.6304 0.305570840835571
7604.1055 0.293706119060516
7604.5806 0.286104023456573
7605.0557 0.278501391410828
7605.5308 0.270898252725601
7606.0059 0.263294577598572
7606.4810 0.258236825466156
7606.9560 0.254160970449448
7607.4311 0.250084847211838
7607.9062 0.246008440852165
7608.3813 0.243088617920876
7608.8564 0.243695050477982
7609.3315 0.244301542639732
7609.8066 0.244908094406128
7610.2817 0.245514705777168
7610.7568 0.249613523483276
7611.2319 0.254738122224808
7611.7070 0.259863138198853
7612.1821 0.264988511800766
7612.6572 0.270353734493256
7613.1323 0.276279032230377
7613.6074 0.282204747200012
7614.0825 0.28813099861145
7614.5576 0.294057667255402
7615.0326 0.303157567977905
7615.5077 0.312922596931458
7615.9828 0.322688400745392
7616.4579 0.332454919815063
7616.9330 0.342553406953812
7617.4081 0.353255122900009
7617.8832 0.363957703113556
7618.3583 0.374661087989807
7618.8334 0.385365337133408
7619.3085 0.394952833652496
7619.7836 0.404393315315247
7620.2587 0.413834452629089
7620.7338 0.423276364803314
7621.2089 0.431418478488922
7621.6840 0.437707036733627
7622.1591 0.443996071815491
7622.6342 0.450285613536835
7623.1092 0.456575632095337
7623.5843 0.454320222139359
7624.0594 0.451538056135178
7624.5345 0.44875568151474
7625.0096 0.445973098278046
7625.4847 0.443072944879532
7625.9598 0.440041363239288
7626.4349 0.437009572982788
7626.9100 0.433977514505386
7627.3851 0.430939018726349
7627.8602 0.425983250141144
7628.3353 0.421027064323425
7628.8104 0.416070520877838
7629.2855 0.41111359000206
7629.7606 0.406931698322296
7630.2357 0.403423994779587
7630.7108 0.399916023015976
7631.1858 0.396407783031464
7631.6609 0.392806529998779
7632.1360 0.387913733720779
7632.6111 0.383020490407944
7633.0862 0.378126889467239
7633.5613 0.373232901096344
7634.0364 0.372069180011749
7634.5115 0.373394966125488
7634.9866 0.374720871448517
7635.4617 0.37604683637619
7635.9368 0.377131670713425
7636.4119 0.376646637916565
7636.8870 0.37616154551506
7637.3621 0.375676423311234
7637.8372 0.375191241502762
7638.3123 0.376698166131973
7638.7873 0.379198908805847
7639.2624 0.381699770689011
7639.7375 0.384200811386108
7640.2126 0.386897742748261
7640.6877 0.390368700027466
7641.1628 0.393839925527573
7641.6379 0.397311329841614
7642.1130 0.400783002376556
7642.5881 0.404377460479736
7643.0632 0.408015817403793
7643.5383 0.411654412746429
7644.0134 0.415293276309967
7644.4885 0.41854253411293
7644.9636 0.420754015445709
7645.4387 0.422965615987778
7645.9138 0.425177395343781
7646.3889 0.427389234304428
7646.8639 0.430206179618835
7647.3390 0.433165669441223
7647.8141 0.436125338077545
7648.2892 0.439085155725479
7648.7643 0.442375749349594
7649.2394 0.446289598941803
7649.7145 0.450203716754913
7650.1896 0.454118072986603
7650.6647 0.458032667636871
7651.1398 0.461064666509628
7651.6149 0.463981360197067
7652.0900 0.466898262500763
7652.5651 0.469815313816071
7653.0402 0.472769886255264
7653.5153 0.475775569677353
7653.9904 0.478781431913376
7654.4655 0.481787532567978
7654.9405 0.484793782234192
7655.4156 0.488418430089951
7655.8907 0.492067933082581
7656.3658 0.495717734098434
7656.8409 0.499367773532867
7657.3160 0.502566397190094
7657.7911 0.505315959453583
7658.2662 0.508065700531006
7658.7413 0.510815620422363
7659.2164 0.513603270053864
7659.6915 0.517255783081055
7660.1666 0.520908653736115
7660.6417 0.524561822414398
7661.1168 0.528215289115906
7661.5919 0.53017246723175
7662.0670 0.530912578105927
7662.5421 0.531652867794037
7663.0171 0.532393336296082
7663.4922 0.533048748970032
7663.9673 0.533101677894592
7664.4424 0.533154666423798
7664.9175 0.533207833766937
7665.3926 0.533261060714722
7665.8677 0.535298585891724
7666.3428 0.538332581520081
7666.8179 0.541366934776306
7667.2930 0.54440176486969
7667.7681 0.546863794326782
7668.2432 0.547149062156677
7668.7183 0.547434687614441
7669.1934 0.547720491886139
7669.6685 0.548006534576416
7670.1436 0.549838066101074
7670.6186 0.552180409431458
7671.0937 0.554523289203644
7671.5688 0.556866645812988
7672.0439 0.558054149150848
7672.5190 0.556486129760742
7672.9941 0.554918348789215
7673.4692 0.553350746631622
7673.9443 0.551783382892609
7674.4194 0.55219554901123
7674.8945 0.552984952926636
7675.3696 0.553774833679199
7675.8447 0.55456531047821
7676.3198 0.55563622713089
7676.7949 0.557154834270477
7677.2700 0.558673977851868
7677.7451 0.560193836688995
7678.2202 0.561714291572571
7678.6952 0.560963034629822
7679.1703 0.560043513774872
7679.6454 0.55912446975708
7680.1205 0.558205842971802
7680.5956 0.557931900024414
7681.0707 0.558364152908325
7681.5458 0.558797001838684
7682.0209 0.559230506420136
7682.4960 0.559694111347198
7682.9711 0.561348438262939
7683.4462 0.563003540039063
7683.9213 0.564659357070923
7684.3964 0.56631600856781
7684.8715 0.567329347133636
7685.3466 0.567861080169678
7685.8217 0.568393349647522
7686.2968 0.568926215171814
7686.7718 0.569478511810303
7687.2469 0.570169746875763
7687.7220 0.570861458778381
7688.1971 0.571553707122803
7688.6722 0.572246313095093
7689.1473 0.575021505355835
7689.6224 0.578828871250153
7690.0975 0.582636892795563
7690.5726 0.586445569992065
7691.0477 0.59051239490509
7691.5228 0.595502614974976
7691.9979 0.600493431091309
7692.4730 0.605484783649445
7692.9481 0.610476493835449
7693.4232 0.612368285655975
7693.8983 0.613323986530304
7694.3734 0.61427915096283
7694.8484 0.615233540534973
7695.3235 0.61572390794754
7695.7986 0.615223407745361
7696.2737 0.614721536636353
7696.7488 0.61421811580658
7697.2239 0.613712906837463
7697.6990 0.617976069450378
7698.1741 0.622950375080109
7698.6492 0.627922713756561
7699.1243 0.632892966270447
7699.5994 0.635880172252655
7700.0745 0.636150181293488
7700.5496 0.636416792869568
7701.0247 0.636679768562317
7701.4998 0.636938750743866
7701.9749 0.64029324054718
7702.4499 0.643724799156189
7702.9250 0.647151350975037
7703.4001 0.650572538375854
7703.8752 0.652553141117096
7704.3503 0.653241991996765
7704.8254 0.653924345970154
7705.3005 0.654599785804749
7705.7756 0.655450522899628
7706.2507 0.658363699913025
7706.7258 0.66126823425293
7707.2009 0.664163708686829
7707.6760 0.667049527168274
7708.1511 0.669098377227783
7708.6262 0.670662403106689
7709.1013 0.672215521335602
7709.5764 0.673757314682007
7710.0515 0.674986958503723
7710.5265 0.674927175045013
7711.0016 0.67485523223877
7711.4767 0.674770772457123
7711.9518 0.674673318862915
7712.4269 0.67691171169281
7712.9020 0.679935455322266
7713.3771 0.682942986488342
7713.8522 0.685933887958527
7714.3273 0.687075138092041
7714.8024 0.683964908123016
7715.2775 0.680841565132141
7715.7526 0.67770516872406
7716.2277 0.674555778503418
7716.7028 0.676353752613068
7717.1779 0.678950607776642
7717.6530 0.681529760360718
7718.1281 0.684091806411743
7718.6031 0.685786962509155
7719.0782 0.686274290084839
7719.5533 0.68674910068512
7720.0284 0.687212467193604
7720.5035 0.687665641307831
7720.9786 0.689781606197357
7721.4537 0.691932439804077
7721.9288 0.694074809551239
7722.4039 0.696210026741028
7722.8790 0.69481098651886
7723.3541 0.690316438674927
7723.8292 0.685827493667603
7724.3043 0.681345343589783
7724.7794 0.677621483802795
7725.2545 0.681337893009186
7725.7296 0.685053706169128
7726.2046 0.688770234584808
7726.6797 0.692488729953766
7727.1548 0.693028151988983
7727.6299 0.691874086856842
7728.1050 0.690731227397919
7728.5801 0.689600348472595
7729.0552 0.688596904277802
7729.5303 0.688034176826477
7730.0054 0.6874840259552
7730.4805 0.68694669008255
7730.9556 0.686422348022461
7731.4307 0.684695780277252
7731.9058 0.682626247406006
7732.3809 0.680570840835571
7732.8560 0.678529381752014
7733.3311 0.676959276199341
7733.8062 0.676312863826752
7734.2812 0.675678431987762
7734.7563 0.675055742263794
7735.2314 0.674444615840912
7735.7065 0.675329446792603
7736.1816 0.6763955950737
7736.6567 0.67747175693512
7737.1318 0.678557753562927
7737.6069 0.678301393985748
7738.0820 0.67646449804306
7738.5571 0.674638032913208
7739.0322 0.672821640968323
7739.5073 0.671066761016846
7739.9824 0.671540379524231
7740.4575 0.672021925449371
7740.9326 0.672511100769043
7741.4077 0.673007607460022
7741.8828 0.672914505004883
7742.3578 0.672408163547516
7742.8329 0.671908497810364
7743.3080 0.671415030956268
7743.7831 0.671222031116486
7744.2582 0.672684013843536
7744.7333 0.674150943756104
7745.2084 0.675622582435608
7745.6835 0.67709869146347
7746.1586 0.678876280784607
7746.6337 0.680775165557861
7747.1088 0.682677567005157
7747.5839 0.684582710266113
7748.0590 0.685593366622925
7748.5341 0.684328138828278
7749.0092 0.683064103126526
7749.4843 0.681800305843353
7749.9594 0.680535912513733
7750.4344 0.680087983608246
7750.9095 0.679782807826996
7751.3846 0.67947393655777
7751.8597 0.679160296916962
7752.3348 0.678440809249878
7752.8099 0.67715322971344
7753.2850 0.67585813999176
7753.7601 0.674554586410522
7754.2352 0.673241555690765
7754.7103 0.672721147537231
7755.1854 0.672203123569489
7755.6605 0.67167341709137
7756.1356 0.671131789684296
7756.6107 0.67049115896225
7757.0858 0.669767916202545
7757.5609 0.669031977653503
7758.0359 0.668283522129059
7758.5110 0.667643189430237
7758.9861 0.667867302894592
7759.4612 0.668079257011414
7759.9363 0.668279528617859
7760.4114 0.668468952178955
7760.8865 0.668529868125916
7761.3616 0.668528497219086
7761.8367 0.668519258499146
7762.3118 0.668503284454346
7762.7869 0.668268501758575
7763.2620 0.667424201965332
7763.7371 0.666577935218811
7764.2122 0.665731191635132
7764.6873 0.664885461330414
7765.1624 0.666030526161194
7765.6375 0.667582452297211
7766.1125 0.669138550758362
7766.5876 0.670700669288635
7767.0627 0.67106294631958
7767.5378 0.669642210006714
7768.0129 0.668234705924988
7768.4880 0.666841804981232
7768.9631 0.665464699268341
7769.4382 0.663058638572693
7769.9133 0.660643219947815
7770.3884 0.658246874809265
7770.8635 0.655870079994202
7771.3386 0.654229760169983
7771.8137 0.65320360660553
7772.2888 0.652197778224945
7772.7639 0.651212573051453
7773.2390 0.650338768959045
7773.7141 0.650152087211609
7774.1891 0.649986267089844
7774.6642 0.649841248989105
7775.1393 0.649716734886169
7775.6144 0.651725947856903
7776.0895 0.654689908027649
7776.5646 0.657674193382263
7777.0397 0.660678148269653
7777.5148 0.662545740604401
7777.9899 0.661270141601563
7778.4650 0.660009205341339
7778.9401 0.658761143684387
7779.4152 0.657524347305298
7779.8903 0.657344877719879
7780.3654 0.657369554042816
7780.8405 0.657401204109192
7781.3156 0.657438039779663
7781.7907 0.657682418823242
7782.2657 0.658212661743164
7782.7408 0.658743500709534
7783.2159 0.659273326396942
7783.6910 0.659800708293915
7784.1661 0.660076856613159
7784.6412 0.660345911979675
7785.1163 0.660608172416687
7785.5914 0.660862326622009
7786.0665 0.662174820899963
7786.5416 0.664280354976654
7787.0167 0.666375756263733
7787.4918 0.668460071086884
7787.9669 0.670107185840607
7788.4420 0.669296979904175
7788.9171 0.668471992015839
7789.3922 0.667631447315216
7789.8672 0.666774868965149
7790.3423 0.667930424213409
7790.8174 0.669834792613983
7791.2925 0.671722412109375
7791.7676 0.673592865467072
7792.2427 0.675172328948975
7792.7178 0.676109552383423
7793.1929 0.67702853679657
7793.6680 0.677929043769836
7794.1431 0.678810715675354
7794.6182 0.677842915058136
7795.0933 0.676615297794342
7795.5684 0.675368785858154
7796.0435 0.674103558063507
7796.5186 0.673067450523376
7796.9937 0.67229962348938
7797.4688 0.6715127825737
7797.9438 0.670706748962402
7798.4189 0.669893205165863
7798.8940 0.669309258460999
7799.3691 0.668706715106964
7799.8442 0.668085932731628
7800.3193 0.667447209358215
7800.7944 0.667365789413452
7801.2695 0.667612195014954
7801.7446 0.667841553688049
7802.2197 0.668054401874542
7802.6948 0.668340086936951
7803.1699 0.668951094150543
7803.6450 0.669547498226166
7804.1201 0.670130252838135
7804.5952 0.670700013637543
7805.0703 0.670456111431122
7805.5454 0.669986844062805
7806.0204 0.669508695602417
7806.4955 0.669022560119629
7806.9706 0.667896628379822
7807.4457 0.665692746639252
7807.9208 0.663486003875732
7808.3959 0.661277413368225
7808.8710 0.659067988395691
7809.3461 0.659438133239746
7809.8212 0.659929692745209
7810.2963 0.660419225692749
7810.7714 0.660908162593842
7811.2465 0.66264146566391
7811.7216 0.665442109107971
7812.1967 0.668242275714874
7812.6718 0.671043276786804
7813.1469 0.673127889633179
7813.6220 0.670072913169861
7814.0970 0.667030215263367
7814.5721 0.664000272750854
7815.0472 0.660983681678772
7815.5223 0.660854876041412
7815.9974 0.661923825740814
7816.4725 0.663002014160156
7816.9476 0.664090037345886
7817.4227 0.66485321521759
7817.8978 0.664820313453674
7818.3729 0.664799451828003
7818.8480 0.664790630340576
7819.3231 0.664793848991394
7819.7982 0.661528289318085
7820.2733 0.657828211784363
7820.7484 0.654143095016479
7821.2235 0.650472402572632
7821.6985 0.649750471115112
7822.1736 0.652396857738495
7822.6487 0.655051589012146
7823.1238 0.657714664936066
7823.5989 0.660057485103607
7824.0740 0.656627357006073
7824.5491 0.653209865093231
7825.0242 0.649804472923279
7825.4993 0.646410822868347
7825.9744 0.64720094203949
7826.4495 0.650327682495117
7826.9246 0.653462111949921
7827.3997 0.656604588031769
7827.8748 0.658504962921143
7828.3499 0.656240940093994
7828.8250 0.653987467288971
7829.3001 0.651744306087494
7829.7751 0.649511098861694
7830.2502 0.64915519952774
7830.7253 0.649218857288361
7831.2004 0.649291276931763
7831.6755 0.649372279644012
7832.1506 0.649604022502899
7832.6257 0.650049328804016
7833.1008 0.650502920150757
7833.5759 0.650964736938477
7834.0510 0.651434898376465
7834.5261 0.652864336967468
7835.0012 0.654301881790161
7835.4763 0.655747532844543
7835.9514 0.657201051712036
7836.4265 0.657206296920776
7836.9016 0.656211376190186
7837.3767 0.655223548412323
7837.8517 0.654242515563965
7838.3268 0.653448820114136
7838.8019 0.653471708297729
7839.2770 0.653499960899353
7839.7521 0.653533160686493
7840.2272 0.653570830821991
7840.7023 0.652789294719696
7841.1774 0.651771903038025
7841.6525 0.650757074356079
7842.1276 0.649744391441345
7842.6027 0.648994445800781
7843.0778 0.648694813251495
7843.5529 0.648396193981171
7844.0280 0.648098170757294
7844.5031 0.64780068397522
7844.9782 0.650224030017853
7845.4532 0.652758359909058
7845.9283 0.655293583869934
7846.4034 0.657829463481903
7846.8785 0.659089624881744
7847.3536 0.659326791763306
7847.8287 0.659563899040222
7848.3038 0.659800887107849
7848.7789 0.659734129905701
7849.2540 0.657941699028015
7849.7291 0.656147837638855
7850.2042 0.654352486133575
7850.6793 0.652555227279663
7851.1544 0.653362393379211
7851.6295 0.65506112575531
7852.1046 0.656757950782776
7852.5797 0.658452689647675
7853.0548 0.659533262252808
7853.5298 0.659426093101501
7854.0049 0.659315884113312
7854.4800 0.659202635288239
7854.9551 0.659085988998413
7855.4302 0.655582189559937
7855.9053 0.65184611082077
7856.3804 0.648105621337891
7856.8555 0.644360601902008
7857.3306 0.644131779670715
7857.8057 0.646973729133606
7858.2808 0.649811744689941
7858.7559 0.652646064758301
7859.2310 0.654956758022308
7859.7061 0.653824090957642
7860.1812 0.652688384056091
7860.6563 0.651550054550171
7861.1314 0.650409281253815
7861.6064 0.649262070655823
7862.0815 0.648111462593079
7862.5566 0.646959006786346
7863.0317 0.645805239677429
7863.5068 0.645794987678528
7863.9819 0.648127198219299
7864.4570 0.650458872318268
7864.9321 0.652790188789368
7865.4072 0.655121684074402
7865.8823 0.654429495334625
7866.3574 0.653501510620117
7866.8325 0.652574360370636
7867.3076 0.651647984981537
7867.7827 0.649820029735565
7868.2578 0.647183895111084
7868.7329 0.644548296928406
7869.2080 0.641913056373596
7869.6830 0.639578700065613
7870.1581 0.639296412467957
7870.6332 0.639013946056366
7871.1083 0.638731241226196
7871.5834 0.638448357582092
7872.0585 0.638791084289551
7872.5336 0.639366507530212
7873.0087 0.639941990375519
7873.4838 0.640517890453339
7873.9589 0.640841662883759
7874.4340 0.640654921531677
7874.9091 0.640469014644623
7875.3842 0.640284299850464
7875.8593 0.640100955963135
7876.3344 0.640660166740417
7876.8095 0.641274452209473
7877.2845 0.64189076423645
7877.7596 0.64250922203064
7878.2347 0.642297148704529
7878.7098 0.6413654088974
7879.1849 0.640436291694641
7879.6600 0.639509975910187
7880.1351 0.63883775472641
7880.6102 0.639724731445313
7881.0853 0.640614926815033
7881.5604 0.64150869846344
7882.0355 0.642406225204468
7882.5106 0.643951833248138
7882.9857 0.645724475383759
7883.4608 0.647501528263092
7883.9359 0.649283170700073
7884.4110 0.649538636207581
7884.8861 0.646925568580627
7885.3611 0.64431619644165
7885.8362 0.641710162162781
7886.3113 0.639107227325439
7886.7864 0.638803005218506
7887.2615 0.638615310192108
7887.7366 0.638430297374725
7888.2117 0.638247728347778
7888.6868 0.638262808322906
7889.1619 0.638434410095215
7889.6370 0.638607978820801
7890.1121 0.638783514499664
7890.5872 0.638954341411591
7891.0623 0.639094173908234
7891.5374 0.639235734939575
7892.0125 0.639378845691681
7892.4876 0.639523506164551
7892.9627 0.638150453567505
7893.4377 0.636329174041748
7893.9128 0.634508490562439
7894.3879 0.632688403129578
7894.8630 0.632095336914063
7895.3381 0.633510291576386
7895.8132 0.634926438331604
7896.2883 0.636343777179718
7896.7634 0.637762248516083
7897.2385 0.636582791805267
7897.7136 0.635370373725891
7898.1887 0.634157836437225
7898.6638 0.632945120334625
7899.1389 0.632189393043518
7899.6140 0.631743192672729
7900.0891 0.631296455860138
7900.5642 0.630849003791809
7901.0393 0.630281686782837
7901.5143 0.629252433776855
7901.9894 0.628222107887268
7902.4645 0.627190947532654
7902.9396 0.626158833503723
7903.4147 0.627094864845276
7903.8898 0.628477215766907
7904.3649 0.629860460758209
7904.8400 0.631245017051697
7905.3151 0.631662130355835
7905.7902 0.630773842334747
7906.2653 0.629887938499451
7906.7404 0.629005134105682
7907.2155 0.628186345100403
7907.6906 0.628951370716095
7908.1657 0.629722476005554
7908.6408 0.630500793457031
7909.1158 0.631287217140198
7909.5909 0.631386935710907
7910.0660 0.631119132041931
7910.5411 0.630862236022949
7911.0162 0.630617380142212
7911.4913 0.630141258239746
7911.9664 0.628985285758972
7912.4415 0.627844035625458
7912.9166 0.626718640327454
7913.3917 0.625610291957855
7913.8668 0.62644898891449
7914.3419 0.627588927745819
7914.8170 0.628751635551453
7915.2921 0.629938542842865
7915.7672 0.630108058452606
7916.2423 0.629202246665955
7916.7174 0.628321886062622
7917.1924 0.62746798992157
7917.6675 0.626573204994202
7918.1426 0.625094294548035
7918.6177 0.623643636703491
7919.0928 0.622221887111664
7919.5679 0.620829939842224
7920.0430 0.622177958488464
7920.5181 0.624644041061401
7920.9932 0.627151012420654
7921.4683 0.629700303077698
7921.9434 0.630898356437683
7922.4185 0.629303634166718
7922.8936 0.627743661403656
7923.3687 0.626218676567078
7923.8438 0.624729037284851
7924.3189 0.62457001209259
7924.7940 0.62452507019043
7925.2690 0.624520659446716
7925.7441 0.624557018280029
7926.2192 0.624714314937592
7926.6943 0.624975502490997
7927.1694 0.625278651714325
7927.6445 0.625624001026154
7928.1196 0.626152515411377
7928.5947 0.62737250328064
7929.0698 0.628638327121735
7929.5449 0.629949986934662
7930.0200 0.631307423114777
7930.4951 0.630516529083252
7930.9702 0.629197359085083
7931.4453 0.627908706665039
7931.9204 0.626649439334869
7932.3955 0.625333309173584
7932.8706 0.623922944068909
7933.3456 0.62253725528717
7933.8207 0.621174812316895
7934.2958 0.619988977909088
7934.7709 0.623387336730957
7935.2460 0.626834213733673
7935.7211 0.630329132080078
7936.1962 0.633871614933014
7936.6713 0.635545790195465
7937.1464 0.636227965354919
7937.6215 0.636935830116272
7938.0966 0.637667775154114
7938.5717 0.637745201587677
7939.0468 0.636017978191376
7939.5219 0.634291410446167
7939.9970 0.632562875747681
7940.4721 0.630829393863678
7940.9471 0.629555225372314
7941.4222 0.628330230712891
7941.8973 0.627094864845276
7942.3724 0.625845670700073
7942.8475 0.624450206756592
7943.3226 0.62291008234024
7943.7977 0.621344089508057
7944.2728 0.619748592376709
7944.7479 0.617952406406403
7945.2230 0.615034639835358
7945.6981 0.612067759037018
7946.1732 0.609048247337341
7946.6483 0.605972647666931
7947.1234 0.606274247169495
7947.5985 0.607646346092224
7948.0736 0.608981430530548
7948.5487 0.61027580499649
7949.0237 0.610035598278046
7949.4988 0.607288956642151
7949.9739 0.604467689990997
7950.4490 0.601569175720215
7950.9241 0.598596274852753
7951.3992 0.598243713378906
7951.8743 0.597819685935974
7952.3494 0.597321271896362
7952.8245 0.596745729446411
7953.2996 0.59680962562561
7953.7747 0.597224950790405
7954.2498 0.597560048103333
7954.7249 0.597812354564667
7955.2000 0.598012208938599
7955.6751 0.598223209381104
7956.1502 0.598345041275024
7956.6253 0.598375678062439
7957.1003 0.598313450813293
7957.5754 0.596460163593292
7958.0505 0.594266414642334
7958.5256 0.591973900794983
7959.0007 0.589582562446594
7959.4758 0.58850109577179
7959.9509 0.588726997375488
7960.4260 0.588854432106018
7960.9011 0.588883399963379
7961.3762 0.589156687259674
7961.8513 0.591693878173828
7962.3264 0.594129264354706
7962.8015 0.596462845802307
7963.2766 0.598694562911987
7963.7517 0.600561916828156
7964.2268 0.602243542671204
7964.7019 0.603826642036438
7965.1769 0.605312943458557
7965.6520 0.606824576854706
7966.1271 0.608438372612
7966.6022 0.609959542751312
7967.0773 0.611390173435211
7967.5524 0.612714827060699
7968.0275 0.611786127090454
7968.5026 0.610786437988281
7968.9777 0.609719157218933
7969.4528 0.608588099479675
7969.9279 0.60977166891098
7970.4030 0.612236082553864
7970.8781 0.614624381065369
7971.3532 0.616939723491669
7971.8283 0.619041979312897
7972.3034 0.620682954788208
7972.7784 0.622265934944153
7973.2535 0.623794674873352
7973.7286 0.625273168087006
7974.2037 0.627872467041016
7974.6788 0.630557417869568
7975.1539 0.63319456577301
7975.6290 0.635787725448608
7976.1041 0.637640416622162
7976.5792 0.638830661773682
7977.0543 0.639998376369476
7977.5294 0.641147017478943
7978.0045 0.641925454139709
7978.4796 0.640778183937073
7978.9547 0.639638066291809
7979.4298 0.638507664203644
7979.9049 0.637389123439789
7980.3800 0.634996891021729
7980.8550 0.632282197475433
7981.3301 0.629596829414368
7981.8052 0.626942098140717
7982.2803 0.625414788722992
7982.7554 0.625429630279541
7983.2305 0.625460147857666
7983.7056 0.625507771968842
7984.1807 0.625595033168793
7984.6558 0.626095354557037
7985.1309 0.626613855361938
7985.6060 0.627151727676392
7986.0811 0.627710044384003
7986.5562 0.626128077507019
7987.0313 0.62358546257019
7987.5064 0.621085464954376
7987.9815 0.61862850189209
7988.4566 0.617626070976257
7988.9316 0.619688272476196
7989.4067 0.621768593788147
7989.8818 0.623867988586426
7990.3569 0.625987470149994
7990.8320 0.625889182090759
7991.3071 0.625710427761078
7991.7822 0.625566363334656
7992.2573 0.625457465648651
7992.7324 0.625712931156158
7993.2075 0.626234292984009
7993.6826 0.62678861618042
7994.1577 0.627376019954681
7994.6328 0.627324998378754
7995.1079 0.624947845935822
7995.5830 0.622616171836853
7996.0581 0.6203293800354
7996.5331 0.618086457252502
7997.0082 0.619806289672852
7997.4833 0.622208178043365
7997.9584 0.624635756015778
7998.4335 0.627089202404022
7998.9086 0.628595530986786
7999.3837 0.629132211208344
7999.8588 0.629700660705566
8000.3339 0.630300462245941
8000.8090 0.630604386329651
8001.2841 0.628755271434784
8001.7592 0.626942098140717
8002.2343 0.62516325712204
8002.7094 0.623417556285858
8003.1845 0.622456848621368
8003.6596 0.621752917766571
8004.1347 0.621075570583344
8004.6097 0.620423674583435
8005.0848 0.619885563850403
8005.5599 0.61950159072876
8006.0350 0.619138717651367
8006.5101 0.618795990943909
8006.9852 0.61849182844162
8007.4603 0.618635892868042
8007.9354 0.61879575252533
8008.4105 0.618970334529877
8008.8856 0.619158446788788
8009.3607 0.61776465177536
8009.8358 0.615645468235016
8010.3109 0.61353999376297
8010.7860 0.611447095870972
8011.2611 0.609442710876465
8011.7362 0.607610285282135
8012.2113 0.605786800384521
8012.6863 0.603971600532532
8013.1614 0.602164030075073
8013.6365 0.604581832885742
8014.1116 0.607162415981293
8014.5867 0.609743237495422
8015.0618 0.612323999404907
8015.5369 0.610586822032928
8016.0120 0.606023728847504
8016.4871 0.601468563079834
8016.9622 0.59692108631134
8017.4373 0.593945443630219
8017.9124 0.595787823200226
8018.3875 0.597629129886627
8018.8626 0.599469542503357
8019.3377 0.601309239864349
8019.8128 0.601715981960297
8020.2879 0.601942121982574
8020.7629 0.60217010974884
8021.2380 0.602400124073029
8021.7131 0.601560473442078
8022.1882 0.599773347377777
8022.6633 0.597991228103638
8023.1384 0.596214234828949
8023.6135 0.594957649707794
8024.0886 0.596171498298645
8024.5637 0.597387790679932
8025.0388 0.598606884479523
8025.5139 0.599829018115997
8025.9890 0.600737988948822
8026.4641 0.601580023765564
8026.9392 0.602426767349243
8027.4143 0.603278517723084
8027.8894 0.604599833488464
8028.3644 0.606469571590424
8028.8395 0.608344197273254
8029.3146 0.610223889350891
8029.7897 0.611787140369415
8030.2648 0.610625028610229
8030.7399 0.609470546245575
8031.2150 0.608323454856873
8031.6901 0.607183158397675
8032.1652 0.607674717903137
8032.6403 0.608710646629334
8033.1154 0.609750092029572
8033.5905 0.610792458057404
8034.0656 0.61020028591156
8034.5407 0.607120752334595
8035.0158 0.604045033454895
8035.4909 0.600972414016724
8035.9660 0.59810483455658
8036.4410 0.599748492240906
8036.9161 0.60138988494873
8037.3912 0.603028535842896
8037.8663 0.604664087295532
8038.3414 0.606459140777588
8038.8165 0.608323514461517
8039.2916 0.610183835029602
8039.7667 0.612039983272552
8040.2418 0.613258302211761
8040.7169 0.613229751586914
8041.1920 0.613197982311249
8041.6671 0.613162517547607
8042.1422 0.613123178482056
8042.6173 0.61238569021225
8043.0924 0.611634194850922
8043.5675 0.610878467559814
8044.0426 0.61011803150177
8044.5176 0.609278798103333
8044.9927 0.608391761779785
8045.4678 0.607499241828918
8045.9429 0.606600880622864
8046.4180 0.6059730052948
8046.8931 0.606036782264709
8047.3682 0.606093168258667
8047.8433 0.606142163276672
8048.3184 0.606183588504791
8048.7935 0.607697725296021
8049.2686 0.609308302402496
8049.7437 0.610909700393677
8050.2188 0.612501978874207
8050.6939 0.61261260509491
8051.1690 0.611666321754456
8051.6441 0.610714197158813
8052.1192 0.609756112098694
8052.5942 0.608904600143433
8053.0693 0.608413279056549
8053.5444 0.607915639877319
8054.0195 0.607411682605743
8054.4946 0.606901526451111
8054.9697 0.606386065483093
8055.4448 0.605864644050598
8055.9199 0.605337262153625
8056.3950 0.604804039001465
8056.8701 0.604101181030273
8057.3452 0.603252589702606
8057.8203 0.602398991584778
8058.2954 0.601540923118591
8058.7705 0.601042866706848
8059.2456 0.602085590362549
8059.7207 0.603121638298035
8060.1957 0.604151368141174
8060.6708 0.605175197124481
8061.1459 0.603537917137146
8061.6210 0.601408243179321
8062.0961 0.599278748035431
8062.5712 0.597149848937988
8063.0463 0.595741271972656
8063.5214 0.595059216022491
8063.9965 0.594376444816589
8064.4716 0.593693554401398
8064.9467 0.593259871006012
8065.4218 0.594217479228973
8065.8969 0.595174074172974
8066.3720 0.59613049030304
8066.8471 0.597087323665619
8067.3222 0.598276972770691
8067.7973 0.599523782730103
8068.2723 0.60077315568924
8068.7474 0.602025747299194
8069.2225 0.602238357067108
8069.6976 0.601241111755371
8070.1727 0.600252687931061
8070.6478 0.599273204803467
8071.1229 0.598115384578705
8071.5980 0.595560133457184
8072.0731 0.593016982078552
8072.5482 0.590486228466034
8073.0233 0.587967872619629
8073.4984 0.588875889778137
8073.9735 0.590788125991821
8074.4486 0.592707693576813
8074.9237 0.594635486602783
8075.3988 0.596292734146118
8075.8739 0.597591519355774
8076.3489 0.598900318145752
8076.8240 0.600219666957855
8077.2991 0.601250648498535
8077.7742 0.599218726158142
8078.2493 0.597200870513916
8078.7244 0.595196723937988
8079.1995 0.593205988407135
8079.6746 0.592341184616089
8080.1497 0.591865539550781
8080.6248 0.591400861740112
8081.0999 0.590947031974792
8081.5750 0.590756475925446
8082.0501 0.590946912765503
8082.5252 0.591146647930145
8083.0003 0.591355264186859
8083.4754 0.591484189033508
8083.9505 0.590342223644257
8084.4255 0.589208841323853
8084.9006 0.588083684444427
8085.3757 0.586966395378113
8085.8508 0.587651014328003
8086.3259 0.589025259017944
8086.8010 0.590405523777008
8087.2761 0.591791808605194
8087.7512 0.592018604278564
8088.2263 0.590386867523193
8088.7014 0.588761448860168
8089.1765 0.5871422290802
8089.6516 0.585659861564636
8090.1267 0.58693516254425
8090.6018 0.588215351104736
8091.0769 0.589500367641449
8091.5520 0.590790152549744
8092.0270 0.591393947601318
8092.5021 0.591716051101685
8092.9772 0.592042863368988
8093.4523 0.592374324798584
8093.9274 0.591783344745636
8094.4025 0.589609980583191
8094.8776 0.587440848350525
8095.3527 0.585275590419769
8095.8278 0.583234906196594
8096.3029 0.584951877593994
8096.7780 0.586671948432922
8097.2531 0.588394999504089
8097.7282 0.590121150016785
8098.2033 0.592156112194061
8098.6784 0.594328880310059
8099.1535 0.596504628658295
8099.6286 0.59868335723877
8100.1036 0.599520802497864
8100.5787 0.597948431968689
8101.0538 0.596378207206726
8101.5289 0.594809532165527
8102.0040 0.593224465847015
8102.4791 0.590855598449707
8102.9542 0.588486552238464
8103.4293 0.58611673116684
8103.9044 0.583745539188385
8104.3795 0.582399129867554
8104.8546 0.5815190076828
8105.3297 0.580636084079742
8105.8048 0.579749941825867
8106.2799 0.579394519329071
8106.7550 0.580019474029541
8107.2301 0.58064079284668
8107.7052 0.581258356571198
8108.1802 0.581884026527405
8108.6553 0.583168566226959
8109.1304 0.584449589252472
8109.6055 0.585727155208588
8110.0806 0.587001323699951
8110.5557 0.587258458137512
8111.0308 0.587043881416321
8111.5059 0.58682644367218
8111.9810 0.586605966091156
8112.4561 0.585941910743713
8112.9312 0.584459245204926
8113.4063 0.582973480224609
8113.8814 0.581484436988831
8114.3565 0.580000758171082
8114.8316 0.579002916812897
8115.3067 0.578000962734222
8115.7818 0.576994776725769
8116.2568 0.575984239578247
8116.7319 0.574659585952759
8117.2070 0.573188841342926
8117.6821 0.571713626384735
8118.1572 0.570233941078186
8118.6323 0.570155262947083
8119.1074 0.572630226612091
8119.5825 0.575100064277649
8120.0576 0.57756507396698
8120.5327 0.579956531524658
8121.0078 0.579480230808258
8121.4829 0.579001545906067
8121.9580 0.578520894050598
8122.4331 0.57803863286972
8122.9082 0.577561140060425
8123.3833 0.577085435390472
8123.8583 0.576609492301941
8124.3334 0.576133608818054
8124.8085 0.576156973838806
8125.2836 0.577055215835571
8125.7587 0.577954232692719
8126.2338 0.578854560852051
8126.7089 0.579736411571503
8127.1840 0.580047130584717
8127.6591 0.580360412597656
8128.1342 0.580676674842834
8128.6093 0.580996096134186
8129.0844 0.57987904548645
8129.5595 0.578163743019104
8130.0346 0.576452434062958
8130.5097 0.574745237827301
8130.9848 0.57378101348877
8131.4599 0.574042737483978
8131.9349 0.574307680130005
8132.4100 0.574575662612915
8132.8851 0.574759721755981
8133.3602 0.573262870311737
8133.8353 0.571768879890442
8134.3104 0.570277333259583
8134.7855 0.56878787279129
8135.2606 0.567971169948578
8135.7357 0.567414104938507
8136.2108 0.566857576370239
8136.6859 0.566301047801971
8137.1610 0.565516114234924
8137.6361 0.564381182193756
8138.1112 0.563245058059692
8138.5863 0.56210720539093
8139.0614 0.560992896556854
8139.5365 0.560223042964935
8140.0115 0.559450209140778
8140.4866 0.558674335479736
8140.9617 0.557895004749298
8141.4368 0.558121085166931
8141.9119 0.558691501617432
8142.3870 0.559258043766022
8142.8621 0.559820830821991
8143.3372 0.560430765151978
8143.8123 0.561107754707336
8144.2874 0.561781406402588
8144.7625 0.562451839447021
8145.2376 0.563001990318298
8145.7127 0.562418341636658
8146.1878 0.561832308769226
8146.6629 0.561243951320648
8147.1380 0.560653328895569
8147.6130 0.558527231216431
8148.0881 0.555941224098206
8148.5632 0.553353726863861
8149.0383 0.550764620304108
8149.5134 0.549765169620514
8149.9885 0.550736010074615
8150.4636 0.551703453063965
8150.9387 0.552667677402496
8151.4138 0.553518533706665
8151.8889 0.553585231304169
8152.3640 0.553649425506592
8152.8391 0.553711354732513
8153.3142 0.553770959377289
8153.7893 0.554189801216125
8154.2644 0.554696023464203
8154.7395 0.555200099945068
8155.2146 0.555701732635498
8155.6896 0.55355030298233
8156.1647 0.548519372940063
8156.6398 0.543489336967468
8157.1149 0.538460314273834
8157.5900 0.534648418426514
8158.0651 0.537314891815186
8158.5402 0.539977788925171
8159.0153 0.542637646198273
8159.4904 0.545294880867004
8159.9655 0.547556042671204
8160.4406 0.549739480018616
8160.9157 0.551922202110291
8161.3908 0.554104924201965
8161.8659 0.554090738296509
8162.3410 0.552026748657227
8162.8161 0.549966394901276
8163.2912 0.547909736633301
8163.7662 0.546434879302979
8164.2413 0.547314047813416
8164.7164 0.548195004463196
8165.1915 0.549077808856964
8165.6666 0.549962162971497
8166.1417 0.549240112304688
8166.6168 0.548296689987183
8167.0919 0.547354578971863
8167.5670 0.54641318321228
8168.0421 0.544970154762268
8168.5172 0.543131828308105
8168.9923 0.541292667388916
8169.4674 0.539451897144318
8169.9425 0.537732362747192
8170.4176 0.53639805316925
8170.8927 0.535059928894043
8171.3678 0.533717751502991
8171.8428 0.53237110376358
8172.3179 0.537140965461731
8172.7930 0.542406737804413
8173.2681 0.547663033008575
8173.7432 0.552909791469574
8174.2183 0.554588794708252
8174.6934 0.553955554962158
8175.1685 0.553317248821259
8175.6436 0.552673697471619
8176.1187 0.551788926124573
8176.5938 0.550322115421295
8177.0689 0.548850357532501
8177.5440 0.547373414039612
8178.0191 0.545891165733337
8178.4942 0.543755531311035
8178.9693 0.541597604751587
8179.4443 0.53943407535553
8179.9194 0.537264823913574
8180.3945 0.538734555244446
8180.8696 0.54208105802536
8181.3447 0.545415163040161
8181.8198 0.548736393451691
8182.2949 0.549402713775635
8182.7700 0.545020163059235
8183.2451 0.540633261203766
8183.7202 0.53624165058136
8184.1953 0.532002925872803
8184.6704 0.532954335212708
8185.1455 0.533893525600433
8185.6206 0.534820318222046
8186.0957 0.53573477268219
8186.5708 0.53670060634613
8187.0459 0.537679553031921
8187.5209 0.538646757602692
8187.9960 0.539602637290955
8188.4711 0.538716673851013
8188.9462 0.53510445356369
8189.4213 0.531490206718445
8189.8964 0.52787446975708
8190.3715 0.524925470352173
8190.8466 0.528767704963684
8191.3217 0.532597780227661
8191.7968 0.536416471004486
8192.2719 0.54022490978241
8192.7470 0.542515873908997
8193.2221 0.544369399547577
8193.6972 0.546219825744629
8194.1723 0.548068225383759
8194.6474 0.548200964927673
8195.1225 0.546368002891541
8195.5975 0.54454243183136
8196.0726 0.542724788188934
8196.5477 0.54116415977478
8197.0228 0.540976226329803
8197.4979 0.540794730186462
8197.9730 0.54062020778656
8198.4481 0.540452897548676
8198.9232 0.541293025016785
8199.3983 0.542325139045715
8199.8734 0.543363749980927
8200.3485 0.544409155845642
8200.8236 0.544910907745361
8201.2987 0.544938802719116
8201.7738 0.544975757598877
8202.2489 0.545021951198578
8202.7240 0.545632541179657
8203.1991 0.548179864883423
8203.6741 0.550733387470245
8204.1492 0.553293287754059
8204.6243 0.555859565734863
8205.0994 0.553991675376892
8205.5745 0.551719069480896
8206.0496 0.549457848072052
8206.5247 0.547207713127136
8206.9998 0.547594606876373
8207.4749 0.549698293209076
8207.9500 0.551807165145874
8208.4251 0.553920924663544
8208.9002 0.554319977760315
8209.3753 0.550666928291321
8209.8504 0.547023117542267
8210.3255 0.543387949466705
8210.8006 0.539761066436768
8211.2756 0.541864991188049
8211.7507 0.544030070304871
8212.2258 0.546198010444641
8212.7009 0.548368871212006
8213.1760 0.550777435302734
8213.6511 0.55329829454422
8214.1262 0.555822670459747
8214.6013 0.558350920677185
8215.0764 0.558657050132751
8215.5515 0.555279850959778
8216.0266 0.551911056041718
8216.5017 0.548550546169281
8216.9768 0.545475423336029
8217.4519 0.546077609062195
8217.9270 0.546685338020325
8218.4021 0.547298669815063
8218.8772 0.54791784286499
8219.3522 0.546424865722656
8219.8273 0.54428768157959
8220.3024 0.542158246040344
8220.7775 0.540036559104919
8221.2526 0.539378881454468
8221.7277 0.54043972492218
8222.2028 0.541508257389069
8222.6779 0.542585134506226
8223.1530 0.543410181999207
8223.6281 0.542826175689697
8224.1032 0.542252898216248
8224.5783 0.54169100522995
8225.0534 0.541141033172607
8225.5285 0.542673647403717
8226.0036 0.54458075761795
8226.4787 0.546501398086548
8226.9538 0.548436045646667
8227.4288 0.547113001346588
8227.9039 0.543103277683258
8228.3790 0.539106845855713
8228.8541 0.535123109817505
8229.3292 0.532156646251678
8229.8043 0.532301068305969
8230.2794 0.532457411289215
8230.7545 0.5326247215271
