3815.5727 -1.28672885894775
3816.0578 -1.19748401641846
3816.5430 -1.01246166229248
3817.0282 -0.762482643127441
3817.5133 -0.515467643737793
3817.9985 -0.271370887756348
3818.4836 -0.0301456451416016
3818.9688 0.0189170837402344
3819.4540 -0.0109338760375977
3819.9391 -0.0404787063598633
3820.4243 -0.0697145462036133
3820.9095 -0.0986394882202148
3821.3946 -0.119438171386719
3821.8798 -0.138335227966309
3822.3649 -0.15701961517334
3822.8501 -0.175484657287598
3823.3353 -0.193731307983398
3823.8204 -0.257724761962891
3824.3056 -0.323945999145508
3824.7908 -0.389404296875
3825.2759 -0.454104423522949
3825.7611 -0.501042366027832
3826.2462 -0.256579399108887
3826.7314 -0.0146903991699219
3827.2166 0.224668502807617
3827.7017 0.461542129516602
3828.1869 0.77067756652832
3828.6721 1.43842506408691
3829.1572 2.09924507141113
3829.6424 2.75325489044189
3830.1275 3.40056610107422
3830.6127 3.95302391052246
3831.0979 4.28000068664551
3831.5830 4.6037483215332
3832.0682 4.9243221282959
3832.5534 5.24177646636963
3833.0385 5.4774169921875
3833.5237 5.59326934814453
3834.0088 5.70810222625732
3834.4940 5.82193374633789
3834.9792 5.93478107452393
3835.4643 5.79300689697266
3835.9495 5.41416645050049
3836.4346 5.0391149520874
3836.9198 4.66779327392578
3837.4050 4.30014324188232
3837.8901 3.85098266601563
3838.3753 3.35595989227295
3838.8605 2.86570072174072
3839.3456 2.3801326751709
3839.8308 1.89918231964111
3840.3159 1.5618371963501
3840.8011 1.27603721618652
3841.2863 0.992948532104492
3841.7714 0.712532997131348
3842.2566 0.434749603271484
3842.7418 0.337596893310547
3843.2269 0.27169132232666
3843.7121 0.206467628479004
3844.1972 0.141916275024414
3844.6824 0.0780239105224609
3845.1676 0.0418024063110352
3845.6527 0.00691604614257813
3846.1379 -0.0275802612304688
3846.6231 -0.0616960525512695
3847.1082 -0.0908050537109375
3847.5934 -0.0656290054321289
3848.0785 -0.0405864715576172
3848.5637 -0.0156745910644531
3849.0489 0.00910663604736328
3849.5340 0.0466909408569336
3850.0192 0.138803482055664
3850.5043 0.230229377746582
3850.9895 0.320979118347168
3851.4747 0.41105842590332
3851.9598 0.479217529296875
3852.4450 0.497884750366211
3852.9302 0.516475677490234
3853.4153 0.534990310668945
3853.9005 0.553431510925293
3854.3856 0.589326858520508
3854.8708 0.649870872497559
3855.3560 0.710014343261719
3855.8411 0.769765853881836
3856.3263 0.829133987426758
3856.8115 1.06046772003174
3857.2966 1.4466724395752
3857.7818 1.82999229431152
3858.2669 2.21047115325928
3858.7521 2.58815288543701
3859.2373 4.05800342559814
3859.7224 6.14908885955811
3860.2076 8.2246150970459
3860.6928 10.2848148345947
3861.1779 12.3299198150635
3861.6631 16.6692056655884
3862.1482 21.7737884521484
3862.6334 26.8415622711182
3863.1186 31.8731441497803
3863.6037 36.869158744812
3864.0889 40.0106201171875
3864.5741 42.8156909942627
3865.0592 45.6019258499146
3865.5444 48.3696784973145
3866.0295 51.1193151473999
3866.5147 52.5174703598022
3866.9999 53.8531494140625
3867.4850 55.1810007095337
3867.9702 56.5012006759644
3868.4553 57.5699443817139
3868.9405 55.3704996109009
3869.4257 53.1865882873535
3869.9108 51.0179414749146
3870.3960 48.8643007278442
3870.8812 46.2457342147827
3871.3663 41.4280405044556
3871.8515 36.6412544250488
3872.3366 31.8848180770874
3872.8218 27.1581869125366
3873.3070 22.9945907592773
3873.7921 20.1907815933228
3874.2773 17.4041776657104
3874.7625 14.6344814300537
3875.2476 11.8813886642456
3875.7328 9.66798686981201
3876.2179 8.27561950683594
3876.7031 6.89148426055908
3877.1883 5.51544094085693
3877.6734 4.14735507965088
3878.1586 3.41822242736816
3878.6438 3.32440757751465
3879.1289 3.23130798339844
3879.6141 3.13891124725342
3880.0992 3.04720115661621
3880.5844 3.74637317657471
3881.0696 4.95477676391602
3881.5547 6.15701961517334
3882.0399 7.35319137573242
3882.5250 8.54337501525879
3883.0102 9.89917850494385
3883.4954 11.3174953460693
3883.9805 12.7288503646851
3884.4657 14.1333351135254
3884.9509 15.5310344696045
3885.4360 16.3384895324707
3885.9212 17.0124416351318
3886.4063 17.6833400726318
3886.8915 18.351222038269
3887.3767 19.0161199569702
3887.8618 18.959716796875
3888.3470 18.8440999984741
3888.8322 18.7292785644531
3889.3173 18.6152334213257
3889.8025 18.4661378860474
3890.2876 17.0788230895996
3890.7728 15.698187828064
3891.2580 14.3241596221924
3891.7431 12.9566583633423
3892.2283 11.5860891342163
3892.7135 10.1598443984985
3893.1986 8.74022960662842
3893.6838 7.32717227935791
3894.1689 5.92060279846191
3894.6541 4.67509174346924
3895.1393 3.93247318267822
3895.6244 3.19324493408203
3896.1096 2.45737361907959
3896.5948 1.72482490539551
3897.0799 1.13638496398926
3897.5651 0.822565078735352
3898.0502 0.510175704956055
3898.5354 0.199203491210938
3899.0206 -0.110367774963379
3899.5057 -0.319092750549316
3899.9909 -0.402636528015137
3900.4760 -0.485769748687744
3900.9612 -0.568496704101563
3901.4464 -0.650822639465332
3901.9315 -0.711969375610352
3902.4167 -0.755648136138916
3902.9019 -0.799095153808594
3903.3870 -0.842311859130859
3903.8722 -0.885301113128662
3904.3573 -0.913650512695313
3904.8425 -0.934084415435791
3905.3277 -0.954387664794922
3905.8128 -0.974560737609863
3906.2980 -0.994604587554932
3906.7832 -0.988010406494141
3907.2683 -0.972676753997803
3907.7535 -0.957359790802002
3908.2386 -0.942056655883789
3908.7238 -0.926767826080322
3909.2090 -0.977023124694824
3909.6941 -1.03820085525513
3910.1793 -1.09908771514893
3910.6645 -1.15968608856201
3911.1496 -1.21999883651733
3911.6348 -1.27206468582153
3912.1199 -1.32350921630859
3912.6051 -1.37470388412476
3913.0903 -1.42565011978149
3913.5754 -1.470046043396
3914.0606 -1.41000270843506
3914.5457 -1.35013103485107
3915.0309 -1.29043102264404
3915.5161 -1.23089790344238
3916.0012 -1.17777681350708
3916.4864 -1.15809440612793
3916.9716 -1.13842010498047
3917.4567 -1.11875438690186
3917.9419 -1.09909296035767
3918.4270 -1.08732032775879
3918.9122 -1.09813594818115
3919.3974 -1.10883855819702
3919.8825 -1.11942768096924
3920.3677 -1.12989950180054
3920.8529 -1.1327691078186
3921.3380 -1.12216329574585
3921.8232 -1.1115083694458
3922.3083 -1.10080242156982
3922.7935 -1.09004354476929
3923.2787 -1.06989669799805
3923.7638 -1.03870296478271
3924.2490 -1.00751256942749
3924.7342 -0.976323127746582
3925.2193 -0.945126533508301
3925.7045 -0.97776460647583
3926.1896 -1.06078386306763
3926.6748 -1.14340972900391
3927.1600 -1.22563600540161
3927.6451 -1.30745697021484
3928.1303 -1.32673740386963
3928.6155 -1.31331586837769
3929.1006 -1.29973888397217
3929.5858 -1.28598928451538
3930.0709 -1.27204513549805
3930.5561 -1.27966737747192
3931.0413 -1.29404592514038
3931.5264 -1.30808067321777
3932.0116 -1.3217453956604
3932.4967 -1.33501482009888
3932.9819 -1.3307089805603
3933.4671 -1.32305097579956
3933.9522 -1.31497430801392
3934.4374 -1.30647277832031
3934.9226 -1.29755163192749
3935.4077 -1.30032444000244
3935.8929 -1.30332469940186
3936.3780 -1.3059663772583
3936.8632 -1.3082799911499
3937.3484 -1.3066987991333
3937.8335 -1.23485517501831
3938.3187 -1.16284370422363
3938.8039 -1.0906810760498
3939.2890 -1.01838111877441
3939.7742 -0.947841644287109
3940.2593 -0.88819408416748
3940.7445 -0.828439712524414
3941.2297 -0.768596172332764
3941.7148 -0.708675384521484
3942.2000 -0.661517143249512
3942.6852 -0.654240608215332
3943.1703 -0.646893501281738
3943.6555 -0.639491081237793
3944.1406 -0.632044315338135
3944.6258 -0.634269237518311
3945.1110 -0.655341625213623
3945.5961 -0.67638635635376
3946.0813 -0.697412490844727
3946.5664 -0.71842622756958
3947.0516 -0.679279327392578
3947.5368 -0.562272071838379
3948.0219 -0.4453444480896
3948.5071 -0.328504085540771
3948.9923 -0.211756229400635
3949.4774 -0.144401073455811
3949.9626 -0.120560646057129
3950.4477 -0.0967779159545898
3950.9329 -0.0730562210083008
3951.4181 -0.0494003295898438
3951.9032 -0.0151419639587402
3952.3884 0.0253844261169434
3952.8736 0.0658278465270996
3953.3587 0.106186866760254
3953.8439 0.146459579467773
3954.3290 0.197940826416016
3954.8142 0.253669738769531
3955.2994 0.309298038482666
3955.7845 0.364823818206787
3956.2697 0.420246601104736
3956.7549 0.660796165466309
3957.2400 0.942604064941406
3957.7252 1.22413015365601
3958.2103 1.50537157058716
3958.6955 1.78632164001465
3959.1807 3.20743894577026
3959.6658 4.73823022842407
3960.1510 6.26765871047974
3960.6362 7.79569625854492
3961.1213 9.32613611221313
3961.6065 11.5551762580872
3962.0916 13.7821297645569
3962.5768 16.0069541931152
3963.0620 18.2296233177185
3963.5471 20.4154605865479
3964.0323 22.2845940589905
3964.5174 24.1518139839172
3965.0026 26.0170979499817
3965.4878 27.8804259300232
3965.9729 29.4971318244934
3966.4581 30.0869460105896
3966.9433 30.675998210907
3967.4284 31.2643051147461
3967.9136 31.8518424034119
3968.3987 31.9925889968872
3968.8839 31.0182056427002
3969.3691 30.0446672439575
3969.8542 29.0719847679138
3970.3394 28.1001696586609
3970.8246 26.6486735343933
3971.3097 24.4095582962036
3971.7949 22.1726975440979
3972.2800 19.9381194114685
3972.7652 17.7058410644531
3973.2504 15.6185364723206
3973.7355 13.693678855896
3974.2207 11.7708539962769
3974.7059 9.85008096694946
3975.1910 7.93137836456299
3975.6762 6.61351442337036
3976.1613 5.76182699203491
3976.6465 4.91104984283447
3977.1317 4.06119441986084
3977.6168 3.21226787567139
3978.1020 2.59631681442261
3978.5871 2.10340309143066
3979.0723 1.6110258102417
3979.5575 1.11918783187866
3980.0426 0.627896308898926
3980.5278 0.426642894744873
3981.0130 0.324096202850342
3981.4981 0.221630096435547
3981.9833 0.119243621826172
3982.4684 0.0169377326965332
3982.9536 -0.056581974029541
3983.4388 -0.124473571777344
3983.9239 -0.192328453063965
3984.4091 -0.260147571563721
3984.8943 -0.327928066253662
3985.3794 -0.375746726989746
3985.8646 -0.422005653381348
3986.3497 -0.468257427215576
3986.8349 -0.514501094818115
3987.3201 -0.561139583587646
3987.8052 -0.629456043243408
3988.2904 -0.697732448577881
3988.7756 -0.765966415405273
3989.2607 -0.834157943725586
3989.7459 -0.890036106109619
3990.2310 -0.844956398010254
3990.7162 -0.800004482269287
3991.2014 -0.755179882049561
3991.6865 -0.710485458374023
3992.1717 -0.672942638397217
3992.6569 -0.663931846618652
3993.1420 -0.654992580413818
3993.6272 -0.646122932434082
3994.1123 -0.637322902679443
3994.5975 -0.631993770599365
3995.0827 -0.635152816772461
3995.5678 -0.638354301452637
3996.0530 -0.641593933105469
3996.5381 -0.644867420196533
3997.0233 -0.657689094543457
3997.5085 -0.686257839202881
3997.9936 -0.714803218841553
3998.4788 -0.743319511413574
3998.9640 -0.771800994873047
3999.4491 -0.795480728149414
3999.9343 -0.813656806945801
4000.4194 -0.831796646118164
4000.9046 -0.84989070892334
4001.3898 -0.867932796478271
4001.8749 -0.876016616821289
4002.3601 -0.876084327697754
4002.8453 -0.876102447509766
4003.3304 -0.876062870025635
4003.8156 -0.875956058502197
4004.3007 -0.871102809906006
4004.7859 -0.863571166992188
4005.2711 -0.855958461761475
4005.7562 -0.848257541656494
4006.2414 -0.840464115142822
4006.7266 -0.832152366638184
4007.2117 -0.823586463928223
4007.6969 -0.814919948577881
4008.1820 -0.806150913238525
4008.6672 -0.797279834747314
4009.1524 -0.785464763641357
4009.6375 -0.77291202545166
4010.1227 -0.760251522064209
4010.6079 -0.747480392456055
4011.0930 -0.734590530395508
4011.5782 -0.721320152282715
4012.0633 -0.707891941070557
4012.5485 -0.694324016571045
4013.0337 -0.680608749389648
4013.5188 -0.666738986968994
4014.0040 -0.646277904510498
4014.4891 -0.625598430633545
4014.9743 -0.604748249053955
4015.4595 -0.583721160888672
4015.9446 -0.561937808990479
4016.4298 -0.533202648162842
4016.9150 -0.504281997680664
4017.4001 -0.47517204284668
4017.8853 -0.445872783660889
4018.3704 -0.386521339416504
4018.8556 -0.175219535827637
4019.3408 0.0362420082092285
4019.8259 0.247880458831787
4020.3111 0.45971155166626
4020.7963 0.659881591796875
4021.2814 0.824738025665283
4021.7666 0.989829540252686
4022.2517 1.15516805648804
4022.7369 1.32076787948608
4023.2221 1.43869209289551
4023.7072 1.46212577819824
4024.1924 1.48579120635986
4024.6776 1.50968742370605
4025.1627 1.53380823135376
4025.6479 1.53947114944458
4026.1330 1.5196738243103
4026.6182 1.50004911422729
4027.1034 1.48058605194092
4027.5885 1.46127033233643
4028.0737 1.34705066680908
4028.5588 1.14021062850952
4029.0440 0.933322429656982
4029.5292 0.726365566253662
4030.0143 0.519321918487549
4030.4995 0.352683067321777
4030.9847 0.213991641998291
4031.4698 0.0752320289611816
4031.9550 -0.0636067390441895
4032.4401 -0.202536582946777
4032.9253 -0.309314727783203
4033.4105 -0.400676727294922
4033.8956 -0.492108821868896
4034.3808 -0.583620071411133
4034.8660 -0.675220012664795
4035.3511 -0.703760147094727
4035.8363 -0.712350845336914
4036.3214 -0.720954418182373
4036.8066 -0.729577541351318
4037.2918 -0.738223552703857
4037.7769 -0.736680507659912
4038.2621 -0.733262062072754
4038.7473 -0.729861259460449
4039.2324 -0.726480960845947
4039.7176 -0.723121166229248
4040.2027 -0.716124057769775
4040.6879 -0.708857536315918
4041.1731 -0.701610088348389
4041.6582 -0.694381713867188
4042.1434 -0.687515258789063
4042.6286 -0.713311195373535
4043.1137 -0.73915958404541
4043.5989 -0.765060424804688
4044.0840 -0.791009902954102
4044.5692 -0.816031932830811
4045.0544 -0.831622123718262
4045.5395 -0.847244262695313
4046.0247 -0.86289644241333
4046.5098 -0.878580570220947
4046.9950 -0.88700008392334
4047.4802 -0.86126708984375
4047.9653 -0.835529327392578
4048.4505 -0.80979061126709
4048.9357 -0.784054756164551
4049.4208 -0.763105392456055
4049.9060 -0.755898475646973
4050.3911 -0.748725891113281
4050.8763 -0.741592407226563
4051.3615 -0.734500885009766
4051.8466 -0.722113609313965
4052.3318 -0.699419975280762
4052.8170 -0.676758289337158
4053.3021 -0.654130458831787
4053.7873 -0.631538391113281
4054.2724 -0.610126495361328
4054.7576 -0.59032154083252
4055.2428 -0.570558547973633
4055.7279 -0.550838947296143
4056.2131 -0.531164646148682
4056.6983 -0.510926723480225
4057.1834 -0.490133762359619
4057.6686 -0.469386577606201
4058.1537 -0.448686599731445
4058.6389 -0.428033351898193
4059.1241 -0.399425029754639
4059.6092 -0.365178108215332
4060.0944 -0.330968856811523
4060.5795 -0.296796798706055
4061.0647 -0.262661457061768
4061.5499 -0.179691314697266
4062.0350 -0.0721921920776367
4062.5202 0.0353250503540039
4063.0054 0.142862319946289
4063.4905 0.250420093536377
4063.9757 0.354939460754395
4064.4608 0.458439826965332
4064.9460 0.561958789825439
4065.4312 0.665493965148926
4065.9163 0.769042491912842
4066.4015 0.821541309356689
4066.8867 0.863324642181396
4067.3718 0.905078411102295
4067.8570 0.946798324584961
4068.3421 0.988481044769287
4068.8273 0.9971923828125
4069.3125 1.0024619102478
4069.7976 1.00766754150391
4070.2828 1.01280498504639
4070.7680 1.01787424087524
4071.2531 0.953001022338867
4071.7383 0.887092113494873
4072.2234 0.821085929870605
4072.7086 0.754984855651855
4073.1938 0.691335201263428
4073.6789 0.663505554199219
4074.1641 0.63559103012085
4074.6493 0.607593059539795
4075.1344 0.579513072967529
4075.6196 0.545827865600586
4076.1047 0.479592323303223
4076.5899 0.413286685943604
4077.0751 0.346919059753418
4077.5602 0.280500888824463
4078.0454 0.219568252563477
4078.5305 0.177707672119141
4079.0157 0.135826587677002
4079.5009 0.093930721282959
4079.9860 0.0520281791687012
4080.4712 0.0216522216796875
4080.9564 0.0177922248840332
4081.4415 0.013946533203125
4081.9267 0.0101199150085449
4082.4118 0.00631427764892578
4082.8970 0.0235600471496582
4083.3822 0.0749268531799316
4083.8673 0.126337051391602
4084.3525 0.177794456481934
4084.8377 0.229301929473877
4085.3228 0.2575364112854
4085.8080 0.258392333984375
4086.2931 0.259292125701904
4086.7783 0.260234355926514
4087.2635 0.261219501495361
4087.7486 0.317936897277832
4088.2338 0.422640323638916
4088.7190 0.527427673339844
4089.2041 0.632299423217773
4089.6893 0.73725700378418
4090.1744 0.89429759979248
4090.6596 1.08399200439453
4091.1448 1.2738151550293
4091.6299 1.46376848220825
4092.1151 1.65385484695435
4092.6002 2.51494550704956
4093.0854 3.67458534240723
4093.5706 4.83486413955688
4094.0557 5.99579668045044
4094.5409 7.15739822387695
4095.0261 9.01640129089355
4095.5112 11.0852665901184
4095.9964 13.1553416252136
4096.4815 15.2266426086426
4096.9667 17.29918384552
4097.4519 18.4090223312378
4097.9370 19.3443870544434
4098.4222 20.2803287506104
4098.9074 21.2168412208557
4099.3925 22.153913974762
4099.8777 22.6729078292847
4100.3628 23.157151222229
4100.8480 23.6416373252869
4101.3332 24.1263518333435
4101.8183 24.6112728118896
4102.3035 23.7009501457214
4102.7887 22.7886714935303
4103.2738 21.8757605552673
4103.7590 20.9622001647949
4104.2441 19.9594683647156
4104.7293 17.864616394043
4105.2145 15.7685084342957
4105.6996 13.6711716651917
4106.1848 11.5726413726807
4106.6700 9.62746381759644
4107.1551 8.55166339874268
4107.6403 7.47524118423462
4108.1254 6.3982195854187
4108.6106 5.32062435150146
4109.0958 4.36605501174927
4109.5809 3.83366632461548
4110.0661 3.30097246170044
4110.5512 2.76798629760742
4111.0364 2.2347240447998
4111.5216 1.7779541015625
4112.0067 1.49880886077881
4112.4919 1.21948909759521
4112.9771 0.940004825592041
4113.4622 0.660366535186768
4113.9474 0.469232559204102
4114.4325 0.424818515777588
4114.9177 0.380285739898682
4115.4029 0.335634708404541
4115.8880 0.290866374969482
4116.3732 0.260257720947266
4116.8584 0.246898174285889
4117.3435 0.233418941497803
4117.8287 0.219821453094482
4118.3138 0.206104278564453
4118.7990 0.18902063369751
4119.2842 0.168888568878174
4119.7693 0.14864444732666
4120.2545 0.128291130065918
4120.7397 0.107831478118896
4121.2248 0.0713310241699219
4121.7100 0.0241074562072754
4122.1951 -0.0231947898864746
4122.6803 -0.0705699920654297
4123.1655 -0.118011951446533
4123.6506 -0.1468505859375
4124.1358 -0.166719913482666
4124.6209 -0.186651229858398
4125.1061 -0.20663595199585
4125.5913 -0.226666450500488
4126.0764 -0.238584518432617
4126.5616 -0.247779846191406
4127.0468 -0.256995677947998
4127.5319 -0.266218185424805
4128.0171 -0.275435447692871
4128.5022 -0.306448936462402
4128.9874 -0.34217357635498
4129.4726 -0.37783670425415
4129.9577 -0.413430213928223
4130.4429 -0.448943614959717
4130.9281 -0.461514472961426
4131.4132 -0.471302032470703
4131.8984 -0.481010913848877
4132.3835 -0.490638732910156
4132.8687 -0.500185012817383
4133.3539 -0.473014354705811
4133.8390 -0.444534778594971
4134.3242 -0.415995597839355
4134.8094 -0.387398242950439
4135.2945 -0.357773303985596
4135.7797 -0.304632663726807
4136.2648 -0.251444816589355
4136.7500 -0.198208808898926
4137.2352 -0.144923210144043
4137.7203 -0.0957136154174805
4138.2055 -0.0791072845458984
4138.6907 -0.0624384880065918
4139.1758 -0.045708179473877
4139.6610 -0.0289158821105957
4140.1461 -0.0171031951904297
4140.6313 -0.027529239654541
4141.1165 -0.0378870964050293
4141.6016 -0.0481762886047363
4142.0868 -0.0583963394165039
4142.5719 -0.0634808540344238
4143.0571 -0.0538020133972168
4143.5423 -0.0440483093261719
4144.0274 -0.034217357635498
4144.5126 -0.0243082046508789
4144.9978 -0.0175204277038574
4145.4829 -0.017209529876709
4145.9681 -0.0168261528015137
4146.4532 -0.0163731575012207
4146.9384 -0.0158553123474121
4147.4236 -0.0332088470458984
4147.9087 -0.0774574279785156
4148.3939 -0.121663570404053
4148.8791 -0.165833950042725
4149.3642 -0.209972858428955
4149.8494 -0.236445903778076
4150.3345 -0.243065357208252
4150.8197 -0.249656677246094
4151.3049 -0.2562255859375
4151.7900 -0.262775897979736
4152.2752 -0.273577213287354
4152.7604 -0.28797721862793
4153.2455 -0.302374839782715
4153.7307 -0.316773891448975
4154.2158 -0.331177234649658
4154.7010 -0.337864875793457
4155.1862 -0.339675903320313
4155.6713 -0.341497421264648
4156.1565 -0.34333324432373
4156.6416 -0.345186710357666
4157.1268 -0.353409767150879
4157.6120 -0.364606380462646
4158.0971 -0.375836372375488
4158.5823 -0.387103080749512
4159.0675 -0.398410797119141
4159.5526 -0.401672840118408
4160.0378 -0.402332782745361
4160.5229 -0.40303897857666
4161.0081 -0.403793334960938
4161.4933 -0.404597282409668
4161.9784 -0.37986946105957
4162.4636 -0.349710941314697
4162.9488 -0.319602489471436
4163.4339 -0.289547443389893
4163.9191 -0.259549140930176
4164.4042 -0.283460140228271
4164.8894 -0.313861846923828
4165.3746 -0.344334602355957
4165.8597 -0.374880790710449
4166.3449 -0.405500411987305
4166.8301 -0.405555248260498
4167.3152 -0.4045090675354
4167.8004 -0.403537750244141
4168.2855 -0.402639389038086
4168.7707 -0.40194034576416
4169.2559 -0.405046463012695
4169.7410 -0.40822172164917
4170.2262 -0.411463737487793
4170.7114 -0.414767265319824
4171.1965 -0.418947696685791
4171.6817 -0.430419921875
4172.1668 -0.441937923431396
4172.6520 -0.453497886657715
4173.1372 -0.465096950531006
4173.6223 -0.476024150848389
4174.1075 -0.483542919158936
4174.5926 -0.49109935760498
4175.0778 -0.498696327209473
4175.5630 -0.506335258483887
4176.0481 -0.506289005279541
4176.5333 -0.481734275817871
4177.0185 -0.457238674163818
4177.5036 -0.432802677154541
4177.9888 -0.408426284790039
4178.4739 -0.389066696166992
4178.9591 -0.380910396575928
4179.4443 -0.372807502746582
4179.9294 -0.364762306213379
4180.4146 -0.356777191162109
4180.8998 -0.349248886108398
4181.3849 -0.342437744140625
4181.8701 -0.335700035095215
4182.3552 -0.329038619995117
4182.8404 -0.322456836700439
4183.3256 -0.302435398101807
4183.8107 -0.265594959259033
4184.2959 -0.228861808776855
4184.7811 -0.192237854003906
4185.2662 -0.155723094940186
4185.7514 -0.155776500701904
4186.2365 -0.190632820129395
4186.7217 -0.22553014755249
4187.2069 -0.260461807250977
4187.6920 -0.29542350769043
4188.1772 -0.313665866851807
4188.6624 -0.319809913635254
4189.1475 -0.325999736785889
4189.6327 -0.33223295211792
4190.1178 -0.338505744934082
4190.6030 -0.33974027633667
4191.0882 -0.338247776031494
4191.5733 -0.336795806884766
4192.0585 -0.335379600524902
4192.5436 -0.333996772766113
4193.0288 -0.346014022827148
4193.5140 -0.363388538360596
4193.9991 -0.380764961242676
4194.4843 -0.398141384124756
4194.9695 -0.415513038635254
4195.4546 -0.415872097015381
4195.9398 -0.411478996276855
4196.4249 -0.407092571258545
4196.9101 -0.402705669403076
4197.3953 -0.398313999176025
4197.8804 -0.410014629364014
4198.3656 -0.424562454223633
4198.8508 -0.43906307220459
4199.3359 -0.453511238098145
4199.8211 -0.467902183532715
4200.3062 -0.483715057373047
4200.7914 -0.499603271484375
4201.2766 -0.515425682067871
4201.7617 -0.531182765960693
4202.2469 -0.546872615814209
4202.7321 -0.53680944442749
4203.2172 -0.526206970214844
4203.7024 -0.51556396484375
4204.1875 -0.504881858825684
4204.6727 -0.495187759399414
4205.1579 -0.506264209747314
4205.6430 -0.517284393310547
4206.1282 -0.528247356414795
4206.6133 -0.53915548324585
4207.0985 -0.551582336425781
4207.5837 -0.576296329498291
4208.0688 -0.60094690322876
4208.5540 -0.625535011291504
4209.0392 -0.650062084197998
4209.5243 -0.669467449188232
4210.0095 -0.665567874908447
4210.4946 -0.661629199981689
4210.9798 -0.657652378082275
4211.4650 -0.653638362884521
4211.9501 -0.64947509765625
4212.4353 -0.6449294090271
4212.9205 -0.640346527099609
4213.4056 -0.635726928710938
4213.8908 -0.631068706512451
4214.3759 -0.626684665679932
4214.8611 -0.622956275939941
4215.3463 -0.619185447692871
4215.8314 -0.615370750427246
4216.3166 -0.61151123046875
4216.8018 -0.607874870300293
4217.2869 -0.604637145996094
4217.7721 -0.601361751556396
4218.2572 -0.598050117492676
4218.7424 -0.594705104827881
4219.2276 -0.592750549316406
4219.7127 -0.59257984161377
4220.1979 -0.592381954193115
4220.6831 -0.592158794403076
4221.1682 -0.591912746429443
4221.6534 -0.582854747772217
4222.1385 -0.565141201019287
4222.6237 -0.547412872314453
4223.1089 -0.529669761657715
4223.5940 -0.511911869049072
4224.0792 -0.514955043792725
4224.5643 -0.533753871917725
4225.0495 -0.552528858184814
4225.5347 -0.57127857208252
4226.0198 -0.590003967285156
4226.5050 -0.599011898040771
4226.9902 -0.602382183074951
4227.4753 -0.605732917785645
4227.9605 -0.609066486358643
4228.4456 -0.612385272979736
4228.9308 -0.612436771392822
4229.4160 -0.611066818237305
4229.9011 -0.609688282012939
4230.3863 -0.608303070068359
4230.8715 -0.606910705566406
4231.3566 -0.597214698791504
4231.8418 -0.584907531738281
4232.3269 -0.572588920593262
4232.8121 -0.560255527496338
4233.2973 -0.547904014587402
4233.7824 -0.537587642669678
4234.2676 -0.52768611907959
4234.7528 -0.517764568328857
4235.2379 -0.507824420928955
4235.7231 -0.497867584228516
4236.2082 -0.48583459854126
4236.6934 -0.473531723022461
4237.1786 -0.461219787597656
4237.6637 -0.448902606964111
4238.1489 -0.436581134796143
4238.6340 -0.422219753265381
4239.1192 -0.407755851745605
4239.6044 -0.393292903900146
4240.0895 -0.378831386566162
4240.5747 -0.36471700668335
4241.0599 -0.373188495635986
4241.5450 -0.381662845611572
4242.0302 -0.390139102935791
4242.5153 -0.398616313934326
4243.0005 -0.407211780548096
4243.4857 -0.417198181152344
4243.9708 -0.427184581756592
4244.4560 -0.437170505523682
4244.9412 -0.447156429290771
4245.4263 -0.456536293029785
4245.9115 -0.462217330932617
4246.3966 -0.467898368835449
4246.8818 -0.473576545715332
4247.3670 -0.479253768920898
4247.8521 -0.479591846466064
4248.3373 -0.459027290344238
4248.8225 -0.438458919525146
4249.3076 -0.417887210845947
4249.7928 -0.397313117980957
4250.2779 -0.388327121734619
4250.7631 -0.411357879638672
4251.2483 -0.434388160705566
4251.7334 -0.457419872283936
4252.2186 -0.480453968048096
4252.7038 -0.491783618927002
4253.1889 -0.479132652282715
4253.6741 -0.466486930847168
4254.1592 -0.453849792480469
4254.6444 -0.44122314453125
4255.1296 -0.436827182769775
4255.6147 -0.445295810699463
4256.0999 -0.453782558441162
4256.5850 -0.462288379669189
4257.0702 -0.47081470489502
4257.5554 -0.452896595001221
4258.0405 -0.402907848358154
4258.5257 -0.352939128875732
4259.0109 -0.302990913391113
4259.4960 -0.253063201904297
4259.9812 -0.203866004943848
4260.4663 -0.155362606048584
4260.9515 -0.106880664825439
4261.4367 -0.0584239959716797
4261.9218 -0.00999307632446289
4262.4070 0.0121297836303711
4262.8922 0.0148124694824219
4263.3773 0.0174612998962402
4263.8625 0.020073413848877
4264.3476 0.0226449966430664
4264.8328 0.0243864059448242
4265.3180 0.0256304740905762
4265.8031 0.0268287658691406
4266.2883 0.0279784202575684
4266.7735 0.0290789604187012
4267.2586 0.0305242538452148
4267.7438 0.0320930480957031
4268.2289 0.0336184501647949
4268.7141 0.035102367401123
4269.1993 0.0365476608276367
4269.6844 0.0101232528686523
4270.1696 -0.0251779556274414
4270.6547 -0.0604915618896484
4271.1399 -0.0958151817321777
4271.6251 -0.131143569946289
4272.1102 -0.155837535858154
4272.5954 -0.17819356918335
4273.0806 -0.200552940368652
4273.5657 -0.222917079925537
4274.0509 -0.24528694152832
4274.5360 -0.246906280517578
4275.0212 -0.24571418762207
4275.5064 -0.244541168212891
4275.9915 -0.243388652801514
4276.4767 -0.242258548736572
4276.9619 -0.250845432281494
4277.4470 -0.260066986083984
4277.9322 -0.269311904907227
4278.4173 -0.278581142425537
4278.9025 -0.287895679473877
4279.3877 -0.318118095397949
4279.8728 -0.348358154296875
4280.3580 -0.37861442565918
4280.8432 -0.408886909484863
4281.3283 -0.436996936798096
4281.8135 -0.431644439697266
4282.2986 -0.426320552825928
4282.7838 -0.421023368835449
4283.2690 -0.415751457214355
4283.7541 -0.407833576202393
4284.2393 -0.380560874938965
4284.7245 -0.35331916809082
4285.2096 -0.326109409332275
4285.6948 -0.298929691314697
4286.1799 -0.279036521911621
4286.6651 -0.292040824890137
4287.1503 -0.30504846572876
4287.6354 -0.318058490753174
4288.1206 -0.331069469451904
4288.6057 -0.342377185821533
4289.0909 -0.348308086395264
4289.5761 -0.354236602783203
4290.0612 -0.360161304473877
4290.5464 -0.366078853607178
4291.0316 -0.369431495666504
4291.5167 -0.366808891296387
4292.0019 -0.364181041717529
4292.4870 -0.361547470092773
4292.9722 -0.358907222747803
4293.4574 -0.352711200714111
4293.9425 -0.340179920196533
4294.4277 -0.327641010284424
4294.9129 -0.31509256362915
4295.3980 -0.302530765533447
4295.8832 -0.29791784286499
4296.3683 -0.304354667663574
4296.8535 -0.310762882232666
4297.3387 -0.317141532897949
4297.8238 -0.323490142822266
4298.3090 -0.330949306488037
4298.7942 -0.339626789093018
4299.2793 -0.348270893096924
4299.7645 -0.356881141662598
4300.2496 -0.365457534790039
4300.7348 -0.359217643737793
4301.2200 -0.340164661407471
4301.7051 -0.32108736038208
4302.1903 -0.301986217498779
4302.6754 -0.282861232757568
4303.1606 -0.269927024841309
4303.6458 -0.261199951171875
4304.1309 -0.252445697784424
4304.6161 -0.243664264678955
4305.1013 -0.234856128692627
4305.5864 -0.228985786437988
4306.0716 -0.224661827087402
4306.5567 -0.220311641693115
4307.0419 -0.215935707092285
4307.5271 -0.211534976959229
4308.0122 -0.206825256347656
4308.4974 -0.201976776123047
4308.9826 -0.197104930877686
4309.4677 -0.192211627960205
4309.9529 -0.187297344207764
4310.4380 -0.16725492477417
4310.9232 -0.142680168151855
4311.4084 -0.118088245391846
4311.8935 -0.093480110168457
4312.3787 -0.0688557624816895
4312.8639 -0.0323300361633301
4313.3490 0.00668001174926758
4313.8342 0.0457024574279785
4314.3193 0.0847387313842773
4314.8045 0.123787879943848
4315.2897 0.150793552398682
4315.7748 0.176258563995361
4316.2600 0.20173454284668
4316.7452 0.227222442626953
4317.2303 0.252721309661865
4317.7155 0.276905536651611
4318.2006 0.301020622253418
4318.6858 0.32514476776123
4319.1710 0.349277019500732
4319.6561 0.373399257659912
4320.1413 0.383017063140869
4320.6264 0.392641067504883
4321.1116 0.402270793914795
4321.5968 0.411905765533447
4322.0819 0.422476768493652
4322.5671 0.447973728179932
4323.0523 0.473475933074951
4323.5374 0.498982429504395
4324.0226 0.524492740631104
4324.5077 0.551502227783203
4324.9929 0.589915752410889
4325.4781 0.628332138061523
4325.9632 0.666752815246582
4326.4484 0.705175876617432
4326.9336 0.753528594970703
4327.4187 0.849281787872314
4327.9039 0.945041179656982
4328.3890 1.04080629348755
4328.8742 1.13657760620117
4329.3594 1.33881855010986
4329.8445 1.89712476730347
4330.3297 2.45546865463257
4330.8149 3.01385164260864
4331.3000 3.57227277755737
4331.7852 4.80346632003784
4332.2703 7.70552492141724
4332.7555 10.6077952384949
4333.2407 13.5102791786194
4333.7258 16.4129800796509
4334.2110 19.2344632148743
4334.6961 21.9007248878479
4335.1813 24.5671935081482
4335.6665 27.2338728904724
4336.1516 29.9007606506348
4336.6368 32.0341997146606
4337.1220 33.3686442375183
4337.6071 34.7032036781311
4338.0923 36.037878036499
4338.5774 37.3726720809937
4339.0626 38.2237668037415
4339.5478 38.4997353553772
4340.0329 38.7757468223572
4340.5181 39.0517973899841
4341.0033 39.3278946876526
4341.4884 38.166690826416
4341.9736 35.6418404579163
4342.4587 33.116792678833
4342.9439 30.5915393829346
4343.4291 28.0660772323608
4343.9142 25.3058996200562
4344.3994 22.368100643158
4344.8846 19.4300413131714
4345.3697 16.4917120933533
4345.8549 13.5531034469604
4346.3400 11.6383628845215
4346.8252 10.3368797302246
4347.3104 9.03527069091797
4347.7955 7.7335319519043
4348.2807 6.43165826797485
4348.7659 5.49430131912231
4349.2510 4.72741222381592
4349.7362 3.96044063568115
4350.2213 3.19338274002075
4350.7065 2.42623472213745
4351.1917 2.05465412139893
4351.6768 1.82415246963501
4352.1620 1.59362840652466
4352.6471 1.36307811737061
4353.1323 1.13250255584717
4353.6175 1.07200241088867
4354.1026 1.05597257614136
4354.5878 1.03994798660278
4355.0730 1.02392959594727
4355.5581 1.00791788101196
4356.0433 1.09780597686768
4356.5284 1.20666217803955
4357.0136 1.31554794311523
4357.4988 1.42446517944336
4357.9839 1.53341436386108
4358.4691 1.57049417495728
4358.9543 1.59992742538452
4359.4394 1.62937831878662
4359.9246 1.65884780883789
4360.4097 1.68833541870117
4360.8949 1.71095848083496
4361.3801 1.73330402374268
4361.8652 1.75566625595093
4362.3504 1.77804517745972
4362.8356 1.79944276809692
4363.3207 1.75081253051758
4363.8059 1.7021803855896
4364.2910 1.65354585647583
4364.7762 1.60490751266479
4365.2614 1.5486478805542
4365.7465 1.38970708847046
4366.2317 1.23072814941406
4366.7168 1.07171106338501
4367.2020 0.912652492523193
4367.6872 0.763160228729248
4368.1723 0.681546211242676
4368.6575 0.59990930557251
4369.1427 0.518248558044434
4369.6278 0.43656063079834
4370.1130 0.362478733062744
4370.5981 0.323445320129395
4371.0833 0.284394264221191
4371.5685 0.245325088500977
4372.0536 0.206235408782959
4372.5388 0.170364379882813
4373.0240 0.145122051239014
4373.5091 0.119857788085938
4373.9943 0.0945701599121094
4374.4794 0.0692572593688965
4374.9646 0.0480136871337891
4375.4498 0.0368790626525879
4375.9349 0.0257163047790527
4376.4201 0.0145220756530762
4376.9053 0.00329494476318359
4377.3904 0.00261926651000977
4377.8756 0.0222549438476563
4378.3607 0.0418586730957031
4378.8459 0.0614285469055176
4379.3311 0.0809664726257324
4379.8162 0.102994918823242
4380.3014 0.128832340240479
4380.7866 0.154643058776855
4381.2717 0.180428028106689
4381.7569 0.206191539764404
4382.2420 0.231557846069336
4382.7272 0.256448745727539
4383.2124 0.281334400177002
4383.6975 0.306221961975098
4384.1827 0.331116676330566
4384.6678 0.349306583404541
4385.1530 0.360920906066895
4385.6382 0.372549057006836
4386.1233 0.384189128875732
4386.6085 0.395838260650635
4387.0937 0.392411231994629
4387.5788 0.377069473266602
4388.0640 0.361720561981201
4388.5491 0.346359252929688
4389.0343 0.33098316192627
4389.5195 0.315248012542725
4390.0046 0.299275875091553
4390.4898 0.283280849456787
4390.9750 0.267261981964111
4391.4601 0.251215934753418
4391.9453 0.218696594238281
4392.4304 0.177907943725586
4392.9156 0.137089729309082
4393.4008 0.0962429046630859
4393.8859 0.0553669929504395
4394.3711 0.0363702774047852
4394.8563 0.025874137878418
4395.3414 0.015352725982666
4395.8266 0.00480556488037109
4396.3117 -0.005767822265625
4396.7969 -0.017216682434082
4397.2821 -0.0289430618286133
4397.7672 -0.0406980514526367
4398.2524 -0.0524826049804688
4398.7376 -0.0642955303192139
4399.2227 -0.0657086372375488
4399.7079 -0.0649616718292236
4400.1930 -0.0642402172088623
4400.6782 -0.0635428428649902
4401.1634 -0.0628669261932373
4401.6485 -0.0681350231170654
4402.1337 -0.0742297172546387
4402.6188 -0.0803408622741699
4403.1040 -0.0864665508270264
4403.5892 -0.0926058292388916
4404.0743 -0.0908596515655518
4404.5595 -0.0885586738586426
4405.0447 -0.0862703323364258
4405.5298 -0.0839924812316895
4406.0150 -0.0817265510559082
4406.5001 -0.0835602283477783
4406.9853 -0.0854630470275879
4407.4705 -0.0873785018920898
4407.9556 -0.0893075466156006
4408.4408 -0.0912938117980957
4408.9260 -0.0943973064422607
4409.4111 -0.0975124835968018
4409.8963 -0.100640296936035
4410.3814 -0.10377836227417
4410.8666 -0.106233358383179
4411.3518 -0.101853370666504
4411.8369 -0.0974814891815186
4412.3221 -0.0931143760681152
4412.8073 -0.0887491703033447
4413.2924 -0.0861248970031738
4413.7776 -0.0937950611114502
4414.2627 -0.101452827453613
4414.7479 -0.109093904495239
4415.2331 -0.1167151927948
4415.7182 -0.122837781906128
4416.2034 -0.122931480407715
4416.6885 -0.122998952865601
4417.1737 -0.123038530349731
4417.6589 -0.123050928115845
4418.1440 -0.123248100280762
4418.6292 -0.124055624008179
4419.1144 -0.124843835830688
4419.5995 -0.125617504119873
4420.0847 -0.126380681991577
4420.5698 -0.128883600234985
4421.0550 -0.135413885116577
4421.5402 -0.141943454742432
4422.0253 -0.148475885391235
4422.5105 -0.155013084411621
4422.9957 -0.158336877822876
4423.4808 -0.155810594558716
4423.9660 -0.153295516967773
4424.4511 -0.150791883468628
4424.9363 -0.148300886154175
4425.4215 -0.146703720092773
4425.9066 -0.146402835845947
4426.3918 -0.146114110946655
4426.8770 -0.145835638046265
4427.3621 -0.145566701889038
4427.8473 -0.140690088272095
4428.3324 -0.13038182258606
4428.8176 -0.120080947875977
4429.3028 -0.109786033630371
4429.7879 -0.0994956493377686
4430.2731 -0.0871384143829346
4430.7583 -0.0728034973144531
4431.2434 -0.0584690570831299
4431.7286 -0.0441343784332275
4432.2137 -0.0297973155975342
4432.6989 -0.0238845348358154
4433.1841 -0.0245044231414795
4433.6692 -0.0251131057739258
4434.1544 -0.0257086753845215
4434.6395 -0.0262904167175293
4435.1247 -0.0283398628234863
4435.6099 -0.0313014984130859
4436.0950 -0.0342457294464111
4436.5802 -0.0371723175048828
4437.0654 -0.0400803089141846
4437.5505 -0.0488808155059814
4438.0357 -0.0606164932250977
4438.5208 -0.0723319053649902
4439.0060 -0.0840260982513428
4439.4912 -0.095698356628418
4439.9763 -0.1147141456604
4440.4615 -0.136591911315918
4440.9467 -0.158443212509155
4441.4318 -0.180265426635742
4441.9170 -0.202057838439941
4442.4021 -0.204285383224487
4442.8873 -0.200644493103027
4443.3725 -0.196965456008911
4443.8576 -0.193247079849243
4444.3428 -0.189488887786865
4444.8280 -0.179160833358765
4445.3131 -0.167375087738037
4445.7983 -0.155550956726074
4446.2834 -0.143691062927246
4446.7686 -0.131797313690186
4447.2538 -0.125094175338745
4447.7389 -0.119122743606567
4448.2241 -0.113123893737793
4448.7092 -0.107099294662476
4449.1944 -0.10105037689209
4449.6796 -0.107794284820557
4450.1647 -0.115568876266479
4450.6499 -0.123324632644653
4451.1351 -0.13106369972229
4451.6202 -0.138785600662231
4452.1054 -0.117059707641602
4452.5905 -0.0945723056793213
4453.0757 -0.0720608234405518
4453.5609 -0.0495266914367676
4454.0460 -0.0275554656982422
4454.5312 -0.0268030166625977
4455.0164 -0.0260410308837891
4455.5015 -0.0252702236175537
4455.9867 -0.0244934558868408
4456.4718 -0.0226790904998779
4456.9570 -0.00863814353942871
4457.4422 0.00541019439697266
4457.9273 0.0194633007049561
4458.4125 0.0335202217102051
4458.8977 0.0487184524536133
4459.3828 0.0716195106506348
4459.8680 0.0945231914520264
4460.3531 0.117428541183472
4460.8383 0.140332937240601
4461.3235 0.191695928573608
4461.8086 0.372852087020874
4462.2938 0.554069995880127
4462.7790 0.735347747802734
4463.2641 0.916681051254272
4463.7493 1.15090250968933
4464.2344 1.56135821342468
4464.7196 1.97195029258728
4465.2048 2.3826732635498
4465.6899 2.79352259635925
4466.1751 3.15641927719116
4466.6602 3.39672088623047
4467.1454 3.63707542419434
4467.6306 3.87748312950134
4468.1157 4.11794185638428
4468.6009 4.32011699676514
4469.0861 4.44527864456177
4469.5712 4.57044768333435
4470.0564 4.69562005996704
4470.5415 4.82079100608826
4471.0267 4.84949779510498
4471.5119 4.72269678115845
4471.9970 4.59581184387207
4472.4822 4.46883869171143
4472.9674 4.34177732467651
4473.4525 4.08665347099304
4473.9377 3.66415286064148
4474.4228 3.24150824546814
4474.9080 2.81872987747192
4475.3932 2.39582705497742
4475.8783 2.05920100212097
4476.3635 1.81459665298462
4476.8487 1.56992602348328
4477.3338 1.32519793510437
4477.8190 1.08042192459106
4478.3041 0.890588045120239
4478.7893 0.748632192611694
4479.2745 0.606667041778564
4479.7596 0.464701414108276
4480.2448 0.322744846343994
4480.7299 0.235906600952148
4481.2151 0.18822455406189
4481.7003 0.14057993888855
4482.1854 0.0929713249206543
4482.6706 0.0453934669494629
4483.1558 0.0307042598724365
4483.6409 0.0349249839782715
4484.1261 0.0391640663146973
4484.6112 0.0434122085571289
4485.0964 0.0476627349853516
4485.5816 0.0530359745025635
4486.0667 0.058917760848999
4486.5519 0.064786434173584
4487.0371 0.0706381797790527
4487.5222 0.076472282409668
4488.0074 0.0628039836883545
4488.4925 0.0421028137207031
4488.9777 0.0213749408721924
4489.4629 0.000620603561401367
4489.9480 -0.020160436630249
4490.4332 -0.0356194972991943
4490.9184 -0.049644947052002
4491.4035 -0.0636980533599854
4491.8887 -0.0777802467346191
4492.3738 -0.0918936729431152
4492.8590 -0.0896792411804199
4493.3442 -0.0842790603637695
4493.8293 -0.0789146423339844
4494.3145 -0.0735888481140137
4494.7997 -0.0683038234710693
4495.2848 -0.0650162696838379
4495.7700 -0.0620262622833252
4496.2551 -0.0590827465057373
4496.7403 -0.0561873912811279
4497.2255 -0.0533406734466553
4497.7106 -0.0652666091918945
4498.1958 -0.0782556533813477
4498.6809 -0.0912914276123047
4499.1661 -0.104372501373291
4499.6513 -0.117497205734253
4500.1364 -0.114749670028687
4500.6216 -0.111808061599731
4501.1068 -0.108907699584961
4501.5919 -0.106047630310059
4502.0771 -0.103454828262329
4502.5622 -0.10718297958374
4503.0474 -0.110946655273438
4503.5326 -0.114746570587158
4504.0177 -0.118581533432007
4504.5029 -0.121611833572388
4504.9881 -0.11562180519104
4505.4732 -0.109668731689453
4505.9584 -0.103751420974731
4506.4435 -0.0978670120239258
4506.9287 -0.0933842658996582
4507.4139 -0.0977413654327393
4507.8990 -0.102118253707886
4508.3842 -0.10651159286499
4508.8694 -0.110918760299683
4509.3545 -0.112790107727051
4509.8397 -0.103391647338867
4510.3248 -0.0940086841583252
4510.8100 -0.0846405029296875
4511.2952 -0.0752863883972168
4511.7803 -0.068713903427124
4512.2655 -0.0712287425994873
4512.7506 -0.0737447738647461
4513.2358 -0.0762598514556885
4513.7210 -0.0787713527679443
4514.2061 -0.081479549407959
4514.6913 -0.0846917629241943
4515.1765 -0.0878918170928955
4515.6616 -0.0910768508911133
4516.1468 -0.0942459106445313
4516.6319 -0.0970048904418945
4517.1171 -0.09895920753479
4517.6023 -0.100895881652832
4518.0874 -0.102813959121704
4518.5726 -0.104713201522827
4519.0578 -0.106213808059692
4519.5429 -0.107081651687622
4520.0281 -0.1079261302948
4520.5132 -0.108745574951172
4520.9984 -0.109538078308105
4521.4836 -0.107202768325806
4521.9687 -0.100756168365479
4522.4539 -0.094282865524292
4522.9391 -0.0877823829650879
4523.4242 -0.0812551975250244
4523.9094 -0.0762016773223877
4524.3945 -0.0727429389953613
4524.8797 -0.0692613124847412
4525.3649 -0.0657584667205811
4525.8500 -0.062237024307251
4526.3352 -0.0604221820831299
4526.8204 -0.0601191520690918
4527.3055 -0.0598008632659912
4527.7907 -0.0594675540924072
4528.2758 -0.0591206550598145
4528.7610 -0.0635006427764893
4529.2462 -0.0713081359863281
4529.7313 -0.0791025161743164
4530.2165 -0.0868833065032959
4530.7016 -0.0946516990661621
4531.1868 -0.103679656982422
4531.6720 -0.113447427749634
4532.1571 -0.12320351600647
4532.6423 -0.132947206497192
4533.1275 -0.142678022384644
4533.6126 -0.155099153518677
4534.0978 -0.168793678283691
4534.5829 -0.182475805282593
4535.0681 -0.196147441864014
4535.5533 -0.20981240272522
4536.0384 -0.207489728927612
4536.5236 -0.199156284332275
4537.0088 -0.190828084945679
4537.4939 -0.182507991790771
4537.9791 -0.174199104309082
4538.4642 -0.177323818206787
4538.9494 -0.183764457702637
4539.4346 -0.190219402313232
4539.9197 -0.196689605712891
4540.4049 -0.203174114227295
4540.8901 -0.207966804504395
4541.3752 -0.212411165237427
4541.8604 -0.216870784759521
4542.3455 -0.221344709396362
4542.8307 -0.225832939147949
4543.3159 -0.225714445114136
4543.8010 -0.224942684173584
4544.2862 -0.22418475151062
4544.7713 -0.223439931869507
4545.2565 -0.222705364227295
4545.7417 -0.209115743637085
4546.2268 -0.194453954696655
4546.7120 -0.179795503616333
4547.1972 -0.165134429931641
4547.6823 -0.150465488433838
4548.1675 -0.154139518737793
4548.6526 -0.158327102661133
4549.1378 -0.162482023239136
4549.6230 -0.166598796844482
4550.1081 -0.170408010482788
4550.5933 -0.161410570144653
4551.0785 -0.152367353439331
4551.5636 -0.143277645111084
4552.0488 -0.134141445159912
4552.5339 -0.126042127609253
4553.0191 -0.132485151290894
4553.5043 -0.138880968093872
4553.9894 -0.145228624343872
4554.4746 -0.151526212692261
4554.9598 -0.156825065612793
4555.4449 -0.154981851577759
4555.9301 -0.15308403968811
4556.4152 -0.151132345199585
4556.9004 -0.149128675460815
4557.3856 -0.147876262664795
4557.8707 -0.150586843490601
4558.3559 -0.153254985809326
4558.8411 -0.155884981155396
4559.3262 -0.158479690551758
4559.8114 -0.162272930145264
4560.2965 -0.170521259307861
4560.7817 -0.178749322891235
4561.2669 -0.186959981918335
4561.7520 -0.195157051086426
4562.2372 -0.200872182846069
4562.7223 -0.199691295623779
4563.2075 -0.198495388031006
4563.6927 -0.197286128997803
4564.1778 -0.19606351852417
4564.6630 -0.195601940155029
4565.1482 -0.196828842163086
4565.6333 -0.198050260543823
4566.1185 -0.199268341064453
4566.6036 -0.200486421585083
4567.0888 -0.202597618103027
4567.5740 -0.206290483474731
4568.0591 -0.209993362426758
4568.5443 -0.213708639144897
4569.0295 -0.217438220977783
4569.5146 -0.217777490615845
4569.9998 -0.213227987289429
4570.4849 -0.208691596984863
4570.9701 -0.204169034957886
4571.4553 -0.199660778045654
4571.9404 -0.193826675415039
4572.4256 -0.186423301696777
4572.9108 -0.179035186767578
4573.3959 -0.171664714813232
4573.8811 -0.164313554763794
4574.3662 -0.158409595489502
4574.8514 -0.153916120529175
4575.3366 -0.149450540542603
4575.8217 -0.145013809204102
4576.3069 -0.140608072280884
4576.7921 -0.143494129180908
4577.2772 -0.152223587036133
4577.7624 -0.160991191864014
4578.2475 -0.169798135757446
4578.7327 -0.17864465713501
4579.2179 -0.182879209518433
4579.7030 -0.184102535247803
4580.1882 -0.185361385345459
4580.6733 -0.186653852462769
4581.1585 -0.187978029251099
4581.6437 -0.182438373565674
4582.1288 -0.173253536224365
4582.6140 -0.164090156555176
4583.0992 -0.154945373535156
4583.5843 -0.145815134048462
4584.0695 -0.142160892486572
4584.5546 -0.140848398208618
4585.0398 -0.139547109603882
4585.5250 -0.138257741928101
4586.0101 -0.136979579925537
4586.4953 -0.129340887069702
4586.9805 -0.119582653045654
4587.4656 -0.109833002090454
4587.9508 -0.100090980529785
4588.4359 -0.0903549194335938
4588.9211 -0.0875537395477295
4589.4063 -0.0865118503570557
4589.8914 -0.0854740142822266
4590.3766 -0.084439754486084
4590.8618 -0.0834090709686279
4591.3469 -0.0887937545776367
4591.8321 -0.0953466892242432
4592.3172 -0.101903200149536
4592.8024 -0.108464241027832
4593.2876 -0.115029573440552
4593.7727 -0.114863634109497
4594.2579 -0.11391019821167
4594.7430 -0.112961769104004
4595.2282 -0.11201810836792
4595.7134 -0.111079931259155
4596.1985 -0.105878829956055
4596.6837 -0.10042405128479
4597.1689 -0.0949742794036865
4597.6540 -0.0895287990570068
4598.1392 -0.0840871334075928
4598.6243 -0.0644516944885254
4599.1095 -0.044696569442749
4599.5947 -0.0249428749084473
4600.0798 -0.00519037246704102
4600.5650 0.0145032405853271
4601.0502 0.0328123569488525
4601.5353 0.051121711730957
4602.0205 0.0694301128387451
4602.5056 0.087738037109375
4602.9908 0.104566097259521
4603.4760 0.10609245300293
4603.9611 0.107615947723389
4604.4463 0.10913610458374
4604.9315 0.110652685165405
4605.4166 0.111566066741943
4605.9018 0.108683824539185
4606.3869 0.105795383453369
4606.8721 0.102900266647339
4607.3573 0.0999977588653564
4607.8424 0.0949740409851074
4608.3276 0.080622673034668
4608.8128 0.0662617683410645
4609.2979 0.0518903732299805
4609.7831 0.0375087261199951
4610.2682 0.0235157012939453
4610.7534 0.0108261108398438
4611.2386 -0.00187468528747559
4611.7237 -0.0145869255065918
4612.2089 -0.0273103713989258
4612.6940 -0.0365333557128906
4613.1792 -0.0368030071258545
4613.6644 -0.0370817184448242
4614.1495 -0.0373697280883789
4614.6347 -0.0376653671264648
4615.1199 -0.0366659164428711
4615.6050 -0.0330228805541992
4616.0902 -0.0293838977813721
4616.5753 -0.0257472991943359
4617.0605 -0.0221109390258789
4617.5457 -0.0158402919769287
4618.0308 -0.0052342414855957
4618.5160 0.00537633895874023
4619.0012 0.0159928798675537
4619.4863 0.0266163349151611
4619.9715 0.0350003242492676
4620.4566 0.0403678417205811
4620.9418 0.0457422733306885
4621.4270 0.0511233806610107
4621.9121 0.0565087795257568
4622.3973 0.0661656856536865
4622.8825 0.0805497169494629
4623.3676 0.0949375629425049
4623.8528 0.109328269958496
4624.3379 0.123722076416016
4624.8231 0.140681266784668
4625.3083 0.159982681274414
4625.7934 0.179290533065796
4626.2786 0.198605298995972
4626.7637 0.21793007850647
4627.2489 0.250320434570313
4627.7341 0.292527914047241
4628.2192 0.334754228591919
4628.7044 0.37700343132019
4629.1896 0.419278621673584
4629.6747 0.458624362945557
4630.1599 0.4961838722229
4630.6450 0.533775091171265
4631.1302 0.571400165557861
4631.6154 0.60905909538269
4632.1005 0.65776252746582
4632.5857 0.711983203887939
4633.0709 0.766245365142822
4633.5560 0.820550680160522
4634.0412 0.874900817871094
4634.5263 0.920178174972534
4635.0115 0.961882352828979
4635.4967 1.00362920761108
4635.9818 1.04541778564453
4636.4670 1.08724522590637
4636.9522 1.11662650108337
4637.4373 1.14218544960022
4637.9225 1.1677680015564
4638.4076 1.19337010383606
4638.8928 1.21898794174194
4639.3780 1.21821355819702
4639.8631 1.21134877204895
4640.3483 1.20447659492493
4640.8335 1.19759559631348
4641.3186 1.19070148468018
4641.8038 1.15635442733765
4642.2889 1.11754560470581
4642.7741 1.07870745658875
4643.2593 1.03983759880066
4643.7444 1.00093579292297
4644.2296 0.970133781433105
4644.7147 0.940113306045532
4645.1999 0.910061120986938
4645.6851 0.879976272583008
4646.1702 0.849859476089478
4646.6554 0.848782062530518
4647.1406 0.848969697952271
4647.6257 0.849133491516113
4648.1109 0.849273443222046
4648.5960 0.849231243133545
4649.0812 0.822454452514648
4649.5664 0.795644760131836
4650.0515 0.768802642822266
4650.5367 0.741927862167358
4651.0219 0.715547800064087
4651.5070 0.698369026184082
4651.9922 0.68115758895874
4652.4773 0.663913488388062
4652.9625 0.646637439727783
4653.4477 0.630179643630981
4653.9328 0.621126174926758
4654.4180 0.612043619155884
4654.9032 0.602932929992676
4655.3883 0.593795776367188
4655.8735 0.584687471389771
4656.3586 0.575862169265747
4656.8438 0.567014455795288
4657.3290 0.558145046234131
4657.8141 0.549255847930908
4658.2993 0.537886381149292
4658.7844 0.516607999801636
4659.2696 0.495312452316284
4659.7548 0.474000692367554
4660.2399 0.452673673629761
4660.7251 0.428266286849976
4661.2103 0.394529104232788
4661.6954 0.360783815383911
4662.1806 0.327032327651978
4662.6657 0.293277978897095
4663.1509 0.262816190719604
4663.6361 0.240186929702759
4664.1212 0.217561721801758
4664.6064 0.194943904876709
4665.0916 0.172335147857666
4665.5767 0.157330513000488
4666.0619 0.156784296035767
4666.5470 0.156253099441528
4667.0322 0.155739307403564
4667.5174 0.155243873596191
4668.0025 0.157610654830933
4668.4877 0.164389371871948
4668.9729 0.171189546585083
4669.4580 0.178011417388916
4669.9432 0.184855699539185
4670.4283 0.197492361068726
4670.9135 0.217456579208374
4671.3987 0.237444162368774
4671.8838 0.25745677947998
4672.3690 0.277494668960571
4672.8542 0.299180030822754
4673.3393 0.322581052780151
4673.8245 0.346009969711304
4674.3096 0.369468688964844
4674.7948 0.392957448959351
4675.2800 0.425085544586182
4675.7651 0.464629650115967
4676.2503 0.504212141036987
4676.7354 0.543834686279297
4677.2206 0.583498954772949
4677.7058 0.637235164642334
4678.1909 0.700898885726929
4678.6761 0.764618635177612
4679.1613 0.828397989273071
4679.6464 0.892239093780518
4680.1316 0.965605974197388
4680.6167 1.04447293281555
4681.1019 1.12341523170471
4681.5871 1.20243453979492
4682.0722 1.28153395652771
4682.5574 1.34279465675354
4683.0426 1.39584827423096
4683.5277 1.44897294044495
4684.0129 1.50217056274414
4684.4980 1.55544233322144
4684.9832 1.56977820396423
4685.4684 1.5699200630188
4685.9535 1.57010507583618
4686.4387 1.57033276557922
4686.9239 1.57060194015503
4687.4090 1.53119945526123
4687.8942 1.4806809425354
4688.3793 1.43016505241394
4688.8645 1.37964797019959
4689.3497 1.32912755012512
4689.8348 1.26250696182251
4690.3200 1.19256353378296
4690.8051 1.12259340286255
4691.2903 1.05259299278259
4691.7755 0.982560396194458
4692.2606 0.912438154220581
4692.7458 0.842268943786621
4693.2310 0.772057294845581
4693.7161 0.701799869537354
4694.2013 0.63149356842041
4694.6864 0.584722518920898
4695.1716 0.539770364761353
4695.6568 0.494784593582153
4696.1419 0.449762105941772
4696.6271 0.404701709747314
4697.1123 0.373978853225708
4697.5974 0.343581438064575
4698.0826 0.313154458999634
4698.5677 0.282696008682251
4699.0529 0.252409219741821
4699.5381 0.230144500732422
4700.0232 0.207852840423584
4700.5084 0.185533285140991
4700.9936 0.163185358047485
4701.4787 0.143355131149292
4701.9639 0.155598878860474
4702.4490 0.167845010757446
4702.9342 0.180093288421631
4703.4194 0.19234299659729
4703.9045 0.214917659759521
4704.3897 0.31157922744751
4704.8749 0.408316850662231
4705.3600 0.505127668380737
4705.8452 0.602010726928711
4706.3303 0.690944194793701
4706.8155 0.741106510162354
4707.3007 0.791297912597656
4707.7858 0.841517686843872
4708.2710 0.891767024993896
4708.7561 0.936172723770142
4709.2413 0.959789276123047
4709.7265 0.983414649963379
4710.2116 1.00704884529114
4710.6968 1.03069376945496
4711.1820 1.0412163734436
4711.6671 1.01604747772217
4712.1523 0.990854740142822
4712.6374 0.965637683868408
4713.1226 0.940400123596191
4713.6078 0.895260334014893
4714.0929 0.807439804077148
4714.5781 0.719550371170044
4715.0633 0.631591320037842
4715.5484 0.543563842773438
4716.0336 0.463505744934082
4716.5187 0.397251129150391
4717.0039 0.33094596862793
4717.4891 0.264589309692383
4717.9742 0.198181629180908
4718.4594 0.143807411193848
4718.9446 0.106354951858521
4719.4297 0.0688760280609131
4719.9149 0.0313704013824463
4720.4000 -0.00616192817687988
4720.8852 -0.0349400043487549
4721.3704 -0.0536391735076904
4721.8555 -0.0723483562469482
4722.3407 -0.0910677909851074
4722.8258 -0.109796762466431
4723.3110 -0.116721153259277
4723.7962 -0.112485408782959
4724.2813 -0.10823917388916
4724.7665 -0.103981971740723
4725.2517 -0.0997145175933838
4725.7368 -0.0993971824645996
4726.2220 -0.102142095565796
4726.7071 -0.104883909225464
4727.1923 -0.107622146606445
4727.6775 -0.110357046127319
4728.1626 -0.110040903091431
4728.6478 -0.107791185379028
4729.1330 -0.105531692504883
4729.6181 -0.10326099395752
4730.1033 -0.100979328155518
4730.5884 -0.0650601387023926
4731.0736 -0.0119233131408691
4731.5588 0.0412814617156982
4732.0439 0.0945539474487305
4732.5291 0.147893667221069
4733.0143 0.2010178565979
4733.4994 0.254094123840332
4733.9846 0.307235956192017
4734.4697 0.360442161560059
4734.9549 0.413712978363037
4735.4401 0.446249723434448
4735.9252 0.472282648086548
4736.4104 0.498346567153931
4736.8956 0.524441242218018
4737.3807 0.550565481185913
4737.8659 0.565130233764648
4738.3510 0.576994180679321
4738.8362 0.588868141174316
4739.3214 0.600751638412476
4739.8065 0.612643718719482
4740.2917 0.583991765975952
4740.7768 0.548677206039429
4741.2620 0.513314723968506
4741.7472 0.477903127670288
4742.2323 0.442442417144775
4742.7175 0.395095109939575
4743.2027 0.346501588821411
4743.6878 0.297841548919678
4744.1730 0.249115228652954
4744.6581 0.200322389602661
4745.1433 0.155996084213257
4745.6285 0.111802577972412
4746.1136 0.0675477981567383
4746.5988 0.0232312679290771
4747.0840 -0.0209159851074219
4747.5691 -0.0378932952880859
4748.0543 -0.0549025535583496
4748.5394 -0.0719432830810547
4749.0246 -0.0890159606933594
4749.5098 -0.104430913925171
4749.9949 -0.0924699306488037
4750.4801 -0.0805118083953857
4750.9653 -0.0685572624206543
4751.4504 -0.0566065311431885
4751.9356 -0.0460066795349121
4752.4207 -0.0465507507324219
4752.9059 -0.0471134185791016
4753.3911 -0.0476949214935303
4753.8762 -0.0482962131500244
4754.3614 -0.0515310764312744
4754.8465 -0.0687646865844727
4755.3317 -0.0860345363616943
4755.8169 -0.103341817855835
4756.3020 -0.120686054229736
4756.7872 -0.133644104003906
4757.2724 -0.12973165512085
4757.7575 -0.125839233398438
4758.2427 -0.121967792510986
4758.7278 -0.118118047714233
4759.2130 -0.115166664123535
4759.6982 -0.114768028259277
4760.1833 -0.114394903182983
4760.6685 -0.114047527313232
4761.1537 -0.113726139068604
4761.6388 -0.113247156143188
4762.1240 -0.112380027770996
4762.6091 -0.11153769493103
4763.0943 -0.110719442367554
4763.5795 -0.109925031661987
4764.0646 -0.107897996902466
4764.5498 -0.103632688522339
4765.0350 -0.0993888378143311
4765.5201 -0.0951659679412842
4766.0053 -0.0909638404846191
4766.4904 -0.0871388912200928
4766.9756 -0.0838534832000732
4767.4608 -0.0805888175964355
4767.9459 -0.0773441791534424
4768.4311 -0.0741202831268311
4768.9163 -0.0706009864807129
4769.4014 -0.0667259693145752
4769.8866 -0.0628702640533447
4770.3717 -0.059032678604126
4770.8569 -0.055213451385498
4771.3421 -0.0517351627349854
4771.8272 -0.0485880374908447
4772.3124 -0.0454568862915039
4772.7975 -0.0423405170440674
4773.2827 -0.0392379760742188
4773.7679 -0.0389039516448975
4774.2530 -0.0407655239105225
4774.7382 -0.0426404476165771
4775.2234 -0.0445270538330078
4775.7085 -0.0464251041412354
4776.1937 -0.0480442047119141
4776.6788 -0.0494873523712158
4777.1640 -0.0509395599365234
4777.6492 -0.0524003505706787
4778.1343 -0.0538694858551025
4778.6195 -0.0528905391693115
4779.1047 -0.0506455898284912
4779.5898 -0.0484061241149902
4780.0750 -0.0461711883544922
4780.5601 -0.0439407825469971
4781.0453 -0.0429263114929199
4781.5305 -0.0424129962921143
4782.0156 -0.0419044494628906
4782.5008 -0.0414009094238281
4782.9860 -0.0409023761749268
4783.4711 -0.0366535186767578
4783.9563 -0.0312213897705078
4784.4414 -0.0257928371429443
4784.9266 -0.020366907119751
4785.4118 -0.0149435997009277
4785.8969 -0.0157771110534668
4786.3821 -0.0180776119232178
4786.8673 -0.0203828811645508
4787.3524 -0.022693395614624
4787.8376 -0.0250089168548584
4788.3227 -0.025700569152832
4788.8079 -0.026134729385376
4789.2931 -0.0265746116638184
4789.7782 -0.0270199775695801
4790.2634 -0.0274710655212402
4790.7485 -0.0338177680969238
4791.2337 -0.0407414436340332
4791.7189 -0.0476727485656738
4792.2040 -0.0546128749847412
4792.6892 -0.061561107635498
4793.1744 -0.0523450374603271
4793.6595 -0.0425083637237549
4794.1447 -0.0326769351959229
4794.6298 -0.0228521823883057
4795.1150 -0.0131380558013916
4795.6002 -0.010993480682373
4796.0853 -0.00885725021362305
4796.5705 -0.0067284107208252
4797.0557 -0.0046079158782959
4797.5408 -0.00220799446105957
4798.0260 0.00433588027954102
4798.5111 0.0108745098114014
4798.9963 0.0174074172973633
4799.4815 0.0239360332489014
4799.9666 0.0285556316375732
4800.4518 0.0186080932617188
4800.9370 0.00865602493286133
4801.4221 -0.00129938125610352
4801.9073 -0.0112576484680176
4802.3924 -0.0195438861846924
4802.8776 -0.0194687843322754
4803.3628 -0.0193901062011719
4803.8479 -0.0193052291870117
4804.3331 -0.0192129611968994
4804.8182 -0.018139123916626
4805.3034 -0.0135681629180908
4805.7886 -0.00898218154907227
4806.2737 -0.0043797492980957
4806.7589 0.000240325927734375
4807.2441 0.00346159934997559
4807.7292 0.00285243988037109
4808.2144 0.00226426124572754
4808.6995 0.00169754028320313
4809.1847 0.00115275382995605
4809.6699 -0.00153946876525879
4810.1550 -0.00880789756774902
4810.6402 -0.0160548686981201
4811.1254 -0.0232806205749512
4811.6105 -0.0304856300354004
4812.0957 -0.029742956161499
4812.5808 -0.015599250793457
4813.0660 -0.00142526626586914
4813.5512 0.0127782821655273
4814.0363 0.0270121097564697
4814.5215 0.0353436470031738
4815.0067 0.0356285572052002
4815.4918 0.0359365940093994
4815.9770 0.0362670421600342
4816.4621 0.0366196632385254
4816.9473 0.040698766708374
4817.4325 0.0488929748535156
4817.9176 0.0571122169494629
4818.4028 0.0653562545776367
4818.8880 0.073624849319458
4819.3731 0.0772726535797119
4819.8583 0.0767695903778076
4820.3434 0.0762834548950195
4820.8286 0.0758135318756104
4821.3138 0.0753598213195801
4821.7989 0.0799617767333984
4822.2841 0.0882523059844971
4822.7692 0.0965631008148193
4823.2544 0.104893207550049
4823.7396 0.113242149353027
4824.2247 0.121764659881592
4824.7099 0.130396127700806
4825.1951 0.139044761657715
4825.6802 0.147710561752319
4826.1654 0.156393051147461
4826.6505 0.163631439208984
4827.1357 0.170204877853394
4827.6209 0.176791429519653
4828.1060 0.183390855789185
4828.5912 0.190001726150513
4829.0764 0.209559679031372
4829.5615 0.233814716339111
4830.0467 0.258095264434814
4830.5318 0.282400608062744
4831.0170 0.306731224060059
4831.5022 0.33444881439209
4831.9873 0.363105535507202
4832.4725 0.391789197921753
4832.9577 0.420500516891479
4833.4428 0.449238777160645
4833.9280 0.488964796066284
4834.4131 0.530832767486572
4834.8983 0.572737693786621
4835.3835 0.614680051803589
4835.8686 0.656659364700317
4836.3538 0.687472820281982
4836.8389 0.716945886611938
4837.3241 0.7464439868927
4837.8093 0.775967359542847
4838.2944 0.80551552772522
4838.7796 0.827016830444336
4839.2648 0.848053216934204
4839.7499 0.869106292724609
4840.2351 0.890175580978394
4840.7202 0.911261320114136
4841.2054 0.93798828125
4841.6906 0.964757680892944
4842.1757 0.99154806137085
4842.6609 1.01835894584656
4843.1461 1.0461745262146
4843.6312 1.0932457447052
4844.1164 1.1403546333313
4844.6015 1.18750095367432
4845.0867 1.23468542098999
4845.5719 1.28343105316162
4846.0570 1.34572720527649
4846.5422 1.40807318687439
4847.0274 1.47046995162964
4847.5125 1.5329167842865
4847.9977 1.63272309303284
4848.4828 1.93734169006348
4848.9680 2.24222040176392
4849.4532 2.54735779762268
4849.9383 2.85275506973267
4850.4235 3.53899145126343
4850.9087 5.68368005752563
4851.3938 7.83021068572998
4851.8790 9.97858285903931
4852.3641 12.1287970542908
4852.8493 15.5565114021301
4853.3345 22.6183242797852
4853.8196 29.6861844062805
4854.3048 36.7600748538971
4854.7899 43.8399994373322
4855.2751 50.3291335105896
4855.7603 55.5140902996063
4856.2454 60.7034373283386
4856.7306 65.8971781730652
4857.2158 71.0953087806702
4857.7009 74.9799239635468
4858.1861 76.5869886875153
4858.6712 78.195387840271
4859.1564 79.8051064014435
4859.6416 81.416143655777
4860.1267 81.7623488903046
4860.6119 80.35662317276
4861.0971 78.9496607780457
4861.5822 77.541469335556
4862.0674 76.1320562362671
4862.5525 72.4206712245941
4863.0377 66.141307592392
4863.5229 59.8566024303436
4864.0080 53.5665752887726
4864.4932 47.2712180614471
4864.9784 41.4693639278412
4865.4635 36.111501455307
4865.9487 30.7491066455841
4866.4338 25.3821885585785
4866.9190 20.0107419490814
4867.4042 16.2588930130005
4867.8893 13.6802933216095
4868.3745 11.0995178222656
4868.8596 8.51656889915466
4869.3448 5.93144512176514
4869.8300 4.59106922149658
4870.3151 3.97054433822632
4870.8003 3.34949588775635
4871.2855 2.72792315483093
4871.7706 2.10582661628723
4872.2558 1.86416530609131
4872.7409 1.79551601409912
4873.2261 1.72680640220642
4873.7113 1.65803694725037
4874.1964 1.58920645713806
4874.6816 1.53593516349792
4875.1668 1.48806595802307
4875.6519 1.44015336036682
4876.1371 1.39219880104065
4876.6222 1.34420108795166
4877.1074 1.31006622314453
4877.5926 1.27947735786438
4878.0777 1.24886012077332
4878.5629 1.21821451187134
4879.0481 1.18754029273987
4879.5332 1.15322542190552
4880.0184 1.11823964118958
4880.5035 1.0832211971283
4880.9887 1.0481698513031
4881.4739 1.01308655738831
4881.9590 0.968329906463623
4882.4442 0.922506332397461
4882.9294 0.876640796661377
4883.4145 0.830733776092529
4883.8997 0.784785032272339
4884.3848 0.749893665313721
4884.8700 0.715454578399658
4885.3552 0.680982828140259
4885.8403 0.64647912979126
4886.3255 0.612060308456421
4886.8106 0.586844444274902
4887.2958 0.561603307723999
4887.7810 0.53633713722229
4888.2661 0.511044979095459
4888.7513 0.487395286560059
4889.2365 0.486897945404053
4889.7216 0.48639440536499
4890.2068 0.48588490486145
4890.6919 0.485369205474854
4891.1771 0.483218193054199
4891.6623 0.469310760498047
4892.1474 0.455386161804199
4892.6326 0.441444158554077
4893.1178 0.427484273910522
4893.6029 0.415926456451416
4894.0881 0.415633916854858
4894.5732 0.415333986282349
4895.0584 0.415026664733887
4895.5436 0.414711236953735
4896.0287 0.413582563400269
4896.5139 0.409771203994751
4896.9991 0.405948877334595
4897.4842 0.4021155834198
4897.9694 0.398270606994629
4898.4545 0.3956139087677
4898.9397 0.395934820175171
4899.4249 0.396246433258057
4899.9100 0.396548986434937
4900.3952 0.396842956542969
4900.8803 0.402527570724487
4901.3655 0.418612003326416
4901.8507 0.434698104858398
4902.3358 0.450785875320435
4902.8210 0.466875076293945
4903.3062 0.475158452987671
4903.7913 0.471575021743774
4904.2765 0.467979431152344
4904.7616 0.464370965957642
4905.2468 0.460750579833984
4905.7320 0.457555294036865
4906.2171 0.454878330230713
4906.7023 0.452189922332764
4907.1875 0.449490070343018
4907.6726 0.446779489517212
4908.1578 0.449550151824951
4908.6429 0.457637071609497
4909.1281 0.465720415115356
4909.6133 0.473800659179688
4910.0984 0.481878042221069
4910.5836 0.497322082519531
4911.0688 0.518477916717529
4911.5539 0.539639949798584
4912.0391 0.56080961227417
4912.5242 0.581986904144287
4913.0094 0.654612064361572
4913.4946 0.758913040161133
4913.9797 0.863273859024048
4914.4649 0.967696189880371
4914.9501 1.07218027114868
4915.4352 1.18203926086426
4915.9204 1.29452395439148
4916.4055 1.40708041191101
4916.8907 1.51971197128296
4917.3759 1.63242268562317
4917.8610 1.696613073349
4918.3462 1.7429826259613
4918.8313 1.78940153121948
4919.3165 1.83587527275085
4919.8017 1.88240909576416
4920.2868 1.89444923400879
4920.7720 1.89719319343567
4921.2572 1.89998054504395
4921.7423 1.90281319618225
4922.2275 1.90569472312927
4922.7126 1.87383818626404
4923.1978 1.83555102348328
4923.6830 1.79728412628174
4924.1681 1.75903701782227
4924.6533 1.72080779075623
4925.1385 1.66487431526184
4925.6236 1.60696077346802
4926.1088 1.54903149604797
4926.5939 1.49107933044434
4927.0791 1.43309783935547
4927.5643 1.47875905036926
4928.0494 1.52920961380005
4928.5346 1.57972431182861
4929.0198 1.63030004501343
4929.5049 1.68092608451843
4929.9901 1.73101496696472
4930.4752 1.78115916252136
4930.9604 1.83135628700256
4931.4456 1.8816065788269
4931.9307 1.93157362937927
4932.4159 1.97711896896362
4932.9010 2.02271366119385
4933.3862 2.068359375
4933.8714 2.11405658721924
4934.3565 2.16164517402649
4934.8417 2.22196435928345
4935.3269 2.28235268592834
4935.8120 2.34280776977539
4936.2972 2.40332984924316
4936.7823 2.45905160903931
4937.2675 2.49320888519287
4937.7527 2.52740263938904
4938.2378 2.56163287162781
4938.7230 2.5958993434906
4939.2082 2.6369800567627
4939.6933 2.69947504997253
4940.1785 2.76203227043152
4940.6636 2.82465243339539
4941.1488 2.88733291625977
4941.6340 2.96068286895752
4942.1191 3.05908417701721
4942.6043 3.15757751464844
4943.0895 3.25616192817688
4943.5746 3.35483455657959
4944.0598 3.49766063690186
4944.5449 3.72049236297607
4945.0301 3.94353437423706
4945.5153 4.16678428649902
4946.0004 4.39024114608765
4946.4856 5.05297875404358
4946.9708 6.34012460708618
4947.4559 7.62853503227234
4947.9411 8.91820478439331
4948.4262 10.2091290950775
4948.9114 15.4165873527527
4949.3966 25.0296120643616
4949.8817 34.6520318984985
4950.3669 44.2838163375854
4950.8520 53.9249424934387
4951.3372 68.1222014427185
4951.8224 86.3867015838623
4952.3075 104.668809652328
4952.7927 122.968503236771
4953.2779 141.285751342773
4953.7630 154.395090341568
4954.2482 163.835453033447
4954.7333 173.284741640091
4955.2185 182.743017196655
4955.7037 192.21027970314
4956.1888 195.95879149437
4956.6740 196.555813789368
4957.1592 197.15349149704
4957.6443 197.751901388168
4958.1295 198.351073503494
4958.6146 194.212589502335
4959.0998 188.069130659103
4959.5850 181.919644117355
4960.0701 175.763962030411
4960.5553 169.601977586746
4961.0405 154.434972524643
4961.5256 136.434852361679
4962.0108 118.417107820511
4962.4959 100.381860971451
4962.9811 82.3292946815491
4963.4663 70.4656929969788
4963.9514 59.9523029327393
4964.4366 49.4291007518768
4964.9218 38.8962662220001
4965.4069 28.3539707660675
4965.8921 23.5242581367493
4966.3772 19.4792857170105
4966.8624 15.4307935237885
4967.3476 11.3788545131683
4967.8327 7.32353520393372
4968.3179 6.65325736999512
4968.8030 6.20757150650024
4969.2882 5.76148819923401
4969.7734 5.31501412391663
4970.2585 4.86815714836121
4970.7437 4.84594559669495
4971.2289 4.82508373260498
4971.7140 4.80416536331177
4972.1992 4.78319025039673
4972.6843 4.76522397994995
4973.1695 4.79904365539551
4973.6547 4.83284568786621
4974.1398 4.86663150787354
4974.6250 4.90040159225464
4975.1102 4.94221830368042
4975.5953 5.04600763320923
4976.0805 5.14983010292053
4976.5656 5.25368857383728
4977.0508 5.35758447647095
4977.5360 5.46172904968262
4978.0211 5.56690716743469
4978.5063 5.67213153839111
4978.9915 5.77740693092346
4979.4766 5.88273620605469
4979.9618 5.99365830421448
4980.4469 6.12276172637939
4980.9321 6.25194573402405
4981.4173 6.38121342658997
4981.9024 6.51057004928589
4982.3876 6.63010263442993
4982.8727 6.72588539123535
4983.3579 6.82175159454346
4983.8431 6.91770505905151
4984.3282 7.01374864578247
4984.8134 7.09779000282288
4985.2986 7.15981793403625
4985.7837 7.22191524505615
4986.2689 7.28407979011536
4986.7540 7.3463077545166
4987.2392 7.43972897529602
4987.7244 7.57734608650208
4988.2095 7.71506834030151
4988.6947 7.85289525985718
4989.1799 7.99082374572754
4989.6650 8.17136001586914
4990.1502 8.39920473098755
4990.6353 8.6272075176239
4991.1205 8.85536623001099
4991.6057 9.08367800712585
4992.0908 9.53311491012573
4992.5760 10.17546916008
4993.0612 10.8182485103607
4993.5463 11.4614450931549
4994.0315 12.1050474643707
4994.5166 14.7002398967743
4995.0018 18.6263980865479
4995.4870 22.5550789833069
4995.9721 26.4862258434296
4996.4573 30.4197909832001
4996.9425 50.6976528167725
4997.4276 79.5780992507935
4997.9128 108.476069927216
4998.3979 137.391221523285
4998.8831 166.323241472244
4999.3683 213.543194293976
4999.8534 268.027138948441
5000.3386 322.542150020599
5000.8237 377.088044643402
5001.3089 431.664914131165
5001.7941 465.606956481934
5002.2792 493.646990299225
5002.7644 521.703564405441
5003.2496 549.776861667633
5003.7347 577.867248535156
5004.2199 583.17382144928
5004.7050 584.090562343597
5005.1902 585.00888967514
5005.6754 585.929108858109
5006.1605 586.851036548615
5006.6457 570.888503313065
5007.1309 553.035650014877
5007.6160 535.172969579697
5008.1012 517.300278902054
5008.5863 499.417273044586
5009.0715 448.117671251297
5009.5567 395.438399791718
5010.0418 342.726382732391
5010.5270 289.981345176697
5011.0122 237.665964365005
5011.4973 205.116696357727
5011.9825 172.546889543533
5012.4676 139.956513404846
5012.9528 107.345446109772
5013.4380 76.4670751094818
5013.9231 64.5416147708893
5014.4083 52.6085212230682
5014.8934 40.6677174568176
5015.3786 28.7190608978271
5015.8638 18.3105573654175
5016.3489 16.9118916988373
5016.8341 15.512378692627
5017.3193 14.1120014190674
5017.8044 12.7107348442078
5018.2896 11.5160775184631
5018.7747 11.1078274250031
5019.2599 10.6993975639343
5019.7451 10.2907681465149
5020.2302 9.88191699981689
5020.7154 9.4984884262085
5021.2006 9.18389868736267
5021.6857 8.86909985542297
5022.1709 8.55406880378723
5022.6560 8.23878645896912
5023.1412 7.9517240524292
5023.6264 7.72138381004334
5024.1115 7.49082398414612
5024.5967 7.26003193855286
5025.0819 7.0290002822876
5025.5670 6.7826521396637
5026.0522 6.51305294036865
5026.5373 6.24315595626831
5027.0225 5.97295928001404
5027.5077 5.70246267318726
5027.9928 5.44061517715454
5028.4780 5.18903875350952
5028.9632 4.93718290328979
5029.4483 4.68505120277405
5029.9335 4.4326479434967
5030.4186 4.202556848526
5030.9038 3.99292397499084
5031.3890 3.78306722640991
5031.8741 3.57299089431763
5032.3593 3.36270093917847
5032.8444 3.19758248329163
5033.3296 3.06450891494751
5033.8148 2.93128871917725
5034.2999 2.797926902771
5034.7851 2.66442847251892
5035.2703 2.55676746368408
5035.7554 2.46309328079224
5036.2406 2.36931967735291
5036.7257 2.27544975280762
5037.2109 2.1814877986908
5037.6961 2.09715270996094
5038.1812 2.01667308807373
5038.6664 1.936119556427
5039.1516 1.85549569129944
5039.6367 1.77480602264404
5040.1219 1.72946333885193
5040.6070 1.69434237480164
5041.0922 1.65918517112732
5041.5774 1.62399387359619
5042.0625 1.58877158164978
5042.5477 1.5438859462738
5043.0329 1.49711990356445
5043.5180 1.45031833648682
5044.0032 1.40348219871521
5044.4883 1.35661220550537
5044.9735 1.32108664512634
5045.4587 1.28675222396851
5045.9438 1.25238943099976
5046.4290 1.21799898147583
5046.9141 1.18358182907104
5047.3993 1.14350867271423
5047.8845 1.10321831703186
5048.3696 1.062903881073
5048.8548 1.02256560325623
5049.3400 0.982059478759766
5049.8251 0.937079191207886
5050.3103 0.892077684402466
5050.7954 0.847055435180664
5051.2806 0.802013874053955
5051.7658 0.758201599121094
5052.2509 0.726102113723755
5052.7361 0.69399094581604
5053.2213 0.661869764328003
5053.7064 0.629740715026855
5054.1916 0.599244594573975
5054.6767 0.577288627624512
5055.1619 0.555335760116577
5055.6471 0.533389091491699
5056.1322 0.511450290679932
5056.6174 0.489870548248291
5057.1026 0.469497919082642
5057.5877 0.449134349822998
5058.0729 0.428778648376465
5058.5580 0.408429622650146
5059.0432 0.390802383422852
5059.5284 0.379809141159058
5060.0135 0.368818998336792
5060.4987 0.357831001281738
5060.9839 0.346843719482422
5061.4690 0.336303472518921
5061.9542 0.326570510864258
5062.4393 0.316836595535278
5062.9245 0.307101726531982
5063.4097 0.297364950180054
5063.8948 0.290166854858398
5064.3800 0.28645658493042
5064.8651 0.282745838165283
5065.3503 0.279035568237305
5065.8355 0.275326251983643
5066.3206 0.272252082824707
5066.8058 0.26984715461731
5067.2910 0.267444133758545
5067.7761 0.265042781829834
5068.2613 0.262642860412598
5068.7464 0.263979911804199
5069.2316 0.268340587615967
5069.7168 0.272705316543579
5070.2019 0.277073621749878
5070.6871 0.281445980072021
5071.1723 0.278276205062866
5071.6574 0.270459413528442
5072.1426 0.262643098831177
5072.6277 0.254827737808228
5073.1129 0.247012615203857
5073.5981 0.239917278289795
5074.0832 0.233152866363525
5074.5684 0.22639012336731
5075.0536 0.219628810882568
5075.5387 0.212869167327881
5076.0239 0.204713344573975
5076.5090 0.19609522819519
5076.9942 0.187478303909302
5077.4794 0.178860902786255
5077.9645 0.170243501663208
5078.4497 0.172194957733154
5078.9348 0.176503419876099
5079.4200 0.180816411972046
5079.9052 0.185135364532471
5080.3903 0.189459323883057
5080.8755 0.180721044540405
5081.3607 0.170279026031494
5081.8458 0.159837007522583
5082.3310 0.149394750595093
5082.8161 0.138952255249023
5083.3013 0.144224405288696
5083.7865 0.150302410125732
5084.2716 0.156385183334351
5084.7568 0.162472724914551
5085.2420 0.168314695358276
5085.7271 0.160966634750366
5086.2123 0.153618097305298
5086.6974 0.146269559860229
5087.1826 0.138921737670898
5087.6678 0.131689310073853
5088.1529 0.125684022903442
5088.6381 0.119680166244507
5089.1233 0.113678693771362
5089.6084 0.10767936706543
5090.0936 0.102545738220215
5090.5787 0.102179288864136
5091.0639 0.101818084716797
5091.5491 0.101461410522461
5092.0342 0.101109981536865
5092.5194 0.10030198097229
5093.0046 0.0978717803955078
5093.4897 0.0954475402832031
5093.9749 0.0930290222167969
5094.4600 0.0906176567077637
5094.9452 0.084247350692749
5095.4304 0.0681252479553223
5095.9155 0.0520052909851074
5096.4007 0.0358881950378418
5096.8858 0.0197751522064209
5097.3710 0.0090939998626709
5097.8562 0.0081932544708252
5098.3413 0.00730800628662109
5098.8265 0.0064384937286377
5099.3117 0.00558662414550781
5099.7968 0.00874423980712891
5100.2820 0.0173161029815674
5100.7671 0.0259130001068115
5101.2523 0.0345351696014404
5101.7375 0.043182373046875
5102.2226 0.0433769226074219
5102.7078 0.0348985195159912
5103.1930 0.0264289379119873
5103.6781 0.017967700958252
5104.1633 0.00951266288757324
5104.6484 -5.38825988769531E-05
5105.1336 -0.010486364364624
5105.6188 -0.020918607711792
5106.1039 -0.0313520431518555
5106.5891 -0.04178786277771
5107.0743 -0.0528190135955811
5107.5594 -0.0642008781433105
5108.0446 -0.0755898952484131
5108.5297 -0.0869865417480469
5109.0149 -0.0983924865722656
5109.5001 -0.101261138916016
5109.9852 -0.100478410720825
5110.4704 -0.0996983051300049
5110.9555 -0.0989222526550293
5111.4407 -0.0981512069702148
5111.9259 -0.0937762260437012
5112.4110 -0.0883255004882813
5112.8962 -0.0828797817230225
5113.3814 -0.0774397850036621
5113.8665 -0.0720069408416748
5114.3517 -0.0649871826171875
5114.8368 -0.0576698780059814
5115.3220 -0.0503618717193604
5115.8072 -0.0430643558502197
5116.2923 -0.0357787609100342
5116.7775 -0.0178523063659668
5117.2627 0.00113582611083984
5117.7478 0.0201170444488525
5118.2330 0.0390908718109131
5118.7181 0.0580556392669678
5119.2033 0.0548436641693115
5119.6885 0.0511274337768555
5120.1736 0.0473868846893311
5120.6588 0.0436220169067383
5121.1440 0.0398197174072266
5121.6291 0.0357410907745361
5122.1143 0.03163743019104
5122.5994 0.0275092124938965
5123.0846 0.0233561992645264
5123.5698 0.0183999538421631
5124.0549 0.00766396522521973
5124.5401 -0.0030982494354248
5125.0253 -0.0138850212097168
5125.5104 -0.024695873260498
5125.9956 -0.032618522644043
5126.4807 -0.0281221866607666
5126.9659 -0.0236408710479736
5127.4511 -0.0191731452941895
5127.9362 -0.0147180557250977
5128.4214 -0.0124962329864502
5128.9065 -0.0165953636169434
5129.3917 -0.0207068920135498
5129.8769 -0.0248301029205322
5130.3620 -0.0289640426635742
5130.8472 -0.0310935974121094
5131.3324 -0.0291645526885986
5131.8175 -0.02724289894104
5132.3027 -0.0253279209136963
5132.7878 -0.0234184265136719
5133.2730 -0.0207717418670654
5133.7582 -0.0170259475708008
5134.2433 -0.0132830142974854
5134.7285 -0.00954151153564453
5135.2137 -0.00580120086669922
5135.6988 -0.00788545608520508
5136.1840 -0.016441822052002
5136.6691 -0.0249996185302734
5137.1543 -0.0335588455200195
5137.6395 -0.0421178340911865
5138.1246 -0.0445709228515625
5138.6098 -0.0419285297393799
5139.0950 -0.0392811298370361
5139.5801 -0.0366275310516357
5140.0653 -0.0339674949645996
5140.5504 -0.0323705673217773
5141.0356 -0.0314309597015381
5141.5208 -0.0304839611053467
5142.0059 -0.029529333114624
5142.4911 -0.028566837310791
5142.9762 -0.0277097225189209
5143.4614 -0.02689528465271
5143.9466 -0.0260729789733887
5144.4317 -0.0252416133880615
5144.9169 -0.0244019031524658
5145.4021 -0.0272626876831055
5145.8872 -0.0312802791595459
5146.3724 -0.0352911949157715
5146.8575 -0.0392959117889404
5147.3427 -0.04329514503479
5147.8279 -0.0523815155029297
5148.3130 -0.0624823570251465
5148.7982 -0.0725815296173096
5149.2834 -0.0826795101165771
5149.7685 -0.0927770137786865
5150.2537 -0.0926775932312012
5150.7388 -0.0915191173553467
5151.2240 -0.0903575420379639
5151.7092 -0.0891940593719482
5152.1943 -0.0880284309387207
5152.6795 -0.075523853302002
5153.1647 -0.0627706050872803
5153.6498 -0.0500137805938721
5154.1350 -0.03725266456604
5154.6201 -0.0254662036895752
5155.1053 -0.0314872264862061
5155.5905 -0.0375142097473145
5156.0756 -0.0435483455657959
5156.5608 -0.0495905876159668
5157.0460 -0.054842472076416
5157.5311 -0.0545222759246826
5158.0163 -0.054210901260376
5158.5014 -0.0539083480834961
5158.9866 -0.0536155700683594
5159.4718 -0.0548717975616455
5159.9569 -0.0623404979705811
5160.4421 -0.0698215961456299
5160.9272 -0.0773146152496338
5161.4124 -0.0848188400268555
5161.8976 -0.0905632972717285
5162.3827 -0.0915894508361816
5162.8679 -0.0926213264465332
5163.3531 -0.0936567783355713
5163.8382 -0.094693660736084
5164.3234 -0.0957036018371582
5164.8085 -0.0966598987579346
5165.2937 -0.097609281539917
5165.7789 -0.0985486507415771
5166.2640 -0.099473237991333
5166.7492 -0.0997815132141113
5167.2344 -0.0992424488067627
5167.7195 -0.098675012588501
5168.2047 -0.0980753898620605
5168.6898 -0.0974400043487549
5169.1750 -0.0974085330963135
5169.6602 -0.0979924201965332
5170.1453 -0.0985386371612549
5170.6305 -0.0990471839904785
5171.1157 -0.0995197296142578
5171.6008 -0.0979559421539307
5172.0860 -0.0948443412780762
5172.5711 -0.0916986465454102
5173.0563 -0.0885202884674072
5173.5415 -0.0853118896484375
5174.0266 -0.0838191509246826
5174.5118 -0.0832667350769043
5174.9970 -0.082695484161377
5175.4821 -0.0821096897125244
5175.9673 -0.0815117359161377
5176.4524 -0.0829150676727295
5176.9376 -0.0850977897644043
5177.4228 -0.0872774124145508
5177.9079 -0.08945631980896
5178.3931 -0.0916352272033691
5178.8782 -0.0901055335998535
5179.3634 -0.0876157283782959
5179.8486 -0.0851259231567383
5180.3337 -0.0826370716094971
5180.8189 -0.0801494121551514
5181.3041 -0.0793442726135254
5181.7892 -0.0787930488586426
5182.2744 -0.0782454013824463
5182.7595 -0.0776996612548828
5183.2447 -0.0771565437316895
5183.7299 -0.0813770294189453
5184.2150 -0.0858757495880127
5184.7002 -0.0903801918029785
5185.1854 -0.094890832901001
5185.6705 -0.0990087985992432
5186.1557 -0.0851314067840576
5186.6408 -0.0712485313415527
5187.1260 -0.0573606491088867
5187.6112 -0.0434684753417969
5188.0963 -0.0316669940948486
5188.5815 -0.0391676425933838
5189.0667 -0.046682596206665
5189.5518 -0.0542116165161133
5190.0370 -0.0617544651031494
5190.5221 -0.0665867328643799
5191.0073 -0.058518648147583
5191.4925 -0.0504510402679443
5191.9776 -0.0423834323883057
5192.4628 -0.0343148708343506
5192.9479 -0.0268182754516602
5193.4331 -0.021033763885498
5193.9183 -0.0152478218078613
5194.4034 -0.0094599723815918
5194.8886 -0.00366878509521484
5195.3738 -0.00225615501403809
5195.8589 -0.00983190536499023
5196.3441 -0.0174105167388916
5196.8292 -0.0249912738800049
5197.3144 -0.0325722694396973
5197.7996 -0.0354080200195313
5198.2847 -0.0312631130218506
5198.7699 -0.0271091461181641
5199.2551 -0.0229470729827881
5199.7402 -0.0187778472900391
5200.2254 -0.0162599086761475
5200.7105 -0.0155186653137207
5201.1957 -0.014777660369873
5201.6809 -0.0140380859375
5202.1660 -0.0133013725280762
5202.6512 -0.013014554977417
5203.1364 -0.0130825042724609
5203.6215 -0.0131571292877197
5204.1067 -0.0132384300231934
5204.5918 -0.01332688331604
5205.0770 -0.0266799926757813
5205.5622 -0.0475895404815674
5206.0473 -0.0685234069824219
5206.5325 -0.0894825458526611
5207.0177 -0.110467433929443
5207.5028 -0.120888948440552
5207.9880 -0.127119779586792
5208.4731 -0.133366107940674
5208.9583 -0.139627933502197
5209.4435 -0.1459059715271
5209.9286 -0.151435613632202
5210.4138 -0.156782388687134
5210.8989 -0.162144422531128
5211.3841 -0.167521476745605
5211.8693 -0.172913789749146
5212.3544 -0.171648263931274
5212.8396 -0.169416427612305
5213.3248 -0.167193174362183
5213.8099 -0.164977550506592
5214.2951 -0.162768840789795
5214.7802 -0.169094800949097
5215.2654 -0.175869703292847
5215.7506 -0.182654857635498
5216.2357 -0.189449310302734
5216.7209 -0.196131944656372
5217.2061 -0.198915719985962
5217.6912 -0.201706886291504
5218.1764 -0.204505205154419
5218.6615 -0.207312107086182
5219.1467 -0.209009885787964
5219.6319 -0.201616764068604
5220.1170 -0.194227933883667
5220.6022 -0.186843872070313
5221.0874 -0.179465532302856
5221.5725 -0.171900510787964
5222.0577 -0.163517951965332
5222.5428 -0.155138731002808
5223.0280 -0.146763324737549
5223.5132 -0.138390302658081
5223.9983 -0.132920742034912
5224.4835 -0.135358572006226
5224.9686 -0.137800216674805
5225.4538 -0.140243291854858
5225.9390 -0.142685413360596
5226.4241 -0.145073175430298
5226.9093 -0.14735746383667
5227.3945 -0.149637222290039
5227.8796 -0.151911735534668
5228.3648 -0.154181480407715
5228.8499 -0.158757448196411
5229.3351 -0.166411876678467
5229.8203 -0.174066305160522
5230.3054 -0.181721448898315
5230.7906 -0.189377546310425
5231.2758 -0.18808126449585
5231.7609 -0.178146600723267
5232.2461 -0.168200492858887
5232.7312 -0.158241033554077
5233.2164 -0.148266315460205
5233.7016 -0.139113903045654
5234.1867 -0.130526781082153
5234.6719 -0.121919631958008
5235.1571 -0.113291501998901
5235.6422 -0.104641437530518
5236.1274 -0.101428270339966
5236.6125 -0.100877285003662
5237.0977 -0.100311279296875
5237.5829 -0.0997309684753418
5238.0680 -0.0991384983062744
5238.5532 -0.10030198097229
5239.0384 -0.10204029083252
5239.5235 -0.103771924972534
5240.0087 -0.105498790740967
5240.4938 -0.107222080230713
5240.9790 -0.106432914733887
5241.4642 -0.105138540267944
5241.9493 -0.10384202003479
5242.4345 -0.102544069290161
5242.9196 -0.101245164871216
5243.4048 -0.106485366821289
5243.8900 -0.112337350845337
5244.3751 -0.118195772171021
5244.8603 -0.124060153961182
5245.3455 -0.129930734634399
5245.8306 -0.128109455108643
5246.3158 -0.126265525817871
5246.8009 -0.124421834945679
5247.2861 -0.122578859329224
5247.7713 -0.120754957199097
5248.2564 -0.119156360626221
5248.7416 -0.117557287216187
5249.2268 -0.115958452224731
5249.7119 -0.114359140396118
5250.1971 -0.113792657852173
5250.6822 -0.118587493896484
5251.1674 -0.123386859893799
5251.6526 -0.128191232681274
5252.1377 -0.133000135421753
5252.6229 -0.13791298866272
5253.1081 -0.143136501312256
5253.5932 -0.148365497589111
5254.0784 -0.153600931167603
5254.5635 -0.158842325210571
5255.0487 -0.16102147102356
5255.5339 -0.156894445419312
5256.0190 -0.152767181396484
5256.5042 -0.148640632629395
5256.9893 -0.144515037536621
5257.4745 -0.139955759048462
5257.9597 -0.13477349281311
5258.4448 -0.129592418670654
5258.9300 -0.124413967132568
5259.4152 -0.119237899780273
5259.9003 -0.112533569335938
5260.3855 -0.104260921478271
5260.8706 -0.0959889888763428
5261.3558 -0.0877177715301514
5261.8410 -0.0794470310211182
5262.3261 -0.0713942050933838
5262.8113 -0.0635004043579102
5263.2965 -0.0556068420410156
5263.7816 -0.047713041305542
5264.2668 -0.0398187637329102
5264.7519 -0.0365931987762451
5265.2371 -0.035759449005127
5265.7223 -0.0349278450012207
5266.2074 -0.0340986251831055
5266.6926 -0.0332722663879395
5267.1778 -0.0348412990570068
5267.6629 -0.0372312068939209
5268.1481 -0.0396265983581543
5268.6332 -0.0420272350311279
5269.1184 -0.0444328784942627
5269.6036 -0.0416648387908936
5270.0887 -0.0378379821777344
5270.5739 -0.0340099334716797
5271.0591 -0.0301790237426758
5271.5442 -0.0263447761535645
5272.0294 -0.0343649387359619
5272.5145 -0.0434892177581787
5272.9997 -0.0526144504547119
5273.4849 -0.0617392063140869
5273.9700 -0.0708615779876709
5274.4552 -0.078685998916626
5274.9403 -0.086503267288208
5275.4255 -0.0943119525909424
5275.9107 -0.102110624313354
5276.3958 -0.109821557998657
5276.8810 -0.116689443588257
5277.3662 -0.123546123504639
5277.8513 -0.130393505096436
5278.3365 -0.137232303619385
5278.8216 -0.14389705657959
5279.3068 -0.149747848510742
5279.7920 -0.155591726303101
5280.2771 -0.161429405212402
5280.7623 -0.167262077331543
5281.2475 -0.168229103088379
5281.7326 -0.155092477798462
5282.2178 -0.1419358253479
5282.7029 -0.128759860992432
5283.1881 -0.115564823150635
5283.6733 -0.109204769134521
5284.1584 -0.11599326133728
5284.6436 -0.122782230377197
5285.1288 -0.129572629928589
5285.6139 -0.136366605758667
5286.0991 -0.137547969818115
5286.5842 -0.131245136260986
5287.0694 -0.12493896484375
5287.5546 -0.118629932403564
5288.0397 -0.112319707870483
5288.5249 -0.11181116104126
5289.0100 -0.11676549911499
5289.4952 -0.121731042861938
5289.9804 -0.126707553863525
5290.4655 -0.131695508956909
5290.9507 -0.134691953659058
5291.4359 -0.136374711990356
5291.9210 -0.138066053390503
5292.4062 -0.139766216278076
5292.8913 -0.141475677490234
5293.3765 -0.145185947418213
5293.8617 -0.149806022644043
5294.3468 -0.154438734054565
5294.8320 -0.159084558486938
5295.3172 -0.163744688034058
5295.8023 -0.15858006477356
5296.2875 -0.150593042373657
5296.7726 -0.142611503601074
5297.2578 -0.134636640548706
5297.7430 -0.126667976379395
5298.2281 -0.12754225730896
5298.7133 -0.129817962646484
5299.1985 -0.132109403610229
5299.6836 -0.134416818618774
5300.1688 -0.136740684509277
5300.6539 -0.139002799987793
5301.1391 -0.141277551651001
5301.6243 -0.143569469451904
5302.1094 -0.145878314971924
5302.5946 -0.148154258728027
5303.0798 -0.149264335632324
5303.5649 -0.150390625
5304.0501 -0.151532649993896
5304.5352 -0.152690410614014
5305.0204 -0.153670310974121
5305.5056 -0.153362035751343
5305.9907 -0.153067111968994
5306.4759 -0.15278434753418
5306.9610 -0.152513742446899
5307.4462 -0.153210878372192
5307.9314 -0.157360553741455
5308.4165 -0.161522388458252
5308.9017 -0.165695905685425
5309.3869 -0.169880390167236
5309.8720 -0.17209529876709
5310.3572 -0.169840574264526
5310.8423 -0.167589902877808
5311.3275 -0.165342330932617
5311.8127 -0.163095474243164
5312.2978 -0.160854816436768
5312.7830 -0.158621788024902
5313.2682 -0.156382083892822
5313.7533 -0.154133081436157
5314.2385 -0.151871919631958
5314.7236 -0.150593280792236
5315.2088 -0.15035605430603
5315.6940 -0.150097846984863
5316.1791 -0.149816989898682
5316.6643 -0.149511098861694
5317.1495 -0.151572465896606
5317.6346 -0.155377864837646
5318.1198 -0.15916109085083
5318.6049 -0.162924528121948
5319.0901 -0.16667103767395
5319.5753 -0.160935878753662
5320.0604 -0.150417327880859
5320.5456 -0.139879703521729
5321.0307 -0.129325866699219
5321.5159 -0.118757486343384
5322.0011 -0.115751981735229
5322.4862 -0.115190505981445
5322.9714 -0.114625692367554
5323.4566 -0.114058017730713
5323.9417 -0.113487958908081
5324.4269 -0.114762783050537
5324.9120 -0.116373062133789
5325.3972 -0.117983341217041
5325.8824 -0.119594097137451
5326.3675 -0.121205806732178
5326.8527 -0.116941928863525
5327.3379 -0.112281560897827
5327.8230 -0.107619047164917
5328.3082 -0.102954149246216
5328.7933 -0.0986819267272949
5329.2785 -0.107909917831421
5329.7637 -0.117147922515869
5330.2488 -0.126396656036377
5330.7340 -0.135657072067261
5331.2192 -0.143842697143555
5331.7043 -0.144059181213379
5332.1895 -0.14428186416626
5332.6746 -0.144510984420776
5333.1598 -0.144746541976929
5333.6450 -0.144273042678833
5334.1301 -0.141140937805176
5334.6153 -0.13801097869873
5335.1005 -0.134882211685181
5335.5856 -0.131753206253052
5336.0708 -0.132334232330322
5336.5559 -0.141427993774414
5337.0411 -0.150527238845825
5337.5263 -0.159631013870239
5338.0114 -0.168738603591919
5338.4966 -0.170126914978027
5338.9817 -0.159729480743408
5339.4669 -0.149320125579834
5339.9521 -0.138898849487305
5340.4372 -0.128465890884399
5340.9224 -0.12157416343689
5341.4076 -0.118393421173096
5341.8927 -0.115208387374878
5342.3779 -0.112019777297974
5342.8630 -0.108827829360962
5343.3482 -0.108895778656006
5343.8334 -0.111312866210938
5344.3185 -0.113733530044556
5344.8037 -0.116158485412598
5345.2889 -0.118587732315063
5345.7740 -0.123012542724609
5346.2592 -0.128403902053833
5346.7443 -0.133802890777588
5347.2295 -0.139209747314453
5347.7147 -0.144624471664429
5348.1998 -0.152333974838257
5348.6850 -0.160744428634644
5349.1702 -0.169165849685669
5349.6553 -0.17759895324707
5350.1405 -0.186043262481689
5350.6256 -0.187643766403198
5351.1108 -0.188152313232422
5351.5960 -0.18866765499115
5352.0811 -0.189190030097961
5352.5663 -0.189720392227173
5353.0515 -0.188195109367371
5353.5366 -0.186581611633301
5354.0218 -0.184975266456604
5354.5069 -0.183376669883728
5354.9921 -0.181820154190063
5355.4773 -0.180914163589478
5355.9624 -0.180017471313477
5356.4476 -0.179129600524902
5356.9327 -0.178250312805176
5357.4179 -0.175029754638672
5357.9031 -0.157928943634033
5358.3882 -0.140827417373657
5358.8734 -0.123724937438965
5359.3586 -0.106620788574219
5359.8437 -0.095381498336792
5360.3289 -0.102756261825562
5360.8140 -0.110140323638916
5361.2992 -0.117531299591064
5361.7844 -0.124927997589111
5362.2695 -0.130606889724731
5362.7547 -0.132865905761719
5363.2399 -0.135122299194336
5363.7250 -0.137374401092529
5364.2102 -0.139621257781982
5364.6953 -0.139432907104492
5365.1805 -0.136019945144653
5365.6657 -0.132596015930176
5366.1508 -0.129160165786743
5366.6360 -0.125711917877197
5367.1212 -0.130074501037598
5367.6063 -0.141476631164551
5368.0915 -0.152873754501343
5368.5766 -0.164265632629395
5369.0618 -0.175651788711548
5369.5470 -0.177010059356689
5370.0321 -0.172267436981201
5370.5173 -0.167507171630859
5371.0024 -0.162729978561401
5371.4876 -0.15793514251709
5371.9728 -0.151290893554688
5372.4579 -0.143910884857178
5372.9431 -0.136513233184814
5373.4283 -0.129099130630493
5373.9134 -0.121669054031372
5374.3986 -0.125126123428345
5374.8837 -0.131050586700439
5375.3689 -0.13697338104248
5375.8541 -0.142895221710205
5376.3392 -0.148816823959351
5376.8244 -0.148517847061157
5377.3096 -0.147615194320679
5377.7947 -0.146708726882935
5378.2799 -0.145798444747925
5378.7650 -0.144901275634766
5379.2502 -0.145668506622314
5379.7354 -0.146434307098389
5380.2205 -0.147198677062988
5380.7057 -0.147961616516113
5381.1909 -0.148465633392334
5381.6760 -0.146817207336426
5382.1612 -0.145164966583252
5382.6463 -0.143508672714233
5383.1315 -0.141848564147949
5383.6167 -0.139855623245239
5384.1018 -0.136580228805542
5384.5870 -0.133300304412842
5385.0722 -0.130017042160034
5385.5573 -0.126730680465698
5386.0425 -0.125461339950562
5386.5276 -0.128843069076538
5387.0128 -0.132229328155518
5387.4980 -0.135620594024658
5387.9831 -0.139018058776855
5388.4683 -0.14007043838501
5388.9534 -0.137617349624634
5389.4386 -0.135166645050049
5389.9238 -0.132718563079834
5390.4089 -0.130273342132568
5390.8941 -0.129812717437744
5391.3793 -0.131339311599731
5391.8644 -0.13287353515625
5392.3496 -0.1344153881073
5392.8347 -0.135964870452881
5393.3199 -0.139423370361328
5393.8051 -0.144163727760315
5394.2902 -0.148914337158203
5394.7754 -0.153675317764282
5395.2606 -0.158445835113525
5395.7457 -0.162571787834167
5396.2309 -0.166423916816711
5396.7160 -0.170284390449524
5397.2012 -0.174152970314026
5397.6864 -0.178029537200928
5398.1715 -0.169089317321777
5398.6567 -0.156898975372314
5399.1419 -0.144703388214111
5399.6270 -0.132502794265747
5400.1122 -0.120296478271484
5400.5973 -0.124221801757813
5401.0825 -0.1299889087677
5401.5677 -0.135763168334961
5402.0528 -0.141543984413147
5402.5380 -0.147331357002258
5403.0231 -0.142041444778442
5403.5083 -0.136728048324585
5403.9935 -0.131412029266357
5404.4786 -0.12609338760376
5404.9638 -0.121296167373657
5405.4490 -0.121289253234863
5405.9341 -0.121284008026123
5406.4193 -0.121280670166016
5406.9044 -0.121279239654541
5407.3896 -0.120273113250732
5407.8748 -0.115226745605469
5408.3599 -0.11017918586731
5408.8451 -0.105129957199097
5409.3303 -0.100078821182251
5409.8154 -0.0925147533416748
5410.3006 -0.0791046619415283
5410.7857 -0.0656852722167969
5411.2709 -0.0522558689117432
5411.7561 -0.038815975189209
5412.2412 -0.0326418876647949
5412.7264 -0.037283182144165
5413.2116 -0.0419261455535889
5413.6967 -0.0465705394744873
5414.1819 -0.051215648651123
5414.6670 -0.0534934997558594
5415.1522 -0.0534381866455078
5415.6374 -0.0533790588378906
5416.1225 -0.0533170700073242
5416.6077 -0.0532517433166504
5417.0929 -0.0593795776367188
5417.5780 -0.0695395469665527
5418.0632 -0.0797052383422852
5418.5483 -0.0898759365081787
5419.0335 -0.100052356719971
5419.5187 -0.108764171600342
5420.0038 -0.116873621940613
5420.4890 -0.124985456466675
5420.9741 -0.13309907913208
5421.4593 -0.141213536262512
5421.9445 -0.141929626464844
5422.4296 -0.140914797782898
5422.9148 -0.139891266822815
5423.4000 -0.138858556747437
5423.8851 -0.137815833091736
5424.3703 -0.134736299514771
5424.8554 -0.13145387172699
5425.3406 -0.128158807754517
5425.8258 -0.124851107597351
5426.3109 -0.12164294719696
5426.7961 -0.124711990356445
5427.2813 -0.127776384353638
5427.7664 -0.130836486816406
5428.2516 -0.13389265537262
5428.7367 -0.135610222816467
5429.2219 -0.127618193626404
5429.7071 -0.119612455368042
5430.1922 -0.111593127250671
5430.6774 -0.103560209274292
5431.1626 -0.0981414318084717
5431.6477 -0.101767778396606
5432.1329 -0.105393409729004
5432.6180 -0.10901927947998
5433.1032 -0.112645745277405
5433.5884 -0.115791201591492
5434.0735 -0.117955207824707
5434.5587 -0.120120763778687
5435.0438 -0.122290015220642
5435.5290 -0.124463558197021
5436.0142 -0.125439405441284
5436.4993 -0.124849081039429
5436.9845 -0.124263882637024
5437.4697 -0.123685479164124
5437.9548 -0.123114466667175
5438.4400 -0.120752573013306
5438.9251 -0.116857051849365
5439.4103 -0.112967967987061
5439.8955 -0.109086394309998
5440.3806 -0.105213165283203
5440.8658 -0.101665735244751
5441.3510 -0.0983037948608398
5441.8361 -0.094951868057251
5442.3213 -0.0916109085083008
5442.8064 -0.0882809162139893
5443.2916 -0.0849533081054688
5443.7768 -0.0816340446472168
5444.2619 -0.0783259868621826
5444.7471 -0.0750293731689453
5445.2323 -0.0717446804046631
5445.7174 -0.0743837356567383
5446.2026 -0.078040599822998
5446.6877 -0.0817148685455322
5447.1729 -0.085407018661499
5447.6581 -0.0891165733337402
5448.1432 -0.0927973985671997
5448.6284 -0.0964945554733276
5449.1136 -0.100210189819336
5449.5987 -0.103943943977356
5450.0839 -0.107564091682434
5450.5690 -0.10938549041748
5451.0542 -0.111223459243774
5451.5394 -0.113077402114868
5452.0245 -0.114947080612183
5452.5097 -0.116250991821289
5452.9948 -0.114823698997498
5453.4800 -0.113408088684082
5453.9652 -0.112003564834595
5454.4503 -0.110609769821167
5454.9355 -0.109236001968384
5455.4207 -0.107898712158203
5455.9058 -0.10657000541687
5456.3910 -0.105249166488647
5456.8761 -0.103936433792114
5457.3613 -0.101020455360413
5457.8465 -0.0955822467803955
5458.3316 -0.0901494026184082
5458.8168 -0.0847212076187134
5459.3020 -0.079297661781311
5459.7871 -0.0726578235626221
5460.2723 -0.0647857189178467
5460.7574 -0.0569155216217041
5461.2426 -0.0490467548370361
5461.7278 -0.0411791801452637
5462.2129 -0.0352778434753418
5462.6981 -0.0306606292724609
5463.1833 -0.0260441303253174
5463.6684 -0.0214262008666992
5464.1536 -0.0168066024780273
5464.6387 -0.0228981971740723
5465.1239 -0.0332965850830078
5465.6091 -0.0436975955963135
5466.0942 -0.054100513458252
5466.5794 -0.0645051002502441
5467.0645 -0.0648987293243408
5467.5497 -0.0631215572357178
5468.0349 -0.0613405704498291
5468.5200 -0.0595548152923584
5469.0052 -0.057765007019043
5469.4904 -0.0588393211364746
5469.9755 -0.0601227283477783
5470.4607 -0.061403751373291
5470.9458 -0.0626821517944336
5471.4310 -0.06427001953125
5471.9162 -0.0732516050338745
5472.4013 -0.0822339057922363
5472.8865 -0.0912156105041504
5473.3717 -0.100196719169617
5473.8568 -0.108592987060547
5474.3420 -0.113684773445129
5474.8271 -0.118772268295288
5475.3123 -0.123854517936707
5475.7975 -0.128931403160095
5476.2826 -0.133976817131042
5476.7678 -0.138943672180176
5477.2530 -0.143903732299805
5477.7381 -0.148856997489929
5478.2233 -0.15380334854126
5478.7084 -0.153676509857178
5479.1936 -0.144932150840759
5479.6788 -0.136173725128174
5480.1639 -0.127401828765869
5480.6491 -0.118617177009583
5481.1343 -0.11450457572937
5481.6194 -0.115433692932129
5482.1046 -0.116358041763306
5482.5897 -0.117278337478638
5483.0749 -0.118195056915283
5483.5601 -0.123827695846558
5484.0452 -0.132710695266724
5484.5304 -0.141597867012024
5485.0155 -0.150490522384644
5485.5007 -0.159388542175293
5485.9859 -0.161613345146179
5486.4710 -0.161026120185852
5486.9562 -0.160439014434814
5487.4414 -0.159852385520935
5487.9265 -0.159266352653503
5488.4117 -0.160559296607971
5488.8968 -0.162279844284058
5489.3820 -0.164003014564514
5489.8672 -0.165729284286499
5490.3523 -0.167458057403564
5490.8375 -0.165711641311646
5491.3227 -0.163693070411682
5491.8078 -0.16167426109314
5492.2930 -0.159656167030334
5492.7781 -0.157459616661072
5493.2633 -0.150943160057068
5493.7485 -0.144423604011536
5494.2336 -0.137901425361633
5494.7188 -0.131376624107361
5495.2040 -0.125731348991394
5495.6891 -0.124996185302734
5496.1743 -0.124262690544128
5496.6594 -0.123530745506287
5497.1446 -0.122800946235657
5497.6298 -0.123367547988892
5498.1149 -0.127521991729736
5498.6001 -0.131681799888611
5499.0852 -0.135846853256226
5499.5704 -0.140017151832581
5500.0556 -0.139375925064087
5500.5407 -0.130831122398376
5501.0259 -0.122282385826111
5501.5111 -0.113729119300842
5501.9962 -0.105171322822571
5502.4814 -0.100100517272949
5502.9665 -0.098628044128418
5503.4517 -0.0971535444259644
5503.9369 -0.0956767797470093
5504.4220 -0.0941975116729736
5504.9072 -0.0883995294570923
5505.3924 -0.079792857170105
5505.8775 -0.0711780786514282
5506.3627 -0.0625543594360352
5506.8478 -0.0539218187332153
5507.3330 -0.0565176010131836
5507.8182 -0.0634679794311523
5508.3033 -0.070420503616333
5508.7885 -0.0773748159408569
5509.2737 -0.0843318700790405
5509.7588 -0.0574971437454224
5510.2440 -0.0239812135696411
5510.7291 0.00955915451049805
5511.2143 0.043123722076416
5511.6995 0.0767121315002441
5512.1846 0.0987377166748047
5512.6698 0.120173454284668
5513.1550 0.141623020172119
5513.6401 0.163085460662842
5514.1253 0.182761192321777
5514.6104 0.176888704299927
5515.0956 0.171008586883545
5515.5808 0.165119886398315
5516.0659 0.159221649169922
5516.5511 0.152809381484985
5517.0362 0.144113779067993
5517.5214 0.13540506362915
5518.0066 0.126682043075562
5518.4917 0.117945432662964
5518.9769 0.105810880661011
5519.4621 0.085669994354248
5519.9472 0.0655064582824707
5520.4324 0.0453200340270996
5520.9175 0.0251100063323975
5521.4027 0.00477862358093262
5521.8879 -0.0157142877578735
5522.3730 -0.0362310409545898
5522.8582 -0.0567712783813477
5523.3434 -0.0773347616195679
5523.8285 -0.089134693145752
5524.3137 -0.093178391456604
5524.7988 -0.0972353219985962
5525.2840 -0.101304173469543
5525.7692 -0.105384230613709
5526.2543 -0.104370951652527
5526.7395 -0.100588083267212
5527.2247 -0.0968091487884521
5527.7098 -0.0930334329605103
5528.1950 -0.0892595052719116
5528.6801 -0.0664925575256348
5529.1653 -0.0378851890563965
5529.6505 -0.00926673412322998
5530.1356 0.0193634033203125
5530.6208 0.0480055809020996
5531.1059 0.0905282497406006
5531.5911 0.134909391403198
5532.0763 0.179310321807861
5532.5614 0.223730564117432
5533.0466 0.26813817024231
5533.5318 0.278805255889893
5534.0169 0.28947925567627
5534.5021 0.30016028881073
5534.9872 0.310848832130432
5535.4724 0.319589614868164
5535.9576 0.313914656639099
5536.4427 0.308239102363586
5536.9279 0.302561521530151
5537.4131 0.296881198883057
5537.8982 0.28935980796814
5538.3834 0.275957703590393
5538.8685 0.262546420097351
5539.3537 0.249125957489014
5539.8389 0.235695958137512
5540.3240 0.211104989051819
5540.8092 0.166443347930908
5541.2944 0.121758699417114
5541.7795 0.0770518779754639
5542.2647 0.032323956489563
5542.7498 -0.00593805313110352
5543.2350 -0.0370988845825195
5543.7202 -0.0682727098464966
5544.2053 -0.0994588136672974
5544.6905 -0.130656957626343
5545.1757 -0.1453937292099
5545.6608 -0.148998975753784
5546.1460 -0.152602434158325
5546.6311 -0.156203389167786
5547.1163 -0.159801721572876
5547.6015 -0.161928176879883
5548.0866 -0.163470149040222
5548.5718 -0.165007352828979
5549.0569 -0.166539072990417
5549.5421 -0.168064713478088
5550.0273 -0.167104125022888
5550.5124 -0.165653467178345
5550.9976 -0.164193391799927
5551.4828 -0.162723183631897
5551.9679 -0.161241888999939
5552.4531 -0.162170052528381
5552.9382 -0.163192391395569
5553.4234 -0.16420304775238
5553.9086 -0.1652010679245
5554.3937 -0.165387868881226
5554.8789 -0.15632426738739
5555.3641 -0.147239446640015
5555.8492 -0.138131976127625
5556.3344 -0.129000425338745
5556.8195 -0.123304486274719
5557.3047 -0.131331086158752
5557.7899 -0.139343738555908
5558.2750 -0.147341847419739
5558.7602 -0.155325889587402
5559.2454 -0.158931374549866
5559.7305 -0.153372406959534
5560.2157 -0.147790551185608
5560.7008 -0.142187237739563
5561.1860 -0.136563301086426
5561.6712 -0.133706569671631
5562.1563 -0.134306073188782
5562.6415 -0.134894728660584
5563.1267 -0.135473966598511
5563.6118 -0.13604462146759
5564.0970 -0.13468599319458
5564.5821 -0.13185703754425
5565.0673 -0.129020571708679
5565.5525 -0.126176953315735
5566.0376 -0.123327732086182
5566.5228 -0.122838377952576
5567.0079 -0.1234050989151
5567.4931 -0.12397289276123
5567.9783 -0.124542713165283
5568.4634 -0.125115036964417
5568.9486 -0.120761632919312
5569.4338 -0.115283966064453
5569.9189 -0.10980498790741
5570.4041 -0.104325652122498
5570.8892 -0.0988460779190063
5571.3744 -0.0960110425949097
5571.8596 -0.0933535099029541
5572.3447 -0.0906995534896851
5572.8299 -0.0880492925643921
5573.3151 -0.0853588581085205
5573.8002 -0.082013726234436
5574.2854 -0.0786720514297485
5574.7705 -0.0753339529037476
5575.2557 -0.0719994306564331
5575.7409 -0.0683256387710571
5576.2260 -0.0631595849990845
5576.7112 -0.0579956769943237
5577.1964 -0.0528342723846436
5577.6815 -0.0476753711700439
5578.1667 -0.0439996719360352
5578.6518 -0.0436019897460938
5579.1370 -0.0432120561599731
5579.6222 -0.0428298711776733
5580.1073 -0.0424561500549316
5580.5925 -0.0439952611923218
5581.0776 -0.0480024814605713
5581.5628 -0.0520217418670654
5582.0480 -0.0560528039932251
5582.5331 -0.0600951910018921
5583.0183 -0.0639312267303467
5583.5035 -0.0676079988479614
5583.9886 -0.0712935924530029
5584.4738 -0.0749870538711548
5584.9589 -0.0786876678466797
5585.4441 -0.0798943042755127
5585.9293 -0.0799696445465088
5586.4144 -0.0800455808639526
5586.8996 -0.0801211595535278
5587.3848 -0.0801955461502075
5587.8699 -0.0795875787734985
5588.3551 -0.0788220167160034
5588.8402 -0.0780532360076904
5589.3254 -0.0772812366485596
5589.8106 -0.076506495475769
5590.2957 -0.0784449577331543
5590.7809 -0.0805540084838867
5591.2661 -0.0826629400253296
5591.7512 -0.0847723484039307
5592.2364 -0.0867706537246704
5592.7215 -0.0872325897216797
5593.2067 -0.087694525718689
5593.6919 -0.0881569385528564
5594.1770 -0.0886204242706299
5594.6622 -0.0878773927688599
5595.1474 -0.0821511745452881
5595.6325 -0.0764226913452148
5596.1177 -0.0706925392150879
5596.6028 -0.064961314201355
5597.0880 -0.0614725351333618
5597.5732 -0.0626926422119141
5598.0583 -0.0639184713363647
5598.5435 -0.0651500225067139
5599.0286 -0.0663878917694092
5599.5138 -0.0670050382614136
5599.9990 -0.0668636560440063
5600.4841 -0.0667281150817871
5600.9693 -0.0665980577468872
5601.4545 -0.0664734840393066
5601.9396 -0.0628012418746948
5602.4248 -0.0565503835678101
5602.9099 -0.0503004789352417
5603.3951 -0.0440517663955688
5603.8803 -0.0378043651580811
5604.3654 -0.0394617319107056
5604.8506 -0.044385552406311
5605.3358 -0.0493191480636597
5605.8209 -0.0542621612548828
5606.3061 -0.05921471118927
5606.7912 -0.0647736787796021
5607.2764 -0.0704581737518311
5607.7616 -0.0761516094207764
5608.2467 -0.0818541049957275
5608.7319 -0.0875648260116577
5609.2171 -0.0829569101333618
5609.7022 -0.0779951810836792
5610.1874 -0.0730334520339966
5610.6725 -0.068071722984314
5611.1577 -0.0640990734100342
5611.6429 -0.0693706274032593
5612.1280 -0.0746487379074097
5612.6132 -0.0799325704574585
5613.0983 -0.0852218866348267
5613.5835 -0.0910600423812866
5614.0687 -0.0987552404403687
5614.5538 -0.10645592212677
5615.0390 -0.114162087440491
5615.5242 -0.121872663497925
5616.0093 -0.122998476028442
5616.4945 -0.112282156944275
5616.9796 -0.101557016372681
5617.4648 -0.0908225774765015
5617.9500 -0.0800786018371582
5618.4351 -0.0819699764251709
5618.9203 -0.0971007347106934
5619.4055 -0.112238645553589
5619.8906 -0.127383232116699
5620.3758 -0.142533779144287
5620.8609 -0.144376397132874
5621.3461 -0.138050079345703
5621.8313 -0.131712794303894
5622.3164 -0.125364303588867
5622.8016 -0.119003653526306
5623.2868 -0.117969870567322
5623.7719 -0.118691682815552
5624.2571 -0.11940586566925
5624.7422 -0.120112419128418
5625.2274 -0.120811223983765
5625.7126 -0.109826922416687
5626.1977 -0.0972903966903687
5626.6829 -0.0847359895706177
5627.1681 -0.0721635818481445
5627.6532 -0.0597450733184814
5628.1384 -0.0576647520065308
5628.6235 -0.0555758476257324
5629.1087 -0.0534789562225342
5629.5939 -0.0513743162155151
5630.0790 -0.0500228404998779
5630.5642 -0.0530067682266235
5631.0493 -0.0559883117675781
5631.5345 -0.0589675903320313
5632.0197 -0.061944842338562
5632.5048 -0.0639045238494873
5632.9900 -0.0632781982421875
5633.4752 -0.0626477003097534
5633.9603 -0.0620132684707642
5634.4455 -0.0613753795623779
5634.9306 -0.0616356134414673
5635.4158 -0.0631598234176636
5635.9010 -0.0646846294403076
5636.3861 -0.0662107467651367
5636.8713 -0.0677391290664673
5637.3565 -0.0699495077133179
5637.8416 -0.0727207660675049
5638.3268 -0.0754977464675903
5638.8119 -0.0782818794250488
5639.2971 -0.0810739994049072
5639.7823 -0.0820273160934448
5640.2674 -0.0821363925933838
5640.7526 -0.0822538137435913
5641.2378 -0.0823806524276733
5641.7229 -0.0825176239013672
5642.2081 -0.0854614973068237
5642.6932 -0.0890376567840576
5643.1784 -0.0926296710968018
5643.6636 -0.0962382555007935
5644.1487 -0.0998638868331909
5644.6339 -0.099976658821106
5645.1190 -0.0999354124069214
5645.6042 -0.0999102592468262
5646.0894 -0.0999020338058472
5646.5745 -0.0997707843780518
5647.0597 -0.0982381105422974
5647.5449 -0.0967222452163696
5648.0300 -0.0952233076095581
5648.5152 -0.093741774559021
5649.0003 -0.0916049480438232
5649.4855 -0.0871766805648804
5649.9707 -0.0827642679214478
5650.4558 -0.0783677101135254
5650.9410 -0.0739872455596924
5651.4262 -0.0717514753341675
5651.9113 -0.0732862949371338
5652.3965 -0.0748403072357178
5652.8816 -0.0764135122299194
5653.3668 -0.0780051946640015
5653.8520 -0.0793507099151611
5654.3371 -0.0804476737976074
5654.8223 -0.0815620422363281
5655.3075 -0.0826926231384277
5655.7926 -0.0838391780853271
5656.2778 -0.0777044296264648
5656.7629 -0.0673973560333252
5657.2481 -0.0571011304855347
5657.7333 -0.0468151569366455
5658.2184 -0.036540150642395
5658.7036 -0.0321171283721924
5659.1888 -0.0294218063354492
5659.6739 -0.026739239692688
5660.1591 -0.02406907081604
5660.6442 -0.0214115381240845
5661.1294 -0.0205701589584351
5661.6146 -0.0199182033538818
5662.0997 -0.0192787647247314
5662.5849 -0.0186516046524048
5663.0700 -0.017918586730957
5663.5552 -0.014910101890564
5664.0404 -0.0119127035140991
5664.5255 -0.00892651081085205
5665.0107 -0.00595080852508545
5665.4959 -0.00239253044128418
5665.9810 0.00372612476348877
5666.4662 0.00983536243438721
5666.9513 0.0159353017807007
5667.4365 0.0220263004302979
5667.9217 0.0258802175521851
5668.4068 0.0251275300979614
5668.8920 0.0243664979934692
5669.3772 0.0235974788665771
5669.8623 0.0228208303451538
5670.3475 0.0200515985488892
5670.8326 0.0149980783462524
5671.3178 0.00993847846984863
5671.8030 0.00487351417541504
5672.2881 -0.000195860862731934
5672.7733 0.00323593616485596
5673.2585 0.0122061967849731
5673.7436 0.0211738348007202
5674.2288 0.0301399230957031
5674.7139 0.0391054153442383
5675.1991 0.037463903427124
5675.6843 0.0322043895721436
5676.1694 0.0269472599029541
5676.6546 0.0216929912567139
5677.1397 0.0164420604705811
5677.6249 0.0151423215866089
5678.1101 0.0143544673919678
5678.5952 0.0135712623596191
5679.0804 0.0127937793731689
5679.5656 0.0120178461074829
5680.0507 0.0110956430435181
5680.5359 0.0101804733276367
5681.0210 0.00927257537841797
5681.5062 0.00837242603302002
5681.9914 0.00447988510131836
5682.4765 -0.0142409801483154
5682.9617 -0.0329536199569702
5683.4469 -0.0516579151153564
5683.9320 -0.0703539848327637
5684.4172 -0.086693286895752
5684.9023 -0.0977939367294312
5685.3875 -0.108885407447815
5685.8727 -0.119967818260193
5686.3578 -0.131041049957275
5686.8430 -0.137611389160156
5687.3282 -0.138721704483032
5687.8133 -0.139820694923401
5688.2985 -0.140908241271973
5688.7836 -0.141983866691589
5689.2688 -0.134597420692444
5689.7540 -0.121429324150085
5690.2391 -0.108245134353638
5690.7243 -0.0950448513031006
5691.2095 -0.0818276405334473
5691.6946 -0.078373908996582
5692.1798 -0.0783932209014893
5692.6649 -0.0784001350402832
5693.1501 -0.0783945322036743
5693.6353 -0.0783770084381104
5694.1204 -0.0836009979248047
5694.6056 -0.0895287990570068
5695.0907 -0.095447301864624
5695.5759 -0.101356506347656
5696.0611 -0.107244968414307
5696.5462 -0.112639188766479
5697.0314 -0.118024826049805
5697.5166 -0.123402237892151
5698.0017 -0.128771543502808
5698.4869 -0.13286817073822
5698.9720 -0.130691170692444
5699.4572 -0.128504037857056
5699.9424 -0.126306891441345
5700.4275 -0.124100208282471
5700.9127 -0.120650887489319
5701.3979 -0.114476203918457
5701.8830 -0.108291268348694
5702.3682 -0.102096676826477
5702.8533 -0.0958926677703857
5703.3385 -0.0965995788574219
5703.8237 -0.105518579483032
5704.3088 -0.11443829536438
5704.7940 -0.123359441757202
5705.2792 -0.132282137870789
5705.7643 -0.133678317070007
5706.2495 -0.130102038383484
5706.7346 -0.126521468162537
5707.2198 -0.122936964035034
5707.7050 -0.119348764419556
5708.1901 -0.113276481628418
5708.6753 -0.106363654136658
5709.1604 -0.0994459390640259
5709.6456 -0.0925239324569702
5710.1308 -0.0855973958969116
5710.6159 -0.0828472375869751
5711.1011 -0.0805919170379639
5711.5863 -0.0783358812332153
5712.0714 -0.0760794878005981
5712.5566 -0.0740419626235962
5713.0417 -0.0772064924240112
5713.5269 -0.0803743600845337
5714.0121 -0.0835450887680054
5714.4972 -0.0867184400558472
5714.9824 -0.0898452997207642
5715.4676 -0.0927600860595703
5715.9527 -0.0956772565841675
5716.4379 -0.0985966920852661
5716.9230 -0.101518273353577
5717.4082 -0.106240391731262
5717.8934 -0.11454713344574
5718.3785 -0.122858881950378
5718.8637 -0.131175518035889
5719.3489 -0.139497041702271
5719.8340 -0.145576953887939
5720.3192 -0.149244427680969
5720.8043 -0.152912497520447
5721.2895 -0.156580567359924
5721.7747 -0.160247802734375
5722.2598 -0.160983204841614
5722.7450 -0.159992456436157
5723.2302 -0.158995985984802
5723.7153 -0.15799343585968
5724.2005 -0.156983613967896
5724.6856 -0.158562421798706
5725.1708 -0.160874485969543
5725.6560 -0.163179755210876
5726.1411 -0.165478229522705
5726.6263 -0.167769074440002
5727.1114 -0.165658473968506
5727.5966 -0.163191080093384
5728.0818 -0.160712003707886
5728.5669 -0.15822160243988
5729.0521 -0.155824899673462
5729.5373 -0.154694318771362
5730.0224 -0.153553366661072
5730.5076 -0.152402520179749
5730.9927 -0.151242613792419
5731.4779 -0.147425889968872
5731.9631 -0.134519457817078
5732.4482 -0.121595859527588
5732.9334 -0.108655214309692
5733.4186 -0.0956984758377075
5733.9037 -0.0895105600357056
5734.3889 -0.0945851802825928
5734.8740 -0.0996615886688232
5735.3592 -0.104741215705872
5735.8444 -0.109824657440186
5736.3295 -0.113864541053772
5736.8147 -0.116965174674988
5737.2999 -0.120071291923523
5737.7850 -0.123183727264404
5738.2702 -0.126303553581238
5738.7553 -0.125197410583496
5739.2405 -0.122076511383057
5739.7257 -0.118960380554199
5740.2108 -0.115850687026978
5740.6960 -0.112748026847839
5741.1812 -0.113860726356506
5741.6663 -0.115858197212219
5742.1515 -0.11786949634552
5742.6366 -0.11989438533783
5743.1218 -0.121933698654175
5743.6070 -0.114755272865295
5744.0921 -0.107394576072693
5744.5773 -0.100041627883911
5745.0624 -0.0926964282989502
5745.5476 -0.080974817276001
5746.0328 -0.0403847694396973
5746.5179 0.000218987464904785
5747.0031 0.0408362150192261
5747.4883 0.0814664363861084
5747.9734 0.121793031692505
5748.4586 0.161336183547974
5748.9437 0.200890302658081
5749.4289 0.240454792976379
5749.9141 0.280029773712158
5750.3992 0.305166840553284
5750.8844 0.311696767807007
5751.3696 0.318219304084778
5751.8547 0.324734807014465
5752.3399 0.331244468688965
5752.8250 0.334959745407104
5753.3102 0.336733341217041
5753.7954 0.338500022888184
5754.2805 0.34026050567627
5754.7657 0.342014789581299
5755.2509 0.327207922935486
5755.7360 0.306691408157349
5756.2212 0.286160230636597
5756.7063 0.26561439037323
5757.1915 0.245054841041565
5757.6767 0.206485390663147
5758.1618 0.165852069854736
5758.6470 0.125197410583496
5759.1321 0.0845211744308472
5759.6173 0.044702410697937
5760.1025 0.0206969976425171
5760.5876 -0.00332117080688477
5761.0728 -0.0273518562316895
5761.5580 -0.0513947010040283
5762.0431 -0.0727630853652954
5762.5283 -0.0838755369186401
5763.0134 -0.0949944257736206
5763.4986 -0.106119632720947
5763.9838 -0.11725127696991
5764.4689 -0.122301578521729
5764.9541 -0.116658091545105
5765.4393 -0.111014604568481
5765.9244 -0.105371356010437
5766.4096 -0.0997288227081299
5766.8947 -0.0969321727752686
5767.3799 -0.0967810153961182
5767.8651 -0.096632719039917
5768.3502 -0.0964874029159546
5768.8354 -0.0963449478149414
5769.3206 -0.0919244289398193
5769.8057 -0.0854393243789673
5770.2909 -0.0789544582366943
5770.7760 -0.0724697113037109
5771.2612 -0.0659853219985962
5771.7464 -0.0650700330734253
5772.2315 -0.0652893781661987
5772.7167 -0.0655113458633423
5773.2019 -0.0657366514205933
5773.6870 -0.0659650564193726
5774.1722 -0.0569814443588257
5774.6573 -0.0478869676589966
5775.1425 -0.0387934446334839
5775.6277 -0.0297017097473145
5776.1128 -0.0213665962219238
5776.5980 -0.0174697637557983
5777.0831 -0.0135778188705444
5777.5683 -0.00969147682189941
5778.0535 -0.00581133365631104
5778.5386 -0.00109207630157471
5779.0238 0.00556385517120361
5779.5090 0.0122135877609253
5779.9941 0.018857479095459
5780.4793 0.0254952907562256
5780.9644 0.0360860824584961
5781.4496 0.0512949228286743
5781.9348 0.0664995908737183
5782.4199 0.0817002058029175
5782.9051 0.0968965291976929
5783.3903 0.115645170211792
5783.8754 0.13657009601593
5784.3606 0.157492280006409
5784.8457 0.178412079811096
5785.3309 0.199328899383545
5785.8161 0.218602299690247
5786.3012 0.237406969070435
5786.7864 0.256207704544067
5787.2716 0.275004506111145
5787.7567 0.293797016143799
5788.2419 0.318504929542542
5788.7270 0.343597054481506
5789.2122 0.368684649467468
5789.6974 0.393767595291138
5790.1825 0.420586109161377
5790.6677 0.463365197181702
5791.1528 0.506140470504761
5791.6380 0.548911809921265
5792.1232 0.591678857803345
5792.6083 0.640555143356323
5793.0935 0.70695424079895
5793.5787 0.773349642753601
5794.0638 0.839741230010986
5794.5490 0.906128287315369
5795.0341 0.965451121330261
5795.5193 1.0149918794632
5796.0045 1.06452667713165
5796.4896 1.11405551433563
5796.9748 1.16357898712158
5797.4600 1.20923483371735
5797.9451 1.25209391117096
5798.4303 1.29494857788086
5798.9154 1.33779883384705
5799.4006 1.3806449174881
5799.8858 1.41314399242401
5800.3709 1.44204354286194
5800.8561 1.47094082832336
5801.3413 1.49983656406403
5801.8264 1.52873170375824
5802.3116 1.50958740711212
5802.7967 1.48533892631531
5803.2819 1.46108996868134
5803.7671 1.43684148788452
5804.2522 1.41142797470093
5804.7374 1.36962985992432
5805.2226 1.32783055305481
5805.7077 1.2860289812088
5806.1929 1.24422478675842
5806.6780 1.20601522922516
5807.1632 1.17990529537201
5807.6484 1.15379106998444
5808.1335 1.12767231464386
5808.6187 1.10154819488525
5809.1038 1.07907474040985
5809.5890 1.06225681304932
5810.0742 1.04543280601501
5810.5593 1.02860379219055
5811.0445 1.01176929473877
5811.5297 0.984566807746887
5812.0148 0.949086904525757
5812.5000 0.913604497909546
5812.9851 0.878119945526123
5813.4703 0.842634677886963
5813.9555 0.797937989234924
5814.4406 0.749663352966309
5814.9258 0.701390385627747
5815.4110 0.653119444847107
5815.8961 0.604851365089417
5816.3813 0.561964988708496
5816.8664 0.519783020019531
5817.3516 0.477603673934937
5817.8368 0.435427784919739
5818.3219 0.394342541694641
5818.8071 0.374109268188477
5819.2923 0.353878617286682
5819.7774 0.333651065826416
5820.2626 0.313427567481995
5820.7477 0.292553544044495
5821.2329 0.269294500350952
5821.7181 0.24604070186615
5822.2032 0.222792625427246
5822.6884 0.199550628662109
5823.1735 0.18052864074707
5823.6587 0.168365955352783
5824.1439 0.156210064888
5824.6290 0.144060850143433
5825.1142 0.131918668746948
5825.5994 0.116489410400391
5826.0845 0.0983387231826782
5826.5697 0.0801951885223389
5827.0548 0.0620588064193726
5827.5400 0.0439293384552002
5828.0252 0.0338473320007324
5828.5103 0.0269994735717773
5828.9955 0.0201590061187744
5829.4807 0.0133254528045654
5829.9658 0.00649893283843994
5830.4510 0.00346589088439941
5830.9361 0.000952839851379395
5831.4213 -0.00155305862426758
5831.9065 -0.0040518045425415
5832.3916 -0.00625073909759521
5832.8768 -0.00265491008758545
5833.3620 0.000948309898376465
5833.8471 0.00455904006958008
5834.3323 0.00817680358886719
5834.8174 0.0103120803833008
5835.3026 0.00705075263977051
5835.7878 0.00379467010498047
5836.2729 0.000544190406799316
5836.7581 -0.0027012825012207
5837.2433 -0.00383234024047852
5837.7284 -0.00158095359802246
5838.2136 0.00067603588104248
5838.6987 0.00293850898742676
5839.1839 0.00520634651184082
5839.6691 0.00647807121276855
5840.1542 0.00694596767425537
5840.6394 0.00741827487945557
5841.1245 0.00789463520050049
5841.6097 0.00837481021881104
5842.0949 0.0125030279159546
5842.5800 0.0180352926254272
5843.0652 0.0235720872879028
5843.5504 0.0291136503219604
5844.0355 0.034659743309021
5844.5207 0.0339021682739258
5845.0058 0.0323846340179443
5845.4910 0.0308691263198853
5845.9762 0.0293552875518799
5846.4613 0.0282437801361084
5846.9465 0.0331615209579468
5847.4317 0.0380823612213135
5847.9168 0.0430063009262085
5848.4020 0.0479334592819214
5848.8871 0.0523687601089478
5849.3723 0.0551766157150269
5849.8575 0.0579864978790283
5850.3426 0.0607982873916626
5850.8278 0.0636117458343506
5851.3130 0.0638289451599121
5851.7981 0.0602105855941772
5852.2833 0.0565916299819946
5852.7684 0.0529720783233643
5853.2536 0.049351692199707
5853.7388 0.0516363382339478
5854.2239 0.0582842826843262
5854.7091 0.0649346113204956
5855.1942 0.0715869665145874
5855.6794 0.0782417058944702
5856.1646 0.0810388326644897
5856.6497 0.0825297832489014
5857.1349 0.0840210914611816
5857.6201 0.085512638092041
5858.1052 0.0870043039321899
5858.5904 0.0911145210266113
5859.0755 0.0954554080963135
5859.5607 0.0997973680496216
5860.0459 0.104140162467957
5860.5310 0.11023223400116
5861.0162 0.133579134941101
5861.5014 0.156932950019836
5861.9865 0.180293679237366
5862.4717 0.20366096496582
5862.9568 0.239835143089294
5863.4420 0.311498761177063
5863.9272 0.38318407535553
5864.4123 0.454891443252563
5864.8975 0.526620388031006
5865.3827 0.811787366867065
5865.8678 1.37009179592133
5866.3530 1.92856979370117
5866.8381 2.48722052574158
5867.3233 3.04604434967041
5867.8085 4.22088825702667
5868.2936 5.7853285074234
5868.7788 7.35025036334991
5869.2640 8.91565561294556
5869.7491 10.481539607048
5870.2343 11.3907510042191
5870.7194 12.1226027011871
5871.2046 12.8546746969223
5871.6898 13.5869678258896
5872.1749 14.3194822072983
5872.6601 14.4010622501373
5873.1452 14.4570342302322
5873.6304 14.5130194425583
5874.1156 14.5690178871155
5874.6007 14.6011782884598
5875.0859 14.4836918115616
5875.5711 14.3661689758301
5876.0562 14.2486041784287
5876.5414 14.131000161171
5877.0265 13.700102686882
5877.5117 12.5822658538818
5877.9969 11.4640884399414
5878.4820 10.3455724716187
5878.9672 9.22671687602997
5879.4524 7.98211646080017
5879.9375 6.60633039474487
5880.4227 5.23013031482697
5880.9078 3.8535168170929
5881.3930 2.47649025917053
5881.8782 1.78676617145538
5882.3633 1.44152235984802
5882.8485 1.0961754322052
5883.3337 0.75072455406189
5883.8188 0.405170559883118
5884.3040 0.325196146965027
5884.7891 0.294582486152649
5885.2743 0.263959288597107
5885.7595 0.23332667350769
5886.2446 0.202983140945435
5886.7298 0.186676263809204
5887.2149 0.170364260673523
5887.7001 0.154046893119812
5888.1853 0.137724161148071
5888.6704 0.122035384178162
5889.1556 0.10891592502594
5889.6408 0.0957920551300049
5890.1259 0.0826641321182251
5890.6111 0.0695317983627319
5891.0962 0.0600283145904541
5891.5814 0.0565195083618164
5892.0666 0.0530091524124146
5892.5517 0.0494972467422485
5893.0369 0.0459842681884766
5893.5221 0.0418941974639893
5894.0072 0.0373436212539673
5894.4924 0.0327913761138916
5894.9775 0.0282372236251831
5895.4627 0.0236814022064209
5895.9479 0.0146852731704712
5896.4330 0.00408971309661865
5896.9182 -0.00650930404663086
5897.4034 -0.0171117782592773
5897.8885 -0.0277178287506104
5898.3737 -0.0280216932296753
5898.8588 -0.0273721218109131
5899.3440 -0.0267224311828613
5899.8292 -0.0260732173919678
5900.3143 -0.0264278650283813
5900.7995 -0.0362918376922607
5901.2847 -0.0461589097976685
5901.7698 -0.0560293197631836
5902.2550 -0.0659029483795166
5902.7401 -0.0724647045135498
5903.2253 -0.0703390836715698
5903.7105 -0.0682132244110107
5904.1956 -0.066087007522583
5904.6808 -0.0639607906341553
5905.1659 -0.0626790523529053
5905.6511 -0.0624004602432251
5906.1363 -0.0621219873428345
5906.6214 -0.0618437528610229
5907.1066 -0.0615658760070801
5907.5918 -0.0641698837280273
5908.0769 -0.0684041976928711
5908.5621 -0.0726399421691895
5909.0472 -0.0768773555755615
5909.5324 -0.0811163187026978
5910.0176 -0.0781072378158569
5910.5027 -0.0735155344009399
5910.9879 -0.0689229965209961
5911.4731 -0.0643293857574463
5911.9582 -0.0597877502441406
5912.4434 -0.0708842277526855
5912.9285 -0.0819844007492065
5913.4137 -0.0930880308151245
5913.8989 -0.104195237159729
5914.3840 -0.113469243049622
5914.8692 -0.114722728729248
5915.3544 -0.115976929664612
5915.8395 -0.117231726646423
5916.3247 -0.118487358093262
5916.8098 -0.120688199996948
5917.2950 -0.124500870704651
5917.7802 -0.128315091133118
5918.2653 -0.132130742073059
5918.7505 -0.135947823524475
5919.2356 -0.136403322219849
5919.7208 -0.134145617485046
5920.2060 -0.131887793540955
5920.6911 -0.129629492759705
5921.1763 -0.127370834350586
5921.6615 -0.1221764087677
5922.1466 -0.115937232971191
5922.6318 -0.109696626663208
5923.1169 -0.10345447063446
5923.6021 -0.0972110033035278
5924.0873 -0.0870180130004883
5924.5724 -0.0764907598495483
5925.0576 -0.0659607648849487
5925.5428 -0.0554280281066895
5926.0279 -0.0451695919036865
5926.5131 -0.0372035503387451
5926.9982 -0.0292356014251709
5927.4834 -0.0212657451629639
5927.9686 -0.0132938623428345
5928.4537 -0.0084233283996582
5928.9389 -0.0110293626785278
5929.4241 -0.0136367082595825
5929.9092 -0.0162452459335327
5930.3944 -0.0188548564910889
5930.8795 -0.0233778953552246
5931.3647 -0.0299794673919678
5931.8499 -0.0365835428237915
5932.3350 -0.0431896448135376
5932.8202 -0.0497981309890747
5933.3054 -0.0557883977890015
5933.7905 -0.0614691972732544
5934.2757 -0.0671522617340088
5934.7608 -0.072837233543396
5935.2460 -0.078524112701416
5935.7312 -0.0755019187927246
5936.2163 -0.0709773302078247
5936.7015 -0.0664516687393188
5937.1866 -0.0619251728057861
5937.6718 -0.0575737953186035
5938.1570 -0.0574069023132324
5938.6421 -0.05724036693573
5939.1273 -0.0570740699768066
5939.6125 -0.0569080114364624
5940.0976 -0.0584272146224976
5940.5828 -0.0656431913375854
5941.0679 -0.0728613138198853
5941.5531 -0.0800820589065552
5942.0383 -0.087304949760437
5942.5234 -0.0934350490570068
5943.0086 -0.0980331897735596
5943.4938 -0.102633118629456
5943.9789 -0.107234597206116
5944.4641 -0.111837863922119
5944.9492 -0.117899894714355
5945.4344 -0.124913215637207
5945.9196 -0.131929039955139
5946.4047 -0.138947010040283
5946.8899 -0.145967364311218
5947.3751 -0.14312481880188
5947.8602 -0.137733817100525
5948.3454 -0.132341980934143
5948.8305 -0.126948833465576
5949.3157 -0.121554493904114
5949.8009 -0.115980625152588
5950.2860 -0.110402822494507
5950.7712 -0.104823708534241
5951.2564 -0.0992435216903687
5951.7415 -0.0953134298324585
5952.2267 -0.0991833209991455
5952.7118 -0.103054642677307
5953.1970 -0.106927394866943
5953.6822 -0.110801577568054
5954.1673 -0.112512946128845
5954.6525 -0.110465884208679
5955.1376 -0.108418703079224
5955.6228 -0.106371164321899
5956.1080 -0.104323506355286
5956.5931 -0.102507710456848
5957.0783 -0.100876688957214
5957.5635 -0.0992456674575806
5958.0486 -0.0976145267486572
5958.5338 -0.0959831476211548
5959.0189 -0.0946131944656372
5959.5041 -0.0933313369750977
5959.9893 -0.0920493602752686
5960.4744 -0.090767502784729
5960.9596 -0.0894855260848999
5961.4448 -0.0922853946685791
5961.9299 -0.095346212387085
5962.4151 -0.0984082221984863
5962.9002 -0.101471543312073
5963.3854 -0.104639291763306
5963.8706 -0.108485102653503
5964.3557 -0.112332224845886
5964.8409 -0.116180777549744
5965.3261 -0.120030879974365
5965.8112 -0.119875073432922
5966.2964 -0.111419796943665
5966.7815 -0.102962493896484
5967.2667 -0.0945032835006714
5967.7519 -0.0860419273376465
5968.2370 -0.0794144868850708
5968.7222 -0.0744863748550415
5969.2073 -0.0695574283599854
5969.6925 -0.0646274089813232
5970.1777 -0.0596964359283447
5970.6628 -0.0609481334686279
5971.1480 -0.0646903514862061
5971.6332 -0.0684338808059692
5972.1183 -0.072178840637207
5972.6035 -0.0759252309799194
5973.0886 -0.0765254497528076
5973.5738 -0.0768047571182251
5974.0590 -0.0770844221115112
5974.5441 -0.0773645639419556
5975.0293 -0.0778201818466187
5975.5145 -0.0798159837722778
5975.9996 -0.0818130970001221
5976.4848 -0.0838108062744141
5976.9699 -0.0858094692230225
5977.4551 -0.0878798961639404
5977.9403 -0.0901185274124146
5978.4254 -0.0923583507537842
5978.9106 -0.0945988893508911
5979.3958 -0.096840500831604
5979.8809 -0.0978779792785645
5980.3661 -0.0976777076721191
5980.8512 -0.0974777936935425
5981.3364 -0.0972781181335449
5981.8216 -0.0970786809921265
5982.3067 -0.10012948513031
5982.7919 -0.104645490646362
5983.2771 -0.109163165092468
5983.7622 -0.113682389259338
5984.2474 -0.118203163146973
5984.7325 -0.115724086761475
5985.2177 -0.112344622612
5985.7029 -0.108964800834656
5986.1880 -0.105584383010864
5986.6732 -0.10193407535553
5987.1583 -0.0953201055526733
5987.6435 -0.0887045860290527
5988.1287 -0.0820877552032471
5988.6138 -0.0754692554473877
5989.0990 -0.0708721876144409
5989.5842 -0.0714530944824219
5990.0693 -0.0720342397689819
5990.5545 -0.0726161003112793
5991.0396 -0.0731984376907349
5991.5248 -0.0749152898788452
5992.0100 -0.0778671503067017
5992.4951 -0.0808199644088745
5992.9803 -0.0837738513946533
5993.4655 -0.0867289304733276
5993.9506 -0.0868048667907715
5994.4358 -0.08551025390625
5994.9209 -0.0842156410217285
5995.4061 -0.0829211473464966
5995.8913 -0.0816264152526855
5996.3764 -0.0758850574493408
5996.8616 -0.0695164203643799
5997.3468 -0.0631463527679443
5997.8319 -0.0567749738693237
5998.3171 -0.0511933565139771
5998.8022 -0.055219292640686
5999.2874 -0.0592467784881592
5999.7726 -0.0632755756378174
6000.2577 -0.0673056840896606
6000.7429 -0.0687578916549683
6001.2280 -0.0634464025497437
6001.7132 -0.0581338405609131
6002.1984 -0.0528199672698975
6002.6835 -0.0475050210952759
6003.1687 -0.0473861694335938
6003.6539 -0.0529770851135254
6004.1390 -0.0585700273513794
6004.6242 -0.0641646385192871
6005.1093 -0.0697610378265381
6005.5945 -0.0731874704360962
6006.0797 -0.0755809545516968
6006.5648 -0.0779752731323242
6007.0500 -0.0803706645965576
6007.5352 -0.0827668905258179
6008.0203 -0.0846666097640991
6008.5055 -0.086498498916626
6008.9906 -0.0883313417434692
6009.4758 -0.0901647806167603
6009.9610 -0.092079758644104
6010.4461 -0.0949133634567261
6010.9313 -0.0977482795715332
6011.4165 -0.100584149360657
6011.9016 -0.103421330451965
6012.3868 -0.103361248970032
6012.8719 -0.0959594249725342
6013.3571 -0.0885558128356934
6013.8423 -0.0811507701873779
6014.3274 -0.0737440586090088
6014.8126 -0.0684462785720825
6015.2978 -0.0653812885284424
6015.7829 -0.062315821647644
6016.2681 -0.0592498779296875
6016.7532 -0.0561838150024414
6017.2384 -0.0566455125808716
6017.7236 -0.0586996078491211
6018.2087 -0.0607548952102661
6018.6939 -0.0628111362457275
6019.1790 -0.0648684501647949
6019.6642 -0.0595649480819702
6020.1494 -0.053377628326416
6020.6345 -0.0471889972686768
6021.1197 -0.0409995317459106
6021.6049 -0.0363117456436157
6022.0900 -0.0455894470214844
6022.5752 -0.0548702478408813
6023.0603 -0.0641545057296753
6023.5455 -0.073441743850708
6024.0307 -0.0814399719238281
6024.5158 -0.0864524841308594
6025.0010 -0.091467022895813
6025.4862 -0.096483588218689
6025.9713 -0.101502537727356
6026.4565 -0.103020548820496
6026.9416 -0.101133704185486
6027.4268 -0.0992473363876343
6027.9120 -0.0973615646362305
6028.3971 -0.0954763889312744
6028.8823 -0.0985132455825806
6029.3675 -0.103535890579224
6029.8526 -0.108561158180237
6030.3378 -0.113588809967041
6030.8229 -0.118618965148926
6031.3081 -0.121089100837708
6031.7933 -0.123334884643555
6032.2784 -0.125582575798035
6032.7636 -0.127832055091858
6033.2487 -0.129217624664307
6033.7339 -0.124569654464722
6034.2191 -0.119922161102295
6034.7042 -0.115274906158447
6035.1894 -0.110628247261047
6035.6746 -0.105444073677063
6036.1597 -0.0991809368133545
6036.6449 -0.0929182767868042
6037.1300 -0.0866557359695435
6037.6152 -0.0803934335708618
6038.1004 -0.0777758359909058
6038.5855 -0.0782617330551147
6039.0707 -0.0787497758865356
6039.5559 -0.0792398452758789
6040.0410 -0.0797315835952759
6040.5262 -0.0776832103729248
6041.0113 -0.0747807025909424
6041.4965 -0.071879506111145
6041.9817 -0.0689796209335327
6042.4668 -0.0660809278488159
6042.9520 -0.064980149269104
6043.4372 -0.0639621019363403
6043.9223 -0.0629457235336304
6044.4075 -0.0619311332702637
6044.8926 -0.0619210004806519
6045.3778 -0.0669600963592529
6045.8630 -0.0720018148422241
6046.3481 -0.077046275138855
6046.8333 -0.0820930004119873
6047.3185 -0.088371753692627
6047.8036 -0.096699595451355
6048.2888 -0.105030298233032
6048.7739 -0.11336362361908
6049.2591 -0.121699690818787
6049.7443 -0.122905850410461
6050.2294 -0.119059205055237
6050.7146 -0.115212440490723
6051.1997 -0.111365795135498
6051.6849 -0.107518792152405
6052.1701 -0.104406356811523
6052.6552 -0.101482152938843
6053.1404 -0.0985572338104248
6053.6256 -0.09563148021698
6054.1107 -0.0927048921585083
6054.5959 -0.0898704528808594
6055.0810 -0.0870343446731567
6055.5662 -0.0841962099075317
6056.0514 -0.0813556909561157
6056.5365 -0.0800180435180664
6057.0217 -0.0840743780136108
6057.5069 -0.0881283283233643
6057.9920 -0.0921801328659058
6058.4772 -0.0962289571762085
6058.9623 -0.0976235866546631
6059.4475 -0.0955002307891846
6059.9327 -0.0933713912963867
6060.4178 -0.0912365913391113
6060.9030 -0.0890951156616211
6061.3882 -0.0856101512908936
6061.8733 -0.0813730955123901
6062.3585 -0.0771273374557495
6062.8436 -0.0728720426559448
6063.3288 -0.0686066150665283
6063.8140 -0.0735485553741455
6064.2991 -0.0800418853759766
6064.7843 -0.0865275859832764
6065.2694 -0.0930057764053345
6065.7546 -0.0992012023925781
6066.2398 -0.101659536361694
6066.7249 -0.104108691215515
6067.2101 -0.106548547744751
6067.6953 -0.108979463577271
6068.1804 -0.109157085418701
6068.6656 -0.103626012802124
6069.1507 -0.0980826616287231
6069.6359 -0.0925271511077881
6070.1211 -0.0869599580764771
6070.6062 -0.0826650857925415
6071.0914 -0.079660177230835
6071.5766 -0.0766462087631226
6072.0617 -0.0736236572265625
6072.5469 -0.0705933570861816
6073.0320 -0.069275975227356
6073.5172 -0.0686498880386353
6074.0024 -0.0680184364318848
6074.4875 -0.0673822164535522
6074.9727 -0.0667415857315063
6075.4579 -0.0678863525390625
6075.9430 -0.0691694021224976
6076.4282 -0.0704509019851685
6076.9133 -0.0717309713363647
6077.3985 -0.0733555555343628
6077.8837 -0.0770499706268311
6078.3688 -0.0807468891143799
6078.8540 -0.0844470262527466
6079.3392 -0.0881516933441162
6079.8243 -0.0897043943405151
6080.3095 -0.0874122381210327
6080.7946 -0.0851235389709473
6081.2798 -0.0828397274017334
6081.7650 -0.0805617570877075
6082.2501 -0.0773308277130127
6082.7353 -0.0734004974365234
6083.2204 -0.069477915763855
6083.7056 -0.0655645132064819
6084.1908 -0.0616610050201416
6084.6759 -0.0618616342544556
6085.1611 -0.0631437301635742
6085.6463 -0.0644413232803345
6086.1314 -0.0657554864883423
6086.6166 -0.0671566724777222
6087.1017 -0.0748773813247681
6087.5869 -0.0826184749603271
6088.0721 -0.0903803110122681
6088.5572 -0.0981625318527222
6089.0424 -0.102621793746948
6089.5276 -0.0958572626113892
6090.0127 -0.0891091823577881
6090.4979 -0.0823780298233032
6090.9830 -0.0756639242172241
6091.4682 -0.070004940032959
6091.9534 -0.0656419992446899
6092.4385 -0.0612962245941162
6092.9237 -0.0569677352905273
6093.4089 -0.052655816078186
6093.8940 -0.050263524055481
6094.3792 -0.0488362312316895
6094.8643 -0.0474244356155396
6095.3495 -0.0460273027420044
6095.8347 -0.0446443557739258
6096.3198 -0.041120171546936
6096.8050 -0.0373343229293823
6097.2901 -0.0335605144500732
6097.7753 -0.029798150062561
6098.2605 -0.0271624326705933
6098.7456 -0.033832311630249
6099.2308 -0.0405091047286987
6099.7160 -0.0471916198730469
6100.2011 -0.0538785457611084
6100.6863 -0.0580176115036011
6101.1714 -0.0569306612014771
6101.6566 -0.0558462142944336
6102.1418 -0.0547634363174438
6102.6269 -0.0536812543869019
6103.1121 -0.0528112649917603
6103.5973 -0.0521148443222046
6104.0824 -0.0514167547225952
6104.5676 -0.0507162809371948
6105.0527 -0.0500129461288452
6105.5379 -0.0466971397399902
6106.0231 -0.0426017045974731
6106.5082 -0.0385017395019531
6106.9934 -0.034396767616272
6107.4786 -0.0302863121032715
6107.9637 -0.0286732912063599
6108.4489 -0.0270711183547974
6108.9340 -0.0254620313644409
6109.4192 -0.0238455533981323
6109.9044 -0.0244035720825195
6110.3895 -0.0328869819641113
6110.8747 -0.0413624048233032
6111.3599 -0.0498297214508057
6111.8450 -0.0582892894744873
6112.3302 -0.060621976852417
6112.8153 -0.0551238059997559
6113.3005 -0.0496187210083008
6113.7857 -0.0441067218780518
6114.2708 -0.0385878086090088
6114.7560 -0.0353007316589355
6115.2411 -0.0331469774246216
6115.7263 -0.0309867858886719
6116.2115 -0.028820276260376
6116.6966 -0.0266478061676025
6117.1818 -0.0319420099258423
6117.6670 -0.0381855964660645
6118.1521 -0.0444241762161255
6118.6373 -0.0506578683853149
6119.1224 -0.0558202266693115
6119.6076 -0.0524710416793823
6120.0928 -0.0491160154342651
6120.5779 -0.0457546710968018
6121.0631 -0.0423871278762817
6121.5483 -0.0376698970794678
6122.0334 -0.0302983522415161
6122.5186 -0.0229188203811646
6123.0037 -0.0155311822891235
6123.4889 -0.00813472270965576
6123.9741 -0.00625705718994141
6124.4592 -0.00867462158203125
6124.9444 -0.0110844373703003
6125.4296 -0.0134857892990112
6125.9147 -0.0158790349960327
6126.3999 -0.0203806161880493
6126.8850 -0.0254424810409546
6127.3702 -0.0304965972900391
6127.8554 -0.0355430841445923
6128.3405 -0.0404123067855835
6128.8257 -0.0342049598693848
6129.3109 -0.0279868841171265
6129.7960 -0.0217581987380981
6130.2812 -0.0155191421508789
6130.7663 -0.0117044448852539
6131.2515 -0.0154958963394165
6131.7367 -0.0192821025848389
6132.2218 -0.0230633020401001
6132.7070 -0.0268397331237793
6133.1921 -0.0275048017501831
6133.6773 -0.0246590375900269
6134.1625 -0.0218071937561035
6134.6476 -0.0189496278762817
6135.1328 -0.0160864591598511
6135.6180 -0.0193769931793213
6136.1031 -0.0253294706344604
6136.5883 -0.0312811136245728
6137.0734 -0.0372321605682373
6137.5586 -0.0431828498840332
6138.0438 -0.0462907552719116
6138.5289 -0.0491722822189331
6139.0141 -0.0520526170730591
6139.4993 -0.054931640625
6139.9844 -0.0577101707458496
6140.4696 -0.0599497556686401
6140.9547 -0.0621881484985352
6141.4399 -0.0644252300262451
6141.9251 -0.0666614770889282
6142.4102 -0.0631016492843628
6142.8954 -0.0503027439117432
6143.3806 -0.0374958515167236
6143.8657 -0.0246809720993042
6144.3509 -0.0118584632873535
6144.8360 -0.00477135181427002
6145.3212 -0.00126373767852783
6145.8064 0.00224661827087402
6146.2915 0.00576019287109375
6146.7767 0.00927722454071045
6147.2618 0.00484633445739746
6147.7470 -0.00102746486663818
6148.2322 -0.00690221786499023
6148.7173 -0.01277756690979
6149.2025 -0.0187760591506958
6149.6877 -0.0262256860733032
6150.1728 -0.0336781740188599
6150.6580 -0.041134238243103
6151.1431 -0.0485942363739014
6151.6283 -0.0547299385070801
6152.1135 -0.0579004287719727
6152.5986 -0.06107497215271
6153.0838 -0.0642544031143188
6153.5690 -0.067439079284668
6154.0541 -0.0652788877487183
6154.5393 -0.0585906505584717
6155.0244 -0.051903247833252
6155.5096 -0.0452170372009277
6155.9948 -0.0385324954986572
6156.4799 -0.0378546714782715
6156.9651 -0.0389338731765747
6157.4503 -0.0400198698043823
6157.9354 -0.0411132574081421
6158.4206 -0.0422065258026123
6158.9057 -0.0422277450561523
6159.3909 -0.0422580242156982
6159.8761 -0.0422987937927246
6160.3612 -0.0423506498336792
6160.8464 -0.0431691408157349
6161.3316 -0.0463756322860718
6161.8167 -0.0495967864990234
6162.3019 -0.0528333187103271
6162.7870 -0.0560849905014038
6163.2722 -0.0570063591003418
6163.7574 -0.0553526878356934
6164.2425 -0.0537123680114746
6164.7277 -0.0520848035812378
6165.2128 -0.0504697561264038
6165.6980 -0.0487983226776123
6166.1832 -0.0471105575561523
6166.6683 -0.0454336404800415
6167.1535 -0.0437668561935425
6167.6387 -0.0421096086502075
6168.1238 -0.0389420986175537
6168.6090 -0.0356944799423218
6169.0941 -0.032454252243042
6169.5793 -0.0292204618453979
6170.0645 -0.0263983011245728
6170.5496 -0.0254178047180176
6171.0348 -0.0244418382644653
6171.5200 -0.0234696865081787
6172.0051 -0.0225006341934204
6172.4903 -0.0221409797668457
6172.9754 -0.0226312875747681
6173.4606 -0.0231221914291382
6173.9458 -0.0236128568649292
6174.4309 -0.0241019725799561
6174.9161 -0.0246462821960449
6175.4013 -0.0252178907394409
6175.8864 -0.0257850885391235
6176.3716 -0.0263475179672241
6176.8567 -0.0269043445587158
6177.3419 -0.0337234735488892
6177.8271 -0.0413018465042114
6178.3122 -0.0488739013671875
6178.7974 -0.0564395189285278
6179.2825 -0.0621923208236694
6179.7677 -0.0557420253753662
6180.2529 -0.0492814779281616
6180.7380 -0.0428100824356079
6181.2232 -0.0363273620605469
6181.7084 -0.0347213745117188
6182.1935 -0.0415277481079102
6182.6787 -0.0483253002166748
6183.1638 -0.0551141500473022
6183.6490 -0.0618942975997925
6184.1342 -0.0629016160964966
6184.6193 -0.0601505041122437
6185.1045 -0.0573874711990356
6185.5897 -0.0546126365661621
6186.0748 -0.0518255233764648
6186.5600 -0.0591146945953369
6187.0451 -0.0682424306869507
6187.5303 -0.0773642063140869
6188.0155 -0.0864801406860352
6188.5006 -0.0940400362014771
6188.9858 -0.084924578666687
6189.4710 -0.07579505443573
6189.9561 -0.0666515827178955
6190.4413 -0.0574939250946045
6190.9264 -0.0527346134185791
6191.4116 -0.0571117401123047
6191.8968 -0.0614826679229736
6192.3819 -0.0658471584320068
6192.8671 -0.0702058076858521
6193.3523 -0.0695047378540039
6193.8374 -0.0649226903915405
6194.3226 -0.0603295564651489
6194.8077 -0.0557254552841187
6195.2929 -0.0511102676391602
6195.7781 -0.0424902439117432
6196.2632 -0.0329046249389648
6196.7484 -0.0233044624328613
6197.2335 -0.0136895179748535
6197.7187 -0.00481629371643066
6198.2039 -0.0104714632034302
6198.6890 -0.0161234140396118
6199.1742 -0.0217722654342651
6199.6594 -0.0274186134338379
6200.1445 -0.0316163301467896
6200.6297 -0.0322991609573364
6201.1148 -0.0329769849777222
6201.6000 -0.0336500406265259
6202.0852 -0.0343191623687744
6202.5703 -0.0364433526992798
6203.0555 -0.0398356914520264
6203.5407 -0.0432279109954834
6204.0258 -0.0466209650039673
6204.5110 -0.0500150918960571
6204.9961 -0.0457363128662109
6205.4813 -0.0392634868621826
6205.9665 -0.0327842235565186
6206.4516 -0.0262988805770874
6206.9368 -0.0200344324111938
6207.4220 -0.0238668918609619
6207.9071 -0.0277023315429688
6208.3923 -0.0315403938293457
6208.8774 -0.0353809595108032
6209.3626 -0.0377860069274902
6209.8478 -0.0362317562103271
6210.3329 -0.0346745252609253
6210.8181 -0.0331140756607056
6211.3032 -0.0315501689910889
6211.7884 -0.0298254489898682
6212.2736 -0.0279467105865479
6212.7587 -0.0260626077651978
6213.2439 -0.0241726636886597
6213.7291 -0.0222762823104858
6214.2142 -0.02837073802948
6214.6994 -0.0370360612869263
6215.1845 -0.0457034111022949
6215.6697 -0.0543726682662964
6216.1549 -0.0630208253860474
6216.6400 -0.0635532140731812
6217.1252 -0.0640791654586792
6217.6104 -0.0645984411239624
6218.0955 -0.0651119947433472
6218.5807 -0.0645827054977417
6219.0658 -0.0609232187271118
6219.5510 -0.0572546720504761
6220.0362 -0.0535773038864136
6220.5213 -0.0498921871185303
6221.0065 -0.0474976301193237
6221.4917 -0.0464156866073608
6221.9768 -0.045331597328186
6222.4620 -0.0442459583282471
6222.9471 -0.0431593656539917
6223.4323 -0.0407545566558838
6223.9175 -0.0378947257995605
6224.4026 -0.0350347757339478
6224.8878 -0.0321753025054932
6225.3730 -0.0293171405792236
6225.8581 -0.0339924097061157
6226.3433 -0.038740873336792
6226.8284 -0.0435012578964233
6227.3136 -0.0482745170593262
6227.7988 -0.0511676073074341
6228.2839 -0.0480860471725464
6228.7691 -0.0450114011764526
6229.2542 -0.0419448614120483
6229.7394 -0.0388867855072021
6230.2246 -0.0390692949295044
6230.7097 -0.0426362752914429
6231.1949 -0.0462201833724976
6231.6801 -0.0498214960098267
6232.1652 -0.0534403324127197
6232.6504 -0.0501437187194824
6233.1355 -0.0444105863571167
6233.6207 -0.0386881828308105
6234.1059 -0.0329769849777222
6234.5910 -0.0272772312164307
6235.0762 -0.00812721252441406
6235.5614 0.0111674070358276
6236.0465 0.0304595232009888
6236.5317 0.0497488975524902
6237.0168 0.0629743337631226
6237.5020 0.0569789409637451
6237.9872 0.0509642362594604
6238.4723 0.0449305772781372
6238.9575 0.0388787984848022
6239.4427 0.0372345447540283
6239.9278 0.0401639938354492
6240.4130 0.0430804491043091
6240.8981 0.0459833145141602
6241.3833 0.0488728284835815
6241.8685 0.0438841581344604
6242.3536 0.0361536741256714
6242.8388 0.0284055471420288
6243.3239 0.02064049243927
6243.8091 0.0128593444824219
6244.2943 0.0131746530532837
6244.7794 0.0135195255279541
6245.2646 0.0138529539108276
6245.7498 0.0141757726669312
6246.2349 0.0127731561660767
6246.7201 0.0061485767364502
6247.2052 -0.000486254692077637
6247.6904 -0.00713038444519043
6248.1756 -0.01378333568573
6248.6607 -0.0187983512878418
6249.1459 -0.0221803188323975
6249.6311 -0.0255697965621948
6250.1162 -0.0289667844772339
6250.6014 -0.0323712825775146
6251.0865 -0.0314037799835205
6251.5717 -0.0290185213088989
6252.0569 -0.0266393423080444
6252.5420 -0.0242660045623779
6253.0272 -0.0218551158905029
6253.5124 -0.0146875381469727
6253.9975 -0.00752377510070801
6254.4827 -0.000363707542419434
6254.9678 0.00679349899291992
6255.4530 0.0114859342575073
6255.9382 0.00930297374725342
6256.4233 0.0071176290512085
6256.9085 0.00493061542510986
6257.3937 0.00274229049682617
6257.8788 0.00272727012634277
6258.3640 0.00472652912139893
6258.8491 0.00672638416290283
6259.3343 0.0087275505065918
6259.8195 0.0107301473617554
6260.3046 0.0133651494979858
6260.7898 0.0161856412887573
6261.2749 0.019008994102478
6261.7601 0.0218356847763062
6262.2453 0.0244911909103394
6262.7304 0.0217553377151489
6263.2156 0.0190228223800659
6263.7008 0.0162936449050903
6264.1859 0.0135682821273804
6264.6711 0.011736273765564
6265.1562 0.012104868888855
6265.6414 0.0124778747558594
6266.1266 0.0128555297851563
6266.6117 0.0132379531860352
6267.0969 0.00965249538421631
6267.5821 0.00276398658752441
6268.0672 -0.00412142276763916
6268.5524 -0.0110037326812744
6269.0375 -0.0178829431533813
6269.5227 -0.0231138467788696
6270.0079 -0.0279396772384644
6270.4930 -0.0327621698379517
6270.9782 -0.0375816822052002
6271.4634 -0.0419557094573975
6271.9485 -0.0396542549133301
6272.4337 -0.0373479127883911
6272.9188 -0.0350371599197388
6273.4040 -0.0327217578887939
6273.8892 -0.0275471210479736
6274.3743 -0.016334056854248
6274.8595 -0.00511360168457031
6275.3446 0.00611364841461182
6275.8298 0.017348051071167
6276.3150 0.014258861541748
6276.8001 0.000825762748718262
6277.2853 -0.0126088857650757
6277.7705 -0.0260453224182129
6278.2556 -0.0394836664199829
6278.7408 -0.0418682098388672
6279.2259 -0.0421583652496338
6279.7111 -0.0424462556838989
6280.1963 -0.0427323579788208
6280.6814 -0.0433675050735474
6281.1666 -0.0471107959747314
6281.6518 -0.0508537292480469
6282.1369 -0.0545966625213623
6282.6221 -0.0583397150039673
6283.1072 -0.0573519468307495
6283.5924 -0.0480450391769409
6284.0776 -0.0387336015701294
6284.5627 -0.0294175148010254
6285.0479 -0.0200971364974976
6285.5331 -0.0148876905441284
6286.0182 -0.0121530294418335
6286.5034 -0.00941705703735352
6286.9885 -0.00667977333068848
6287.4737 -0.00394153594970703
6287.9589 -0.00940799713134766
6288.4440 -0.0159282684326172
6288.9292 -0.0224515199661255
6289.4144 -0.0289781093597412
6289.8995 -0.0305706262588501
6290.3847 -0.00400197505950928
6290.8698 0.0225759744644165
6291.3550 0.0491632223129272
6291.8402 0.0757595300674438
6292.3253 0.116154313087463
6292.8105 0.176210403442383
6293.2956 0.236287713050842
6293.7808 0.296386003494263
6294.2660 0.356504678726196
6294.7511 0.402228832244873
6295.2363 0.441065073013306
6295.7215 0.479911804199219
6296.2066 0.518769025802612
6296.6918 0.557635903358459
6297.1769 0.578087210655212
6297.6621 0.597376108169556
6298.1473 0.616666197776794
6298.6324 0.635956883430481
6299.1176 0.651736617088318
6299.6028 0.653929114341736
6300.0879 0.656115412712097
6300.5731 0.658295392990112
6301.0582 0.660468220710754
6301.5434 0.658588767051697
6302.0286 0.65215277671814
6302.5137 0.645706534385681
6302.9989 0.639249563217163
6303.4841 0.632781982421875
6303.9692 0.647157669067383
6304.4544 0.668980836868286
6304.9395 0.690799117088318
6305.4247 0.712612152099609
6305.9099 0.734452366828918
6306.3950 0.766750693321228
6306.8802 0.799043655395508
6307.3653 0.831330418586731
6307.8505 0.86361026763916
6308.3357 0.889736294746399
6308.8208 0.899247169494629
6309.3060 0.908745646476746
6309.7912 0.91823148727417
6310.2763 0.927703857421875
6310.7615 0.926162362098694
6311.2466 0.915146231651306
6311.7318 0.904114603996277
6312.2170 0.893067955970764
6312.7021 0.882006287574768
6313.1873 0.842486977577209
6313.6725 0.796094536781311
6314.1576 0.749688267707825
6314.6428 0.703269124031067
6315.1279 0.653973340988159
6315.6131 0.568981170654297
6316.0983 0.483981609344482
6316.5834 0.39897632598877
6317.0686 0.313967108726501
6317.5538 0.24375581741333
6318.0389 0.201835155487061
6318.5241 0.159911036491394
6319.0092 0.117983937263489
6319.4944 0.076054573059082
6319.9796 0.0552853345870972
6320.4647 0.0478658676147461
6320.9499 0.040440559387207
6321.4351 0.0330092906951904
6321.9202 0.0255722999572754
6322.4054 0.0238476991653442
6322.8905 0.0228714942932129
6323.3757 0.021888256072998
6323.8609 0.0208979845046997
6324.3460 0.0192700624465942
6324.8312 0.0141714811325073
6325.3163 0.00906705856323242
6325.8015 0.00395727157592773
6326.2867 -0.00115764141082764
6326.7718 -0.00379681587219238
6327.2570 -0.00309014320373535
6327.7422 -0.00238883495330811
6328.2273 -0.00169289112091064
6328.7125 -0.00100183486938477
6329.1976 -0.000649929046630859
6329.6828 -0.000447630882263184
6330.1680 -0.000249147415161133
6330.6531 -5.40018081665039E-05
6331.1383 0.000137925148010254
6331.6235 0.00191628932952881
6332.1086 0.00374186038970947
6332.5938 0.00556468963623047
6333.0789 0.00738465785980225
6333.5641 0.008567214012146
6334.0493 0.00776112079620361
6334.5344 0.00695371627807617
6335.0196 0.00614511966705322
6335.5048 0.00533545017242432
6335.9899 0.00446009635925293
6336.4751 0.00352299213409424
6336.9602 0.00258505344390869
6337.4454 0.00164604187011719
6337.9306 0.00070655345916748
6338.4157 0.00166404247283936
6338.9009 0.00312578678131104
6339.3861 0.00458657741546631
6339.8712 0.00604665279388428
6340.3564 0.00808584690093994
6340.8415 0.0185695886611938
6341.3267 0.0290513038635254
6341.8119 0.0395318269729614
6342.2970 0.050012469291687
6342.7822 0.0558606386184692
6343.2673 0.0526884794235229
6343.7525 0.049525260925293
6344.2377 0.0463724136352539
6344.7228 0.0432318449020386
6345.2080 0.0456541776657104
6345.6932 0.0515674352645874
6346.1783 0.0574966669082642
6346.6635 0.0634434223175049
6347.1486 0.0694090127944946
6347.6338 0.063800573348999
6348.1190 0.0567927360534668
6348.6041 0.0498040914535522
6349.0893 0.0428330898284912
6349.5745 0.0363609790802002
6350.0596 0.032301664352417
6350.5448 0.0282554626464844
6351.0299 0.0242208242416382
6351.5151 0.0201970338821411
6352.0003 0.0210443735122681
6352.4854 0.027970552444458
6352.9706 0.0349055528640747
6353.4558 0.0418487787246704
6353.9409 0.0487995147705078
6354.4261 0.049992561340332
6354.9112 0.0489766597747803
6355.3964 0.0479650497436523
6355.8816 0.04695725440979
6356.3667 0.0459638833999634
6356.8519 0.0594841241836548
6357.3370 0.0730085372924805
6357.8222 0.0865367650985718
6358.3074 0.100067973136902
6358.7925 0.11409604549408
6359.2777 0.129400610923767
6359.7629 0.14470636844635
6360.2480 0.16001296043396
6360.7332 0.175319790840149
6361.2183 0.19675886631012
6361.7035 0.223037242889404
6362.1887 0.249316573143005
6362.6738 0.275596618652344
6363.1590 0.30187714099884
6363.6442 0.290193438529968
6364.1293 0.271211504936218
6364.6145 0.252222537994385
6365.0996 0.233226656913757
6365.5848 0.214720129966736
6366.0700 0.19986891746521
6366.5551 0.185012459754944
6367.0403 0.170150995254517
6367.5255 0.155285716056824
6368.0106 0.142927646636963
6368.4958 0.134328722953796
6368.9809 0.125729918479919
6369.4661 0.117132306098938
6369.9513 0.108537554740906
6370.4364 0.0998314619064331
6370.9216 0.0910764932632446
6371.4068 0.0823268890380859
6371.8919 0.0735827684402466
6372.3771 0.0648437738418579
6372.8622 0.0650317668914795
6373.3474 0.0655587911605835
6373.8326 0.0660907030105591
6374.3177 0.0666266679763794
6374.8029 0.066709041595459
6375.2880 0.0653986930847168
6375.7732 0.0640904903411865
6376.2584 0.0627840757369995
6376.7435 0.0614796876907349
6377.2287 0.0581152439117432
6377.7139 0.0529215335845947
6378.1990 0.0477280616760254
6378.6842 0.0425349473953247
6379.1693 0.0373420715332031
6379.6545 0.0377272367477417
6380.1397 0.0393933057785034
6380.6248 0.0410614013671875
6381.1100 0.0427316427230835
6381.5952 0.0443729162216187
6382.0803 0.0457279682159424
6382.5655 0.047085165977478
6383.0506 0.0484451055526733
6383.5358 0.0498077869415283
6384.0210 0.0509805679321289
6384.5061 0.0518448352813721
6384.9913 0.0527123212814331
6385.4765 0.0535823106765747
6385.9616 0.0544551610946655
6386.4468 0.0521814823150635
6386.9319 0.0483430624008179
6387.4171 0.0445059537887573
6387.9023 0.0406700372695923
6388.3874 0.0368351936340332
6388.8726 0.0398160219192505
6389.3577 0.0431293249130249
6389.8429 0.0464452505111694
6390.3281 0.0497632026672363
6390.8132 0.0519983768463135
6391.2984 0.050804615020752
6391.7836 0.0496104955673218
6392.2687 0.0484155416488647
6392.7539 0.0472198724746704
6393.2390 0.0427640676498413
6393.7242 0.0353833436965942
6394.2094 0.0279992818832397
6394.6945 0.020612359046936
6395.1797 0.0132222175598145
6395.6649 0.0169633626937866
6396.1500 0.0232360363006592
6396.6352 0.0295107364654541
6397.1203 0.03578782081604
6397.6055 0.0413618087768555
6398.0907 0.0407871007919312
6398.5758 0.0402134656906128
6399.0610 0.0396413803100586
6399.5462 0.0390713214874268
6400.0313 0.0404338836669922
6400.5165 0.0447993278503418
6401.0016 0.0491701364517212
6401.4868 0.0535467863082886
6401.9720 0.0579296350479126
6402.4571 0.0621702671051025
6402.9423 0.0663478374481201
6403.4275 0.0705329179763794
6403.9126 0.0747253894805908
6404.3978 0.0789257287979126
6404.8829 0.0795444250106812
6405.3681 0.0800603628158569
6405.8533 0.0805826187133789
6406.3384 0.081110954284668
6406.8236 0.0780012607574463
6407.3087 0.0645666122436523
6407.7939 0.0511294603347778
6408.2791 0.0376894474029541
6408.7642 0.0242453813552856
6409.2494 0.0210717916488647
6409.7346 0.0262507200241089
6410.2197 0.03143310546875
6410.7049 0.0366182327270508
6411.1900 0.0418055057525635
6411.6752 0.046536922454834
6412.1604 0.0511835813522339
6412.6455 0.0558302402496338
6413.1307 0.0604763031005859
6413.6159 0.063819408416748
6414.1010 0.0588183403015137
6414.5862 0.0538113117218018
6415.0713 0.0487982034683228
6415.5565 0.0437793731689453
6416.0417 0.0387365818023682
6416.5268 0.0336641073226929
6417.0120 0.0285860300064087
6417.4972 0.0235030651092529
6417.9823 0.0184144973754883
6418.4675 0.0206260681152344
6418.9526 0.0256689786911011
6419.4378 0.0307109355926514
6419.9230 0.0357519388198853
6420.4081 0.0407718420028687
6420.8933 0.0443934202194214
6421.3784 0.0480133295059204
6421.8636 0.0516316890716553
6422.3488 0.0552482604980469
6422.8339 0.0553113222122192
6423.3191 0.0474017858505249
6423.8043 0.0394859313964844
6424.2894 0.0315639972686768
6424.7746 0.0236363410949707
6425.2597 0.0201312303543091
6425.7449 0.0195381641387939
6426.2301 0.0189424753189087
6426.7152 0.0183442831039429
6427.2004 0.0177438259124756
6427.6856 0.015711784362793
6428.1707 0.0135149955749512
6428.6559 0.0113157033920288
6429.1410 0.00911438465118408
6429.6262 0.00775372982025146
6430.1114 0.00989127159118652
6430.5965 0.0120292901992798
6431.0817 0.0141685009002686
6431.5669 0.0163092613220215
6432.0520 0.0209352970123291
6432.5372 0.0281442403793335
6433.0223 0.0353586673736572
6433.5075 0.0425786972045898
6433.9927 0.0498048067092896
6434.4778 0.047168493270874
6434.9630 0.0418698787689209
6435.4482 0.0365732908248901
6435.9333 0.0312784910202026
6436.4185 0.0265299081802368
6436.9036 0.0276491641998291
6437.3888 0.0287737846374512
6437.8740 0.0299042463302612
6438.3591 0.0310406684875488
6438.8443 0.0285606384277344
6439.3294 0.0202463865280151
6439.8146 0.0119333267211914
6440.2998 0.00362086296081543
6440.7849 -0.004691481590271
6441.2701 -0.00467002391815186
6441.7553 -0.000749468803405762
6442.2404 0.00317704677581787
6442.7256 0.00710856914520264
6443.2107 0.011044979095459
6443.6959 0.00734913349151611
6444.1811 0.00350236892700195
6444.6662 -0.000345230102539063
6445.1514 -0.00419414043426514
6445.6366 -0.0027848482131958
6446.1217 0.0121288299560547
6446.6069 0.0270504951477051
6447.0920 0.0419794321060181
6447.5772 0.0569149255752563
6448.0624 0.0557399988174438
6448.5475 0.04291832447052
6449.0327 0.0300849676132202
6449.5179 0.0172395706176758
6450.0030 0.00438189506530762
6450.4882 0.00432515144348145
6450.9733 0.00598549842834473
6451.4585 0.00764012336730957
6451.9437 0.00928795337677002
6452.4288 0.0124889612197876
6452.9140 0.0226559638977051
6453.3991 0.0328195095062256
6453.8843 0.0429791212081909
6454.3695 0.0531347990036011
6454.8546 0.0625919103622437
6455.3398 0.0713061094284058
6455.8250 0.0800149440765381
6456.3101 0.0887176990509033
6456.7953 0.0974143743515015
6457.2804 0.104297161102295
6457.7656 0.110684394836426
6458.2508 0.117064476013184
6458.7359 0.123437166213989
6459.2211 0.129728436470032
6459.7063 0.135265588760376
6460.1914 0.140795350074768
6460.6766 0.146317481994629
6461.1617 0.151832342147827
6461.6469 0.152582287788391
6462.1321 0.146002650260925
6462.6172 0.139413595199585
6463.1024 0.132815361022949
6463.5876 0.126208186149597
6464.0727 0.118011474609375
6464.5579 0.109122395515442
6465.0430 0.100225210189819
6465.5282 0.0913200378417969
6466.0134 0.0824114084243774
6466.4985 0.0748924016952515
6466.9837 0.0673666000366211
6467.4689 0.0598347187042236
6467.9540 0.0522967576980591
6468.4392 0.0481963157653809
6468.9243 0.0518242120742798
6469.4095 0.055448055267334
6469.8947 0.0590676069259644
6470.3798 0.0626834630966187
6470.8650 0.0579646825790405
6471.3501 0.0480031967163086
6471.8353 0.0380375385284424
6472.3205 0.0280681848526001
6472.8056 0.0180952548980713
6473.2908 0.0216078758239746
6473.7760 0.0262851715087891
6474.2611 0.0309603214263916
6474.7463 0.0356329679489136
6475.2314 0.0410374402999878
6475.7166 0.0489351749420166
6476.2018 0.0568310022354126
6476.6869 0.0647249221801758
6477.1721 0.0726172924041748
6477.6573 0.0792795419692993
6478.1424 0.0848718881607056
6478.6276 0.0904625654220581
6479.1127 0.0960521697998047
6479.5979 0.101640462875366
6480.0831 0.0936183929443359
6480.5682 0.0830590724945068
6481.0534 0.0724990367889404
6481.5386 0.0619381666183472
6482.0237 0.0542969703674316
6482.5089 0.0630018711090088
6482.9940 0.0717064142227173
6483.4792 0.0804102420806885
6483.9644 0.0891135931015015
6484.4495 0.0949722528457642
6484.9347 0.0975021123886108
6485.4198 0.100031733512878
6485.9050 0.102560997009277
6486.3902 0.105090022087097
6486.8753 0.106349587440491
6487.3605 0.107231020927429
6487.8457 0.108112335205078
6488.3308 0.108993411064148
6488.8160 0.108909249305725
6489.3011 0.0978556871414185
6489.7863 0.0868022441864014
6490.2715 0.0757489204406738
6490.7566 0.0646955966949463
6491.2418 0.0594875812530518
6491.7270 0.0633535385131836
6492.2121 0.067219614982605
6492.6973 0.0710855722427368
6493.1824 0.0749517679214478
6493.6676 0.0810369253158569
6494.1528 0.0880584716796875
6494.6379 0.0950801372528076
6495.1231 0.102101922035217
6495.6083 0.109272003173828
6496.0934 0.12598705291748
6496.5786 0.142702221870422
6497.0637 0.159417510032654
6497.5489 0.176133155822754
6498.0341 0.188984155654907
6498.5192 0.193913102149963
6499.0044 0.198842167854309
6499.4896 0.203771233558655
6499.9747 0.208700656890869
6500.4599 0.201219916343689
6500.9450 0.186789751052856
6501.4302 0.172359704971313
6501.9154 0.157929420471191
6502.4005 0.14349901676178
6502.8857 0.146799087524414
6503.3708 0.150939464569092
6503.8560 0.155079960823059
6504.3412 0.159220695495605
6504.8263 0.163035750389099
6505.3115 0.165966391563416
6505.7967 0.168897151947021
6506.2818 0.171827912330627
6506.7670 0.174758672714233
6507.2521 0.180475234985352
6507.7373 0.188177466392517
6508.2225 0.195879697799683
6508.7076 0.203581690788269
6509.1928 0.211284041404724
6509.6780 0.220192074775696
6510.1631 0.229234933853149
6510.6483 0.238278031349182
6511.1334 0.247321128845215
6511.6186 0.253006458282471
6512.1038 0.246452689170837
6512.5889 0.239898443222046
6513.0741 0.233344078063965
6513.5593 0.226789593696594
6514.0444 0.224707126617432
6514.5296 0.226561903953552
6515.0147 0.228416442871094
6515.4999 0.230270743370056
6515.9851 0.232124924659729
6516.4702 0.241624593734741
6516.9554 0.252484321594238
6517.4406 0.263344287872314
6517.9257 0.274203896522522
6518.4109 0.284676790237427
6518.8960 0.293214201927185
6519.3812 0.301751852035522
6519.8664 0.310289144515991
6520.3515 0.31882631778717
6520.8367 0.333478212356567
6521.3218 0.354626655578613
6521.8070 0.375775098800659
6522.2922 0.396923780441284
6522.7773 0.418072462081909
6523.2625 0.432087540626526
6523.7477 0.4443598985672
6524.2328 0.456632375717163
6524.7180 0.468904733657837
6525.2031 0.485033512115479
6525.6883 0.528642177581787
6526.1735 0.572251319885254
6526.6586 0.615860939025879
6527.1438 0.659470915794373
6527.6290 0.702746152877808
6528.1141 0.745600461959839
6528.5993 0.788455128669739
6529.0844 0.831310153007507
6529.5696 0.874165654182434
6530.0548 0.904953002929688
6530.5399 0.932003378868103
6531.0251 0.959053516387939
6531.5103 0.986103892326355
6531.9954 1.01270520687103
6532.4806 1.03444361686707
6532.9657 1.05618178844452
6533.4509 1.07792019844055
6533.9361 1.09965860843658
6534.4212 1.14586436748505
6534.9064 1.22782492637634
6535.3915 1.30978667736053
6535.8767 1.39174914360046
6536.3619 1.473712682724
6536.8470 1.70340430736542
6537.3322 1.98815190792084
6537.8174 2.27290344238281
6538.3025 2.55765891075134
6538.7877 2.86039745807648
6539.2728 3.49558293819427
6539.7580 4.13077664375305
6540.2432 4.7659797668457
6540.7283 5.40119171142578
6541.2135 6.05004131793976
6541.6987 6.72164785861969
6542.1838 7.39326322078705
6542.6690 8.06488788127899
6543.1541 8.7365208864212
6543.6393 9.25255882740021
6544.1245 9.70147216320038
6544.6096 10.1503928899765
6545.0948 10.5993181467056
6545.5800 11.0424726009369
6546.0651 11.2415165901184
6546.5503 11.4405632019043
6547.0354 11.6396116018295
6547.5206 11.8386625051498
6548.0058 12.1460382938385
6548.4909 12.6561907529831
6548.9761 13.16634953022
6549.4613 13.6765158176422
6549.9464 14.186688542366
6550.4316 16.5292069911957
6550.9167 19.7586394548416
6551.4019 22.9881174564362
6551.8871 26.2176352739334
6552.3722 29.4476945400238
6552.8574 39.8499052524567
6553.3425 50.2522567510605
6553.8277 60.6547454595566
6554.3129 71.0573711395264
6554.7980 83.8672385215759
6555.2832 101.634487867355
6555.7684 119.401973485947
6556.2535 137.169687747955
6556.7387 154.937638282776
6557.2238 168.780631303787
6557.7090 180.549268126488
6558.1942 192.318026661873
6558.6793 204.086952924728
6559.1645 215.856031417847
6559.6497 220.430514454842
6560.1348 224.87442779541
6560.6200 229.318386673927
6561.1051 233.762391090393
6561.5903 234.986226201057
6562.0755 229.065041542053
6562.5606 223.143780469894
6563.0458 217.222412228584
6563.5310 211.300998091698
6564.0161 200.460867285728
6564.5013 186.850991368294
6564.9864 173.240916848183
6565.4716 159.630689501762
6565.9568 146.020263552666
6566.4419 130.525590658188
6566.9271 114.971263170242
6567.4122 99.4167448282242
6567.8974 83.8620355129242
6568.3826 69.550711274147
6568.8677 58.1457931995392
6569.3529 46.7407414913177
6569.8381 35.3355482816696
6570.3232 23.9302214384079
6570.8084 17.9243026971817
6571.2935 15.0833827257156
6571.7787 12.2424291372299
6572.2639 9.40144097805023
6572.7490 6.56041777133942
6573.2342 7.2904212474823
6573.7194 8.16215717792511
6574.2045 9.03390336036682
6574.6897 9.90565979480743
6575.1748 11.1287543773651
6575.6600 13.1964274644852
6576.1452 15.2641233205795
6576.6303 17.3318446874619
6577.1155 19.3995906114578
6577.6007 21.0999580621719
6578.0858 22.581130862236
6578.5710 24.0623188018799
6579.0561 25.5435273647308
6579.5413 27.0247510671616
6580.0265 27.7009017467499
6580.5116 28.3429983854294
6580.9968 28.9851044416428
6581.4820 29.6272196769714
6581.9671 29.9230270385742
6582.4523 29.3835470676422
6582.9374 28.844061255455
6583.4226 28.3045731782913
6583.9078 27.7650754451752
6584.3929 26.5355712175369
6584.8781 24.8961718082428
6585.3632 23.2567511796951
6585.8484 21.6173112392426
6586.3336 19.977854013443
6586.8187 18.1315999031067
6587.3039 16.2771935462952
6587.7891 14.4227641820908
6588.2742 12.5683106184006
6588.7594 10.7893154621124
6589.2445 9.18847119808197
6589.7297 7.58760392665863
6590.2149 5.98671627044678
6590.7000 4.38580656051636
6591.1852 3.44662117958069
6591.6704 2.89016604423523
6592.1555 2.33370268344879
6592.6407 1.77723121643066
6593.1258 1.22075188159943
6593.6110 1.12209105491638
6594.0962 1.03753006458282
6594.5813 0.952967524528503
6595.0665 0.868403792381287
6595.5517 0.803404092788696
6596.0368 0.782516479492188
6596.5220 0.76162850856781
6597.0071 0.740740180015564
6597.4923 0.719851493835449
6597.9775 0.690014719963074
6598.4626 0.65525221824646
6598.9478 0.620489001274109
6599.4329 0.585725069046021
6599.9181 0.550960540771484
6600.4033 0.535112977027893
6600.8884 0.51958692073822
6601.3736 0.504060745239258
6601.8588 0.488534212112427
6602.3439 0.477554082870483
6602.8291 0.476142168045044
6603.3142 0.474730253219604
6603.7994 0.473318219184875
6604.2846 0.471906065940857
6604.7697 0.454017162322998
6605.2549 0.427699685096741
6605.7401 0.401381373405457
6606.2252 0.375062584877014
6606.7104 0.348780035972595
6607.1955 0.345438122749329
6607.6807 0.342095971107483
6608.1659 0.338753700256348
6608.6510 0.335411071777344
6609.1362 0.327712297439575
6609.6214 0.31164026260376
6610.1065 0.295567512512207
6610.5917 0.279493927955627
6611.0768 0.263419985771179
6611.5620 0.259056091308594
6612.0472 0.260117292404175
6612.5323 0.261178016662598
6613.0175 0.262238383293152
6613.5027 0.263193130493164
6613.9878 0.260077595710754
6614.4730 0.256961464881897
6614.9581 0.253844618797302
6615.4433 0.25072705745697
6615.9285 0.244027733802795
6616.4136 0.231164574623108
6616.8988 0.218300342559814
6617.3839 0.205435037612915
6617.8691 0.19256865978241
6618.3543 0.190044403076172
6618.8394 0.191735148429871
6619.3246 0.193424820899963
6619.8098 0.195113301277161
6620.2949 0.196518421173096
6620.7801 0.19297182559967
6621.2652 0.189423680305481
6621.7504 0.185874223709106
6622.2356 0.182323217391968
6622.7207 0.174956202507019
6623.2059 0.161818027496338
6623.6911 0.148678064346313
6624.1762 0.135536670684814
6624.6614 0.122393369674683
6625.1465 0.118220210075378
6625.6317 0.117153286933899
6626.1169 0.116084456443787
6626.6020 0.115013360977173
6627.0872 0.113057732582092
6627.5724 0.101947546005249
6628.0575 0.0908353328704834
6628.5427 0.079721212387085
6629.0278 0.0686049461364746
6629.5130 0.0616382360458374
6629.9982 0.0600894689559937
6630.4833 0.0585379600524902
6630.9685 0.0569838285446167
6631.4536 0.0554265975952148
6631.9388 0.0606750249862671
6632.4240 0.0678383111953735
6632.9091 0.0749977827072144
6633.3943 0.0821533203125
6633.8795 0.0877482891082764
6634.3646 0.0826553106307983
6634.8498 0.077559232711792
6635.3349 0.0724600553512573
6635.8201 0.0673580169677734
6636.3053 0.0647662878036499
6636.7904 0.0649524927139282
6637.2756 0.0651350021362305
6637.7608 0.0653135776519775
6638.2459 0.065488338470459
6638.7311 0.0712604522705078
6639.2162 0.0782331228256226
6639.7014 0.0852010250091553
6640.1866 0.0921640396118164
6640.6717 0.0988538265228271
6641.1569 0.104243636131287
6641.6421 0.109628796577454
6642.1272 0.115009546279907
6642.6124 0.120385885238647
6643.0975 0.109912633895874
6643.5827 0.0848680734634399
6644.0679 0.0598258972167969
6644.5530 0.0347867012023926
6645.0382 0.00975072383880615
6645.5234 0.0128272771835327
6646.0085 0.0200700759887695
6646.4937 0.0273102521896362
6646.9788 0.0345479249954224
6647.4640 0.0419789552688599
6647.9492 0.0500952005386353
6648.4343 0.0582104921340942
6648.9195 0.0663259029388428
6649.4046 0.0744413137435913
6649.8898 0.0721466541290283
6650.3750 0.0620788335800171
6650.8601 0.0520168542861938
6651.3453 0.0419610738754272
6651.8305 0.0319117307662964
6652.3156 0.0302650928497314
6652.8008 0.0293139219284058
6653.2859 0.0283684730529785
6653.7711 0.0274283885955811
6654.2563 0.0277371406555176
6654.7414 0.0313065052032471
6655.2266 0.0348812341690063
6655.7118 0.0384609699249268
6656.1969 0.0420458316802979
6656.6821 0.0419501066207886
6657.1672 0.0396865606307983
6657.6524 0.0374276638031006
6658.1376 0.0351732969284058
6658.6227 0.0329228639602661
6659.1079 0.03246009349823
6659.5931 0.0320324897766113
6660.0782 0.0316077470779419
6660.5634 0.0311857461929321
6661.0485 0.0358963012695313
6661.5337 0.0507235527038574
6662.0189 0.0655522346496582
6662.5040 0.0803818702697754
6662.9892 0.0952126979827881
6663.4743 0.108072519302368
6663.9595 0.120051383972168
6664.4447 0.132030248641968
6664.9298 0.144008874893188
6665.4150 0.158032655715942
6665.9002 0.214238524436951
6666.3853 0.270443081855774
6666.8705 0.326645851135254
6667.3556 0.382846713066101
6667.8408 0.493254542350769
6668.3260 0.684298872947693
6668.8111 0.875338554382324
6669.2963 1.06637370586395
6669.7815 1.25740492343903
6670.2666 1.48847365379334
6670.7518 1.73229932785034
6671.2369 1.97612249851227
6671.7221 2.21994483470917
6672.2073 2.45804107189178
6672.6924 2.65218794345856
6673.1776 2.8463386297226
6673.6628 3.04049456119537
6674.1479 3.23465776443481
6674.6331 3.37673354148865
6675.1182 3.46071934700012
6675.6034 3.5447188615799
6676.0886 3.62873351573944
6676.5737 3.71276569366455
6677.0589 3.63822543621063
6677.5441 3.53141415119171
6678.0292 3.42461895942688
6678.5144 3.31783783435822
6678.9995 3.19383895397186
6679.4847 2.99615859985352
6679.9699 2.79848146438599
6680.4550 2.60080397129059
6680.9402 2.40312314033508
6681.4253 2.19689869880676
6681.9105 1.98364412784576
6682.3957 1.77037358283997
6682.8808 1.55708420276642
6683.3660 1.34377288818359
6683.8512 1.14777135848999
6684.3363 0.953488707542419
6684.8215 0.759180188179016
6685.3066 0.564844489097595
6685.7918 0.405067920684814
6686.2770 0.339219808578491
6686.7621 0.273364067077637
6687.2473 0.207499980926514
6687.7325 0.141626596450806
6688.2176 0.111820816993713
6688.7028 0.103190898895264
6689.1879 0.0945631265640259
6689.6731 0.0859373807907104
6690.1583 0.0773134231567383
6690.6434 0.0626862049102783
6691.1286 0.0480090379714966
6691.6138 0.0333312749862671
6692.0989 0.0186527967453003
6692.5841 0.00898277759552002
6693.0692 0.00845730304718018
6693.5544 0.00793445110321045
6694.0396 0.00741386413574219
6694.5247 0.00689530372619629
6695.0099 0.00693106651306152
6695.4950 0.0071868896484375
6695.9802 0.00744414329528809
6696.4654 0.00770294666290283
6696.9505 0.00785207748413086
6697.4357 0.00673282146453857
6697.9209 0.00561344623565674
6698.4060 0.0044938325881958
6698.8912 0.00337338447570801
6699.3763 0.0033036470413208
6699.8615 0.00454914569854736
6700.3467 0.00579321384429932
6700.8318 0.00703561305999756
6701.3170 0.00827562808990479
6701.8022 0.0229296684265137
6702.2873 0.0407587289810181
6702.7725 0.0585886240005493
6703.2576 0.0764187574386597
6703.7428 0.0963801145553589
6704.2280 0.126472473144531
6704.7131 0.156566619873047
6705.1983 0.186662316322327
6705.6835 0.216758608818054
6706.1686 0.265044927597046
6706.6538 0.32885730266571
6707.1389 0.3926762342453
6707.6241 0.456500768661499
6708.1093 0.520329833030701
6708.5944 0.602824568748474
6709.0796 0.68726372718811
6709.5648 0.771709084510803
6710.0499 0.856159090995789
6710.5351 0.932427525520325
6711.0202 0.986881136894226
6711.5054 1.04133331775665
6711.9906 1.09578406810761
6712.4757 1.1502320766449
6712.9609 1.19313681125641
6713.4460 1.22955560684204
6713.9312 1.26596879959106
6714.4164 1.30237579345703
6714.9015 1.33825778961182
6715.3867 1.31330096721649
6715.8719 1.28833615779877
6716.3570 1.26336455345154
6716.8422 1.23838829994202
6717.3273 1.20590758323669
6717.8125 1.16103720664978
6718.2977 1.11616599559784
6718.7828 1.07129573822021
6719.2680 1.02642667293549
6719.7532 1.03604733943939
6720.2383 1.06418347358704
6720.7235 1.09232914447784
6721.2086 1.12048578262329
6721.6938 1.1580365896225
6722.1790 1.2668731212616
6722.6641 1.37573301792145
6723.1493 1.48461782932281
6723.6345 1.59352898597717
6724.1196 1.6907160282135
6724.6048 1.77554070949554
6725.0899 1.86039245128632
6725.5751 1.94527363777161
6726.0603 2.03018462657928
6726.5454 2.12864685058594
6727.0306 2.22938239574432
6727.5158 2.33015143871307
6728.0009 2.43095254898071
6728.4861 2.50244379043579
6728.9712 2.47545301914215
6729.4564 2.44846272468567
6729.9416 2.42147171497345
6730.4267 2.3944776058197
6730.9119 2.31876468658447
6731.3970 2.21079456806183
6731.8822 2.10279762744904
6732.3674 1.99477362632751
6732.8525 1.88672149181366
6733.3377 1.75071251392365
6733.8229 1.61394023895264
6734.3080 1.47713232040405
6734.7932 1.34028828144073
6735.2783 1.20034861564636
6735.7635 1.05463969707489
6736.2487 0.908893823623657
6736.7338 0.76311206817627
6737.2190 0.617294907569885
6737.7042 0.506158351898193
6738.1893 0.408357977867126
6738.6745 0.310534477233887
6739.1596 0.21268892288208
6739.6448 0.122436761856079
6740.1300 0.103299498558044
6740.6151 0.0841548442840576
6741.1003 0.0650032758712769
6741.5855 0.0458446741104126
6742.0706 0.0358482599258423
6742.5558 0.0361074209213257
6743.0409 0.0363624095916748
6743.5261 0.0366134643554688
6744.0113 0.0368609428405762
6744.4964 0.0268052816390991
6744.9816 0.0148953199386597
6745.4667 0.00298190116882324
6745.9519 -0.00893473625183105
6746.4371 -0.0189110040664673
6746.9222 -0.0221630334854126
6747.4074 -0.0254161357879639
6747.8926 -0.0286701917648315
6748.3777 -0.0319247245788574
6748.8629 -0.0365757942199707
6749.3480 -0.0421531200408936
6749.8332 -0.0477303266525269
6750.3184 -0.0533074140548706
6750.8035 -0.0588837862014771
6751.2887 -0.0616790056228638
6751.7739 -0.0644123554229736
6752.2590 -0.0671440362930298
6752.7442 -0.0698739290237427
6753.2293 -0.0718749761581421
6753.7145 -0.072563648223877
6754.1997 -0.0732491612434387
6754.6848 -0.0739309787750244
6755.1700 -0.0746085047721863
6755.6552 -0.0763055682182312
6756.1403 -0.0783655643463135
6756.6255 -0.0804198384284973
6757.1106 -0.0824677348136902
6757.5958 -0.0827277898788452
6758.0810 -0.0692781209945679
6758.5661 -0.055817723274231
6759.0513 -0.0423458814620972
6759.5365 -0.0288619995117188
6760.0216 -0.0276747941970825
6760.5068 -0.0390365123748779
6760.9919 -0.0503921508789063
6761.4771 -0.0617419481277466
6761.9623 -0.0730863809585571
6762.4474 -0.0754337310791016
6762.9326 -0.0764957666397095
6763.4177 -0.0775505304336548
6763.9029 -0.0785985589027405
6764.3881 -0.0779885053634644
6764.8732 -0.0725892782211304
6765.3584 -0.0671828389167786
6765.8436 -0.0617696046829224
6766.3287 -0.0563507080078125
6766.8139 -0.0502753257751465
6767.2990 -0.0438269376754761
6767.7842 -0.0373742580413818
6768.2694 -0.0309184789657593
6768.7545 -0.0248934030532837
6769.2397 -0.0391842126846313
6769.7249 -0.0534839630126953
6770.2100 -0.0677933692932129
6770.6952 -0.0821130871772766
6771.1803 -0.0892361402511597
6771.6655 -0.0857243537902832
6772.1507 -0.0822167992591858
6772.6358 -0.0787136554718018
6773.1210 -0.0752158164978027
6773.6062 -0.0674284100532532
6774.0913 -0.0584855079650879
6774.5765 -0.049547553062439
6775.0616 -0.0406152009963989
6775.5468 -0.0336583852767944
6776.0320 -0.0362236499786377
6776.5171 -0.0387996435165405
6777.0023 -0.0413867235183716
6777.4874 -0.0439850091934204
6777.9726 -0.0435092449188232
6778.4578 -0.0405826568603516
6778.9429 -0.0376660823822021
6779.4281 -0.0347590446472168
6779.9133 -0.0318613052368164
6780.3984 -0.034740686416626
6780.8836 -0.0379867553710938
6781.3687 -0.0412406921386719
6781.8539 -0.0445020198822021
6782.3391 -0.0475972890853882
6782.8242 -0.0503443479537964
6783.3094 -0.0530965328216553
6783.7946 -0.0558527708053589
6784.2797 -0.0586130619049072
6784.7649 -0.0578906536102295
6785.2500 -0.0557754039764404
6785.7352 -0.0536619424819946
6786.2204 -0.0515497922897339
6786.7055 -0.0495997667312622
6787.1907 -0.0490827560424805
6787.6759 -0.0485659837722778
6788.1610 -0.0480488538742065
6788.6462 -0.0475313663482666
6789.1313 -0.0517069101333618
6789.6165 -0.060788094997406
6790.1017 -0.0698685646057129
6790.5868 -0.0789484977722168
6791.0720 -0.0880281925201416
6791.5572 -0.0792830586433411
6792.0423 -0.0680438876152039
6792.5275 -0.0568045973777771
6793.0126 -0.0455656051635742
6793.4978 -0.0399736166000366
6793.9830 -0.0499497652053833
6794.4681 -0.0599266290664673
6794.9533 -0.0699043869972229
6795.4384 -0.0798826217651367
6795.9236 -0.0821176767349243
6796.4088 -0.0802868008613586
6796.8939 -0.0784558653831482
6797.3791 -0.0766242742538452
6797.8643 -0.0747886896133423
6798.3494 -0.0728891491889954
6798.8346 -0.0709876418113709
6799.3197 -0.0690836310386658
6799.8049 -0.067176342010498
6800.2901 -0.0668343901634216
6800.7752 -0.0685129761695862
6801.2604 -0.0701876878738403
6801.7456 -0.0718575716018677
6802.2307 -0.0735225081443787
6802.7159 -0.0714414119720459
6803.2010 -0.0685763955116272
6803.6862 -0.0657050013542175
6804.1714 -0.0628265738487244
6804.6565 -0.0633103251457214
6805.1417 -0.0757482051849365
6805.6269 -0.0881803035736084
6806.1120 -0.100606262683868
6806.5972 -0.113026261329651
6807.0823 -0.118552088737488
6807.5675 -0.119708240032196
6808.0527 -0.120855152606964
6808.5378 -0.12199205160141
6809.0230 -0.12308531999588
6809.5081 -0.118025422096252
6809.9933 -0.112952589988709
6810.4785 -0.107866168022156
6810.9636 -0.102765321731567
6811.4488 -0.0983197689056396
6811.9340 -0.0948677062988281
6812.4191 -0.0914012789726257
6812.9043 -0.0879201889038086
6813.3894 -0.0844246745109558
6813.8746 -0.0824847221374512
6814.3598 -0.0809397101402283
6814.8449 -0.0793815851211548
6815.3301 -0.0778104662895203
6815.8153 -0.0785598158836365
6816.3004 -0.0893532037734985
6816.7856 -0.100143671035767
6817.2707 -0.110932469367981
6817.7559 -0.121720552444458
6818.2411 -0.128482103347778
6818.7262 -0.132371544837952
6819.2114 -0.136258244514465
6819.6966 -0.140143156051636
6820.1817 -0.144027411937714
6820.6669 -0.13119912147522
6821.1520 -0.118017494678497
6821.6372 -0.104823648929596
6822.1224 -0.0916180610656738
6822.6075 -0.083349883556366
6823.0927 -0.0832639932632446
6823.5779 -0.0831793546676636
6824.0630 -0.0830966830253601
6824.5482 -0.0830163955688477
6825.0333 -0.0831027030944824
6825.5185 -0.0832401514053345
6826.0037 -0.083381175994873
6826.4888 -0.0835262537002563
6826.9740 -0.0825200080871582
6827.4591 -0.075952410697937
6827.9443 -0.069383978843689
6828.4295 -0.0628148317337036
6828.9146 -0.0562451481819153
6829.3998 -0.0510151386260986
6829.8850 -0.0467945337295532
6830.3701 -0.0425748825073242
6830.8553 -0.0383564233779907
6831.3404 -0.034138560295105
6831.8256 -0.0345468521118164
6832.3108 -0.0351033210754395
6832.7959 -0.0356634855270386
6833.2811 -0.0362265110015869
6833.7663 -0.0358741283416748
6834.2514 -0.0339552164077759
6834.7366 -0.0320370197296143
6835.2217 -0.0301190614700317
6835.7069 -0.0282012224197388
6836.1921 -0.0379989147186279
6836.6772 -0.0513096451759338
6837.1624 -0.0646292567253113
6837.6476 -0.0779575705528259
6838.1327 -0.0870507955551147
6838.6179 -0.0755225419998169
6839.1030 -0.0639855861663818
6839.5882 -0.0524396300315857
6840.0734 -0.0408844947814941
6840.5585 -0.037087082862854
6841.0437 -0.0390944480895996
6841.5288 -0.0411019325256348
6842.0140 -0.0431097149848938
6842.4992 -0.0451177358627319
6842.9843 -0.037273645401001
6843.4695 -0.02916419506073
6843.9547 -0.0210487842559814
6844.4398 -0.0129276514053345
6844.9250 -0.0113283395767212
6845.4101 -0.0205144882202148
6845.8953 -0.0297081470489502
6846.3805 -0.0389096736907959
6846.8656 -0.0481195449829102
6847.3508 -0.0531585216522217
6847.8360 -0.057027280330658
6848.3211 -0.0609014630317688
6848.8063 -0.0647814869880676
6849.2914 -0.0705252885818481
6849.7766 -0.0844979286193848
6850.2618 -0.0984829664230347
6850.7469 -0.112480998039246
6851.2321 -0.126491546630859
6851.7173 -0.127499461174011
6852.2024 -0.119424879550934
6852.6876 -0.11134946346283
6853.1727 -0.103273391723633
6853.6579 -0.0951966643333435
6854.1431 -0.0905220508575439
6854.6282 -0.0858690738677979
6855.1134 -0.0812180638313293
6855.5986 -0.076568603515625
6856.0837 -0.0807611346244812
6856.5689 -0.0982317924499512
6857.0540 -0.115715742111206
6857.5392 -0.133212804794312
6858.0244 -0.150722622871399
6858.5095 -0.148771941661835
6858.9947 -0.142142295837402
6859.4798 -0.135513067245483
6859.9650 -0.128884077072144
6860.4502 -0.124254584312439
6860.9353 -0.127005159854889
6861.4205 -0.129760384559631
6861.9057 -0.132520079612732
6862.3908 -0.135283946990967
6862.8760 -0.146808803081512
6863.3611 -0.1636922955513
6863.8463 -0.18058568239212
6864.3315 -0.197488486766815
6864.8166 -0.214047133922577
6865.3018 -0.218746960163116
6865.7870 -0.223450839519501
6866.2721 -0.228158533573151
6866.7573 -0.232869982719421
6867.2424 -0.246024429798126
6867.7276 -0.270028352737427
6868.2128 -0.294042944908142
6868.6979 -0.318068146705627
6869.1831 -0.34210330247879
6869.6683 -0.354630053043365
6870.1534 -0.365083038806915
6870.6386 -0.375540792942047
6871.1237 -0.386003315448761
6871.6089 -0.39296680688858
6872.0941 -0.389807939529419
6872.5792 -0.386648714542389
6873.0644 -0.383489072322845
6873.5495 -0.380329132080078
6874.0347 -0.372759580612183
6874.5199 -0.362993240356445
6875.0050 -0.353224158287048
6875.4902 -0.343452274799347
6875.9754 -0.333279490470886
6876.4605 -0.3184534907341
6876.9457 -0.303622961044312
6877.4308 -0.288788139820099
6877.9160 -0.273948550224304
6878.4012 -0.262433528900146
6878.8863 -0.254371047019959
6879.3715 -0.24630606174469
6879.8567 -0.238238751888275
6880.3418 -0.23016893863678
6880.8270 -0.220320582389832
6881.3121 -0.210278511047363
6881.7973 -0.200233221054077
6882.2825 -0.190184950828552
6882.7676 -0.181917071342468
6883.2528 -0.177505910396576
6883.7380 -0.173093378543854
6884.2231 -0.168679177761078
6884.7083 -0.164263784885406
6885.1934 -0.168109536170959
6885.6786 -0.17501699924469
6886.1638 -0.181926667690277
6886.6489 -0.188838481903076
6887.1341 -0.192789435386658
6887.6193 -0.179122090339661
6888.1044 -0.165450274944305
6888.5896 -0.151773929595947
6889.0747 -0.138092994689941
6889.5599 -0.137223184108734
6890.0451 -0.146472871303558
6890.5302 -0.155725359916687
6891.0154 -0.16498076915741
6891.5005 -0.174238920211792
6891.9857 -0.170638263225555
6892.4709 -0.166696071624756
6892.9560 -0.162752628326416
6893.4412 -0.158807814121246
6893.9264 -0.1601881980896
6894.4115 -0.169891834259033
6894.8967 -0.179598569869995
6895.3818 -0.189308285713196
6895.8670 -0.199020981788635
6896.3522 -0.191259741783142
6896.8373 -0.179314136505127
6897.3225 -0.167364418506622
6897.8077 -0.155410528182983
6898.2928 -0.144628047943115
6898.7780 -0.137909591197968
6899.2631 -0.131188750267029
6899.7483 -0.124465584754944
6900.2335 -0.117740094661713
6900.7186 -0.113742649555206
6901.2038 -0.111265957355499
6901.6890 -0.108788251876831
6902.1741 -0.106309711933136
6902.6593 -0.10368412733078
6903.1444 -0.0987920761108398
6903.6296 -0.0938981771469116
6904.1148 -0.0890025496482849
6904.5999 -0.0841051936149597
6905.0851 -0.0826549530029297
6905.5703 -0.0849465131759644
6906.0554 -0.0872385501861572
6906.5406 -0.0895313024520874
6907.0257 -0.0918247699737549
6907.5109 -0.104352056980133
6907.9961 -0.118029117584229
6908.4812 -0.131710708141327
6908.9664 -0.145396649837494
6909.4515 -0.150647521018982
6909.9367 -0.137931883335114
6910.4219 -0.125212132930756
6910.9070 -0.11248791217804
6911.3922 -0.0997592210769653
6911.8774 -0.104361116886139
6912.3625 -0.115039229393005
6912.8477 -0.125720858573914
6913.3328 -0.136405885219574
6913.8180 -0.144351661205292
6914.3032 -0.138114213943481
6914.7883 -0.131874799728394
6915.2735 -0.125633239746094
6915.7587 -0.119389593601227
6916.2438 -0.117939472198486
6916.7290 -0.119903564453125
6917.2141 -0.121868193149567
6917.6993 -0.123833358287811
6918.1845 -0.125771343708038
6918.6696 -0.123681783676147
6919.1548 -0.121591687202454
6919.6400 -0.119500696659088
6920.1251 -0.11740905046463
6920.6103 -0.113859176635742
6921.0954 -0.108377635478973
6921.5806 -0.102894306182861
6922.0658 -0.0974089503288269
6922.5509 -0.0919218063354492
6923.0361 -0.0907096862792969
6923.5212 -0.090227484703064
6924.0064 -0.0897449851036072
6924.4916 -0.0892621278762817
6924.9767 -0.0903647541999817
6925.4619 -0.0955711007118225
6925.9471 -0.100778996944427
6926.4322 -0.105988681316376
6926.9174 -0.111199796199799
6927.4025 -0.113495886325836
6927.8877 -0.114565134048462
6928.3729 -0.115634620189667
6928.8580 -0.11670446395874
6929.3432 -0.117552042007446
6929.8284 -0.116905093193054
6930.3135 -0.116258084774017
6930.7987 -0.115610599517822
6931.2838 -0.114962935447693
6931.7690 -0.114069759845734
6932.2542 -0.112980127334595
6932.7393 -0.111890196800232
6933.2245 -0.110799729824066
6933.7097 -0.109708964824677
6934.1948 -0.110959649085999
6934.6800 -0.112251102924347
6935.1651 -0.113542795181274
6935.6503 -0.11483508348465
6936.1355 -0.114952862262726
6936.6206 -0.113384604454041
6937.1058 -0.111815631389618
6937.5910 -0.110246002674103
6938.0761 -0.108675897121429
6938.5613 -0.116958975791931
6939.0464 -0.127138257026672
6939.5316 -0.137320697307587
6940.0168 -0.147506535053253
6940.5019 -0.154138803482056
6940.9871 -0.151040494441986
6941.4722 -0.1479412317276
6941.9574 -0.144840776920319
6942.4426 -0.141739189624786
6942.9277 -0.138603389263153
6943.4129 -0.135451793670654
6943.8981 -0.132299244403839
6944.3832 -0.129145622253418
6944.8684 -0.126283705234528
6945.3535 -0.125433027744293
6945.8387 -0.12458211183548
6946.3239 -0.123730659484863
6946.8090 -0.122878849506378
6947.2942 -0.118882954120636
6947.7794 -0.112392663955688
6948.2645 -0.105900287628174
6948.7497 -0.0994057059288025
6949.2348 -0.0929087400436401
6949.7200 -0.104636371135712
6950.2052 -0.116570055484772
6950.6903 -0.128507316112518
6951.1755 -0.14044851064682
6951.6607 -0.144497215747833
6952.1458 -0.13768070936203
6952.6310 -0.130861937999725
6953.1161 -0.124040961265564
6953.6013 -0.117217421531677
6954.0865 -0.116433262825012
6954.5716 -0.116686940193176
6955.0568 -0.11694061756134
6955.5419 -0.11719423532486
6956.0271 -0.114106714725494
6956.5123 -0.102694451808929
6956.9974 -0.0912783741950989
6957.4826 -0.0798585414886475
6957.9678 -0.0684348344802856
6958.4529 -0.0690276026725769
6958.9381 -0.0742921233177185
6959.4232 -0.0795583128929138
6959.9084 -0.0848259925842285
6960.3936 -0.0882648229598999
6960.8787 -0.0816832780838013
6961.3639 -0.0750994682312012
6961.8491 -0.0685133934020996
6962.3342 -0.0619251728057861
6962.8194 -0.0568069219589233
6963.3045 -0.0527127981185913
6963.7897 -0.0486171841621399
6964.2749 -0.0445201992988586
6964.7600 -0.0406497120857239
6965.2452 -0.0457034111022949
6965.7304 -0.0507586002349854
6966.2155 -0.0558152794837952
6966.7007 -0.0608735084533691
6967.1858 -0.0637052059173584
6967.6710 -0.0639329552650452
6968.1562 -0.0641607046127319
6968.6413 -0.0643883943557739
6969.1265 -0.0646160244941711
6969.6117 -0.0602662563323975
6970.0968 -0.0553937554359436
6970.5820 -0.050519585609436
6971.0671 -0.0456437468528748
6971.5523 -0.0459110736846924
6972.0375 -0.0563849806785584
6972.5226 -0.066862165927887
6973.0078 -0.0773425698280334
6973.4929 -0.0878263115882874
6973.9781 -0.0864567160606384
6974.4633 -0.0816071033477783
6974.9484 -0.0767558217048645
6975.4336 -0.071902871131897
6975.9188 -0.0673959255218506
6976.4039 -0.0641820430755615
6976.8891 -0.060966968536377
6977.3742 -0.0577507615089417
6977.8594 -0.0545331835746765
6978.3446 -0.0469471216201782
6978.8297 -0.0370160937309265
6979.3149 -0.0270816087722778
6979.8001 -0.0171439647674561
6980.2852 -0.00916785001754761
6980.7704 -0.0208807587623596
6981.2555 -0.0325973033905029
6981.7407 -0.0443172454833984
6982.2259 -0.05604088306427
6982.7110 -0.0607167482376099
6983.1962 -0.0591691732406616
6983.6814 -0.0576208829879761
6984.1665 -0.0560719966888428
6984.6517 -0.0545223355293274
6985.1368 -0.0635866522789001
6985.6220 -0.0729570984840393
6986.1072 -0.0823303461074829
6986.5923 -0.0917063355445862
6987.0775 -0.100489795207977
6987.5626 -0.108432412147522
6988.0478 -0.116377174854279
6988.5330 -0.124324381351471
6989.0181 -0.13227391242981
6989.5033 -0.131730914115906
6989.9885 -0.12975949048996
6990.4736 -0.127787292003632
6990.9588 -0.125814259052277
6991.4439 -0.119910180568695
6991.9291 -0.104787647724152
6992.4143 -0.0896600484848022
6992.8994 -0.0745275616645813
6993.3846 -0.059390127658844
6993.8698 -0.0653489232063293
6994.3549 -0.0786298513412476
6994.8401 -0.0919146537780762
6995.3252 -0.105203568935394
6995.8104 -0.116901934146881
6996.2956 -0.121650695800781
6996.7807 -0.126400709152222
6997.2659 -0.131152033805847
6997.7511 -0.135904729366302
6998.2362 -0.137836098670959
6998.7214 -0.138118922710419
6999.2065 -0.138401627540588
6999.6917 -0.138684332370758
7000.1769 -0.138320922851563
7000.6620 -0.130169570446014
7001.1472 -0.122015476226807
7001.6324 -0.11385852098465
7002.1175 -0.105698883533478
7002.6027 -0.0942774415016174
7003.0878 -0.0798738598823547
7003.5730 -0.0654655694961548
7004.0582 -0.051052451133728
7004.5433 -0.0366346836090088
7005.0285 -0.0547139048576355
7005.5136 -0.0738356709480286
7005.9988 -0.0929630994796753
7006.4840 -0.112096309661865
7006.9691 -0.124537289142609
7007.4543 -0.127586960792542
7007.9395 -0.130637466907501
7008.4246 -0.133688628673553
7008.9098 -0.136740386486053
7009.3949 -0.126731932163239
7009.8801 -0.114664137363434
7010.3653 -0.102592289447784
7010.8504 -0.0905164480209351
7011.3356 -0.0793700218200684
7011.8208 -0.0702750086784363
7012.3059 -0.0611768960952759
7012.7911 -0.0520755648612976
7013.2762 -0.0429710745811462
7013.7614 -0.0394592881202698
7014.2466 -0.0376996994018555
7014.7317 -0.0359393954277039
7015.2169 -0.0341781377792358
7015.7021 -0.0367046594619751
7016.1872 -0.055268406867981
7016.6724 -0.0738376975059509
7017.1575 -0.0924124717712402
7017.6427 -0.110992729663849
7018.1279 -0.108968436717987
7018.6130 -0.0963834524154663
7019.0982 -0.083794116973877
7019.5833 -0.0712004899978638
7020.0685 -0.0597303509712219
7020.5537 -0.0571908354759216
7021.0388 -0.0546500682830811
7021.5240 -0.0521081686019897
7022.0092 -0.0495650768280029
7022.4943 -0.0414981842041016
7022.9795 -0.0291506052017212
7023.4646 -0.016798734664917
7023.9498 -0.00444257259368896
7024.4350 0.00766146183013916
7024.9201 0.00360828638076782
7025.4053 -0.000445663928985596
7025.8905 -0.00450038909912109
7026.3756 -0.008556067943573
7026.8608 -0.011898398399353
7027.3459 -0.0144305825233459
7027.8311 -0.0169631242752075
7028.3163 -0.0194960236549377
7028.8014 -0.0220292210578918
7029.2866 -0.0194087624549866
7029.7718 -0.0163484811782837
7030.2569 -0.013286828994751
7030.7421 -0.0102235674858093
7031.2272 -0.00767385959625244
7031.7124 -0.00597953796386719
7032.1976 -0.00428396463394165
7032.6827 -0.00258737802505493
7033.1679 -0.000889778137207031
7033.6531 -0.00354039669036865
7034.1382 -0.00708210468292236
7034.6234 -0.0106244087219238
7035.1085 -0.0141674280166626
7035.5937 -0.0153713226318359
7036.0789 -0.0107102394104004
7036.5640 -0.00604701042175293
7037.0492 -0.00138187408447266
7037.5343 0.00328522920608521
7038.0195 -0.000215232372283936
7038.5047 -0.00657302141189575
7038.9898 -0.0129322409629822
7039.4750 -0.0192933678627014
7039.9602 -0.0246649980545044
7040.4453 -0.0260061621665955
7040.9305 -0.0273472666740417
7041.4156 -0.0286884903907776
7041.9008 -0.0300298929214478
7042.3860 -0.0189562439918518
7042.8711 -0.00131809711456299
7043.3563 0.016325831413269
7043.8415 0.0339758396148682
7044.3266 0.0487291812896729
7044.8118 0.0404502749443054
7045.2969 0.0321688055992126
7045.7821 0.023884654045105
7046.2673 0.0155978202819824
7046.7524 0.0169593095779419
7047.2376 0.0255994200706482
7047.7228 0.0342420339584351
7048.2079 0.042887270450592
7048.6931 0.0519253611564636
7049.1782 0.0740641951560974
7049.6634 0.0962094664573669
7050.1486 0.118361175060272
7050.6337 0.140519082546234
7051.1189 0.187121570110321
7051.6040 0.259340584278107
7052.0892 0.331580519676209
7052.5744 0.403841137886047
7053.0595 0.476122081279755
7053.5447 0.619168817996979
7054.0299 0.766100943088531
7054.5150 0.913073062896729
7055.0002 1.06008493900299
7055.4853 1.23991966247559
7055.9705 1.46715438365936
7056.4557 1.69444727897644
7056.9408 1.92179673910141
7057.4260 2.14920121431351
7057.9112 2.32971882820129
7058.3963 2.50328701734543
7058.8815 2.67689025402069
7059.3666 2.85052663087845
7059.8518 3.01240926980972
7060.3370 3.15064054727554
7060.8221 3.28889048099518
7061.3073 3.42715758085251
7061.7925 3.56544089317322
7062.2776 3.57538968324661
7062.7628 3.5521964430809
7063.2479 3.52898228168488
7063.7331 3.50574570894241
7064.2183 3.46111392974854
7064.7034 3.3549792766571
7065.1886 3.2488084435463
7065.6738 3.14260375499725
7066.1589 3.0363649725914
7066.6441 2.86405140161514
7067.1292 2.66623640060425
7067.6144 2.46838140487671
7068.0996 2.27048850059509
7068.5847 2.07560712099075
7069.0699 1.89401566982269
7069.5550 1.71239620447159
7070.0402 1.53075170516968
7070.5254 1.34908384084702
7071.0105 1.19472575187683
7071.4957 1.054996073246
7071.9809 0.915252804756165
7072.4660 0.77549797296524
7072.9512 0.642804324626923
7073.4363 0.5636146068573
7073.9215 0.484419226646423
7074.4067 0.405219614505768
7074.8918 0.3260178565979
7075.3770 0.26620489358902
7075.8622 0.220264732837677
7076.3473 0.174324989318848
7076.8325 0.128386974334717
7077.3176 0.0838493704795837
7077.8028 0.0660079121589661
7078.2880 0.0481694936752319
7078.7731 0.0303348898887634
7079.2583 0.0125049948692322
7079.7435 -0.00435882806777954
7080.2286 -0.0203200578689575
7080.7138 -0.0362750291824341
7081.1989 -0.0522232055664063
7081.6841 -0.0681645274162292
7082.1693 -0.063501238822937
7082.6544 -0.0585220456123352
7083.1396 -0.0535342693328857
7083.6247 -0.0485373735427856
7084.1099 -0.0437710881233215
7084.5951 -0.0392836928367615
7085.0802 -0.0347855687141418
7085.5654 -0.0302759408950806
7086.0506 -0.0257543325424194
7086.5357 -0.0375083684921265
7087.0209 -0.0506071448326111
7087.5060 -0.0636972188949585
7087.9912 -0.0767789483070374
7088.4764 -0.0741100907325745
7088.9615 -0.0471266508102417
7089.4467 -0.0201213955879211
7089.9319 0.00690674781799316
7090.4170 0.0339588522911072
7090.9022 0.02093106508255
7091.3873 0.00157952308654785
7091.8725 -0.0177693963050842
7092.3577 -0.0371168851852417
7092.8428 -0.0423688888549805
7093.3280 -0.0196072459220886
7093.8132 0.00317668914794922
7094.2983 0.0259827375411987
7094.7835 0.0488110780715942
7095.2686 0.0407539010047913
7095.7538 0.0252862572669983
7096.2390 0.00981467962265015
7096.7241 -0.00566154718399048
7097.2093 -0.015600860118866
7097.6945 -0.0112143754959106
7098.1796 -0.00682193040847778
7098.6648 -0.00242441892623901
7099.1499 0.00197750329971313
7099.6351 0.0208324790000916
7100.1203 0.0444669723510742
7100.6054 0.0681162476539612
7101.0906 0.0917790532112122
7101.5757 0.105310320854187
7102.0609 0.0840162038803101
7102.5461 0.0627028942108154
7103.0312 0.0413699150085449
7103.5164 0.0200170278549194
7104.0016 0.0181583166122437
7104.4867 0.0246633887290955
7104.9719 0.0311646461486816
7105.4570 0.0376618504524231
7105.9422 0.0437314510345459
7106.4274 0.0477960109710693
7106.9125 0.0518547296524048
7107.3977 0.0559079051017761
7107.8829 0.0599556565284729
7108.3680 0.054338812828064
7108.8532 0.0435138940811157
7109.3383 0.0326783061027527
7109.8235 0.0218324661254883
7110.3087 0.0138176083564758
7110.7938 0.0254577994346619
7111.2790 0.0370988845825195
7111.7642 0.0487411618232727
7112.2493 0.0603851079940796
7112.7345 0.0684983134269714
7113.2196 0.074285626411438
7113.7048 0.0800731778144836
7114.1900 0.0858608484268188
7114.6751 0.0918974876403809
7115.1603 0.100781738758087
7115.6455 0.109667479991913
7116.1306 0.118555068969727
7116.6158 0.12744402885437
7117.1009 0.138098180294037
7117.5861 0.15015035867691
7118.0713 0.162205100059509
7118.5564 0.174262523651123
7119.0416 0.191513240337372
7119.5267 0.344853162765503
7120.0119 0.498240292072296
7120.4971 0.651673793792725
7120.9822 0.805153250694275
7121.4674 1.01463848352432
7121.9526 1.27670115232468
7122.4377 1.53884071111679
7122.9229 1.80105769634247
7123.4080 2.06335115432739
7123.8932 2.49234759807587
7124.3784 2.92218774557114
7124.8635 3.35215348005295
7125.3487 3.78224390745163
7125.8339 4.35976254940033
7126.3190 5.09955722093582
7126.8042 5.83956569433212
7127.2893 6.5797865986824
7127.7745 7.32022178173065
7128.2597 7.94668024778366
7128.7448 8.56820797920227
7129.2300 9.1899242401123
7129.7152 9.81183099746704
7130.2003 10.301706969738
7130.6855 10.6225944757462
7131.1706 10.9435942769051
7131.6558 11.2647082805634
7132.1410 11.5859402418137
7132.6261 11.6612270474434
7133.1113 11.7154602408409
7133.5964 11.7697331905365
7134.0816 11.8240517377853
7134.5668 11.7349364757538
7135.0519 11.4340356588364
7135.5371 11.1330620646477
7136.0223 10.8320139050484
7136.5074 10.5308910608292
7136.9926 10.0183517932892
7137.4777 9.47883659601212
7137.9629 8.93915432691574
7138.4481 8.39930111169815
7138.9332 7.83530157804489
7139.4184 7.2305560708046
7139.9036 6.62560480833054
7140.3887 6.02044117450714
7140.8739 5.41506218910217
7141.3590 4.90663927793503
7141.8442 4.41434901952744
7142.3294 3.92187631130219
7142.8145 3.42921793460846
7143.2997 2.95405089855194
7143.7849 2.51278680562973
7144.2700 2.07134866714478
7144.7552 1.62973368167877
7145.2403 1.18794006109238
7145.7255 0.945314526557922
7146.2107 0.744139730930328
7146.6958 0.542882323265076
7147.1810 0.341541290283203
7147.6662 0.198686182498932
7148.1513 0.183678984642029
7148.6365 0.168667197227478
7149.1216 0.15365082025528
7149.6068 0.138629555702209
7150.0920 0.143599033355713
7150.5771 0.153530776500702
7151.0623 0.163468599319458
7151.5474 0.173412621021271
7152.0326 0.171518325805664
7152.5178 0.140500783920288
7153.0029 0.109470427036285
7153.4881 0.0784271955490112
7153.9733 0.0473709106445313
7154.4584 0.0467789769172668
7154.9436 0.0549070239067078
7155.4287 0.0630398988723755
7155.9139 0.0711777806282043
7156.3991 0.0715504288673401
7156.8842 0.0505496859550476
7157.3694 0.029539942741394
7157.8546 0.00852137804031372
7158.3397 -0.0125061869621277
7158.8249 -0.012698769569397
7159.3100 -0.00617325305938721
7159.7952 0.000356197357177734
7160.2804 0.00688940286636353
7160.7655 0.0129032135009766
7161.2507 0.0173212885856628
7161.7359 0.0217421650886536
7162.2210 0.0261659026145935
7162.7062 0.0305923223495483
7163.1913 0.0365594029426575
7163.6765 0.0430774688720703
7164.1617 0.0495991706848145
7164.6468 0.0561246871948242
7165.1320 0.0570921301841736
7165.6171 0.0393359661102295
7166.1023 0.021571934223175
7166.5875 0.00380009412765503
7167.0726 -0.0139796733856201
7167.5578 -0.0175995230674744
7168.0430 -0.015742301940918
7168.5281 -0.0138835906982422
7169.0133 -0.0120235681533813
7169.4984 -0.0122393369674683
7169.9836 -0.0200875401496887
7170.4688 -0.0279390215873718
7170.9539 -0.0357937216758728
7171.4391 -0.0436517000198364
7171.9243 -0.0519738793373108
7172.4094 -0.0604903697967529
7172.8946 -0.0690103769302368
7173.3797 -0.0775337815284729
7173.8649 -0.0816497802734375
7174.3501 -0.0682668685913086
7174.8352 -0.0548771023750305
7175.3204 -0.0414804816246033
7175.8056 -0.0280771851539612
7176.2907 -0.0253831148147583
7176.7759 -0.0273698568344116
7177.2610 -0.0293568968772888
7177.7462 -0.0313445329666138
7178.2314 -0.0341944694519043
7178.7165 -0.0406919717788696
7179.2017 -0.0471920371055603
7179.6869 -0.0536946654319763
7180.1720 -0.0601998567581177
7180.6572 -0.0782086849212646
7181.1423 -0.101464986801147
7181.6275 -0.124731659889221
7182.1127 -0.148008644580841
7182.5978 -0.166881680488586
7183.0830 -0.16612184047699
7183.5681 -0.165361166000366
7184.0533 -0.164599597454071
7184.5385 -0.163837015628815
7185.0236 -0.160470485687256
7185.5088 -0.155880212783813
7185.9940 -0.151287078857422
7186.4791 -0.146691262722015
7186.9643 -0.143994748592377
7187.4494 -0.150059998035431
7187.9346 -0.156127572059631
7188.4198 -0.162197351455688
7188.9049 -0.168269336223602
7189.3901 -0.170810282230377
7189.8753 -0.171663403511047
7190.3604 -0.172516405582428
7190.8456 -0.173369169235229
7191.3307 -0.174272894859314
7191.8159 -0.175416886806488
7192.3011 -0.176560759544373
7192.7862 -0.177704632282257
7193.2714 -0.178848385810852
7193.7566 -0.185789346694946
7194.2417 -0.195522308349609
7194.7269 -0.205259144306183
7195.2120 -0.214999794960022
7195.6972 -0.221632957458496
7196.1824 -0.213636517524719
7196.6675 -0.205635726451874
7197.1527 -0.197630524635315
7197.6378 -0.189621090888977
7198.1230 -0.18307363986969
7198.6082 -0.177224934101105
7199.0933 -0.171372830867767
7199.5785 -0.165517449378967
7200.0637 -0.160706579685211
7200.5488 -0.160745620727539
7201.0340 -0.160784125328064
7201.5191 -0.160821914672852
7202.0043 -0.160859107971191
7202.4895 -0.159682929515839
7202.9746 -0.15793389081955
7203.4598 -0.156183421611786
7203.9450 -0.154431581497192
7204.4301 -0.151948690414429
7204.9153 -0.146192312240601
7205.4004 -0.140432596206665
7205.8856 -0.134669542312622
7206.3708 -0.128903210163116
7206.8559 -0.116860210895538
7207.3411 -0.101933777332306
7207.8263 -0.0869998931884766
7208.3114 -0.0720584392547607
7208.7966 -0.05623859167099
7209.2817 -0.0366860628128052
7209.7669 -0.0171237587928772
7210.2521 0.00244814157485962
7210.7372 0.02202969789505
7211.2224 0.0365996956825256
7211.7076 0.0489630103111267
7212.1927 0.061332643032074
7212.6779 0.0737087726593018
7213.1630 0.0817441940307617
7213.6482 0.0723031759262085
7214.1334 0.0628586411476135
7214.6185 0.0534103512763977
7215.1037 0.0439585447311401
7215.5888 0.0391323566436768
7216.0740 0.0362427234649658
7216.5592 0.0333525538444519
7217.0443 0.0304617285728455
7217.5295 0.0293621420860291
7218.0147 0.0349517464637756
7218.4998 0.0405447483062744
7218.9850 0.0461408495903015
7219.4701 0.0517403483390808
7219.9553 0.0541204214096069
7220.4405 0.0552380084991455
7220.9256 0.0563569068908691
7221.4108 0.0574770569801331
7221.8960 0.0612301826477051
7222.3811 0.0740047693252563
7222.8663 0.0867857933044434
7223.3514 0.0995734333992004
7223.8366 0.112367689609528
7224.3218 0.104559600353241
7224.8069 0.0892845988273621
7225.2921 0.0740033388137817
7225.7773 0.0587158799171448
7226.2624 0.0467219352722168
7226.7476 0.0450047254562378
7227.2327 0.0432873368263245
7227.7179 0.0415699481964111
7228.2031 0.0398525595664978
7228.6882 0.0482496023178101
7229.1734 0.059978723526001
7229.6585 0.0717140436172485
7230.1437 0.0834553241729736
7230.6289 0.0949745774269104
7231.1140 0.10585880279541
7231.5992 0.116748631000519
7232.0844 0.127644121646881
7232.5695 0.138545274734497
7233.0547 0.133377373218536
7233.5398 0.123493790626526
7234.0250 0.113606512546539
7234.5102 0.103715598583221
7234.9953 0.0958904623985291
7235.4805 0.0932660698890686
7235.9657 0.09064120054245
7236.4508 0.0880159735679626
7236.9360 0.0853902101516724
7237.4211 0.0736874341964722
7237.9063 0.0596618056297302
7238.3915 0.0456303358078003
7238.8766 0.0315932035446167
7239.3618 0.0193747282028198
7239.8470 0.0112287998199463
7240.3321 0.00308001041412354
7240.8173 -0.00507175922393799
7241.3024 -0.0132265090942383
7241.7876 -0.0278558135032654
7242.2728 -0.0438897609710693
7242.7579 -0.0599302053451538
7243.2431 -0.075977087020874
7243.7283 -0.0902066826820374
7244.2134 -0.100839018821716
7244.6986 -0.11147528886795
7245.1837 -0.122115731239319
7245.6689 -0.132760107517242
7246.1541 -0.107231557369232
7246.6392 -0.0753327012062073
7247.1244 -0.0434185266494751
7247.6095 -0.0114891529083252
7248.0947 0.00835698843002319
7248.5799 0.00721442699432373
7249.0650 0.00607198476791382
7249.5502 0.00492984056472778
7250.0354 0.00378799438476563
7250.5205 0.0188727974891663
7251.0057 0.0361521244049072
7251.4908 0.0534399151802063
7251.9760 0.0707364678382874
7252.4612 0.082616925239563
7252.9463 0.0862806439399719
7253.4315 0.0899468660354614
7253.9167 0.0936155915260315
7254.4018 0.0972867608070374
7254.8870 0.0888460874557495
7255.3721 0.0792688727378845
7255.8573 0.0696879625320435
7256.3425 0.0601035952568054
7256.8276 0.0537721514701843
7257.3128 0.0517218708992004
7257.7980 0.0496714115142822
7258.2831 0.0476208925247192
7258.7683 0.0455702543258667
7259.2534 0.0577594041824341
7259.7386 0.0707030296325684
7260.2238 0.0836532711982727
7260.7089 0.0966101288795471
7261.1941 0.103800356388092
7261.6792 0.104452848434448
7262.1644 0.10510641336441
7262.6496 0.105761229991913
7263.1347 0.106417000293732
7263.6199 0.117843508720398
7264.1051 0.129404246807098
7264.5902 0.140970945358276
7265.0754 0.152543723583221
7265.5605 0.146798372268677
7266.0457 0.124284505844116
7266.5309 0.101761281490326
7267.0160 0.0792288780212402
7267.5012 0.0581190586090088
7267.9864 0.0852189660072327
7268.4715 0.112332165241241
7268.9567 0.139458179473877
7269.4418 0.166597247123718
7269.9270 0.187881708145142
7270.4122 0.204376399517059
7270.8973 0.220879197120667
7271.3825 0.237390220165253
7271.8677 0.252579927444458
7272.3528 0.250618398189545
7272.8380 0.248656749725342
7273.3231 0.246695220470428
7273.8083 0.24473363161087
7274.2935 0.260693252086639
7274.7786 0.288892328739166
7275.2638 0.317104876041412
7275.7490 0.345330774784088
7276.2341 0.370122075080872
7276.7193 0.36901867389679
7277.2044 0.367915570735931
7277.6896 0.366813063621521
7278.1748 0.365710735321045
7278.6599 0.365369975566864
7279.1451 0.36545604467392
7279.6302 0.365542948246002
7280.1154 0.365630745887756
7280.6006 0.365498900413513
7281.0857 0.364255547523499
7281.5709 0.363012373447418
7282.0561 0.361769497394562
7282.5412 0.360527098178864
7283.0264 0.359613716602325
7283.5115 0.358848035335541
7283.9967 0.358083128929138
7284.4819 0.357318460941315
7284.9670 0.351121664047241
7285.4522 0.325205564498901
7285.9374 0.299278676509857
7286.4225 0.273341000080109
7286.9077 0.247392654418945
7287.3928 0.223979830741882
7287.8780 0.201441764831543
7288.3632 0.178894698619843
7288.8483 0.156338334083557
7289.3335 0.134357333183289
7289.8187 0.113956034183502
7290.3038 0.0935463905334473
7290.7890 0.0731285810470581
7291.2741 0.0527026653289795
7291.7593 0.0507328510284424
7292.2445 0.053482711315155
7292.7296 0.0562348961830139
7293.2148 0.0589889883995056
7293.7000 0.0574846863746643
7294.1851 0.0471097826957703
7294.6703 0.0367311835289001
7295.1554 0.0263488292694092
7295.6406 0.0159628391265869
7296.1258 0.0211001634597778
7296.6109 0.0289135575294495
7297.0961 0.0367313623428345
7297.5812 0.0445536971092224
7298.0664 0.0461650490760803
7298.5516 0.0377398133277893
7299.0367 0.0293118953704834
7299.5219 0.0208809971809387
7300.0071 0.0124473571777344
7300.4922 0.0130327939987183
7300.9774 0.0144864320755005
7301.4625 0.0159415602684021
7301.9477 0.0173983573913574
7302.4329 0.0300533771514893
7302.9180 0.0568037629127502
7303.4032 0.0835669040679932
7303.8884 0.110342919826508
7304.3735 0.137131810188293
7304.8587 0.1461181640625
7305.3438 0.154633820056915
7305.8290 0.163154423236847
7306.3142 0.171679496765137
7306.7993 0.190768122673035
7307.2845 0.220186829566956
7307.7697 0.249619483947754
7308.2548 0.279066205024719
7308.7400 0.308357119560242
7309.2251 0.333377301692963
7309.7103 0.358409583568573
7310.1955 0.383453786373138
7310.6806 0.408510208129883
7311.1658 0.464519858360291
7311.6509 0.543795228004456
7312.1361 0.623106777667999
7312.6213 0.702454328536987
7313.1064 0.777448832988739
7313.5916 0.814948976039886
7314.0768 0.852466583251953
7314.5619 0.890001773834229
7315.0471 0.927554547786713
7315.5322 0.951970219612122
7316.0174 0.968963325023651
7316.5026 0.985964775085449
7316.9877 1.00297445058823
7317.4729 1.02141094207764
7317.9581 1.04659855365753
7318.4432 1.07179832458496
7318.9284 1.09701019525528
7319.4135 1.12223392724991
7319.8987 1.14088159799576
7320.3839 1.15683746337891
7320.8690 1.17280101776123
7321.3542 1.18877291679382
7321.8394 1.20467185974121
7322.3245 1.22032982110977
7322.8097 1.23599588871002
7323.2948 1.25166982412338
7323.7800 1.26735132932663
7324.2652 1.25536638498306
7324.7503 1.23566353321075
7325.2355 1.2159526348114
7325.7207 1.19623428583145
7326.2058 1.17193627357483
7326.6910 1.13788348436356
7327.1761 1.10381698608398
7327.6613 1.06973630189896
7328.1465 1.03564143180847
7328.6316 1.00855833292007
7329.1168 0.982633829116821
7329.6019 0.956698596477509
7330.0871 0.930752992630005
7330.5723 0.907645225524902
7331.0574 0.888875484466553
7331.5426 0.870098352432251
7332.0278 0.851313948631287
7332.5129 0.832522332668304
7332.9981 0.768736958503723
7333.4832 0.701799809932709
7333.9684 0.634834110736847
7334.4536 0.567839920520782
7334.9387 0.529022097587585
7335.4239 0.521385848522186
7335.9091 0.51374751329422
7336.3942 0.506106615066528
7336.8794 0.498095452785492
7337.3645 0.466350495815277
7337.8497 0.434592604637146
7338.3349 0.402821600437164
7338.8200 0.371037781238556
7339.3052 0.33583402633667
7339.7904 0.29789787530899
7340.2755 0.259946048259735
7340.7607 0.221978724002838
7341.2458 0.184671819210052
7341.7310 0.153577208518982
7342.2162 0.122469902038574
7342.7013 0.0913500785827637
7343.1865 0.060217559337616
7343.6716 0.0570319890975952
7344.1568 0.0695614218711853
7344.6420 0.0820972919464111
7345.1271 0.0946399569511414
7345.6123 0.106359601020813
7346.0975 0.114383399486542
7346.5826 0.122411847114563
7347.0678 0.130445003509521
7347.5529 0.138482809066772
7348.0381 0.144717931747437
7348.5233 0.150276780128479
7349.0084 0.155839145183563
7349.4936 0.161405205726624
7349.9788 0.167073726654053
7350.4639 0.17301219701767
7350.9491 0.178954541683197
7351.4342 0.1849005818367
7351.9194 0.190850436687469
7352.4046 0.186196446418762
7352.8897 0.17914080619812
7353.3749 0.172083139419556
7353.8601 0.165023565292358
7354.3452 0.163877308368683
7354.8304 0.173211872577667
7355.3155 0.182551801204681
7355.8007 0.191896975040436
7356.2859 0.20124739408493
7356.7710 0.198902189731598
7357.2562 0.195354342460632
7357.7414 0.191806137561798
7358.2265 0.188257575035095
7358.7117 0.182550549507141
7359.1968 0.174240231513977
7359.6820 0.165927290916443
7360.1672 0.157611966133118
7360.6523 0.14930522441864
7361.1375 0.158968508243561
7361.6226 0.168637096881866
7362.1078 0.178311109542847
7362.5930 0.187990605831146
7363.0781 0.18538635969162
7363.5633 0.172662079334259
7364.0485 0.159933269023895
7364.5336 0.147200047969818
7365.0188 0.136890292167664
7365.5039 0.149211645126343
7365.9891 0.161539494991302
7366.4743 0.173873841762543
7366.9594 0.186214864253998
7367.4446 0.196502983570099
7367.9298 0.205667853355408
7368.4149 0.214837729930878
7368.9001 0.224012851715088
7369.3852 0.233478665351868
7369.8704 0.244124591350555
7370.3556 0.892971277236938
7370.8407 0.902735650539398
