3815.5727 8.41606330871582
3816.0578 8.49717998504639
3816.5430 8.67408084869385
3817.0282 8.91594696044922
3817.5133 9.15485668182373
3817.9985 9.39085578918457
3818.4836 9.62399005889893
3818.9688 9.66497039794922
3819.4540 9.62704467773438
3819.9391 9.58943271636963
3820.4243 9.55213642120361
3820.9095 9.51515960693359
3821.3946 9.4863166809082
3821.8798 9.45938205718994
3822.3649 9.43266868591309
3822.8501 9.40618133544922
3823.3353 9.37992095947266
3823.8204 9.30792045593262
3824.3056 9.23369979858398
3824.7908 9.16024971008301
3825.2759 9.08756542205811
3825.7611 9.0326509475708
3826.2462 9.26914501190186
3826.7314 9.50307273864746
3827.2166 9.73447799682617
3827.7017 9.96340560913086
3828.1869 10.2646017074585
3828.6721 10.9244174957275
3829.1572 11.5773143768311
3829.6424 12.2234077453613
3830.1275 12.8628101348877
3830.6127 13.4073657989502
3831.0979 13.7264490127563
3831.5830 14.0423097610474
3832.0682 14.3550052642822
3832.5534 14.6645879745483
3833.0385 14.8923645019531
3833.5237 15.0003604888916
3834.0088 15.1073436737061
3834.4940 15.2133340835571
3834.9792 15.3183469772339
3835.4643 15.1687459945679
3835.9495 14.7820854187012
3836.4346 14.3992223739624
3836.9198 14.0200958251953
3837.4050 13.6446485519409
3837.8901 13.1876983642578
3838.3753 12.6848936080933
3838.8605 12.1868591308594
3839.3456 11.6935234069824
3839.8308 11.20481300354
3840.3159 10.859715461731
3840.8011 10.5661697387695
3841.2863 10.2753429412842
3841.7714 9.98719692230225
3842.2566 9.70168972015381
3842.7418 9.59682083129883
3843.2269 9.52320671081543
3843.7121 9.45028209686279
3844.1972 9.37803649902344
3844.6824 9.30645751953125
3845.1676 9.26255702972412
3845.6527 9.21999835968018
3846.1379 9.17783737182617
3846.6231 9.13606452941895
3847.1082 9.09930515289307
3847.5934 9.1168384552002
3848.0785 9.13424491882324
3848.5637 9.15152931213379
3849.0489 9.1686897277832
3849.5340 9.19865989685059
3850.0192 9.28316593170166
3850.5043 9.36699295043945
3850.9895 9.45015048980713
3851.4747 9.5326452255249
3851.9598 9.59322738647461
3852.4450 9.60432434082031
3852.9302 9.61535167694092
3853.4153 9.62631130218506
3853.9005 9.63720417022705
3854.3856 9.66555786132813
3854.8708 9.71856784820557
3855.3560 9.77118492126465
3855.8411 9.8234167098999
3856.3263 9.87527179718018
3856.8115 10.0991010665894
3857.2966 10.4778070449829
3857.7818 10.8536367416382
3858.2669 11.2266311645508
3858.7521 11.5968370437622
3859.2373 13.0592174530029
3859.7224 15.1428413391113
3860.2076 17.2109127044678
3860.6928 19.2636642456055
3861.1779 21.3013286590576
3861.6631 25.6331806182861
3862.1482 30.7303371429443
3862.6334 35.7906913757324
3863.1186 40.8148612976074
3863.6037 45.8034706115723
3864.0889 48.9375343322754
3864.5741 51.7352142333984
3865.0592 54.5140647888184
3865.5444 57.2744407653809
3866.0295 60.0167083740234
3866.5147 61.4075012207031
3866.9999 62.7358245849609
3867.4850 64.0563278198242
3867.9702 65.3691864013672
3868.4553 66.4305953979492
3868.9405 64.2238235473633
3869.4257 62.0325927734375
3869.9108 59.856632232666
3870.3960 57.695686340332
3870.8812 55.0698204040527
3871.3663 50.2448348999023
3871.8515 45.4507637023926
3872.3366 40.6870498657227
3872.8218 35.9531478881836
3873.3070 31.7822875976563
3873.7921 28.9712219238281
3874.2773 26.1773681640625
3874.7625 23.4004287719727
3875.2476 20.640100479126
3875.7328 18.419469833374
3876.2179 17.0198802947998
3876.7031 15.628529548645
3877.1883 14.2452783584595
3877.6734 12.8699922561646
3878.1586 12.1336650848389
3878.6438 12.0326633453369
3879.1289 11.9323835372925
3879.6141 11.8328132629395
3880.0992 11.7339372634888
3880.5844 12.425950050354
3881.0696 13.6272010803223
3881.5547 14.8222990036011
3882.0399 16.0113315582275
3882.5250 17.1943836212158
3883.0102 18.543062210083
3883.4954 19.9542617797852
3883.9805 21.3585052490234
3884.4657 22.7558860778809
3884.9509 24.1464881896973
3885.4360 24.9468536376953
3885.9212 25.6137218475342
3886.4063 26.2775440216064
3886.8915 26.9383563995361
3887.3767 27.59619140625
3887.8618 27.5327320098877
3888.3470 27.4100666046143
3888.8322 27.2882022857666
3889.3173 27.167121887207
3889.8025 27.0109977722168
3890.2876 25.6166610717773
3890.7728 24.2290115356445
3891.2580 22.8479747772217
3891.7431 21.4734725952148
3892.2283 20.0959091186523
3892.7135 18.6626758575439
3893.1986 17.2360801696777
3893.6838 15.8160495758057
3894.1689 14.402512550354
3894.6541 13.1500406265259
3895.1393 12.4004688262939
3895.6244 11.6542930603027
3896.1096 10.9114818572998
3896.5948 10.1719989776611
3897.0799 9.57663249969482
3897.5651 9.25589275360107
3898.0502 8.93659019470215
3898.5354 8.61871147155762
3899.0206 8.3022403717041
3899.5057 8.08662223815918
3899.9909 7.99619293212891
3900.4760 7.90617990493774
3900.9612 7.81657981872559
3901.4464 7.72738838195801
3901.9315 7.65938186645508
3902.4167 7.60885000228882
3902.9019 7.55855751037598
3903.3870 7.50850105285645
3903.8722 7.45867872238159
3904.3573 7.42350387573242
3904.8425 7.39625024795532
3905.3277 7.3691349029541
3905.8128 7.34215545654297
3906.2980 7.31531190872192
3906.7832 7.31511402130127
3907.2683 7.32366132736206
3907.7535 7.33219861984253
3908.2386 7.34072971343994
3908.7238 7.34925222396851
3909.2090 7.29223728179932
3909.6941 7.22430658340454
3910.1793 7.15667343139648
3910.6645 7.08933544158936
3911.1496 7.02228975296021
3911.6348 6.96349763870239
3912.1199 6.90533351898193
3912.6051 6.84742498397827
3913.0903 6.78977251052856
3913.5754 6.73867607116699
3914.0606 6.79202651977539
3914.5457 6.84521102905273
3915.0309 6.89823055267334
3915.5161 6.95108985900879
3916.0012 6.9975438117981
3916.4864 7.01056575775146
3916.9716 7.02358531951904
3917.4567 7.0366039276123
3917.9419 7.04962396621704
3918.4270 7.05476188659668
3918.9122 7.03731822967529
3919.3974 7.01999425888062
3919.8825 7.0027904510498
3920.3677 6.98570966720581
3920.8529 6.97623872756958
3921.3380 6.98024892807007
3921.8232 6.98431491851807
3922.3083 6.98843765258789
3922.7935 6.99262094497681
3923.2787 7.00619792938232
3923.7638 7.03082847595215
3924.2490 7.05546236038208
3924.7342 7.08010196685791
3925.2193 7.10475540161133
3925.7045 7.06557989120483
3926.1896 6.97602987289429
3926.6748 6.88687992095947
3927.1600 6.79813528060913
3927.6451 6.70980262756348
3928.1303 6.68401718139648
3928.6155 6.69094038009644
3929.1006 6.69802522659302
3929.5858 6.70528936386108
3930.0709 6.71275424957275
3930.5561 6.69865894317627
3931.0413 6.67781400680542
3931.5264 6.65731906890869
3932.0116 6.63720035552979
3932.4967 6.61748361587524
3932.9819 6.61534881591797
3933.4671 6.61657190322876
3933.9522 6.61822032928467
3934.4374 6.62030029296875
3934.9226 6.62280559539795
3935.4077 6.61362361907959
3935.8929 6.60422086715698
3936.3780 6.5951828956604
3936.8632 6.58647871017456
3937.3484 6.5816764831543
3937.8335 6.64714241027832
3938.3187 6.71278285980225
3938.8039 6.77858066558838
3939.2890 6.84452199935913
3939.7742 6.90870952606201
3940.2593 6.96201133728027
3940.7445 7.01542615890503
3941.2297 7.06893634796143
3941.7148 7.12252998352051
3942.2000 7.1633677482605
3942.6852 7.16433000564575
3943.1703 7.16536855697632
3943.6555 7.16646909713745
3944.1406 7.16762065887451
3944.6258 7.15910625457764
3945.1110 7.13175058364868
3945.5961 7.10442924499512
3946.0813 7.07713270187378
3946.5664 7.04985427856445
3947.0516 7.0827431678772
3947.5368 7.1934986114502
3948.0219 7.30418062210083
3948.5071 7.41478157043457
3948.9923 7.52529621124268
3949.4774 7.58642435073853
3949.9626 7.60404396057129
3950.4477 7.62161207199097
3950.9329 7.63912534713745
3951.4181 7.65657901763916
3951.9032 7.68464136123657
3952.3884 7.71897792816162
3952.8736 7.7532377243042
3953.3587 7.78741931915283
3953.8439 7.82152080535889
3954.3290 7.86683702468872
3954.8142 7.91640663146973
3955.2994 7.96588230133057
3955.7845 8.01526165008545
3956.2697 8.06454372406006
3956.7549 8.29895877838135
3957.2400 8.57463836669922
3957.7252 8.85004234313965
3958.2103 9.12516784667969
3958.6955 9.40000820159912
3959.1807 10.8150215148926
3959.6658 12.3397150039673
3960.1510 13.8630523681641
3960.6362 15.3850040435791
3961.1213 16.9093647003174
3961.6065 19.1323318481445
3962.0916 21.3532180786133
3962.5768 23.5719814300537
3963.0620 25.788595199585
3963.5471 27.9683837890625
3964.0323 29.8314743041992
3964.5174 31.6926574707031
3965.0026 33.5519104003906
3965.4878 35.4092140197754
3965.9729 37.0199012756348
3966.4581 37.603702545166
3966.9433 38.1867485046387
3967.4284 38.7690544128418
3967.9136 39.3505973815918
3968.3987 39.4853553771973
3968.8839 38.5049896240234
3969.3691 37.5254745483398
3969.8542 36.5468215942383
3970.3394 35.5690422058105
3970.8246 34.1115875244141
3971.3097 31.8665199279785
3971.7949 29.6237125396729
3972.2800 27.3831939697266
3972.7652 25.1449813842773
3973.2504 23.0517482757568
3973.7355 21.1209678649902
3974.2207 19.1922264099121
3974.7059 17.2655429840088
3975.1910 15.3409357070923
3975.6762 14.0171728134155
3976.1613 13.159592628479
3976.6465 12.3029289245605
3977.1317 11.4471921920776
3977.6168 10.5923910140991
3978.1020 9.97057056427002
3978.5871 9.47179412841797
3979.0723 8.97355937957764
3979.5575 8.47587013244629
3980.0426 7.9787335395813
3980.5278 7.77164030075073
3981.0130 7.66325998306274
3981.4981 7.55496644973755
3981.9833 7.44675827026367
3982.4684 7.33863639831543
3982.9536 7.25930643081665
3983.4388 7.1856107711792
3983.9239 7.11195755004883
3984.4091 7.03834629058838
3984.8943 6.96477890014648
3985.3794 6.9111795425415
3985.8646 6.85914611816406
3986.3497 6.80712509155273
3986.8349 6.75511837005615
3987.3201 6.70272254943848
3987.8052 6.62865447998047
3988.2904 6.55463266372681
3988.7756 6.48065900802612
3989.2607 6.40673351287842
3989.7459 6.34512710571289
3990.2310 6.38448429107666
3990.7162 6.42371988296509
3991.2014 6.46283340454102
3991.6865 6.50182294845581
3992.1717 6.53366661071777
3992.6569 6.53698396682739
3993.1420 6.54023551940918
3993.6272 6.54342317581177
3994.1123 6.54654741287231
3994.5975 6.54620599746704
3995.0827 6.53738260269165
3995.5678 6.52852249145508
3996.0530 6.51962947845459
3996.5381 6.51070880889893
3997.0233 6.4922456741333
3997.5085 6.45804119110107
3997.9936 6.4238657951355
3998.4788 6.38972520828247
3998.9640 6.35562515258789
3999.4491 6.32633256912231
3999.9343 6.30254936218262
4000.4194 6.27880811691284
4000.9046 6.25511789321899
4001.3898 6.23148584365845
4001.8749 6.21781778335571
4002.3601 6.21217155456543
4002.8453 6.20658016204834
4003.3304 6.20105266571045
4003.8156 6.19559812545776
4004.3007 6.19489526748657
4004.7859 6.19687652587891
4005.2711 6.19894456863403
4005.7562 6.20110654830933
4006.2414 6.20336675643921
4006.7266 6.20615100860596
4007.2117 6.20919513702393
4007.6969 6.21234512329102
4008.1820 6.21560335159302
4008.6672 6.21896934509277
4009.1524 6.22528505325317
4009.6375 6.23234415054321
4010.1227 6.23951625823975
4010.6079 6.24680519104004
4011.0930 6.25421810150146
4011.5782 6.26201677322388
4012.0633 6.26997947692871
4012.5485 6.27808713912964
4013.0337 6.28634786605835
4013.5188 6.29476881027222
4014.0040 6.30978631973267
4014.4891 6.32502794265747
4014.9743 6.34044599533081
4015.4595 6.35604667663574
4015.9446 6.37240886688232
4016.4298 6.39572811126709
4016.9150 6.41923904418945
4017.4001 6.44294452667236
4017.8853 6.46684503555298
4018.3704 6.52080297470093
4018.8556 6.72671699523926
4019.3408 6.93279647827148
4019.8259 7.13905811309814
4020.3111 7.34551763534546
4020.7963 7.54032230377197
4021.2814 7.69981861114502
4021.7666 7.8595552444458
4022.2517 8.01954460144043
4022.7369 8.17980098724365
4023.2221 8.29238700866699
4023.7072 8.31048774719238
4024.1924 8.32882595062256
4024.6776 8.3474006652832
4025.1627 8.3662052154541
4025.6479 8.36655712127686
4026.1330 8.34145450592041
4026.6182 8.31653022766113
4027.1034 8.29177284240723
4027.5885 8.26716804504395
4028.0737 8.14766502380371
4028.5588 7.935546875
4029.0440 7.72338628768921
4029.5292 7.51116228103638
4030.0143 7.29885673522949
4030.4995 7.12696170806885
4030.9847 6.98301935195923
4031.4698 6.83901453018188
4031.9550 6.69493579864502
4032.4401 6.55077123641968
4032.9253 6.4387640953064
4033.4105 6.34217834472656
4033.8956 6.24552774429321
4034.3808 6.14880323410034
4034.8660 6.05199575424194
4035.3511 6.01825332641602
4035.8363 6.00446605682373
4036.3214 5.99067115783691
4036.8066 5.97686195373535
4037.2918 5.96303510665894
4037.7769 5.95940256118774
4038.2621 5.95765113830566
4038.7473 5.95588731765747
4039.2324 5.95410823822021
4039.7176 5.9523138999939
4040.2027 5.95416259765625
4040.6879 5.95628595352173
4041.1731 5.95839548110962
4041.6582 5.96049118041992
4042.1434 5.96223020553589
4042.6286 5.93131256103516
4043.1137 5.9003472328186
4043.5989 5.86933517456055
4044.0840 5.83827972412109
4044.5692 5.80815696716309
4045.0544 5.78747129440308
4045.5395 5.76675891876221
4046.0247 5.74602174758911
4046.5098 5.72525787353516
4046.9950 5.71176433563232
4047.4802 5.73242807388306
4047.9653 5.75310230255127
4048.4505 5.77378225326538
4048.9357 5.79446506500244
4049.4208 5.81036615371704
4049.9060 5.81253051757813
4050.3911 5.8146653175354
4050.8763 5.8167667388916
4051.3615 5.81883144378662
4051.8466 5.82619667053223
4052.3318 5.84387397766113
4052.8170 5.86152410507202
4053.3021 5.87914562225342
4053.7873 5.89673709869385
4054.2724 5.91315317153931
4054.7576 5.92796754837036
4055.2428 5.94274520874023
4055.7279 5.95748472213745
4056.2131 5.97218418121338
4056.6983 5.98745250701904
4057.1834 6.0032811164856
4057.6686 6.01906871795654
4058.1537 6.03481483459473
4058.6389 6.05051898956299
4059.1241 6.07418346405029
4059.6092 6.10349178314209
4060.0944 6.13276767730713
4060.5795 6.16201114654541
4061.0647 6.19122362136841
4061.5499 6.2692756652832
4062.0350 6.37186193466187
4062.5202 6.47447156906128
4063.0054 6.57710599899292
4063.4905 6.6797661781311
4063.9757 6.77939319610596
4064.4608 6.87800645828247
4064.9460 6.97664308547974
4065.4312 7.07530164718628
4065.9163 7.17397785186768
4066.4015 7.2216100692749
4066.8867 7.25853157043457
4067.3718 7.29542875289917
4067.8570 7.33229732513428
4068.3421 7.36913347244263
4068.8273 7.3730034828186
4069.3125 7.37343692779541
4069.7976 7.3738112449646
4070.2828 7.37412261962891
4070.7680 7.37437057495117
4071.2531 7.3046817779541
4071.7383 7.23396158218384
4072.2234 7.1631498336792
4072.7086 7.09224796295166
4073.1938 7.02380228042603
4073.6789 6.99118185043335
4074.1641 6.95848178863525
4074.6493 6.92570304870605
4075.1344 6.89284753799438
4075.6196 6.85439157485962
4076.1047 6.78339052200317
4076.5899 6.71232414245605
4077.0751 6.64120101928711
4077.5602 6.57003211975098
4078.0454 6.50435400009155
4078.5305 6.45775270462036
4079.0157 6.41113567352295
4079.5009 6.36450958251953
4079.9860 6.31788110733032
4080.4712 6.2827844619751
4080.9564 6.27420902252197
4081.4415 6.26565265655518
4081.9267 6.25712013244629
4082.4118 6.2486138343811
4082.8970 6.26116371154785
4083.3822 6.30783939361572
4083.8673 6.35456371307373
4084.3525 6.40134048461914
4084.8377 6.44817161560059
4085.3228 6.47173500061035
4085.8080 6.46792507171631
4086.2931 6.46416330337524
4086.7783 6.46044921875
4087.2635 6.45678329467773
4087.7486 6.50885391235352
4088.2338 6.60891580581665
4088.7190 6.70906639099121
4089.2041 6.80930662155151
4089.6893 6.90963745117188
4090.1744 7.06205606460571
4090.6596 7.24713325500488
4091.1448 7.43234395980835
4091.6299 7.61769008636475
4092.1151 7.80317401885986
4092.6002 8.65966701507568
4093.0854 9.8147144317627
4093.5706 10.9704055786133
4094.0557 12.1267547607422
4094.5409 13.2837781906128
4095.0261 15.1382083892822
4095.5112 17.2025051116943
4095.9964 19.2680168151855
4096.4815 21.3347587585449
4096.9667 23.4027462005615
4097.4519 24.50803565979
4097.9370 25.4388561248779
4098.4222 26.3702583312988
4098.9074 27.3022365570068
4099.3925 28.2347793579102
4099.8777 28.7492485046387
4100.3628 29.2289714813232
4100.8480 29.7089424133301
4101.3332 30.1891460418701
4101.8183 30.6695613861084
4102.3035 29.7547378540039
4102.7887 28.837963104248
4103.2738 27.920560836792
4103.7590 27.002513885498
4104.2441 25.9953002929688
4104.7293 23.8959712982178
4105.2145 21.7953910827637
4105.6996 19.6935863494873
4106.1848 17.5905933380127
4106.6700 15.6409578323364
4107.1551 14.5607042312622
4107.6403 13.4798336029053
4108.1254 12.3983678817749
4108.6106 11.316333770752
4109.0958 10.3573303222656
4109.5809 9.82051181793213
4110.0661 9.28339290618896
4110.5512 8.74598693847656
4111.0364 8.20830917358398
4111.5216 7.7471284866333
4112.0067 7.46357727050781
4112.4919 7.179856300354
4112.9771 6.89597511291504
4113.4622 6.61194515228271
4113.9474 6.41642379760742
4114.4325 6.36762714385986
4114.9177 6.31871652603149
4115.4029 6.26969242095947
4115.8880 6.22055578231812
4116.3732 6.18558311462402
4116.8584 6.16786432266235
4117.3435 6.15003061294556
4117.8287 6.13208341598511
4118.3138 6.11402130126953
4118.7990 6.09259700775146
4119.2842 6.06812906265259
4119.7693 6.04355382919312
4120.2545 6.01887369155884
4120.7397 5.99409198760986
4121.2248 5.95327425003052
4121.7100 5.90173816680908
4122.1951 5.85012769699097
4122.6803 5.79844903945923
4123.1655 5.74670839309692
4123.6506 5.71357536315918
4124.1358 5.68941640853882
4124.6209 5.66520023345947
4125.1061 5.64093494415283
4125.5913 5.61662864685059
4126.0764 5.60043954849243
4126.5616 5.58697748184204
4127.0468 5.57349967956543
4127.5319 5.56001949310303
4128.0171 5.54654932022095
4128.5022 5.51128768920898
4128.9874 5.4713191986084
4129.4726 5.43141651153564
4129.9577 5.39158868789673
4130.4429 5.35184478759766
4130.9281 5.33504867553711
4131.4132 5.32104015350342
4131.8984 5.30711460113525
4132.3835 5.29327487945557
4132.8687 5.27952098846436
4133.3539 5.30248880386353
4133.8390 5.32677030563354
4134.3242 5.35111570358276
4134.8094 5.37552356719971
4135.2945 5.40096378326416
4135.7797 5.44992399215698
4136.2648 5.49893617630005
4136.7500 5.54800081253052
4137.2352 5.59711980819702
4137.7203 5.64216709136963
4138.2055 5.65461540222168
4138.6907 5.66713094711304
4139.1758 5.67971277236938
4139.6610 5.69236040115356
4140.1461 5.70003318786621
4140.6313 5.68547201156616
4141.1165 5.67098331451416
4141.6016 5.65656757354736
4142.0868 5.64222526550293
4142.5719 5.63302326202393
4143.0571 5.63858890533447
4143.5423 5.64423418045044
4144.0274 5.64996099472046
4144.5126 5.65577030181885
4144.9978 5.65846252441406
4145.4829 5.65468263626099
4145.9681 5.65097951889038
4146.4532 5.6473503112793
4146.9384 5.64379072189331
4147.4236 5.62236404418945
4147.9087 5.57404661178589
4148.3939 5.52577590942383
4148.8791 5.47754573822021
4149.3642 5.42935132980347
4149.8494 5.39882707595825
4150.3345 5.38816070556641
4150.8197 5.37752676010132
4151.3049 5.36691999435425
4151.7900 5.35633563995361
4152.2752 5.34150505065918
4152.7604 5.32308053970337
4153.2455 5.30466222763062
4153.7307 5.28624677658081
4154.2158 5.26783180236816
4154.7010 5.25713682174683
4155.1862 5.2513222694397
4155.6713 5.24550199508667
4156.1565 5.23967218399048
4156.6416 5.2338285446167
4157.1268 5.22161960601807
4157.6120 5.2064414024353
4158.0971 5.19123458862305
4158.5823 5.17599487304688
4159.0675 5.16071891784668
4159.5526 5.15349292755127
4160.0378 5.14887285232544
4160.5229 5.14421129226685
4161.0081 5.1395058631897
4161.4933 5.13475465774536
4161.9784 5.15553998947144
4162.4636 5.18176031112671
4162.9488 5.20793485641479
4163.4339 5.23406028747559
4163.9191 5.26013278961182
4164.4042 5.23230075836182
4164.8894 5.19798231124878
4165.3746 5.16359663009644
4165.8597 5.12914228439331
4166.3449 5.09461879730225
4166.8301 5.09066390991211
4167.3152 5.08781433105469
4167.8004 5.08489465713501
4168.2855 5.08190584182739
4168.7707 5.07872200012207
4169.2559 5.07173728942871
4169.7410 5.06468772888184
4170.2262 5.05757570266724
4170.7114 5.05040597915649
4171.1965 5.0423641204834
4171.6817 5.02703428268433
4172.1668 5.01166296005249
4172.6520 4.99625396728516
4173.1372 4.98081016540527
4173.6223 4.96604251861572
4174.1075 4.95468759536743
4174.5926 4.94329881668091
4175.0778 4.93187379837036
4175.5630 4.92041110992432
4176.0481 4.91663789749146
4176.5333 4.93737697601318
4177.0185 4.95806121826172
4177.5036 4.9786901473999
4177.9888 4.99926376342773
4178.4739 5.01482439041138
4178.9591 5.01918649673462
4179.4443 5.02349853515625
4179.9294 5.02775764465332
4180.4146 5.03196048736572
4180.8998 5.03571081161499
4181.3849 5.03874826431274
4181.8701 5.04171657562256
4182.3552 5.04461240768433
4182.8404 5.04743242263794
4183.3256 5.06369686126709
4183.8107 5.09678411483765
4184.2959 5.12976837158203
4184.7811 5.16264724731445
4185.2662 5.19542121887207
4185.7514 5.19163131713867
4186.2365 5.15304231643677
4186.7217 5.11441659927368
4187.2069 5.07576036453247
4187.6920 5.03707838058472
4188.1772 5.01512002944946
4188.6624 5.0052638053894
4189.1475 4.99536609649658
4189.6327 4.98542881011963
4190.1178 4.97545623779297
4190.6030 4.97052574157715
4191.0882 4.96832656860352
4191.5733 4.96609115600586
4192.0585 4.9638237953186
4192.5436 4.96152687072754
4193.0288 4.94583415985107
4193.5140 4.92478847503662
4193.9991 4.9037446975708
4194.4843 4.88270473480225
4194.9695 4.8616738319397
4195.4546 4.85765933990479
4195.9398 4.85840129852295
4196.4249 4.85914087295532
4196.9101 4.85988426208496
4197.3953 4.86063718795776
4197.8804 4.84530115127563
4198.3656 4.8271222114563
4198.8508 4.80899477005005
4199.3359 4.79092359542847
4199.8211 4.77291345596313
4200.3062 4.75348520278931
4200.7914 4.73398590087891
4201.2766 4.71455669403076
4201.7617 4.69519662857056
4202.2469 4.67590761184692
4202.7321 4.68237543106079
4203.2172 4.68938684463501
4203.7024 4.69644260406494
4204.1875 4.70354175567627
4204.6727 4.70965623855591
4205.1579 4.6950044631958
4205.6430 4.68041324615479
4206.1282 4.66588258743286
4206.6133 4.65141105651855
4207.0985 4.63542509078979
4207.5837 4.60715532302856
4208.0688 4.5789532661438
4208.5540 4.55081748962402
4209.0392 4.52274656295776
4209.5243 4.49980163574219
4210.0095 4.5001654624939
4210.4946 4.50057220458984
4210.9798 4.50102090835571
4211.4650 4.50151062011719
4211.9501 4.5021538734436
4212.4353 4.50318336486816
4212.9205 4.50425386428833
4213.4056 4.50536489486694
4213.8908 4.50651836395264
4214.3759 4.50740194320679
4214.8611 4.50763320922852
4215.3463 4.50791120529175
4215.8314 4.5082368850708
4216.3166 4.50861120223999
4216.8018 4.50876665115356
4217.2869 4.50852680206299
4217.7721 4.50832843780518
4218.2572 4.50817060470581
4218.7424 4.50804996490479
4219.2276 4.50654220581055
4219.7127 4.50325489044189
4220.1979 4.49999856948853
4220.6831 4.49677133560181
4221.1682 4.49357080459595
4221.6534 4.49918603897095
4222.1385 4.51346063613892
4222.6237 4.52775382995605
4223.1089 4.54206609725952
4223.5940 4.556396484375
4224.0792 4.54992961883545
4224.5643 4.52771091461182
4225.0495 4.50552034378052
4225.5347 4.48335838317871
4226.0198 4.46122455596924
4226.5050 4.44881200790405
4226.9902 4.44204092025757
4227.4753 4.43529319763184
4227.9605 4.42856693267822
4228.4456 4.42185878753662
4228.9308 4.41842126846313
4229.4160 4.41640949249268
4229.9011 4.41441011428833
4230.3863 4.41242122650146
4230.8715 4.41044330596924
4231.3566 4.41677236557007
4231.8418 4.42571640014648
4232.3269 4.43467617034912
4232.8121 4.44365406036377
4233.2973 4.4526538848877
4233.7824 4.45962238311768
4234.2676 4.46617984771729
4234.7528 4.47276067733765
4235.2379 4.4793643951416
4235.7231 4.4859881401062
4236.2082 4.49469184875488
4236.6934 4.50366926193237
4237.1786 4.51265954971313
4237.6637 4.5216588973999
4238.1489 4.5306658744812
4238.6340 4.54171657562256
4239.1192 4.5528736114502
4239.6044 4.56403350830078
4240.0895 4.5751953125
4240.5747 4.58601379394531
4241.0599 4.57425022125244
4241.5450 4.56248760223389
4242.0302 4.55072689056396
4242.5153 4.53896856307983
4243.0005 4.52709579467773
4243.4857 4.51383543014526
4243.9708 4.50057935714722
4244.4560 4.48732709884644
4244.9412 4.47407865524292
4245.4263 4.46143960952759
4245.9115 4.4525032043457
4246.3966 4.44357061386108
4246.8818 4.43464422225952
4247.3670 4.4257230758667
4247.8521 4.42214393615723
4248.3373 4.43947172164917
4248.8225 4.45680665969849
4249.3076 4.47414827346802
4249.7928 4.49149656295776
4250.2779 4.49726009368896
4250.7631 4.47101020812988
4251.2483 4.44476461410522
4251.7334 4.41852140426636
4252.2186 4.39227914810181
4252.7038 4.37774515151978
4253.1889 4.3871955871582
4253.6741 4.396644115448
4254.1592 4.40608739852905
4254.6444 4.41552400588989
4255.1296 4.41673374176025
4255.6147 4.40508222579956
4256.0999 4.39341640472412
4256.5850 4.38173484802246
4257.0702 4.37003660202026
4257.5554 4.3847861289978
4258.0405 4.43161010742188
4258.5257 4.47841739654541
4259.0109 4.52520799636841
4259.4960 4.57198143005371
4259.9812 4.61802768707275
4260.4663 4.66338443756104
4260.9515 4.70872259140015
4261.4367 4.75403928756714
4261.9218 4.79933404922485
4262.4070 4.81832408905029
4262.8922 4.81787729263306
4263.3773 4.81740045547485
4263.8625 4.81689023971558
4264.3476 4.81634283065796
4264.8328 4.81496906280518
4265.3180 4.81310176849365
4265.8031 4.81119155883789
4266.2883 4.80923652648926
4266.7735 4.8072361946106
4267.2586 4.80558395385742
4267.7438 4.80405855178833
4268.2289 4.80249309539795
4268.7141 4.80088996887207
4269.1993 4.79925203323364
4269.6844 4.76974725723267
4270.1696 4.73136949539185
4270.6547 4.69298267364502
4271.1399 4.65458965301514
4271.6251 4.61619472503662
4272.1102 4.58843803405762
4272.5954 4.56302309036255
4273.0806 4.53760766983032
4273.5657 4.51219129562378
4274.0509 4.48677253723145
4274.5360 4.4821081161499
4275.0212 4.48025798797607
4275.5064 4.47839260101318
4275.9915 4.4765100479126
4276.4767 4.47460889816284
4276.9619 4.46299362182617
4277.4470 4.4507474899292
4277.9322 4.43848133087158
4278.4173 4.426194190979
4278.9025 4.41386556625366
4279.3877 4.38063192367554
4279.8728 4.34738445281982
4280.3580 4.31412410736084
4280.8432 4.28085088729858
4281.3283 4.24974346160889
4281.8135 4.25210237503052
4282.2986 4.25443553924561
4282.7838 4.2567458152771
4283.2690 4.25903415679932
4283.7541 4.26397132873535
4284.2393 4.28826761245728
4284.7245 4.31253576278687
4285.2096 4.33677530288696
4285.6948 4.3609881401062
4286.1799 4.3779182434082
4286.6651 4.36195373535156
4287.1503 4.34598970413208
4287.6354 4.33002614974976
4288.1206 4.31406545639038
4288.6057 4.29981136322021
4289.0909 4.29093742370605
4289.5761 4.28206872940063
4290.0612 4.27320766448975
4290.5464 4.26435708999634
4291.0316 4.25807476043701
4291.5167 4.25777101516724
4292.0019 4.25747585296631
4292.4870 4.25718975067139
4292.9722 4.25691366195679
4293.4574 4.26019668579102
4293.9425 4.26981782913208
4294.4277 4.27945041656494
4294.9129 4.28909587860107
4295.3980 4.29875802993774
4295.8832 4.30047416687012
4296.3683 4.29114437103271
4296.8535 4.28184652328491
4297.3387 4.27258110046387
4297.8238 4.26334953308105
4298.3090 4.25301027297974
4298.7942 4.24145603179932
4299.2793 4.22993850708008
4299.7645 4.21845817565918
4300.2496 4.20701503753662
4300.7348 4.21039152145386
4301.2200 4.22658443450928
4301.7051 4.24280452728271
4302.1903 4.25905227661133
4302.6754 4.2753267288208
4303.1606 4.28541374206543
4303.6458 4.29129695892334
4304.1309 4.29721069335938
4304.6161 4.30315446853638
4305.1013 4.3091287612915
4305.5864 4.31216812133789
4306.0716 4.31366443634033
4306.5567 4.31519031524658
4307.0419 4.31674480438232
4307.5271 4.31832790374756
4308.0122 4.32022285461426
4308.4974 4.3222599029541
4308.9826 4.3243236541748
4309.4677 4.32641172409058
4309.9529 4.32852411270142
4310.4380 4.34576797485352
4310.9232 4.36754751205444
4311.4084 4.38934755325317
4311.8935 4.41116666793823
4312.3787 4.43300533294678
4312.8639 4.46674823760986
4313.3490 4.50297880172729
4313.8342 4.53922510147095
4314.3193 4.57548856735229
4314.8045 4.61176776885986
4315.2897 4.63600730895996
4315.7748 4.6587085723877
4316.2600 4.68142461776733
4316.7452 4.70415544509888
4317.2303 4.72690010070801
4317.7155 4.74833393096924
4318.2006 4.76970148086548
4318.6858 4.79108095169067
4319.1710 4.81247186660767
4319.6561 4.83385610580444
4320.1413 4.84073925018311
4320.6264 4.84763145446777
4321.1116 4.85453224182129
4321.5968 4.86144208908081
4322.0819 4.86929035186768
4322.5671 4.89206838607788
4323.0523 4.91485452651978
4323.5374 4.93764781951904
4324.0226 4.96044826507568
4324.5077 4.98475122451782
4324.9929 5.0204610824585
4325.4781 5.05617713928223
4325.9632 5.09190034866333
4326.4484 5.12762928009033
4326.9336 5.17329072952271
4327.4187 5.26635599136353
4327.9039 5.35943031311035
4328.3890 5.45251369476318
4328.8742 5.54560613632202
4329.3594 5.74517154693604
4329.8445 6.30080509185791
4330.3297 6.85647964477539
4330.8149 7.41219615936279
4331.3000 7.96795415878296
4331.7852 9.19648742675781
4332.2703 12.0958890914917
4332.7555 14.9955053329468
4333.2407 17.8953380584717
4333.7258 20.7953910827637
4334.2110 23.6142292022705
4334.6961 26.2778491973877
4335.1813 28.9416790008545
4335.6665 31.6057224273682
4336.1516 34.2699775695801
4336.6368 36.4007873535156
4337.1220 37.7326049804688
4337.6071 39.0645408630371
4338.0923 40.3965950012207
4338.5774 41.7287712097168
4339.0626 42.5772514343262
4339.5478 42.8506088256836
4340.0329 43.1240119934082
4340.5181 43.3974571228027
4341.0033 43.6709518432617
4341.4884 42.5071487426758
4341.9736 39.9797019958496
4342.4587 37.4520606994629
4342.9439 34.9242172241211
4343.4291 32.396167755127
4343.9142 29.6334056854248
4344.3994 26.6930255889893
4344.8846 23.7523880004883
4345.3697 20.8114833831787
4345.8549 17.8703022003174
4346.3400 15.95299243927
4346.8252 14.6489429473877
4347.3104 13.3447704315186
4347.7955 12.0404710769653
4348.2807 10.7360401153564
4348.7659 9.79612827301025
4349.2510 9.02668762207031
4349.7362 8.25716781616211
4350.2213 7.48756408691406
4350.7065 6.71787357330322
4351.1917 6.34375286102295
4351.6768 6.11071491241455
4352.1620 5.87765693664551
4352.6471 5.64457559585571
4353.1323 5.41147232055664
4353.6175 5.3484468460083
4354.1026 5.32989501953125
4354.5878 5.31135129928589
4355.0730 5.29281663894653
4355.5581 5.2742919921875
4356.0433 5.36166954040527
4356.5284 5.46801805496216
4357.0136 5.57439947128296
4357.4988 5.68081521987915
4357.9839 5.78726577758789
4358.4691 5.82184982299805
4358.9543 5.84879016876221
4359.4394 5.87575101852417
4359.9246 5.90273332595825
4360.4097 5.92973661422729
4360.8949 5.94987869262695
4361.3801 5.96974563598633
4361.8652 5.98963212966919
4362.3504 6.0095386505127
4362.8356 6.02846622467041
4363.3207 5.97736930847168
4363.8059 5.92627334594727
4364.2910 5.87517738342285
4364.7762 5.82408094406128
4365.2614 5.7653660774231
4365.7465 5.60397243499756
4366.2317 5.44254398345947
4366.7168 5.28107976913452
4367.2020 5.11957740783691
4367.6872 4.96764421463013
4368.1723 4.8835916519165
4368.6575 4.79951953887939
4369.1427 4.71542596817017
4369.6278 4.63130855560303
4370.1130 4.55479955673218
4370.5981 4.51334190368652
4371.0833 4.47186994552612
4371.5685 4.4303822517395
4372.0536 4.38887691497803
4372.5388 4.35059309005737
4373.0240 4.32294082641602
4373.5091 4.29526948928833
4373.9943 4.26757764816284
4374.4794 4.23986291885376
4374.9646 4.21622085571289
4375.4498 4.20269012451172
4375.9349 4.18913412094116
4376.4201 4.17554950714111
4376.9053 4.1619348526001
4377.3904 4.15887451171875
4377.8756 4.17612838745117
4378.3607 4.19335269927979
4378.8459 4.21054649353027
4379.3311 4.22771072387695
4379.8162 4.24736833572388
4380.3014 4.27083778381348
4380.7866 4.29428291320801
4381.2717 4.3177056312561
4381.7569 4.34110927581787
4382.2420 4.3641185760498
4382.7272 4.38665533065796
4383.2124 4.40918970108032
4383.6975 4.43172836303711
4384.1827 4.45427703857422
4384.6678 4.47012376785278
4385.1530 4.47939777374268
4385.6382 4.48868799209595
4386.1233 4.49799299240112
4386.6085 4.50730991363525
4387.0937 4.50155353546143
4387.5788 4.48388481140137
4388.0640 4.46621179580688
4388.5491 4.44852924346924
4389.0343 4.43083429336548
4389.5195 4.4127836227417
4390.0046 4.39449787139893
4390.4898 4.37619256973267
4390.9750 4.35786581039429
4391.4601 4.33951473236084
4391.9453 4.3046932220459
4392.4304 4.26160478591919
4392.9156 4.21848964691162
4393.4008 4.17534828186035
4393.8859 4.13218116760254
4394.3711 4.11089515686035
4394.8563 4.09811305999756
4395.3414 4.08530807495117
4395.8266 4.07248020172119
4396.3117 4.0596284866333
4396.7969 4.0459041595459
4397.2821 4.03190517425537
4397.7672 4.01787996292114
4398.2524 4.00382804870605
4398.7376 3.98975014686584
4399.2227 3.98607492446899
4399.7079 3.98456215858459
4400.1930 3.98302674293518
4400.6782 3.98147010803223
4401.1634 3.97989439964294
4401.6485 3.97237753868103
4402.1337 3.96403646469116
4402.6188 3.95568180084229
4403.1040 3.94731497764587
4403.5892 3.9389374256134
4404.0743 3.93844819068909
4404.5595 3.93851566314697
4405.0447 3.93857383728027
4405.5298 3.93862390518188
4406.0150 3.93866443634033
4406.5001 3.93460822105408
4406.9853 3.93048524856567
4407.4705 3.92635250091553
4407.9556 3.92220902442932
4408.4408 3.91801023483276
4408.9260 3.91269755363464
4409.4111 3.90737509727478
4409.8963 3.90204334259033
4410.3814 3.89670324325562
4410.8666 3.89204907417297
4411.3518 3.89423251152039
4411.8369 3.89641046524048
4412.3221 3.89858627319336
4412.8073 3.9007625579834
4413.2924 3.90120077133179
4413.7776 3.89134693145752
4414.2627 3.88150811195374
4414.7479 3.87168836593628
4415.2331 3.86189126968384
4415.7182 3.85359525680542
4416.2034 3.85133075714111
4416.6885 3.84909510612488
4417.1737 3.84688973426819
4417.6589 3.84471416473389
4418.1440 3.84235644340515
4418.6292 3.83939075469971
4419.1144 3.83644700050354
4419.5995 3.83352041244507
4420.0847 3.83060693740845
4420.5698 3.82595610618591
4421.0550 3.81728053092957
4421.5402 3.80860805511475
4422.0253 3.79993534088135
4422.5105 3.79126048088074
4422.9957 3.78580141067505
4423.4808 3.78619480133057
4423.9660 3.78657984733582
4424.4511 3.78695583343506
4424.9363 3.7873215675354
4425.4215 3.78679609298706
4425.9066 3.78497672080994
4426.3918 3.78314781188965
4426.8770 3.78131103515625
4427.3621 3.77946734428406
4427.8473 3.78223395347595
4428.3324 3.79043436050415
4428.8176 3.79863023757935
4429.3028 3.80682229995728
4429.7879 3.81501245498657
4430.2731 3.82527208328247
4430.7583 3.83751177787781
4431.2434 3.84975337982178
4431.7286 3.8619978427887
4432.2137 3.8742470741272
4432.6989 3.87807440757751
4433.1841 3.87537169456482
4433.6692 3.87268257141113
4434.1544 3.87000894546509
4434.6395 3.867351770401
4435.1247 3.86322927474976
4435.6099 3.85819697380066
4436.0950 3.85318470001221
4436.5802 3.8481924533844
4437.0654 3.84322118759155
4437.5505 3.832359790802
4438.0357 3.81856560707092
4438.5208 3.80479431152344
4439.0060 3.79104661941528
4439.4912 3.7773232460022
4439.9763 3.75625896453857
4440.4615 3.73233485221863
4440.9467 3.70843982696533
4441.4318 3.6845760345459
4441.9170 3.66074466705322
4442.4021 3.65648055076599
4442.8873 3.65808749198914
4443.3725 3.65973472595215
4443.8576 3.6614236831665
4444.3428 3.66315507888794
4444.8280 3.67145848274231
4445.3131 3.68122220039368
4445.7983 3.69102644920349
4446.2834 3.70086908340454
4446.7686 3.71074795722961
4447.2538 3.71543836593628
4447.7389 3.71939969062805
4448.2241 3.72339081764221
4448.7092 3.72740983963013
4449.1944 3.73145580291748
4449.6796 3.72271132469177
4450.1647 3.71293830871582
4450.6499 3.70318651199341
4451.1351 3.6934540271759
4451.6202 3.68374085426331
4452.1054 3.70347785949707
4452.5905 3.72397875785828
4453.0757 3.74450612068176
4453.5609 3.76505851745605
4454.0460 3.78505039215088
4454.5312 3.78382587432861
4455.0164 3.78261303901672
4455.5015 3.78141140937805
4455.9867 3.78021812438965
4456.4718 3.78006482124329
4456.9570 3.7921404838562
4457.4422 3.80422568321228
4457.9273 3.81631803512573
4458.4125 3.82841658592224
4458.8977 3.8416588306427
4459.3828 3.86260604858398
4459.8680 3.88355827331543
4460.3531 3.90451455116272
4460.8383 3.92547225952148
4461.3235 3.97489070892334
4461.8086 4.15410470962524
4462.2938 4.33338260650635
4462.7790 4.51272296905518
4463.2641 4.69212102890015
4463.7493 4.92440938949585
4464.2344 5.33293437957764
4464.7196 5.74159812927246
4465.2048 6.15039491653442
4465.6899 6.5593204498291
4466.1751 6.92029571533203
4466.6602 7.15867805480957
4467.1454 7.39711570739746
4467.6306 7.6356086730957
4468.1157 7.87415504455566
4468.6009 8.07441997528076
4469.0861 8.19767379760742
4469.5712 8.32093715667725
4470.0564 8.44420623779297
4470.5415 8.56747627258301
4471.0267 8.59428405761719
4471.5119 8.46558666229248
4471.9970 8.33680725097656
4472.4822 8.20794200897217
4472.9674 8.0789909362793
4473.4525 7.82197952270508
4473.9377 7.39759349822998
4474.4228 6.9730658531189
4474.9080 6.54840660095215
4475.3932 6.1236252784729
4475.8783 5.78512287139893
4476.3635 5.53864431381226
4476.8487 5.29210186004639
4477.3338 5.04550409317017
4477.8190 4.79886054992676
4478.3041 4.60716152191162
4478.7893 4.46334266662598
4479.2745 4.31951665878296
4479.7596 4.17569255828857
4480.2448 4.03187942504883
4480.7299 3.94318699836731
4481.2151 3.89365315437317
4481.7003 3.84415864944458
4482.1854 3.79470252990723
4482.6706 3.74527931213379
4483.1558 3.72874689102173
4483.6409 3.73112654685974
4484.1261 3.73352694511414
4484.6112 3.73593854904175
4485.0964 3.73835468292236
4485.5816 3.74189567565918
4486.0667 3.74594736099243
4486.5519 3.74998807907104
4487.0371 3.75401425361633
4487.5222 3.7580246925354
4488.0074 3.74253511428833
4488.4925 3.72001481056213
4488.9777 3.69746971130371
4489.4629 3.6749005317688
4489.9480 3.65230679512024
4490.4332 3.6350371837616
4490.9184 3.6192033290863
4491.4035 3.60334396362305
4491.8887 3.58745765686035
4492.3738 3.57154250144959
4492.8590 3.57195711135864
4493.3442 3.57555961608887
4493.8293 3.57912850379944
4494.3145 3.58266091346741
4494.7997 3.58615469932556
4495.2848 3.58765316009521
4495.7700 3.58885598182678
4496.2551 3.59001469612122
4496.7403 3.59112739562988
4497.2255 3.59219360351563
4497.7106 3.57848906517029
4498.1958 3.56372356414795
4498.6809 3.5489137172699
4499.1661 3.53406047821045
4499.6513 3.51916575431824
4500.1364 3.52014517784119
4500.6216 3.52132105827332
4501.1068 3.52245759963989
4501.5919 3.52355623245239
4502.0771 3.52438950538635
4502.5622 3.51890397071838
4503.0474 3.51338481903076
4503.5326 3.50783181190491
4504.0177 3.50224566459656
4504.5029 3.49746632575989
4504.9881 3.50170922279358
4505.4732 3.50591731071472
4505.9584 3.51009202003479
4506.4435 3.514235496521
4506.9287 3.51697969436646
4507.4139 3.5108859539032
4507.8990 3.50477457046509
4508.3842 3.49864864349365
4508.8694 3.49251103401184
4509.3545 3.48891139030457
4509.8397 3.49658370018005
4510.3248 3.50424242019653
4510.8100 3.51188826560974
4511.2952 3.51952219009399
4511.7803 3.52437663078308
4512.2655 3.52014589309692
4512.7506 3.5159158706665
4513.2358 3.51168870925903
4513.7210 3.50746726989746
4514.2061 3.50305128097534
4514.6913 3.49813318252563
4515.1765 3.49322938919067
4515.6616 3.48834252357483
4516.1468 3.483473777771
4516.6319 3.47901701927185
4517.1171 3.47536706924438
4517.6023 3.47173666954041
4518.0874 3.46812701225281
4518.5726 3.46453809738159
4519.0578 3.46134972572327
4519.5429 3.45879626274109
4520.0281 3.45626831054688
4520.5132 3.4537672996521
4520.9984 3.4512951374054
4521.4836 3.45195269584656
4521.9687 3.45672369003296
4522.4539 3.46152353286743
4522.9391 3.46635246276855
4523.4242 3.47121000289917
4523.9094 3.47459578514099
4524.3945 3.47638893127441
4524.8797 3.47820687294006
4525.3649 3.48004794120789
4525.8500 3.48190975189209
4526.3352 3.48206686973572
4526.8204 3.4807140827179
4527.3055 3.47937870025635
4527.7907 3.47806000709534
4528.2758 3.47675704956055
4528.7610 3.4707293510437
4529.2462 3.46127581596375
4529.7313 3.45183753967285
4530.2165 3.4424147605896
4530.7016 3.43300628662109
4531.1868 3.42234015464783
4531.6720 3.41093635559082
4532.1571 3.39954614639282
4532.6423 3.38817024230957
4533.1275 3.37680912017822
4533.6126 3.36275959014893
4534.0978 3.34743857383728
4534.5829 3.33213186264038
4535.0681 3.31683778762817
4535.5533 3.30155229568481
4536.0384 3.30225610733032
4536.5236 3.30897283554077
4537.0088 3.31568622589111
4537.4939 3.3223934173584
4537.9791 3.3290913105011
4538.4642 3.32435750961304
4538.9494 3.31630969047546
4539.4346 3.30824947357178
4539.9197 3.30017614364624
4540.4049 3.29209017753601
4540.8901 3.28569793701172
4541.3752 3.27965593338013
4541.8604 3.27360057830811
4542.3455 3.26753282546997
4542.8307 3.26145267486572
4543.3159 3.25998115539551
4543.8010 3.25916481018066
4544.2862 3.25833654403687
4544.7713 3.25749707221985
4545.2565 3.25664901733398
4545.7417 3.26865816116333
4546.2268 3.28174114227295
4546.7120 3.29482293128967
4547.1972 3.30790901184082
4547.6823 3.32100486755371
4548.1675 3.31575965881348
4548.6526 3.31000280380249
4549.1378 3.30428028106689
4549.6230 3.29859805107117
4550.1081 3.29322504997253
4550.5933 3.30066061019897
4551.0785 3.30814385414124
4551.5636 3.31567549705505
4552.0488 3.32325530052185
4552.5339 3.32980012893677
4553.0191 3.32180452346802
4553.5043 3.31385803222656
4553.9894 3.30596137046814
4554.4746 3.29811668395996
4554.9598 3.29127264022827
4555.4449 3.29157257080078
4555.9301 3.29192876815796
4556.4152 3.29234075546265
4556.9004 3.29280662536621
4557.3856 3.29252290725708
4557.8707 3.28827810287476
4558.3559 3.28407740592957
4558.8411 3.27991700172424
4559.3262 3.27579355239868
4559.8114 3.27047324180603
4560.2965 3.26069974899292
4560.7817 3.25094842910767
4561.2669 3.24121618270874
4561.7520 3.23149943351746
4562.2372 3.22426652908325
4562.7223 3.22393131256104
4563.2075 3.22361278533936
4563.6927 3.22330975532532
4564.1778 3.22302150726318
4564.6630 3.22197437286377
4565.1482 3.21924018859863
4565.6333 3.21651363372803
4566.1185 3.213791847229
4566.6036 3.21107220649719
4567.0888 3.20746088027954
4567.5740 3.20226979255676
4568.0591 3.19707059860229
4568.5443 3.19186067581177
4569.0295 3.18663835525513
4569.5146 3.18480801582336
4569.9998 3.18786811828613
4570.4849 3.19091701507568
4570.9701 3.1939537525177
4571.4553 3.1969780921936
4571.9404 3.20132994651794
4572.4256 3.20725297927856
4572.9108 3.2131621837616
4573.3959 3.21905589103699
4573.8811 3.22493171691895
4574.3662 3.22936224937439
4574.8514 3.23238396644592
4575.3366 3.23537969589233
4575.8217 3.23834800720215
4576.3069 3.24128746986389
4576.7921 3.23693656921387
4577.2772 3.22674417495728
4577.7624 3.21651530265808
4578.2475 3.20624876022339
4578.7327 3.1959445476532
4579.2179 3.19025373458862
4579.7030 3.18757605552673
4580.1882 3.18486475944519
4580.6733 3.18212127685547
4581.1585 3.17934799194336
4581.6437 3.18344020843506
4582.1288 3.1911792755127
4582.6140 3.19889855384827
4583.0992 3.2066011428833
4583.5843 3.21429061889648
4584.0695 3.2165060043335
4584.5546 3.21638131141663
4585.0398 3.21624708175659
4585.5250 3.21610260009766
4586.0101 3.21594882011414
4586.4953 3.22215700149536
4586.9805 3.23048663139343
4587.4656 3.23880910873413
4587.9508 3.24712586402893
4588.4359 3.25543832778931
4588.9211 3.25681757926941
4589.4063 3.25643920898438
4589.8914 3.25605845451355
4590.3766 3.25567579269409
4590.8618 3.255291223526
4591.3469 3.2484929561615
4591.8321 3.24052810668945
4592.3172 3.23256134986877
4592.8024 3.22459173202515
4593.2876 3.21661972999573
4593.7727 3.21538043022156
4594.2579 3.21493029594421
4594.7430 3.21447682380676
4595.2282 3.21402025222778
4595.7134 3.21355986595154
4596.1985 3.21736407279968
4596.6837 3.22142338752747
4597.1689 3.22547960281372
4597.6540 3.22953319549561
4598.1392 3.2335844039917
4598.6243 3.25183129310608
4599.1095 3.27019929885864
4599.5947 3.28856754302979
4600.0798 3.30693626403809
4600.5650 3.3252477645874
4601.0502 3.34217643737793
4601.5353 3.35910677909851
4602.0205 3.37603807449341
4602.5056 3.39297032356262
4602.9908 3.40842437744141
4603.4760 3.40857839584351
4603.9611 3.40873098373413
4604.4463 3.40888214111328
4604.9315 3.40903115272522
4605.4166 3.40857863426209
4605.9018 3.40433216094971
4606.3869 3.40008091926575
4606.8721 3.39582467079163
4607.3573 3.39156270027161
4607.8424 3.38518118858337
4608.3276 3.36947345733643
4608.8128 3.35375785827637
4609.2979 3.33803343772888
4609.7831 3.32230043411255
4610.2682 3.30695748329163
4610.7534 3.29291963577271
4611.2386 3.27887201309204
4611.7237 3.26481461524963
4612.2089 3.25074768066406
4612.6940 3.24018287658691
4613.1792 3.23857283592224
4613.6644 3.23695516586304
4614.1495 3.23533010482788
4614.6347 3.23369860649109
4615.1199 3.23336410522461
4615.6050 3.23567461967468
4616.0902 3.23798274993896
4616.5753 3.24028992652893
4617.0605 3.24259853363037
4617.5457 3.24754285812378
4618.0308 3.25682425498962
4618.5160 3.26611161231995
4619.0012 3.2754065990448
4619.4863 3.2847101688385
4619.9715 3.2917754650116
4620.4566 3.29582619667053
4620.9418 3.29988527297974
4621.4270 3.30395245552063
4621.9121 3.308025598526
4622.3973 3.31637167930603
4622.8825 3.32944655418396
4623.3676 3.34252667427063
4623.8528 3.3556113243103
4624.3379 3.36870050430298
4624.8231 3.38435673713684
4625.3083 3.40235662460327
4625.7934 3.42036437988281
4626.2786 3.4383807182312
4626.7637 3.45640850067139
4627.2489 3.48750352859497
4627.7341 3.52841687202454
4628.2192 3.56935095787048
4628.7044 3.61030912399292
4629.1896 3.65129494667053
4629.6747 3.68935298919678
4630.1599 3.72562599182129
4630.6450 3.76193237304688
4631.1302 3.79827404022217
4631.6154 3.83465123176575
4632.1005 3.8820743560791
4632.5857 3.93501615524292
4633.0709 3.98800086975098
4633.5560 4.0410304069519
4634.0412 4.09410619735718
4634.5263 4.13811063766479
4635.0115 4.17854356765747
4635.4967 4.2190203666687
4635.9818 4.25954055786133
4636.4670 4.3001012802124
4636.9522 4.32821702957153
4637.4373 4.35251188278198
4637.9225 4.37683200836182
4638.4076 4.40117311477661
4638.8928 4.4255313873291
4639.3780 4.42349910736084
4639.8631 4.41537761688232
4640.3483 4.40725040435791
4640.8335 4.39911556243896
4641.3186 4.39096927642822
4641.8038 4.35537147521973
4642.2889 4.3153133392334
4642.7741 4.27522754669189
4643.2593 4.23511123657227
4643.7444 4.19496440887451
4644.2296 4.16291904449463
4644.7147 4.13165664672852
4645.1999 4.10036373138428
4645.6851 4.06903982162476
4646.1702 4.03768539428711
4646.6554 4.03537178039551
4647.1406 4.03432464599609
4647.6257 4.03325510025024
4648.1109 4.03216314315796
4648.5960 4.03089046478271
4649.0812 4.00288438796997
4649.5664 3.97484707832336
4650.0515 3.94677877426147
4650.5367 3.91867923736572
4651.0219 3.89107584953308
4651.5070 3.87267518043518
4651.9922 3.85424327850342
4652.4773 3.83578014373779
4652.9625 3.81728625297546
4653.4477 3.79961228370667
4653.9328 3.78934407234192
4654.4180 3.77904796600342
4654.9032 3.76872539520264
4655.3883 3.75837755203247
4655.8735 3.74805998802185
4656.3586 3.7380268573761
4656.8438 3.72797274589539
4657.3290 3.71789836883545
4657.8141 3.70780563354492
4658.2993 3.6952338218689
4658.7844 3.67275476455688
4659.2696 3.65025973320007
4659.7548 3.62774991989136
4660.2399 3.60522627830505
4660.7251 3.57962346076965
4661.2103 3.5446925163269
4661.6954 3.50975465774536
4662.1806 3.47481203079224
4662.6657 3.43986797332764
4663.1509 3.4082179069519
4663.6361 3.38440155982971
4664.1212 3.36059069633484
4664.6064 3.33678865432739
4665.0916 3.31299710273743
4665.5767 3.29681086540222
4666.0619 3.29508447647095
4666.5470 3.29337453842163
4667.0322 3.29168343544006
4667.5174 3.29001188278198
4668.0025 3.29120397567749
4668.4877 3.29680919647217
4668.9729 3.30243754386902
4669.4580 3.30808877944946
4669.9432 3.31376361846924
4670.4283 3.32523250579834
4670.9135 3.34402990341187
4671.3987 3.3628523349762
4671.8838 3.38170099258423
4672.3690 3.40057635307312
4672.8542 3.4211003780365
4673.3393 3.44334149360657
4673.8245 3.46561193466187
4674.3096 3.48791337013245
4674.7948 3.51024627685547
4675.2800 3.54121971130371
4675.7651 3.57961058616638
4676.2503 3.61804127693176
4676.7354 3.65651321411133
4677.2206 3.69502830505371
4677.7058 3.74761652946472
4678.1909 3.81013345718384
4678.6761 3.8727080821991
4679.1613 3.93534326553345
4679.6464 3.99804162979126
4680.1316 4.07026720046997
4680.6167 4.14799404144287
4681.1019 4.22579765319824
4681.5871 4.30367946624756
4682.0722 4.38164281845093
4682.5574 4.44176864624023
4683.0426 4.49368858337402
4683.5277 4.54568099975586
4684.0129 4.59774780273438
4684.4980 4.64988994598389
4684.9832 4.6630973815918
4685.4684 4.66211223602295
4685.9535 4.66117143630981
4686.4387 4.66027450561523
4686.9239 4.65942049026489
4687.4090 4.61889600753784
4687.8942 4.56725692749023
4688.3793 4.51562166213989
4688.8645 4.46398639678955
4689.3497 4.41234922409058
4689.8348 4.34461307525635
4690.3200 4.27355527877808
4690.8051 4.20247220993042
4691.2903 4.13136005401611
4691.7755 4.06021690368652
4692.2606 3.98898553848267
4692.7458 3.91770839691162
4693.2310 3.84639000892639
4693.7161 3.77502727508545
4694.2013 3.70361685752869
4694.6864 3.65574288368225
4695.1716 3.60968899726868
4695.6568 3.56360292434692
4696.1419 3.51748132705688
4696.6271 3.47132301330566
4697.1123 3.43950343132019
4697.5974 3.40801072120667
4698.0826 3.37648940086365
4698.5677 3.34493803977966
4699.0529 3.31355977058411
4699.5381 3.2902045249939
4700.0232 3.26682353019714
4700.5084 3.24341607093811
4700.9936 3.21998143196106
4701.4787 3.19906568527222
4701.9639 3.21022510528564
4702.4490 3.22138833999634
4702.9342 3.23255467414856
4703.4194 3.24372386932373
4703.9045 3.26521921157837
4704.3897 3.36080265045166
4704.8749 3.45646333694458
4705.3600 3.55219841003418
4705.8452 3.64800691604614
4706.3303 3.73586702346802
4706.8155 3.78495740890503
4707.3007 3.83407783508301
4707.7858 3.88322806358337
4708.2710 3.93240880966187
4708.7561 3.97574734687805
4709.2413 3.99829792976379
4709.7265 4.02085828781128
4710.2116 4.04342889785767
4710.6968 4.06601142883301
4711.1820 4.07547283172607
4711.6671 4.04924392700195
4712.1523 4.02299213409424
4712.6374 3.99671745300293
4713.1226 3.97042346000671
4713.6078 3.92422842979431
4714.0929 3.83535385131836
4714.5781 3.74641132354736
4715.0633 3.65740060806274
4715.5484 3.56832265853882
4716.0336 3.48721504211426
4716.5187 3.41991233825684
4717.0039 3.35256004333496
4717.4891 3.28515768051147
4717.9742 3.21770524978638
4718.4594 3.16228747367859
4718.9446 3.12379264831543
4719.4297 3.08527255058289
4719.9149 3.04672694206238
4720.4000 3.00815582275391
4720.8852 2.9783399105072
4721.3704 2.95860433578491
4721.8555 2.93885970115662
4722.3407 2.91910624504089
4722.8258 2.89934420585632
4723.3110 2.89138770103455
4723.7962 2.89459276199341
4724.2813 2.89780950546265
4724.7665 2.90103816986084
4725.2517 2.90427827835083
4725.7368 2.90356945991516
4726.2220 2.89979958534241
4726.7071 2.89603400230408
4727.1923 2.89227294921875
4727.6775 2.88851642608643
4728.1626 2.88781213760376
4728.6478 2.88904237747192
4729.1330 2.89028382301331
4729.6181 2.89153742790222
4730.1033 2.89280319213867
4730.5884 2.92770743370056
4731.0736 2.97983074188232
4731.5588 3.03202295303345
4732.0439 3.08428382873535
4732.5291 3.13661336898804
4733.0143 3.18872833251953
4733.4994 3.24079656600952
4733.9846 3.29293131828308
4734.4697 3.34513187408447
4734.9549 3.39739775657654
4735.4401 3.42893099784851
4735.9252 3.45396137237549
4736.4104 3.47902393341064
4736.8956 3.50411820411682
4737.3807 3.5292432308197
4737.8659 3.54280996322632
4738.3510 3.55367684364319
4738.8362 3.56455492973328
4739.3214 3.57544374465942
4739.8065 3.58634209632874
4740.2917 3.55669760704041
4740.7768 3.5203914642334
4741.2620 3.48403859138489
4741.7472 3.4476375579834
4742.2323 3.41118860244751
4742.7175 3.36285424232483
4743.2027 3.3132746219635
4743.6878 3.2636296749115
4744.1730 3.21391940116882
4744.6581 3.16414380073547
4745.1433 3.11883568763733
4745.6285 3.07366156578064
4746.1136 3.02842712402344
4746.5988 2.98313212394714
4747.0840 2.93800735473633
4747.5691 2.92005372047424
4748.0543 2.90206909179688
4748.5394 2.88405418395996
4749.0246 2.86600828170776
4749.5098 2.84962105751038
4749.9949 2.86061096191406
4750.4801 2.8715991973877
4750.9653 2.88258481025696
4751.4504 2.89356756210327
4751.9356 2.90320062637329
4752.4207 2.90169072151184
4752.9059 2.90016341209412
4753.3911 2.89861822128296
4753.8762 2.89705443382263
4754.3614 2.89285802841187
4754.8465 2.87466382980347
4755.3317 2.85643434524536
4755.8169 2.83816862106323
4756.3020 2.81986713409424
4756.7872 2.80595254898071
4757.2724 2.80890989303589
4757.7575 2.81184792518616
4758.2427 2.81476616859436
4758.7278 2.81766366958618
4759.2130 2.81966376304626
4759.6982 2.8191123008728
4760.1833 2.81853628158569
4760.6685 2.81793546676636
4761.1537 2.81730985641479
4761.6388 2.81684279441834
4762.1240 2.81676483154297
4762.6091 2.81666326522827
4763.0943 2.81653833389282
4763.5795 2.81639075279236
4764.0646 2.81747698783875
4764.5498 2.82080221176147
4765.0350 2.82410717010498
4765.5201 2.82739210128784
4766.0053 2.83065724372864
4766.4904 2.83354640007019
4766.9756 2.83589696884155
4767.4608 2.83822774887085
4767.9459 2.84053945541382
4768.4311 2.84283137321472
4768.9163 2.84541988372803
4769.4014 2.84836483001709
4769.8866 2.85129165649414
4770.3717 2.8542013168335
4770.8569 2.85709381103516
4771.3421 2.85964608192444
4771.8272 2.86186814308167
4772.3124 2.86407542228699
4772.7975 2.86626887321472
4773.2827 2.86844944953918
4773.7679 2.86786246299744
4774.2530 2.86508083343506
4774.7382 2.86228704452515
4775.2234 2.8594822883606
4775.7085 2.85666728019714
4776.1937 2.85413193702698
4776.6788 2.85177373886108
4777.1640 2.8494074344635
4777.6492 2.84703350067139
4778.1343 2.84465217590332
4778.6195 2.84471988677979
4779.1047 2.8460545539856
4779.5898 2.8473846912384
4780.0750 2.84871125221252
4780.5601 2.85003423690796
4781.0453 2.85014224052429
4781.5305 2.84975028038025
4782.0156 2.84935426712036
4782.5008 2.84895420074463
4782.9860 2.84855031967163
4783.4711 2.85189747810364
4783.9563 2.85642886161804
4784.4414 2.86095762252808
4784.9266 2.86548495292664
4785.4118 2.87001037597656
4785.8969 2.86827993392944
4786.3821 2.86508345603943
4786.8673 2.86188316345215
4787.3524 2.85867857933044
4787.8376 2.8554699420929
4788.3227 2.85388612747192
4788.8079 2.8525607585907
4789.2931 2.85123062133789
4789.7782 2.84989595413208
4790.2634 2.84855628013611
4790.7485 2.84132218360901
4791.2337 2.83351182937622
4791.7189 2.8256950378418
4792.2040 2.81787014007568
4792.6892 2.8100380897522
4793.1744 2.81837129592896
4793.6595 2.82732605934143
4794.1447 2.8362762928009
4794.6298 2.84522104263306
4795.1150 2.85405588150024
4795.6002 2.85532236099243
4796.0853 2.85658121109009
4796.5705 2.85783338546753
4797.0557 2.8590784072876
4797.5408 2.86060380935669
4798.0260 2.86627388000488
4798.5111 2.87193965911865
4798.9963 2.87760066986084
4799.4815 2.88325834274292
4799.9666 2.88700771331787
4800.4518 2.87619113922119
4800.9370 2.86537075042725
4801.4221 2.85454797744751
4801.9073 2.84372305870056
4802.3924 2.83457136154175
4802.8776 2.83378171920776
4803.3628 2.83299660682678
4803.8479 2.83221840858459
4804.3331 2.83144855499268
4804.8182 2.83166122436523
4805.3034 2.83537197113037
4805.7886 2.83909869194031
4806.2737 2.84284257888794
4806.7589 2.84660506248474
4807.2441 2.84896945953369
4807.7292 2.84750461578369
4808.2144 2.84606146812439
4808.6995 2.84464049339294
4809.1847 2.84324240684509
4809.6699 2.83969783782959
4810.1550 2.83157801628113
4810.6402 2.82348036766052
4811.1254 2.81540489196777
4811.6105 2.80735111236572
4812.0957 2.80724573135376
4812.5808 2.82054233551025
4813.0660 2.83386993408203
4813.5512 2.84722805023193
4814.0363 2.8606173992157
4814.5215 2.86810517311096
4815.0067 2.86754727363586
4815.4918 2.86701321601868
4815.9770 2.86650252342224
4816.4621 2.86601495742798
4816.9473 2.86925458908081
4817.4325 2.87661027908325
4817.9176 2.88399171829224
4818.4028 2.89139890670776
4818.8880 2.89883160591125
4819.3731 2.90164422988892
4819.8583 2.90030670166016
4820.3434 2.89898705482483
4820.8286 2.8976845741272
4821.3138 2.89639902114868
4821.7989 2.90016984939575
4822.2841 2.907630443573
4822.7692 2.91511178016663
4823.2544 2.92261338233948
4823.7396 2.93013477325439
4824.2247 2.93783044815063
4824.7099 2.94563579559326
4825.1951 2.95345950126648
4825.6802 2.96130084991455
4826.1654 2.96915984153748
4826.6505 2.97557544708252
4827.1357 2.98132705688477
4827.6209 2.98709273338318
4828.1060 2.99287176132202
4828.5912 2.99866342544556
4829.0764 3.01740264892578
4829.5615 3.0408399105072
4830.0467 3.0643036365509
4830.5318 3.08779287338257
4831.0170 3.11130809783936
4831.5022 3.1382110118866
4831.9873 3.16605401039124
4832.4725 3.19392490386963
4832.9577 3.22182416915894
4833.4428 3.24975109100342
4833.9280 3.28866672515869
4834.4131 3.32972478866577
4834.8983 3.37082099914551
4835.3835 3.41195511817932
4835.8686 3.45312714576721
4836.3538 3.48313426971436
4836.8389 3.51180148124695
4837.3241 3.54049468040466
4837.8093 3.56921410560608
4838.2944 3.59795880317688
4838.7796 3.61865758895874
4839.2648 3.63889217376709
4839.7499 3.65914440155029
4840.2351 3.67941355705261
4840.7202 3.69969987869263
4841.2054 3.7256281375885
4841.6906 3.75159978866577
4842.1757 3.77759313583374
4842.6609 3.80360770225525
4843.1461 3.83062791824341
4843.6312 3.87690424919128
4844.1164 3.92321920394897
4844.6015 3.9695725440979
4845.0867 4.01596450805664
4845.5719 4.06391859054565
4846.0570 4.12542390823364
4846.5422 4.1869797706604
4847.0274 4.24858713150024
4847.5125 4.31024551391602
4847.9977 4.409264087677
4848.4828 4.71309566497803
4848.9680 5.01718807220459
4849.4532 5.32153987884521
4849.9383 5.62615251541138
4850.4235 6.31160497665405
4850.9087 8.45551013946533
4851.3938 10.6012582778931
4851.8790 12.7488489151001
4852.3641 14.8982820510864
4852.8493 18.325216293335
4853.3345 25.3862495422363
4853.8196 32.4533309936523
4854.3048 39.5264434814453
4854.7899 46.6055908203125
4855.2751 53.0939483642578
4855.7603 58.2781295776367
4856.2454 63.4667015075684
4856.7306 68.65966796875
4857.2158 73.8570251464844
4857.7009 77.7408676147461
4858.1861 79.3471603393555
4858.6712 80.9547882080078
4859.1564 82.5637359619141
4859.6416 84.1740036010742
4860.1267 84.5194396972656
4860.6119 83.1129455566406
4861.0971 81.7052154541016
4861.5822 80.296257019043
4862.0674 78.8860778808594
4862.5525 75.1739273071289
4863.0377 68.893798828125
4863.5229 62.6083297729492
4864.0080 56.3175392150879
4864.4932 50.0214195251465
4864.9784 44.2188034057617
4865.4635 38.860179901123
4865.9487 33.4970245361328
4866.4338 28.1293468475342
4866.9190 22.7571411132813
4867.4042 19.0045337677002
4867.8893 16.4251766204834
4868.3745 13.8436441421509
4868.8596 11.2599391937256
4869.3448 8.67405986785889
4869.8300 7.3329291343689
4870.3151 6.71165037155151
4870.8003 6.08984851837158
4871.2855 5.46752309799194
4871.7706 4.84467458724976
4872.2558 4.60226202011108
4872.7409 4.53286218643188
4873.2261 4.46340274810791
4873.7113 4.39388418197632
4874.1964 4.32430505752563
4874.6816 4.27028608322144
4875.1668 4.22166967391968
4875.6519 4.17301082611084
4876.1371 4.12431049346924
4876.6222 4.07556772232056
4877.1074 4.04068851470947
4877.5926 4.0093560218811
4878.0777 3.97799587249756
4878.5629 3.94660806655884
4879.0481 3.91519212722778
4879.5332 3.88013648986816
4880.0184 3.84441041946411
4880.5035 3.80865240097046
4880.9887 3.77286219596863
4881.4739 3.73704051971436
4881.9590 3.69154644012451
4882.4442 3.64498591423035
4882.9294 3.59838438034058
4883.4145 3.5517418384552
4883.8997 3.50505805015564
4884.3848 3.46943259239197
4884.8700 3.43426012992859
4885.3552 3.39905548095703
4885.8403 3.36381959915161
4886.3255 3.32866907119751
4886.8106 3.30272245407104
4887.2958 3.27675104141235
4887.7810 3.25075531005859
4888.2661 3.22473430633545
4888.7513 3.20035648345947
4889.2365 3.19913148880005
4889.7216 3.19790101051331
4890.2068 3.19666528701782
4890.6919 3.19542407989502
4891.1771 3.19254803657532
4891.6623 3.17791628837585
4892.1474 3.16326808929443
4892.6326 3.1486029624939
4893.1178 3.13392090797424
4893.6029 3.12164115905762
4894.0881 3.12062764167786
4894.5732 3.1196072101593
4895.0584 3.11858010292053
4895.5436 3.11754560470581
4896.0287 3.11569833755493
4896.5139 3.11116909980774
4896.9991 3.10662961006165
4897.4842 3.10207962989807
4897.9694 3.09751868247986
4898.4545 3.09414672851563
4898.9397 3.09375286102295
4899.4249 3.09335041046143
4899.9100 3.09293961524963
4900.3952 3.09252071380615
4900.8803 3.09749317169189
4901.3655 3.11286592483521
4901.8507 3.12824106216431
4902.3358 3.1436185836792
4902.8210 3.15899801254272
4903.3062 3.1665723323822
4903.7913 3.16228055953979
4904.2765 3.15797710418701
4904.7616 3.15366148948669
4905.2468 3.14933443069458
4905.7320 3.14543318748474
4906.2171 3.14205074310303
4906.7023 3.13865756988525
4907.1875 3.13525366783142
4907.6726 3.13183951377869
4908.1578 3.13390731811523
4908.6429 3.14129185676575
4909.1281 3.14867353439331
4909.6133 3.1560525894165
4910.0984 3.16342949867249
4910.5836 3.17817354202271
4911.0688 3.1986300945282
4911.5539 3.21909356117249
4912.0391 3.23956513404846
4912.5242 3.26004481315613
4913.0094 3.3319730758667
4913.4946 3.43557786941528
4913.9797 3.53924298286438
4914.4649 3.64297008514404
4914.9501 3.74675965309143
4915.4352 3.85592460632324
4915.9204 3.96771597862244
4916.4055 4.07957983016968
4916.8907 4.19151926040649
4917.3759 4.30353832244873
4917.8610 4.36703777313232
4918.3462 4.41271686553955
4918.8313 4.45844602584839
4919.3165 4.50423049926758
4919.8017 4.55007553100586
4920.2868 4.5614275932312
4920.7720 4.56348419189453
4921.2572 4.56558465957642
4921.7423 4.56773090362549
4922.2275 4.56992673873901
4922.7126 4.53738498687744
4923.1978 4.4984130859375
4923.6830 4.45946216583252
4924.1681 4.42053174972534
4924.6533 4.38161945343018
4925.1385 4.3250036239624
4925.6236 4.26640844345093
4926.1088 4.20779800415039
4926.5939 4.14916515350342
4927.0791 4.09050369262695
4927.5643 4.13548517227173
4928.0494 4.18525695800781
4928.5346 4.23509311676025
4929.0198 4.28499126434326
4929.5049 4.33493995666504
4929.9901 4.38435220718384
4930.4752 4.43382024765015
4930.9604 4.48334169387817
4931.4456 4.53291702270508
4931.9307 4.58220958709717
4932.4159 4.6270809173584
4932.9010 4.67200231552124
4933.3862 4.71697521209717
4933.8714 4.76200008392334
4934.3565 4.80891704559326
4934.8417 4.86856508255005
4935.3269 4.92828273773193
4935.8120 4.98806762695313
4936.2972 5.04792022705078
4936.7823 5.10297298431396
4937.2675 5.13646173477173
4937.7527 5.16998767852783
4938.2378 5.20355033874512
4938.7230 5.23715019226074
4939.2082 5.27756452560425
4939.6933 5.33939361572266
4940.1785 5.40128564834595
4940.6636 5.46324110031128
4941.1488 5.52525758743286
4941.6340 5.5979437828064
4942.1191 5.69568204879761
4942.6043 5.79351282119751
4943.0895 5.89143514633179
4943.5746 5.98944616317749
4944.0598 6.13161134719849
4944.5449 6.35378265380859
4945.0301 6.57616472244263
4945.5153 6.79875516891479
4946.0004 7.02155303955078
4946.4856 7.68363237380981
4946.9708 8.97012042999268
4947.4559 10.2578735351563
4947.9411 11.5468864440918
4948.4262 12.8371543884277
4948.9114 18.0439567565918
4949.3966 27.6563262939453
4949.8817 37.2780914306641
4950.3669 46.9092216491699
4950.8520 56.5496940612793
4951.3372 70.7462997436523
4951.8224 89.0101470947266
4952.3075 107.291603088379
4952.7927 125.590644836426
4953.2779 143.907241821289
4953.7630 157.015930175781
4954.2482 166.455642700195
4954.7333 175.904281616211
4955.2185 185.361907958984
4955.7037 194.828521728516
4956.1888 198.576385498047
4956.6740 199.172760009766
4957.1592 199.769790649414
4957.6443 200.367553710938
4958.1295 200.966079711914
4958.6146 196.826950073242
4959.0998 190.682846069336
4959.5850 184.53271484375
4960.0701 178.376388549805
4960.5553 172.213760375977
4961.0405 157.046112060547
4961.5256 139.045349121094
4962.0108 121.026962280273
4962.4959 102.991073608398
4962.9811 84.9378662109375
4963.4663 73.0736236572266
4963.9514 62.5595932006836
4964.4366 52.0357513427734
4964.9218 41.5022773742676
4965.4069 30.959342956543
4965.8921 26.1289920806885
4966.3772 22.083381652832
4966.8624 18.034252166748
4967.3476 13.9816761016846
4967.8327 9.92572021484375
4968.3179 9.25480651855469
4968.8030 8.80848503112793
4969.2882 8.36176681518555
4969.7734 7.9146580696106
4970.2585 7.46716690063477
4970.7437 7.44432163238525
4971.2289 7.42282676696777
4971.7140 7.40127563476563
4972.1992 7.37966823577881
4972.6843 7.36107015609741
4973.1695 7.39425849914551
4973.6547 7.42742967605591
4974.1398 7.46058511734009
4974.6250 7.49372529983521
4975.1102 7.53491258621216
4975.5953 7.6380729675293
4976.0805 7.74126672744751
4976.5656 7.8444972038269
4977.0508 7.9477653503418
4977.5360 8.05128288269043
4978.0211 8.15583419799805
4978.5063 8.26043224334717
4978.9915 8.36508178710938
4979.4766 8.46978569030762
4979.9618 8.58008289337158
4980.4469 8.70856189727783
4980.9321 8.83712196350098
4981.4173 8.96576595306396
4981.9024 9.0944995880127
4982.3876 9.21340942382813
4982.8727 9.30856990814209
4983.3579 9.4038143157959
4983.8431 9.49914646148682
4984.3282 9.59456920623779
4984.8134 9.6779899597168
4985.2986 9.73939800262451
4985.7837 9.80087566375732
4986.2689 9.8624210357666
4986.7540 9.92403030395508
4987.2392 10.0168333053589
4987.7244 10.1538324356079
4988.2095 10.2909374237061
4988.6947 10.428147315979
4989.1799 10.5654592514038
4989.6650 10.745379447937
4990.1502 10.9726085662842
4990.6353 11.1999959945679
4991.1205 11.4275398254395
4991.6057 11.655237197876
4992.0908 12.1040601730347
4992.5760 12.7458009719849
4993.0612 13.3879671096802
4993.5463 14.0305509567261
4994.0315 14.6735410690308
4994.5166 17.2681217193604
4995.0018 21.1936683654785
4995.4870 25.1217384338379
4995.9721 29.0522747039795
4996.4573 32.9852294921875
4996.9425 53.2624816894531
4997.4276 82.1423187255859
4997.9128 111.039680480957
4998.3979 139.954223632813
4998.8831 168.885635375977
4999.3683 216.10498046875
4999.8534 270.588317871094
5000.3386 325.102722167969
5000.8237 379.648010253906
5001.3089 434.224273681641
5001.7941 468.165710449219
5002.2792 496.205139160156
5002.7644 524.261108398438
5003.2496 552.333801269531
5003.7347 580.423583984375
5004.2199 585.729553222656
5004.7050 586.645690917969
5005.1902 587.563415527344
5005.6754 588.483032226563
5006.1605 589.404357910156
5006.6457 573.441223144531
5007.1309 555.587768554688
5007.6160 537.724487304688
5008.1012 519.851196289063
5008.5863 501.967590332031
5009.0715 450.667388916016
5009.5567 397.987518310547
5010.0418 345.27490234375
5010.5270 292.529266357422
5011.0122 240.213287353516
5011.4973 207.663421630859
5011.9825 175.093017578125
5012.4676 142.502044677734
5012.9528 109.890380859375
5013.4380 79.0114135742188
5013.9231 67.0853576660156
5014.4083 55.151668548584
5014.8934 43.2102699279785
5015.3786 31.2610187530518
5015.8638 20.851921081543
5016.3489 19.4526615142822
5016.8341 18.0525550842285
5017.3193 16.6515846252441
5017.8044 15.2497253417969
5018.2896 14.0544757843018
5018.7747 13.6456336975098
5019.2599 13.2366123199463
5019.7451 12.8273916244507
5020.2302 12.4179496765137
5020.7154 12.0339307785034
5021.2006 11.7187509536743
5021.6857 11.4033622741699
5022.1709 11.0877418518066
5022.6560 10.7718706130981
5023.1412 10.4842195510864
5023.6264 10.2532911300659
5024.1115 10.0221433639526
5024.5967 9.79076385498047
5025.0819 9.55914497375488
5025.5670 9.31221008300781
5026.0522 9.04202461242676
5026.5373 8.77154159545898
5027.0225 8.50075912475586
5027.5077 8.22967720031738
5027.9928 7.96724462509155
5028.4780 7.71508359909058
5028.9632 7.46264362335205
5029.4483 7.20992803573608
5029.9335 6.9569411277771
5030.4186 6.72626686096191
5030.9038 6.51605129241943
5031.3890 6.30561208724976
5031.8741 6.0949535369873
5032.3593 5.88408184051514
5032.8444 5.71838188171387
5033.3296 5.58472728729248
5033.8148 5.45092630386353
5034.2999 5.31698417663574
5034.7851 5.18290567398071
5035.2703 5.07466506958008
5035.7554 4.98041152954102
5036.2406 4.88605880737305
5036.7257 4.79161024093628
5037.2109 4.69707012176514
5037.6961 4.61215686798096
5038.1812 4.53109979629517
5038.6664 4.44996881484985
5039.1516 4.36876821517944
5039.6367 4.2875018119812
5040.1219 4.2415828704834
5040.6070 4.205885887146
5041.0922 4.17015314102173
5041.5774 4.13438653945923
5042.0625 4.0985894203186
5042.5477 4.05312919616699
5043.0329 4.00578880310059
5043.5180 3.95841336250305
5044.0032 3.91100358963013
5044.4883 3.86356043815613
5044.9735 3.82746195793152
5045.4587 3.79255485534668
5045.9438 3.75761985778809
5046.4290 3.7226574420929
5046.9141 3.687668800354
5047.3993 3.64702415466309
5047.8845 3.60616302490234
5048.3696 3.56527781486511
5048.8548 3.52436923980713
5049.3400 3.48329305648804
5049.8251 3.43774318695068
5050.3103 3.39217233657837
5050.7954 3.34658098220825
5051.2806 3.30097079277039
5051.7658 3.25659012794495
5052.2509 3.22392249107361
5052.7361 3.19124341011047
5053.2213 3.15855479240417
5053.7064 3.12585878372192
5054.1916 3.09479570388794
5054.6767 3.07227325439453
5055.1619 3.04975414276123
5055.6471 3.02724170684814
5056.1322 3.00473737716675
5056.6174 2.98259234428406
5057.1026 2.96165466308594
5057.5877 2.94072651863098
5058.0729 2.91980648040771
5058.5580 2.89889335632324
5059.0432 2.88070249557495
5059.5284 2.86914587020874
5060.0135 2.85759258270264
5060.4987 2.84604167938232
5060.9839 2.83449196815491
5061.4690 2.82338953018188
5061.9542 2.81309461593628
5062.4393 2.80279922485352
5062.9245 2.79250288009644
5063.4097 2.78220510482788
5063.8948 2.77444648742676
5064.3800 2.77017569541931
5064.8651 2.76590490341187
5065.3503 2.76163482666016
5065.8355 2.75736594200134
5066.3206 2.75373244285584
5066.8058 2.75076866149902
5067.2910 2.74780702590942
5067.7761 2.74484729766846
5068.2613 2.74188947677612
5068.7464 2.74266862869263
5069.2316 2.74647188186646
5069.7168 2.75027942657471
5070.2019 2.75409078598022
5070.6871 2.75790667533875
5071.1723 2.75418043136597
5071.6574 2.74580764770508
5072.1426 2.73743557929993
5072.6277 2.72906470298767
5073.1129 2.72069454193115
5073.5981 2.71304416656494
5074.0832 2.70572519302368
5074.5684 2.69840812683105
5075.0536 2.69109272956848
5075.5387 2.68377947807312
5076.0239 2.67507004737854
5076.5090 2.66589879989624
5076.9942 2.65672874450684
5077.4794 2.64755868911743
5077.9645 2.63838911056519
5078.4497 2.63978838920593
5078.9348 2.64354491233826
5079.4200 2.64730644226074
5079.9052 2.65107417106628
5080.3903 2.65484714508057
5080.8755 2.64555811882019
5081.3607 2.63456559181213
5081.8458 2.62357330322266
5082.3310 2.61258125305176
5082.8161 2.60158896446228
5083.3013 2.6063117980957
5083.7865 2.61184072494507
5084.2716 2.61737465858459
5084.7568 2.62291359901428
5085.2420 2.62820720672607
5085.7271 2.62031102180481
5086.2123 2.61241459846497
5086.6974 2.60451865196228
5087.1826 2.59662342071533
5087.6678 2.58884406089783
5088.1529 2.58229207992554
5088.6381 2.5757417678833
5089.1233 2.56919407844543
5089.6084 2.56264877319336
5090.0936 2.55696940422058
5090.5787 2.55605745315552
5091.0639 2.55515098571777
5091.5491 2.55424928665161
5092.0342 2.55335330963135
5092.5194 2.5520007610321
5093.0046 2.54902648925781
5093.4897 2.546058177948
5093.9749 2.54309606552124
5094.4600 2.54014134407043
5094.9452 2.53322792053223
5095.4304 2.51656270027161
5095.9155 2.49990010261536
5096.4007 2.48324060440063
5096.8858 2.46658539772034
5097.3710 2.45536231994629
5097.8562 2.45391988754272
5098.3413 2.45249319076538
5098.8265 2.45108246803284
5099.3117 2.44968962669373
5099.7968 2.45230650901794
5100.2820 2.46033787727356
5100.7671 2.46839475631714
5101.2523 2.4764769077301
5101.7375 2.48458433151245
5102.2226 2.48423933982849
5102.7078 2.47522163391113
5103.1930 2.46621322631836
5103.6781 2.45721316337585
5104.1633 2.44821953773499
5104.6484 2.43811464309692
5105.1336 2.42714405059814
5105.6188 2.41617393493652
5106.1039 2.40520286560059
5106.5891 2.39422988891602
5107.0743 2.38266158103943
5107.5594 2.37074279785156
5108.0446 2.3588171005249
5108.5297 2.34688401222229
5109.0149 2.33494186401367
5109.5001 2.3315372467041
5109.9852 2.33178424835205
5110.4704 2.33202862739563
5110.9555 2.33226943016052
5111.4407 2.33250546455383
5111.9259 2.33634567260742
5112.4110 2.34126162528992
5112.8962 2.34617304801941
5113.3814 2.35107898712158
5113.8665 2.35597777366638
5114.3517 2.36246395111084
5114.8368 2.36924767494202
5115.3220 2.37602233886719
5115.8072 2.38278675079346
5116.2923 2.38953971862793
5116.7775 2.40693354606628
5117.2627 2.42538928985596
5117.7478 2.44383835792542
5118.2330 2.46228003501892
5118.7181 2.48071312904358
5119.2033 2.47696971893311
5119.6885 2.47272205352783
5120.1736 2.46845054626465
5120.6588 2.4641547203064
5121.1440 2.4598217010498
5121.6291 2.45521259307861
5122.1143 2.4505786895752
5122.5994 2.44592046737671
5123.0846 2.44123768806458
5123.5698 2.43575191497803
5124.0549 2.4244863986969
5124.5401 2.41319513320923
5125.0253 2.40187931060791
5125.5104 2.39053964614868
5125.9956 2.38208842277527
5126.4807 2.38605642318726
5126.9659 2.39000964164734
5127.4511 2.39394950866699
5127.9362 2.39787673950195
5128.4214 2.39957118034363
5128.9065 2.39494466781616
5129.3917 2.39030599594116
5129.8769 2.38565587997437
5130.3620 2.38099527359009
5130.8472 2.37833905220032
5131.3324 2.37974190711975
5131.8175 2.38113737106323
5132.3027 2.38252639770508
5132.7878 2.38391017913818
5133.2730 2.38603138923645
5133.7582 2.38925170898438
5134.2433 2.39246964454651
5134.7285 2.39568614959717
5135.2137 2.39890170097351
5135.6988 2.39629292488098
5136.1840 2.38721227645874
5136.6691 2.37813019752502
5137.1543 2.36904716491699
5137.6395 2.35996437072754
5138.1246 2.35698771476746
5138.6098 2.35910654067993
5139.0950 2.36123085021973
5139.5801 2.36336135864258
5140.0653 2.36549854278564
5140.5504 2.36657285690308
5141.0356 2.3669900894165
5141.5208 2.36741495132446
5142.0059 2.36784744262695
5142.4911 2.36828804016113
5142.9762 2.36862349510193
5143.4614 2.36891627311707
5143.9466 2.36921739578247
5144.4317 2.36952757835388
5144.9169 2.36984634399414
5145.4021 2.36646461486816
5145.8872 2.36192655563354
5146.3724 2.35739517211914
5146.8575 2.35287022590637
5147.3427 2.3483510017395
5147.8279 2.33874464035034
5148.3130 2.32812404632568
5148.7982 2.31750535964966
5149.2834 2.30688810348511
5149.7685 2.29627156257629
5150.2537 2.29585194587708
5150.7388 2.2964916229248
5151.2240 2.29713439941406
5151.7092 2.29777956008911
5152.1943 2.29842686653137
5152.6795 2.3104133605957
5153.1647 2.32264852523804
5153.6498 2.33488774299622
5154.1350 2.34713125228882
5154.6201 2.35840010643005
5155.1053 2.35186195373535
5155.5905 2.34531784057617
5156.0756 2.3387668132782
5156.5608 2.33220791816711
5157.0460 2.32643938064575
5157.5311 2.32624316215515
5158.0163 2.3260383605957
5158.5014 2.32582473754883
5158.9866 2.32560157775879
5159.4718 2.32382965087891
5159.9569 2.31584525108337
5160.4421 2.30784869194031
5160.9272 2.29984045028687
5161.4124 2.29182124137878
5161.8976 2.28556180000305
5162.3827 2.28402090072632
5162.8679 2.28247451782227
5163.3531 2.28092455863953
5163.8382 2.27937340736389
5164.3234 2.2778491973877
5164.8085 2.27637910842896
5165.2937 2.27491569519043
5165.7789 2.27346277236938
5166.2640 2.27202463150024
5166.7492 2.27120304107666
5167.2344 2.27122902870178
5167.7195 2.27128338813782
5168.2047 2.27137017250061
5168.6898 2.27149271965027
5169.1750 2.27101182937622
5169.6602 2.26991534233093
5170.1453 2.2688570022583
5170.6305 2.26783633232117
5171.1157 2.26685190200806
5171.6008 2.26790380477905
5172.0860 2.27050375938416
5172.5711 2.27313804626465
5173.0563 2.27580499649048
5173.5415 2.27850222587585
5174.0266 2.27948379516602
5174.5118 2.27952527999878
5174.9970 2.27958583831787
5175.4821 2.27966094017029
5175.9673 2.27974843978882
5176.4524 2.27783489227295
5176.9376 2.275141954422
5177.4228 2.27245235443115
5177.9079 2.26976346969604
5178.3931 2.26707482337952
5178.8782 2.26809501647949
5179.3634 2.27007532119751
5179.8486 2.27205586433411
5180.3337 2.27403545379639
5180.8189 2.27601408958435
5181.3041 2.27631044387817
5181.7892 2.27635288238525
5182.2744 2.27639198303223
5182.7595 2.27642917633057
5183.2447 2.27646398544312
5183.7299 2.27173519134521
5184.2150 2.26672840118408
5184.7002 2.26171612739563
5185.1854 2.25669765472412
5185.6705 2.25207209587097
5186.1557 2.26544189453125
5186.6408 2.27881741523743
5187.1260 2.29219818115234
5187.6112 2.30558323860168
5188.0963 2.31687760353088
5188.5815 2.30887007713318
5189.0667 2.30084848403931
5189.5518 2.29281282424927
5190.0370 2.28476357460022
5190.5221 2.27942514419556
5191.0073 2.28698682785034
5191.4925 2.29454851150513
5191.9776 2.30211019515991
5192.4628 2.30967283248901
5192.9479 2.31666374206543
5193.4331 2.3219428062439
5193.9183 2.32722330093384
5194.4034 2.33250594139099
5194.8886 2.33779191970825
5195.3738 2.33869957923889
5195.8589 2.3306188583374
5196.3441 2.32253551483154
5196.8292 2.31445002555847
5197.3144 2.3063645362854
5197.7996 2.30302429199219
5198.2847 2.30666494369507
5198.7699 2.31031465530396
5199.2551 2.31397271156311
5199.7402 2.31763792037964
5200.2254 2.31965208053589
5200.7105 2.31988954544067
5201.1957 2.32012701034546
5201.6809 2.32036328315735
5202.1660 2.32059645652771
5202.6512 2.32038021087646
5203.1364 2.31980919837952
5203.6215 2.31923151016235
5204.1067 2.31864738464355
5204.5918 2.31805610656738
5205.0770 2.3042004108429
5205.5622 2.28278827667236
5206.0473 2.26135206222534
5206.5325 2.23989057540894
5207.0177 2.21840357780457
5207.5028 2.20747995376587
5207.9880 2.20074725151062
5208.4731 2.19399905204773
5208.9583 2.1872353553772
5209.4435 2.18045592308044
5209.9286 2.17442464828491
5210.4138 2.16857647895813
5210.8989 2.16271305084229
5211.3841 2.15683484077454
5211.8693 2.1509416103363
5212.3544 2.15170621871948
5212.8396 2.15343713760376
5213.3248 2.15515971183777
5213.8099 2.15687465667725
5214.2951 2.15858268737793
5214.7802 2.15175628662109
5215.2654 2.14448118209839
5215.7506 2.13719582557678
5216.2357 2.12990117073059
5216.7209 2.12271857261658
5217.2061 2.11943483352661
5217.6912 2.11614394187927
5218.1764 2.11284589767456
5218.6615 2.10953950881958
5219.1467 2.10734224319458
5219.6319 2.11423587799072
5220.1170 2.12112545967102
5220.6022 2.12801027297974
5221.0874 2.13488960266113
5221.5725 2.14195561408997
5222.0577 2.14983940124512
5222.5428 2.15771961212158
5223.0280 2.16559648513794
5223.5132 2.17347097396851
5223.9983 2.17844200134277
5224.4835 2.17550563812256
5224.9686 2.17256569862366
5225.4538 2.16962456703186
5225.9390 2.1666841506958
5226.4241 2.16379857063293
5226.9093 2.16101622581482
5227.3945 2.15823864936829
5227.8796 2.15546631813049
5228.3648 2.15269899368286
5228.8499 2.14762544631958
5229.3351 2.13947367668152
5229.8203 2.13132190704346
5230.3054 2.12316942214966
5230.7906 2.11501622200012
5231.2758 2.11581540107727
5231.7609 2.12525296211243
5232.2461 2.13470220565796
5232.7312 2.14416480064392
5233.2164 2.15364289283752
5233.7016 2.16229867935181
5234.1867 2.17038917541504
5234.6719 2.1784999370575
5235.1571 2.18663167953491
5235.6422 2.19478535652161
5236.1274 2.19750237464905
5236.6125 2.19755721092224
5237.0977 2.1976273059845
5237.5829 2.19771146774292
5238.0680 2.19780826568604
5238.5532 2.19614887237549
5239.0384 2.19391489028931
5239.5235 2.19168758392334
5240.0087 2.18946528434753
5240.4938 2.18724656105042
5240.9790 2.18754029273987
5241.4642 2.18833947181702
5241.9493 2.18914079666138
5242.4345 2.18994355201721
5242.9196 2.19074749946594
5243.4048 2.18501234054565
5243.8900 2.17866539955139
5244.3751 2.17231225967407
5244.8603 2.16595315933228
5245.3455 2.15958786010742
5245.8306 2.16091465950012
5246.3158 2.16226410865784
5246.8009 2.16361331939697
5247.2861 2.16496205329895
5247.7713 2.1662917137146
5248.2564 2.167396068573
5248.7416 2.16850090026855
5249.2268 2.16960573196411
5249.7119 2.17071127891541
5250.1971 2.17078375816345
5250.6822 2.16549515724182
5251.1674 2.16020202636719
5251.6526 2.15490412712097
5252.1377 2.14960145950317
5252.6229 2.14419507980347
5253.1081 2.13847827911377
5253.5932 2.13275575637817
5254.0784 2.12702703475952
5254.5635 2.12129259109497
5255.0487 2.11862015724182
5255.5339 2.12225413322449
5256.0190 2.12588834762573
5256.5042 2.12952208518982
5256.9893 2.13315463066101
5257.4745 2.13722109794617
5257.9597 2.14191079139709
5258.4448 2.14659905433655
5258.9300 2.15128493309021
5259.4152 2.15596842765808
5259.9003 2.16218042373657
5260.3855 2.16996049880981
5260.8706 2.1777400970459
5261.3558 2.18551921844482
5261.8410 2.19329762458801
5262.3261 2.20085835456848
5262.8113 2.20826005935669
5263.2965 2.21566152572632
5263.7816 2.22306346893311
5264.2668 2.23046588897705
5264.7519 2.23319959640503
5265.2371 2.23354148864746
5265.7223 2.23388147354126
5266.2074 2.23421907424927
5266.6926 2.23455381393433
5267.1778 2.23249340057373
5267.6629 2.22961187362671
5268.1481 2.22672510147095
5268.6332 2.22383308410645
5269.1184 2.22093629837036
5269.6036 2.2232129573822
5270.0887 2.22654867172241
5270.5739 2.2298858165741
5271.0591 2.23322558403015
5271.5442 2.23656892776489
5272.0294 2.22805786132813
5272.5145 2.21844267845154
5272.9997 2.20882654190063
5273.4849 2.19921112060547
5273.9700 2.18959808349609
5274.4552 2.18128299713135
5274.9403 2.17297506332397
5275.4255 2.16467595100403
5275.9107 2.15638661384583
5276.3958 2.14818525314331
5276.8810 2.14082717895508
5277.3662 2.13348007202148
5277.8513 2.12614250183105
5278.3365 2.11881351470947
5278.8216 2.11165857315063
5279.3068 2.10531759262085
5279.7920 2.09898376464844
5280.2771 2.0926558971405
5280.7623 2.08633327484131
5281.2475 2.08487629890442
5281.7326 2.09752321243286
5282.2178 2.11018991470337
5282.7029 2.12287616729736
5283.1881 2.13558149337769
5283.6733 2.1414520740509
5284.1584 2.13417387008667
5284.6436 2.12689542770386
5285.1288 2.11961531639099
5285.6139 2.1123321056366
5286.0991 2.11066126823425
5286.5842 2.11647462844849
5287.0694 2.12229156494141
5287.5546 2.12811136245728
5288.0397 2.13393235206604
5288.5249 2.13395166397095
5289.0100 2.1285080909729
5289.4952 2.12305355072021
5289.9804 2.11758804321289
5290.4655 2.11211109161377
5290.9507 2.10862565040588
5291.4359 2.10645389556885
5291.9210 2.10427355766296
5292.4062 2.10208463668823
5292.8913 2.09988641738892
5293.3765 2.09568738937378
5293.8617 2.09057855606079
5294.3468 2.08545732498169
5294.8320 2.08032274246216
5295.3172 2.07517409324646
5295.8023 2.07985019683838
5296.2875 2.0873486995697
5296.7726 2.09484171867371
5297.2578 2.10232830047607
5297.7430 2.10980844497681
5298.2281 2.10844588279724
5298.7133 2.10568189620972
5299.1985 2.10290217399597
5299.6836 2.10010647773743
5300.1688 2.09729433059692
5300.6539 2.09454417228699
5301.1391 2.09178137779236
5301.6243 2.08900141716003
5302.1094 2.08620452880859
5302.5946 2.08344054222107
5303.0798 2.08184242248535
5303.5649 2.08022809028625
5304.0501 2.07859826087952
5304.5352 2.07695269584656
5305.0204 2.07548499107361
5305.5056 2.07530546188354
5305.9907 2.07511258125305
5306.4759 2.07490754127502
5306.9610 2.07469058036804
5307.4462 2.07350564002991
5307.9314 2.06886839866638
5308.4165 2.06421899795532
5308.9017 2.05955791473389
5309.3869 2.05488586425781
5309.8720 2.0521833896637
5310.3572 2.05395078659058
5310.8423 2.05571389198303
5311.3275 2.05747413635254
5311.8127 2.05923366546631
5312.2978 2.06098699569702
5312.7830 2.0627326965332
5313.2682 2.0644850730896
5313.7533 2.06624674797058
5314.2385 2.06802082061768
5314.7236 2.06881213188171
5315.2088 2.06856226921082
5315.6940 2.0683331489563
5316.1791 2.06812691688538
5316.6643 2.06794571876526
5317.1495 2.06539726257324
5317.6346 2.06110501289368
5318.1198 2.05683469772339
5318.6049 2.05258440971375
5319.0901 2.04835081100464
5319.5753 2.0535991191864
5320.0604 2.06363081932068
5320.5456 2.07368135452271
5321.0307 2.08374834060669
5321.5159 2.09383010864258
5322.0011 2.09634876251221
5322.4862 2.09642338752747
5322.9714 2.09650135040283
5323.4566 2.09658241271973
5323.9417 2.09666585922241
5324.4269 2.09490418434143
5324.9120 2.09280729293823
5325.3972 2.09071040153503
5325.8824 2.08861303329468
5326.3675 2.08651471138
5326.8527 2.09029197692871
5327.3379 2.09446573257446
5327.8230 2.09864187240601
5328.3082 2.10282015800476
5328.7933 2.10660600662231
5329.2785 2.09689140319824
5329.7637 2.08716702461243
5330.2488 2.07743191719055
5330.7340 2.0676851272583
5331.2192 2.05901288986206
5331.7043 2.05831003189087
5332.1895 2.0576012134552
5332.6746 2.05688571929932
5333.1598 2.0561637878418
5333.6450 2.05615091323853
5334.1301 2.05879688262939
5334.6153 2.06144046783447
5335.1005 2.06408309936523
5335.5856 2.066725730896
5336.0708 2.06565856933594
5336.5559 2.05607867240906
5337.0411 2.04649329185486
5337.5263 2.03690338134766
5338.0114 2.02730941772461
5338.4966 2.02543497085571
5338.9817 2.03534650802612
5339.4669 2.04526972770691
5339.9521 2.05520486831665
5340.4372 2.06515169143677
5340.9224 2.07155752182007
5341.4076 2.07425212860107
5341.8927 2.0769510269165
5342.3779 2.0796537399292
5342.8630 2.08235955238342
5343.3482 2.08180570602417
5343.8334 2.07890272140503
5344.3185 2.07599592208862
5344.8037 2.07308506965637
5345.2889 2.0701699256897
5345.7740 2.06525921821594
5346.2592 2.05938196182251
5346.7443 2.05349707603455
5347.2295 2.04760432243347
5347.7147 2.04170370101929
5348.1998 2.03350830078125
5348.6850 2.02461194992065
5349.1702 2.01570463180542
5349.6553 2.00678586959839
5350.1405 1.99785566329956
5350.6256 1.99576926231384
5351.1108 1.99477481842041
5351.5960 1.99377381801605
5352.0811 1.99276554584503
5352.5663 1.99174952507019
5353.0515 1.99278891086578
5353.5366 1.99391674995422
5354.0218 1.99503719806671
5354.5069 1.99615013599396
5354.9921 1.99722099304199
5355.4773 1.99764108657837
5355.9624 1.99805212020874
5356.4476 1.99845433235168
5356.9327 1.9988477230072
5357.4179 2.00158262252808
5357.9031 2.01819777488709
5358.3882 2.03481364250183
5358.8734 2.05143046379089
5359.3586 2.06804871559143
5359.8437 2.07880234718323
5360.3289 2.07094192504883
5360.8140 2.06307220458984
5361.2992 2.05519556999207
5361.7844 2.04731321334839
5362.2695 2.04114866256714
5362.7547 2.03840398788452
5363.2399 2.03566193580627
5363.7250 2.03292417526245
5364.2102 2.03019165992737
5364.6953 2.02989435195923
5365.1805 2.03282165527344
5365.6657 2.03575992584229
5366.1508 2.03871011734009
5366.6360 2.041672706604
5367.1212 2.03682470321655
5367.6063 2.02493691444397
5368.0915 2.01305413246155
5368.5766 2.00117659568787
5369.0618 1.98930478096008
5369.5470 1.98746085166931
5370.0321 1.99171781539917
5370.5173 1.99599242210388
5371.0024 2.00028419494629
5371.4876 2.00459337234497
5371.9728 2.01075196266174
5372.4579 2.01764631271362
5372.9431 2.02455830574036
5373.4283 2.03148674964905
5373.9134 2.03843116760254
5374.3986 2.03448867797852
5374.8837 2.02807855606079
5375.3689 2.02167010307312
5375.8541 2.01526260375977
5376.3392 2.00885534286499
5376.8244 2.00866866111755
5377.3096 2.0090856552124
5377.7947 2.00950646400452
5378.2799 2.0099310874939
5378.7650 2.01034259796143
5379.2502 2.00908970832825
5379.7354 2.00783824920654
5380.2205 2.00658822059631
5380.7057 2.00533962249756
5381.1909 2.00434994697571
5381.6760 2.00551271438599
5382.1612 2.00667929649353
5382.6463 2.00784993171692
5383.1315 2.00902438163757
5383.6167 2.01053166389465
5384.1018 2.01332139968872
5384.5870 2.01611566543579
5385.0722 2.01891326904297
5385.5573 2.0217137336731
5386.0425 2.0224974155426
5386.5276 2.018630027771
5387.0128 2.01475811004639
5387.4980 2.01088094711304
5387.9831 2.00699782371521
5388.4683 2.00545978546143
5388.9534 2.00742697715759
5389.4386 2.00939202308655
5389.9238 2.01135444641113
5390.4089 2.01331377029419
5390.8941 2.01328873634338
5391.3793 2.01127624511719
5391.8644 2.00925636291504
5392.3496 2.00722861289978
5392.8347 2.00519323348999
5393.3199 2.00124907493591
5393.8051 1.99602282047272
5394.2902 1.99078631401062
5394.7754 1.98553967475891
5395.2606 1.98028326034546
5395.7457 1.97567141056061
5396.2309 1.97133338451386
5396.7160 1.96698701381683
5397.2012 1.96263253688812
5397.6864 1.95827007293701
5398.1715 1.96672439575195
5398.6567 1.97842884063721
5399.1419 1.9901385307312
5399.6270 2.00185322761536
5400.1122 2.01357364654541
5400.5973 2.00916218757629
5401.0825 2.0029091835022
5401.5677 1.99664902687073
5402.0528 1.99038207530975
5402.5380 1.98410880565643
5403.0231 1.98891282081604
5403.5083 1.99374008178711
5403.9935 1.99856996536255
5404.4786 2.00340270996094
5404.9638 2.00771379470825
5405.4490 2.00723457336426
5405.9341 2.00675392150879
5406.4193 2.00627112388611
5406.9044 2.00578641891479
5407.3896 2.00630640983582
5407.8748 2.01086664199829
5408.3599 2.01542806625366
5408.8451 2.01999115943909
5409.3303 2.02455615997314
5409.8154 2.03163409233093
5410.3006 2.04455780982971
5410.7857 2.05749106407166
5411.2709 2.07043433189392
5411.7561 2.08338785171509
5412.2412 2.08907580375671
5412.7264 2.08394813537598
5413.2116 2.07881879806519
5413.6967 2.0736882686615
5414.1819 2.0685567855835
5414.6670 2.06579256057739
5415.1522 2.06536149978638
5415.6374 2.06493425369263
5416.1225 2.06450986862183
5416.6077 2.06408882141113
5417.0929 2.0574746131897
5417.5780 2.0468282699585
5418.0632 2.0361762046814
5418.5483 2.02551889419556
5419.0335 2.0148561000824
5419.5187 2.00565791130066
5420.0038 1.99706184864044
5420.4890 1.98846340179443
5420.9741 1.97986340522766
5421.4593 1.97126233577728
5421.9445 1.970059633255
5422.4296 1.970587849617
5422.9148 1.97112476825714
5423.4000 1.97167086601257
5423.8851 1.97222697734833
5424.3703 1.97481989860535
5424.8554 1.97761571407318
5425.3406 1.98042416572571
5425.8258 1.98324501514435
5426.3109 1.98596656322479
5426.7961 1.98241066932678
5427.2813 1.97885966300964
5427.7664 1.97531270980835
5428.2516 1.97176969051361
5428.7367 1.96956527233124
5429.2219 1.97707045078278
5429.7071 1.98458933830261
5430.1922 1.99212181568146
5430.6774 1.99966788291931
5431.1626 2.00459980964661
5431.6477 2.00048661231995
5432.1329 1.99637389183044
5432.6180 1.99226117134094
5433.1032 1.98814761638641
5433.5884 1.98451507091522
5434.0735 1.98186421394348
5434.5587 1.9792115688324
5435.0438 1.97655522823334
5435.5290 1.97389459609985
5436.0142 1.97243165969849
5436.4993 1.97253489494324
5436.9845 1.97263276576996
5437.4697 1.97272408008575
5437.9548 1.9728080034256
5438.4400 1.97468256950378
5438.9251 1.97809100151062
5439.4103 1.98149275779724
5439.8955 1.98488700389862
5440.3806 1.98827290534973
5440.8658 1.9913330078125
5441.3510 1.99420762062073
5441.8361 1.99707221984863
5442.3213 1.9999258518219
5442.8064 2.00276851654053
5443.2916 2.00560855865479
5443.7768 2.00844049453735
5444.2619 2.01126098632813
5444.7471 2.0140700340271
5445.2323 2.0168673992157
5445.7174 2.01374077796936
5446.2026 2.00959634780884
5446.6877 2.00543451309204
5447.1729 2.00125479698181
5447.6581 1.99705743789673
5448.1432 1.99288904666901
5448.6284 1.98870432376862
5449.1136 1.98450088500977
5449.5987 1.9802793264389
5450.0839 1.97617161273956
5450.5690 1.97386240959167
5451.0542 1.97153663635254
5451.5394 1.9691948890686
5452.0245 1.96683740615845
5452.5097 1.96504545211792
5452.9948 1.96598494052887
5453.4800 1.96691274642944
5453.9652 1.96782922744751
5454.4503 1.9687352180481
5454.9355 1.96962094306946
5455.4207 1.97047019004822
5455.9058 1.97131085395813
5456.3910 1.97214365005493
5456.8761 1.97296833992004
5457.3613 1.97539627552032
5457.8465 1.98034620285034
5458.3316 1.98529100418091
5458.8168 1.9902309179306
5459.3020 1.99516642093658
5459.7871 2.00131797790527
5460.2723 2.00870180130005
5460.7574 2.01608371734619
5461.2426 2.02346420288086
5461.7278 2.03084349632263
5462.2129 2.03625655174255
5462.6981 2.04038524627686
5463.1833 2.044513463974
5463.6684 2.04864287376404
5464.1536 2.05277395248413
5464.6387 2.04619407653809
5465.1239 2.03530716896057
5465.6091 2.02441763877869
5466.0942 2.01352620124817
5466.5794 2.00263285636902
5467.0645 2.00175070762634
5467.5497 2.00303912162781
5468.0349 2.00433158874512
5468.5200 2.00562858581543
5469.0052 2.00692963600159
5469.4904 2.00536680221558
5469.9755 2.00359463691711
5470.4607 2.00182461738586
5470.9458 2.00005745887756
5471.4310 1.99798083305359
5471.9162 1.98851025104523
5472.4013 1.97903919219971
5472.8865 1.96956849098206
5473.3717 1.96009838581085
5473.8568 1.95121312141418
5474.3420 1.94563233852386
5474.8271 1.94005584716797
5475.3123 1.93448460102081
5475.7975 1.92891871929169
5476.2826 1.92338407039642
5476.7678 1.91792821884155
5477.2530 1.91247892379761
5477.7381 1.90703642368317
5478.2233 1.90160083770752
5478.7084 1.90123844146729
5479.1936 1.90949356555939
5479.6788 1.91776275634766
5480.1639 1.92604517936707
5480.6491 1.93434059619904
5481.1343 1.93796372413635
5481.6194 1.9365451335907
5482.1046 1.93513131141663
5482.5897 1.93372178077698
5483.0749 1.93231534957886
5483.5601 1.92619323730469
5484.0452 1.91682076454163
5484.5304 1.90744388103485
5485.0155 1.89806175231934
5485.5007 1.88867402076721
5485.9859 1.88595950603485
5486.4710 1.8860570192337
5486.9562 1.88615441322327
5487.4414 1.88625133037567
5487.9265 1.88634765148163
5488.4117 1.88456499576569
5488.8968 1.88235449790955
5489.3820 1.88014137744904
5489.8672 1.87792539596558
5490.3523 1.87570667266846
5490.8375 1.87696313858032
5491.3227 1.87849175930023
5491.8078 1.88002038002014
5492.2930 1.88154852390289
5492.7781 1.8832551240921
5493.2633 1.88928139209747
5493.7485 1.89531075954437
5494.2336 1.90134274959564
5494.7188 1.90737760066986
5495.2040 1.91253244876862
5495.6891 1.91277742385864
5496.1743 1.91302073001862
5496.6594 1.91326224803925
5497.1446 1.91350185871124
5497.6298 1.9124448299408
5498.1149 1.90779995918274
5498.6001 1.90314972400665
5499.0852 1.89849424362183
5499.5704 1.89383351802826
5500.0556 1.89398431777954
5500.5407 1.90203869342804
5501.0259 1.91009676456451
5501.5111 1.91815936565399
5501.9962 1.92622649669647
5502.4814 1.93080687522888
5502.9665 1.93178868293762
5503.4517 1.93277227878571
5503.9369 1.93375837802887
5504.4220 1.93474698066711
5504.9072 1.94005405902863
5505.3924 1.94816982746124
5505.8775 1.95629394054413
5506.3627 1.96442675590515
5506.8478 1.9725683927536
5507.3330 1.96948170661926
5507.8182 1.96204018592834
5508.3033 1.95459675788879
5508.7885 1.94715130329132
5509.2737 1.93970334529877
5509.7588 1.96604692935944
5510.2440 1.99907171726227
5510.7291 2.03212094306946
5511.2143 2.06519436836243
5511.6995 2.09829163551331
5512.1846 2.11982583999634
5512.6698 2.14077043533325
5513.1550 2.16172862052917
5513.6401 2.18269968032837
5514.1253 2.20188403129578
5514.6104 2.1955201625824
5515.0956 2.18914866447449
5515.5808 2.18276858329773
5516.0659 2.17637872695923
5516.5511 2.16947507858276
5517.0362 2.16028785705566
5517.5214 2.15108752250671
5518.0066 2.1418731212616
5518.4917 2.13264465332031
5518.9769 2.12001848220825
5519.4621 2.09938597679138
5519.9472 2.0787308216095
5520.4324 2.05805253982544
5520.9175 2.03735065460205
5521.4027 2.01652765274048
5521.8879 1.99554288387299
5522.3730 1.97453427314758
5522.8582 1.95350217819214
5523.3434 1.93244659900665
5523.8285 1.92015480995178
5524.3137 1.91561901569366
5524.7988 1.91107022762299
5525.2840 1.90650928020477
5525.7692 1.90193712711334
5526.2543 1.90245831012726
5526.7395 1.90574908256531
5527.2247 1.90903568267822
5527.7098 1.9123193025589
5528.1950 1.91560089588165
5528.6801 1.93787574768066
5529.1653 1.96599078178406
5529.6505 1.99411690235138
5530.1356 2.02225470542908
5530.6208 2.05040454864502
5531.1059 2.0924346446991
5531.5911 2.13632345199585
5532.0763 2.18023180961609
5532.5614 2.22415971755981
5533.0466 2.26807475090027
5533.5318 2.27824926376343
5534.0169 2.28843069076538
5534.5021 2.29861903190613
5534.9872 2.30881500244141
5535.4724 2.31706309318542
5535.9576 2.31089544296265
5536.4427 2.30472707748413
5536.9279 2.29855680465698
5537.4131 2.29238367080688
5537.8982 2.28436946868896
5538.3834 2.27047443389893
5538.8685 2.25657033920288
5539.3537 2.24265694618225
5539.8389 2.22873401641846
5540.3240 2.20364999771118
5540.8092 2.15849542617798
5541.2944 2.1133177280426
5541.7795 2.06811785697937
5542.2647 2.0228967666626
5542.7498 1.98414170742035
5543.2350 1.95248770713806
5543.7202 1.92082071304321
5544.2053 1.88914132118225
5544.6905 1.85745000839233
5545.1757 1.84221994876862
5545.6608 1.83812141418457
5546.1460 1.83402466773987
5546.6311 1.82993030548096
5547.1163 1.82583856582642
5547.6015 1.82321870326996
5548.0866 1.82118332386017
5548.5718 1.81915259361267
5549.0569 1.81712734699249
5549.5421 1.81510818004608
5550.0273 1.81557524204254
5550.5124 1.81653225421906
5550.9976 1.81749868392944
5551.4828 1.81847524642944
5551.9679 1.81946289539337
5552.4531 1.81804096698761
5552.9382 1.81652498245239
5553.4234 1.81502056121826
5553.9086 1.81352865695953
5554.3937 1.81284809112549
5554.8789 1.82141780853271
5555.3641 1.83000874519348
5555.8492 1.83862233161926
5556.3344 1.84725987911224
5556.8195 1.85246181488037
5557.3047 1.84394121170044
5557.7899 1.83543455600739
5558.2750 1.82694244384766
5558.7602 1.8184642791748
5559.2454 1.81436467170715
5559.7305 1.8194295167923
5560.2157 1.82451713085175
5560.7008 1.8296263217926
5561.1860 1.83475601673126
5561.6712 1.83711838722229
5562.1563 1.83602464199066
5562.6415 1.83494162559509
5563.1267 1.83386814594269
5563.6118 1.83280301094055
5564.0970 1.83366727828979
5564.5821 1.83600175380707
5565.0673 1.83834385871887
5565.5525 1.84069299697876
5566.0376 1.84304761886597
5566.5228 1.84304249286652
5567.0079 1.84198117256165
5567.4931 1.84091877937317
5567.9783 1.83985435962677
5568.4634 1.838787317276
5568.9486 1.84264600276947
5569.4338 1.84762907028198
5569.9189 1.8526132106781
5570.4041 1.85759782791138
5570.8892 1.86258256435394
5571.3744 1.86492276191711
5571.8596 1.86708545684814
5572.3447 1.86924457550049
5572.8299 1.87139987945557
5573.3151 1.87359547615051
5573.8002 1.87644565105438
5574.2854 1.87929224967957
5574.7705 1.88213539123535
5575.2557 1.88497483730316
5575.7409 1.88815355300903
5576.2260 1.8928245306015
5576.7112 1.89749324321747
5577.1964 1.90215957164764
5577.6815 1.90682327747345
5578.1667 1.91000378131866
5578.6518 1.90990626811981
5579.1370 1.90980088710785
5579.6222 1.90968775749207
5580.1073 1.90956616401672
5580.5925 1.90753173828125
5581.0776 1.90302920341492
5581.5628 1.89851450920105
5582.0480 1.89398801326752
5582.5331 1.88945019245148
5583.0183 1.88511872291565
5583.5035 1.88094639778137
5583.9886 1.87676525115967
5584.4738 1.87257623672485
5584.9589 1.86838006973267
5585.4441 1.86667788028717
5585.9293 1.86610686779022
5586.4144 1.86553525924683
5586.8996 1.8649640083313
5587.3848 1.86439394950867
5587.8699 1.86450612545013
5588.3551 1.86477601528168
5588.8402 1.86504900455475
5589.3254 1.86532509326935
5589.8106 1.8656040430069
5590.2957 1.86316967010498
5590.7809 1.86056482791901
5591.2661 1.85795998573303
5591.7512 1.85535454750061
5592.2364 1.85286033153534
5592.7215 1.85190236568451
5593.2067 1.85094451904297
5593.6919 1.84998595714569
5594.1770 1.8490264415741
5594.6622 1.84927344322205
5595.1474 1.85450351238251
5595.6325 1.85973584651947
5596.1177 1.86496984958649
5596.6028 1.87020492553711
5597.0880 1.8731974363327
5597.5732 1.87148106098175
5598.0583 1.86975908279419
5598.5435 1.86803114414215
5599.0286 1.86629700660706
5599.5138 1.86518359184265
5599.9990 1.86482858657837
5600.4841 1.8644677400589
5600.9693 1.86410140991211
5601.4545 1.86372947692871
5601.9396 1.86690533161163
5602.4248 1.87265968322754
5602.9099 1.87841308116913
5603.3951 1.88416528701782
5603.8803 1.88991618156433
5604.3654 1.88776218891144
5604.8506 1.88234174251556
5605.3358 1.87691164016724
5605.8209 1.87147188186646
5606.3061 1.8660227060318
5606.7912 1.8599671125412
5607.2764 1.85378587245941
5607.7616 1.84759569168091
5608.2467 1.8413964509964
5608.7319 1.83518898487091
5609.2171 1.83930003643036
5609.7022 1.84376502037048
5610.1874 1.84822988510132
5610.6725 1.85269474983215
5611.1577 1.85617053508759
5611.6429 1.85040199756622
5612.1280 1.84462702274323
5612.6132 1.83884620666504
5613.0983 1.83305990695953
5613.5835 1.82672476768494
5614.0687 1.81853258609772
5614.5538 1.81033480167389
5615.0390 1.80213165283203
5615.5242 1.79392397403717
5616.0093 1.79230105876923
5616.4945 1.80252027511597
5616.9796 1.81274819374084
5617.4648 1.8229855298996
5617.9500 1.83323228359222
5618.4351 1.8308436870575
5618.9203 1.81521570682526
5619.4055 1.79958057403564
5619.8906 1.78393864631653
5620.3758 1.76829087734222
5620.8609 1.76595091819763
5621.3461 1.7717798948288
5621.8313 1.7776198387146
5622.3164 1.78347098827362
5622.8016 1.78933417797089
5623.2868 1.78987061977386
5623.7719 1.78865134716034
5624.2571 1.78743970394135
5624.7422 1.78623569011688
5625.2274 1.78503942489624
5625.7126 1.79552614688873
5626.1977 1.80756521224976
5626.6829 1.81962203979492
5627.1681 1.83169686794281
5627.6532 1.84361779689789
5628.1384 1.84520053863525
5628.6235 1.84679174423218
5629.1087 1.84839105606079
5629.5939 1.84999799728394
5630.0790 1.8508517742157
5630.5642 1.84737014770508
5631.0493 1.84389090538025
5631.5345 1.84041392803192
5632.0197 1.83693885803223
5632.5048 1.83448147773743
5632.9900 1.83460998535156
5633.4752 1.83474266529083
5633.9603 1.83487927913666
5634.4455 1.83501935005188
5634.9306 1.83426117897034
5635.4158 1.83223915100098
5635.9010 1.83021640777588
5636.3861 1.8281923532486
5636.8713 1.8261661529541
5637.3565 1.82345771789551
5637.8416 1.82018852233887
5638.3268 1.81691360473633
5638.8119 1.81363141536713
5639.2971 1.81034135818481
5639.7823 1.80888998508453
5640.2674 1.80828285217285
5640.7526 1.8076673746109
5641.2378 1.80704247951508
5641.7229 1.80640745162964
5642.2081 1.80296540260315
5642.6932 1.79889106750488
5643.1784 1.7948009967804
5643.6636 1.79069423675537
5644.1487 1.78657042980194
5644.6339 1.78595948219299
5645.1190 1.78550255298615
5645.6042 1.78502941131592
5646.0894 1.78453946113586
5646.5745 1.78417241573334
5647.0597 1.78520679473877
5647.5449 1.78622448444366
5648.0300 1.78722512722015
5648.5152 1.78820836544037
5649.0003 1.78984677791595
5649.4855 1.79377675056458
5649.9707 1.79769086837769
5650.4558 1.801589012146
5650.9410 1.80547106266022
5651.4262 1.80720853805542
5651.9113 1.80517530441284
5652.3965 1.80312287807465
5652.8816 1.80105125904083
5653.3668 1.79896104335785
5653.8520 1.79711711406708
5654.3371 1.79552161693573
5654.8223 1.7939088344574
5655.3075 1.7922797203064
5655.7926 1.7906346321106
5656.2778 1.79627096652985
5656.7629 1.80607950687408
5657.2481 1.81587719917297
5657.7333 1.82566452026367
5658.2184 1.83544099330902
5658.7036 1.83936548233032
5659.1888 1.84156215190887
5659.6739 1.84374618530273
5660.1591 1.84591770172119
5660.6442 1.84807658195496
5661.1294 1.84841930866241
5661.6146 1.84857261180878
5662.0997 1.84871339797974
5662.5849 1.84884190559387
5663.0700 1.84907627105713
5663.5552 1.85158610343933
5664.0404 1.85408473014832
5664.5255 1.85657227039337
5665.0107 1.85904920101166
5665.4959 1.86210870742798
5665.9810 1.86772871017456
5666.4662 1.87333917617798
5666.9513 1.87894034385681
5667.4365 1.88453257083893
5667.9217 1.88788771629334
5668.4068 1.88663625717163
5668.8920 1.88537633419037
5669.3772 1.884108543396
5669.8623 1.88283312320709
5670.3475 1.87956500053406
5670.8326 1.87401270866394
5671.3178 1.86845421791077
5671.8030 1.86289048194885
5672.2881 1.85732221603394
5672.7733 1.86025512218475
5673.2585 1.8687264919281
5673.7436 1.87719523906708
5674.2288 1.88566243648529
5674.7139 1.89412903785706
5675.1991 1.89198863506317
5675.6843 1.88623023033142
5676.1694 1.88047420978546
5676.6546 1.87472093105316
5677.1397 1.86897110939026
5677.6249 1.86717247962952
5678.1101 1.86588561534882
5678.5952 1.8646035194397
5679.0804 1.86332702636719
5679.5656 1.86205208301544
5680.0507 1.86063098907471
5680.5359 1.85921680927277
5681.0210 1.85780990123749
5681.5062 1.85641086101532
5681.9914 1.85201930999756
5682.4765 1.83279943466187
5682.9617 1.81358778476715
5683.4469 1.79438447952271
5683.9320 1.77518939971924
5684.4172 1.75835108757019
5684.9023 1.74675142765045
5685.3875 1.73516082763672
5685.8727 1.72357940673828
5686.3578 1.71200716495514
5686.8430 1.7049378156662
5687.3282 1.70332849025726
5687.8133 1.70173037052155
5688.2985 1.70014381408691
5688.7836 1.69856917858124
5689.2688 1.70545649528503
5689.7540 1.71812558174133
5690.2391 1.73081064224243
5690.7243 1.74351191520691
5691.2095 1.75622999668121
5691.6946 1.75918471813202
5692.1798 1.75866627693176
5692.6649 1.75816035270691
5693.1501 1.75766682624817
5693.6353 1.75718533992767
5694.1204 1.75146222114563
5694.6056 1.74503529071808
5695.0907 1.7386177778244
5695.5759 1.73220944404602
5696.0611 1.72582185268402
5696.5462 1.71992862224579
5697.0314 1.71404385566711
5697.5166 1.70816743373871
5698.0017 1.7022989988327
5698.4869 1.69770324230194
5698.9720 1.69938111305237
5699.4572 1.7010692358017
5699.9424 1.70276725292206
5700.4275 1.70447480678558
5700.9127 1.70742511749268
5701.3979 1.71310067176819
5701.8830 1.7187864780426
5702.3682 1.72448205947876
5702.8533 1.7301869392395
5703.3385 1.72898101806641
5703.8237 1.71956288814545
5704.3088 1.71014404296875
5704.7940 1.70072388648987
5705.2792 1.69130206108093
5705.7643 1.68940687179565
5706.2495 1.69248402118683
5706.7346 1.69556558132172
5707.2198 1.69865095615387
5707.7050 1.70174014568329
5708.1901 1.70731329917908
5708.6753 1.71372711658478
5709.1604 1.72014570236206
5709.6456 1.72656869888306
5710.1308 1.73299610614777
5710.6159 1.73524725437164
5711.1011 1.73700356483459
5711.5863 1.73876059055328
5712.0714 1.74051785469055
5712.5566 1.74205636978149
5713.0417 1.73839282989502
5713.5269 1.73472595214844
5714.0121 1.73105621337891
5714.4972 1.727383852005
5714.9824 1.72375798225403
5715.4676 1.72034418582916
5715.9527 1.71692800521851
5716.4379 1.71350955963135
5716.9230 1.71008896827698
5717.4082 1.70486783981323
5717.8934 1.69606220722198
5718.3785 1.68725144863129
5718.8637 1.67843580245972
5719.3489 1.66961538791656
5719.8340 1.66303646564484
5720.3192 1.65887010097504
5720.8043 1.65470314025879
5721.2895 1.65053606033325
5721.7747 1.64636993408203
5722.2598 1.64513564109802
5722.7450 1.64562749862671
5723.2302 1.64612507820129
5723.7153 1.64662873744965
5724.2005 1.64713966846466
5724.6856 1.64506196975708
5725.1708 1.64225101470947
5725.6560 1.63944685459137
5726.1411 1.63664960861206
5726.6263 1.63385987281799
5727.1114 1.63547170162201
5727.5966 1.63744020462036
5728.0818 1.63942050933838
5728.5669 1.6414121389389
5729.0521 1.64330995082855
5729.5373 1.64394176006317
5730.0224 1.64458394050598
5730.5076 1.64523601531982
5730.9927 1.64589726924896
5731.4779 1.64921522140503
5731.9631 1.66162288188934
5732.4482 1.67404782772064
5732.9334 1.68648970127106
5733.4186 1.69894778728485
5733.9037 1.70463705062866
5734.3889 1.69906377792358
5734.8740 1.69348859786987
5735.3592 1.68791043758392
5735.8444 1.68232834339142
5736.3295 1.67778980731964
5736.8147 1.67419052124023
5737.2999 1.6705858707428
5737.7850 1.66697478294373
5738.2702 1.66335642337799
5738.7553 1.66396403312683
5739.2405 1.66658639907837
5739.7257 1.66920399665833
5740.2108 1.67181515693665
5740.6960 1.67441928386688
5741.1812 1.6728081703186
5741.6663 1.67031216621399
5742.1515 1.66780245304108
5742.6366 1.66527903079987
5743.1218 1.66274130344391
5743.6070 1.66942131519318
5744.0921 1.67628371715546
5744.5773 1.68313825130463
5745.0624 1.68998503684998
5745.5476 1.7012083530426
5746.0328 1.74129998683929
5746.5179 1.78140544891357
5747.0031 1.82152438163757
5747.4883 1.86165630817413
5747.9734 1.90148460865021
5748.4586 1.94052958488464
5748.9437 1.97958540916443
5749.4289 2.01865172386169
5749.9141 2.05772852897644
5750.3992 2.08236742019653
5750.8844 2.08839917182922
5751.3696 2.09442353248596
5751.8547 2.10044097900391
5752.3399 2.10645246505737
5752.8250 2.10966968536377
5753.3102 2.11094522476196
5753.7954 2.11221385002136
5754.2805 2.11347627639771
5754.7657 2.11473250389099
5755.2509 2.09942770004272
5755.7360 2.07841324806213
5756.2212 2.05738401412964
5756.7063 2.03634023666382
5757.1915 2.01528286933899
5757.6767 1.97621548175812
5758.1618 1.93508434295654
5758.6470 1.89393174648285
5759.1321 1.85275769233704
5759.6173 1.81244111061096
5760.1025 1.78793799877167
5760.5876 1.7634220123291
5761.0728 1.73889362812042
5761.5580 1.71435308456421
5762.0431 1.69248700141907
5762.5283 1.68087685108185
5763.0134 1.66926026344299
5763.4986 1.65763747692108
5763.9838 1.64600813388824
5764.4689 1.64046025276184
5764.9541 1.64560627937317
5765.4393 1.65075218677521
5765.9244 1.65589785575867
5766.4096 1.66104292869568
5766.8947 1.66334211826324
5767.3799 1.6629958152771
5767.8651 1.66264677047729
5768.3502 1.66229462623596
5768.8354 1.66193974018097
5769.3206 1.66586291790009
5769.8057 1.67185068130493
5770.2909 1.67783832550049
5770.7760 1.68382573127747
5771.2612 1.68981289863586
5771.7464 1.69023096561432
5772.2315 1.68951451778412
5772.7167 1.68879532814026
5773.2019 1.68807291984558
5773.6870 1.68734741210938
5774.1722 1.6958339214325
5774.6573 1.70443141460419
5775.1425 1.71302783489227
5775.6277 1.72162258625031
5776.1128 1.72946071624756
5776.5980 1.73286068439484
5777.0831 1.73625564575195
5777.5683 1.73964512348175
5778.0535 1.74302840232849
5778.5386 1.74725079536438
5779.0238 1.7534099817276
5779.5090 1.75956296920776
5779.9941 1.76571011543274
5780.4793 1.77185118198395
5780.9644 1.78194534778595
5781.4496 1.79665756225586
5781.9348 1.81136560440063
5782.4199 1.82606959342957
5782.9051 1.84076941013336
5783.3903 1.85902142524719
5783.8754 1.87944984436035
5784.3606 1.89987564086914
5784.8457 1.92029893398285
5785.3309 1.94071936607361
5785.8161 1.95949649810791
5786.3012 1.97780478000641
5786.7864 1.99610924720764
5787.2716 2.01440978050232
5787.7567 2.03270602226257
5788.2419 2.05691766738892
5788.7270 2.08151364326477
5789.2122 2.10610508918762
5789.6974 2.13069200515747
5790.1825 2.1570143699646
5790.6677 2.1992974281311
5791.1528 2.24157667160034
5791.6380 2.28385210037231
5792.1232 2.32612323760986
5792.6083 2.37450361251831
5793.0935 2.44040679931641
5793.5787 2.50630640983582
5794.0638 2.57220220565796
5794.5490 2.6380934715271
5795.0341 2.69692063331604
5795.5193 2.74596571922302
5796.0045 2.79500484466553
5796.4896 2.84403800964355
5796.9748 2.89306592941284
5797.4600 2.93822622299194
5797.9451 2.98058986663818
5798.4303 3.02294898033142
5798.9154 3.06530380249023
5799.4006 3.1076545715332
5799.8858 3.13965821266174
5800.3709 3.16806244850159
5800.8561 3.19646453857422
5801.3413 3.2248649597168
5801.8264 3.25326490402222
5802.3116 3.2336254119873
5802.7967 3.20888185501099
5803.2819 3.18413782119751
5803.7671 3.15939426422119
5804.2522 3.13348579406738
5804.7374 3.09119272232056
5805.2226 3.04889845848084
5805.7077 3.0066020488739
5806.1929 2.9643030166626
5806.6780 2.92559862136841
5807.1632 2.89899396896362
5807.6484 2.87238502502441
5808.1335 2.8457715511322
5808.6187 2.81915283203125
5809.1038 2.7961847782135
5809.5890 2.77887225151062
5810.0742 2.76155376434326
5810.5593 2.74423027038574
5811.0445 2.7269012928009
5811.5297 2.69920444488525
5812.0148 2.66323018074036
5812.5000 2.62725353240967
5812.9851 2.59127473831177
5813.4703 2.55529522895813
5813.9555 2.5101044178009
5814.4406 2.4613356590271
5814.9258 2.41256856918335
5815.4110 2.36380362510681
5815.8961 2.31504154205322
5816.3813 2.27166128158569
5816.8664 2.22898530960083
5817.3516 2.18631219863892
5817.8368 2.14364242553711
5818.3219 2.10206341743469
5818.8071 2.0813364982605
5819.2923 2.06061220169067
5819.7774 2.03989100456238
5820.2626 2.01917386054993
5820.7477 1.99780631065369
5821.2329 1.97405385971069
5821.7181 1.95030665397644
5822.2032 1.92656517028809
5822.6884 1.9028297662735
5823.1735 1.8833144903183
5823.6587 1.87065863609314
5824.1439 1.85800957679749
5824.6290 1.84536719322205
5825.1142 1.83273184299469
5825.5994 1.81680953502655
5826.0845 1.79816591739655
5826.5697 1.77952945232391
5827.0548 1.76090013980865
5827.5400 1.74227786064148
5828.0252 1.73170304298401
5828.5103 1.72436237335205
5828.9955 1.71702921390533
5829.4807 1.7097030878067
5829.9658 1.70238399505615
5830.4510 1.69885838031769
5830.9361 1.69585287570953
5831.4213 1.69285452365875
5831.9065 1.68986332416534
5832.3916 1.68717205524445
5832.8768 1.6902756690979
5833.3620 1.69338667392731
5833.8471 1.69650518894196
5834.3323 1.69963085651398
5834.8174 1.70127403736115
5835.3026 1.69752073287964
5835.7878 1.69377267360687
5836.2729 1.69003021717072
5836.7581 1.68629288673401
5837.2433 1.68467009067535
5837.7284 1.68642973899841
5838.2136 1.68819499015808
5838.6987 1.68996584415436
5839.1839 1.69174206256866
5839.6691 1.69252228736877
5840.1542 1.69249868392944
5840.6394 1.69247961044312
5841.1245 1.69246459007263
5841.6097 1.6924535036087
5842.0949 1.69609045982361
5842.5800 1.70113158226013
5843.0652 1.70617723464966
5843.5504 1.71122765541077
5844.0355 1.71628272533417
5844.5207 1.7150342464447
5845.0058 1.71302580833435
5845.4910 1.71101951599121
5845.9762 1.70901489257813
5846.4613 1.70741260051727
5846.9465 1.71183967590332
5847.4317 1.71626996994019
5847.9168 1.72070336341858
5848.4020 1.72513997554779
5848.8871 1.72908484935761
5849.3723 1.73140239715576
5849.8575 1.73372197151184
5850.3426 1.73604345321655
5850.8278 1.73836672306061
5851.3130 1.73809385299683
5851.7981 1.73398542404175
5852.2833 1.72987639904022
5852.7684 1.72576689720154
5853.2536 1.72165668010712
5853.7388 1.72345149517059
5854.2239 1.7296097278595
5854.7091 1.73577034473419
5855.1942 1.7419331073761
5855.6794 1.7480982542038
5856.1646 1.75040590763092
5856.6497 1.75140738487244
5857.1349 1.75240933895111
5857.6201 1.75341153144836
5858.1052 1.7544139623642
5858.5904 1.7580349445343
5859.0755 1.76188671588898
5859.5607 1.76573967933655
5860.0459 1.76959347724915
5860.5310 1.77519655227661
5861.0162 1.79805469512939
5861.5014 1.82091963291168
5861.9865 1.84379160404205
5862.4717 1.86667025089264
5862.9568 1.90235590934753
5863.4420 1.97353100776672
5863.9272 2.04472780227661
5864.4123 2.11594676971436
5864.8975 2.1871874332428
5865.3827 2.47186613082886
5865.8678 3.02968239784241
5866.3530 3.58767223358154
5866.8381 4.14583492279053
5867.3233 4.70417070388794
5867.8085 5.87852668762207
5868.2936 7.44247913360596
5868.7788 9.00691318511963
5869.2640 10.5718307495117
5869.7491 12.1372270584106
5870.2343 13.0459508895874
5870.7194 13.7773151397705
5871.2046 14.5088996887207
5871.6898 15.2407054901123
5872.1749 15.9727325439453
5872.6601 16.053825378418
5873.1452 16.1093101501465
5873.6304 16.1648082733154
5874.1156 16.2203197479248
5874.6007 16.2519931793213
5875.0859 16.1340198516846
5875.5711 16.0160102844238
5876.0562 15.8979587554932
5876.5414 15.7798681259155
5877.0265 15.3484840393066
5877.5117 14.2301607131958
5877.9969 13.111496925354
5878.4820 11.9924945831299
5878.9672 10.8731527328491
5879.4524 9.62806606292725
5879.9375 8.25179386138916
5880.4227 6.87510776519775
5880.9078 5.49800825119019
5881.3930 4.12049579620361
5881.8782 3.43028593063354
5882.3633 3.08455634117126
5882.8485 2.73872375488281
5883.3337 2.39278721809387
5883.8188 2.04674768447876
5884.3040 1.96628785133362
5884.7891 1.93518888950348
5885.2743 1.90408039093018
5885.7595 1.872962474823
5886.2446 1.84213387966156
5886.7298 1.82534193992615
5887.2149 1.80854487419128
5887.7001 1.79174268245697
5888.1853 1.77493512630463
5888.6704 1.75876152515411
5889.1556 1.74515748023987
5889.6408 1.73154902458191
5890.1259 1.71793651580811
5890.6111 1.70431983470917
5891.0962 1.69433200359344
5891.5814 1.69033885002136
5892.0666 1.68634438514709
5892.5517 1.68234837055206
5893.0369 1.67835128307343
5893.5221 1.67377734184265
5894.0072 1.66874289512634
5894.4924 1.66370677947998
5894.9775 1.65866899490356
5895.4627 1.65362954139709
5895.9479 1.64414989948273
5896.4330 1.63307082653046
5896.9182 1.62198841571808
5897.4034 1.61090266704559
5897.8885 1.59981346130371
5898.3737 1.5990264415741
5898.8588 1.5991929769516
5899.3440 1.59935963153839
5899.8292 1.5995260477066
5900.3143 1.59868860244751
5900.7995 1.58834195137024
5901.2847 1.57799220085144
5901.7698 1.56763923168182
5902.2550 1.55728316307068
5902.7401 1.55023908615112
5903.2253 1.55188238620758
5903.7105 1.55352604389191
5904.1956 1.55517017841339
5904.6808 1.55681443214417
5905.1659 1.55761420726776
5905.6511 1.55741095542908
5906.1363 1.55720770359039
5906.6214 1.55700421333313
5907.1066 1.55680048465729
5907.5918 1.55371499061584
5908.0769 1.54899930953979
5908.5621 1.54428219795227
5909.0472 1.53956353664398
5909.5324 1.53484344482422
5910.0176 1.53737151622772
5910.5027 1.5414822101593
5910.9879 1.5455938577652
5911.4731 1.54970669746399
5911.9582 1.55376768112183
5912.4434 1.54219055175781
5912.9285 1.53060984611511
5913.4137 1.5190258026123
5913.8989 1.5074383020401
5914.3840 1.49768400192261
5914.8692 1.49595046043396
5915.3544 1.49421620368958
5915.8395 1.49248135089874
5916.3247 1.49074590206146
5916.8098 1.48806524276733
5917.2950 1.48377287387848
5917.7802 1.47947907447815
5918.2653 1.47518396377563
5918.7505 1.47088742256165
5919.2356 1.46995258331299
5919.7208 1.4717310667038
5920.2060 1.47350978851318
5920.6911 1.47528910636902
5921.1763 1.47706878185272
5921.6615 1.48178434371948
5922.1466 1.48754477500916
5922.6318 1.49330675601959
5923.1169 1.49907028675079
5923.6021 1.50483536720276
5924.0873 1.51454997062683
5924.5724 1.52459895610809
5925.0576 1.5346508026123
5925.5428 1.54470539093018
5926.0279 1.55448591709137
5926.5131 1.5619740486145
5926.9982 1.56946420669556
5927.4834 1.57695639133453
5927.9686 1.58445060253143
5928.4537 1.58884370326996
5928.9389 1.58576023578644
5929.4241 1.58267557621002
5929.9092 1.57958984375
5930.3944 1.57650315761566
5930.8795 1.57150316238403
5931.3647 1.5644246339798
5931.8499 1.55734384059906
5932.3350 1.5502610206604
5932.8202 1.54317593574524
5933.3054 1.53670918941498
5933.7905 1.53055191040039
5934.2757 1.52439260482788
5934.7608 1.51823139190674
5935.2460 1.51206839084625
5935.7312 1.51461458206177
5936.2163 1.51866328716278
5936.7015 1.52271318435669
5937.1866 1.52676403522491
5937.6718 1.53063976764679
5938.1570 1.53033125400543
5938.6421 1.53002238273621
5939.1273 1.52971339225769
5939.6125 1.52940428256989
5940.0976 1.52741003036499
5940.5828 1.51971912384033
5941.0679 1.51202607154846
5941.5531 1.5043306350708
5942.0383 1.49663305282593
5942.5234 1.49002838134766
5943.0086 1.48495578765869
5943.4938 1.47988152503967
5943.9789 1.47480583190918
5944.4641 1.46972846984863
5944.9492 1.46319246292114
5945.4344 1.45570516586304
5945.9196 1.44821560382843
5946.4047 1.44072389602661
5946.8899 1.43322992324829
5947.3751 1.43559908866882
5947.8602 1.44051671028137
5948.3454 1.44543528556824
5948.8305 1.45035529136658
5949.3157 1.45527648925781
5949.8009 1.46037745475769
5950.2860 1.46548247337341
5950.7712 1.47058880329132
5951.2564 1.47569644451141
5951.7415 1.47915399074554
5952.2267 1.47481167316437
5952.7118 1.4704681634903
5953.1970 1.46612322330475
5953.6822 1.46177697181702
5954.1673 1.45959365367889
5954.6525 1.46116888523102
5955.1376 1.46274435520172
5955.6228 1.46432018280029
5956.1080 1.46589636802673
5956.5931 1.46724081039429
5957.0783 1.46840047836304
5957.5635 1.46956038475037
5958.0486 1.47072052955627
5958.5338 1.47188091278076
5959.0189 1.47277998924255
5959.5041 1.47359120845795
5959.9893 1.47440254688263
5960.4744 1.47521388530731
5960.9596 1.47602558135986
5961.4448 1.47275543212891
5961.9299 1.46922445297241
5962.4151 1.46569240093231
5962.9002 1.46215915679932
5963.3854 1.45852160453796
5963.8706 1.45420610904694
5964.3557 1.44988942146301
5964.8409 1.4455714225769
5965.3261 1.44125199317932
5965.8112 1.44093859195709
5966.2964 1.44892477989197
5966.7815 1.45691311359406
5967.2667 1.46490347385406
5967.7519 1.47289609909058
5968.2370 1.47905492782593
5968.7222 1.48351442813873
5969.2073 1.48797500133514
5969.6925 1.49243676662445
5970.1777 1.49689960479736
5970.6628 1.4951798915863
5971.1480 1.49096977710724
5971.6332 1.48675835132599
5972.1183 1.48254573345184
5972.6035 1.47833180427551
5973.0886 1.4772641658783
5973.5738 1.47651755809784
5974.0590 1.4757707118988
5974.5441 1.4750235080719
5975.0293 1.47410094738007
5975.5145 1.47163820266724
5975.9996 1.4691743850708
5976.4848 1.46671009063721
5976.9699 1.46424496173859
5977.4551 1.46170818805695
5977.9403 1.45900332927704
5978.4254 1.45629751682281
5978.9106 1.45359098911285
5979.3958 1.45088350772858
5979.8809 1.44938027858734
5980.3661 1.4491149187088
5980.8512 1.44884943962097
5981.3364 1.44858372211456
5981.8216 1.44831788539886
5982.3067 1.44480204582214
5982.7919 1.43982100486755
5983.2771 1.43483853340149
5983.7622 1.42985451221466
5984.2474 1.42486917972565
5984.7325 1.42688369750977
5985.2177 1.42979884147644
5985.7029 1.43271446228027
5986.1880 1.43563079833984
5986.6732 1.43881714344025
5987.1583 1.44496726989746
5987.6435 1.45111906528473
5988.1287 1.45727229118347
5988.6138 1.46342730522156
5989.0990 1.46756100654602
5989.5842 1.46651697158813
5990.0693 1.46547269821167
5990.5545 1.46442794799805
5991.0396 1.46338272094727
5991.5248 1.46120321750641
5992.0100 1.4577888250351
5992.4951 1.45437359809875
5992.9803 1.4509574174881
5993.4655 1.44754016399384
5993.9506 1.44700217247009
5994.4358 1.44783484935761
5994.9209 1.44866764545441
5995.4061 1.4495005607605
5995.8913 1.45033371448517
5996.3764 1.45561373233795
5996.8616 1.46152114868164
5997.3468 1.46743011474609
5997.8319 1.47334051132202
5998.3171 1.47846126556396
5998.8022 1.47397458553314
5999.2874 1.46948647499084
5999.7726 1.46499729156494
6000.2577 1.46050679683685
6000.7429 1.45859444141388
6001.2280 1.46344590187073
6001.7132 1.46829855442047
6002.1984 1.47315263748169
6002.6835 1.4780079126358
6003.1687 1.47766733169556
6003.6539 1.4716169834137
6004.1390 1.46556484699249
6004.6242 1.45951104164124
6005.1093 1.45345568656921
6005.5945 1.44957041740417
6006.0797 1.44671833515167
6006.5648 1.44386541843414
6007.0500 1.4410115480423
6007.5352 1.438157081604
6008.0203 1.43579924106598
6008.5055 1.433509349823
6008.9906 1.43121862411499
6009.4758 1.42892742156982
6009.9610 1.42655491828918
6010.4461 1.42326378822327
6010.9313 1.41997158527374
6011.4165 1.41667854785919
6011.9016 1.41338431835175
6012.3868 1.41298747062683
6012.8719 1.41993260383606
6013.3571 1.42687952518463
6013.8423 1.43382811546326
6014.3274 1.44077849388123
6014.8126 1.44562005996704
6015.2978 1.44822907447815
6015.7829 1.45083856582642
6016.2681 1.45344877243042
6016.7532 1.456059217453
6017.2384 1.4551420211792
6017.7236 1.45263254642487
6018.2087 1.45012211799622
6018.6939 1.44761073589325
6019.1790 1.44509851932526
6019.6642 1.44994723796844
6020.1494 1.45568001270294
6020.6345 1.46141409873962
6021.1197 1.46714925765991
6021.6049 1.47138285636902
6022.0900 1.46165108680725
6022.5752 1.45191633701324
6023.0603 1.44217836856842
6023.5455 1.43243753910065
6024.0307 1.42398571968079
6024.5158 1.41851997375488
6025.0010 1.41305220127106
6025.4862 1.40758264064789
6025.9713 1.40211081504822
6026.4565 1.40014004707336
6026.9416 1.40157425403595
6027.4268 1.40300822257996
6027.9120 1.4044417142868
6028.3971 1.40587472915649
6028.8823 1.40238583087921
6029.3675 1.39691126346588
6029.8526 1.39143431186676
6030.3378 1.38595509529114
6030.8229 1.38047361373901
6031.3081 1.37755215167999
6031.7933 1.37485527992249
6032.2784 1.37215662002563
6032.7636 1.36945629119873
6033.2487 1.36762011051178
6033.7339 1.37181758880615
6034.2191 1.37601470947266
6034.7042 1.38021171092987
6035.1894 1.38440835475922
6035.6746 1.38914251327515
6036.1597 1.39495587348938
6036.6449 1.40076899528503
6037.1300 1.40658211708069
6037.6152 1.41239511966705
6038.1004 1.41456353664398
6038.5855 1.41362857818604
6039.0707 1.41269171237946
6039.5559 1.41175293922424
6040.0410 1.41081261634827
6040.5262 1.41241264343262
6041.0113 1.41486692428589
6041.4965 1.41732001304626
6041.9817 1.41977202892303
6042.4668 1.42222285270691
6042.9520 1.42287611961365
6043.4372 1.42344665527344
6043.9223 1.42401576042175
6044.4075 1.42458319664001
6044.8926 1.42414629459381
6045.3778 1.41866040229797
6045.8630 1.41317200660706
6046.3481 1.40768098831177
6046.8333 1.40218782424927
6047.3185 1.39546287059784
6047.8036 1.38668894767761
6048.2888 1.37791240215302
6048.7739 1.36913335323334
6049.2591 1.36035168170929
6049.7443 1.35870003700256
6050.2294 1.36210143566132
6050.7146 1.36550307273865
6051.1997 1.36890470981598
6051.6849 1.37230694293976
6052.1701 1.37497472763062
6052.6552 1.37745451927185
6053.1404 1.37993514537811
6053.6256 1.38241672515869
6054.1107 1.38489925861359
6054.5959 1.38728988170624
6055.0810 1.38968229293823
6055.5662 1.39207684993744
6056.0514 1.39447402954102
6056.5365 1.39536845684052
6057.0217 1.390869140625
6057.5069 1.38637232780457
6057.9920 1.38187777996063
6058.4772 1.37738645076752
6058.9623 1.37554943561554
6059.4475 1.37723052501678
6059.9327 1.37891733646393
6060.4178 1.38061022758484
6060.9030 1.38230991363525
6061.3882 1.38535332679749
6061.8733 1.38914895057678
6062.3585 1.3929535150528
6062.8436 1.39676773548126
6063.3288 1.40059220790863
6063.8140 1.39520955085754
6064.2991 1.38827562332153
6064.7843 1.38134944438934
6065.2694 1.37443101406097
6065.7546 1.36779546737671
6066.2398 1.36489725112915
6066.7249 1.36200833320618
6067.2101 1.35912883281708
6067.6953 1.35625851154327
6068.1804 1.35564160346985
6068.6656 1.36073362827301
6069.1507 1.36583805084229
6069.6359 1.37095475196838
6070.1211 1.37608337402344
6070.6062 1.37993979454041
6071.0914 1.38250648975372
6071.5766 1.38508236408234
6072.0617 1.38766694068909
6072.5469 1.39025950431824
6073.0320 1.39113926887512
6073.5172 1.39132797718048
6074.0024 1.39152216911316
6074.4875 1.39172124862671
6074.9727 1.39192497730255
6075.4579 1.39034354686737
6075.9430 1.38862383365631
6076.4282 1.38690602779388
6076.9133 1.38518965244293
6077.3985 1.38312900066376
6077.8837 1.37899875640869
6078.3688 1.37486612796783
6078.8540 1.37073040008545
6079.3392 1.36659038066864
6079.8243 1.36460244655609
6080.3095 1.366459608078
6080.7946 1.36831343173981
6081.2798 1.37016260623932
6081.7650 1.37200605869293
6082.2501 1.3748025894165
6082.7353 1.37829875946045
6083.2204 1.38178730010986
6083.7056 1.38526690006256
6084.1908 1.38873684406281
6084.6759 1.3881026506424
6085.1611 1.38638734817505
6085.6463 1.38465654850006
6086.1314 1.38290953636169
6086.6166 1.38107550144196
6087.1017 1.37292218208313
6087.5869 1.36474871635437
6088.0721 1.35655462741852
6088.5572 1.34834027290344
6089.0424 1.34344923496246
6089.5276 1.34978199005127
6090.0127 1.3560985326767
6090.4979 1.3623982667923
6090.9830 1.36868119239807
6091.4682 1.37390923500061
6091.9534 1.37784135341644
6092.4385 1.38175642490387
6092.9237 1.38565444946289
6093.4089 1.38953602313995
6093.8940 1.39149820804596
6094.3792 1.39249563217163
6094.8643 1.39347767829895
6095.3495 1.39444518089294
6095.8347 1.39539873600006
6096.3198 1.39849364757538
6096.8050 1.40185046195984
6097.2901 1.40519535541534
6097.7753 1.40852904319763
6098.2605 1.41073632240295
6098.7456 1.40363812446594
6099.2308 1.39653313159943
6099.7160 1.38942265510559
6100.2011 1.38230800628662
6100.6863 1.37774133682251
6101.1714 1.3784008026123
6101.6566 1.3790580034256
6102.1418 1.37971377372742
6102.6269 1.38036906719208
6103.1121 1.38081240653992
6103.5973 1.38108229637146
6104.0824 1.38135409355164
6104.5676 1.38162839412689
6105.0527 1.38190579414368
6105.5379 1.38479578495026
6106.0231 1.38846564292908
6106.5082 1.39214015007019
6106.9934 1.39581990242004
6107.4786 1.3995053768158
6107.9637 1.40069353580475
6108.4489 1.40187096595764
6108.9340 1.4030556678772
6109.4192 1.40424776077271
6109.9044 1.4032655954361
6110.3895 1.39435827732086
6110.8747 1.38545918464661
6111.3599 1.37656831741333
6111.8450 1.36768531799316
6112.3302 1.36492943763733
6112.8153 1.37000465393066
6113.3005 1.37508690357208
6113.7857 1.38017630577087
6114.2708 1.38527274131775
6114.7560 1.38813757896423
6115.2411 1.38986933231354
6115.7263 1.39160764217377
6116.2115 1.39335238933563
6116.6966 1.39510345458984
6117.1818 1.38938784599304
6117.6670 1.38272321224213
6118.1521 1.37606370449066
6118.6373 1.36940920352936
6119.1224 1.36382627487183
6119.6076 1.3667551279068
6120.0928 1.36969006061554
6120.5779 1.37263131141663
6121.0631 1.37557911872864
6121.5483 1.37987673282623
6122.0334 1.38682889938354
6122.5186 1.39378917217255
6123.0037 1.40075778961182
6123.4889 1.40773546695709
6123.9741 1.4091944694519
6124.4592 1.40635848045349
6124.9444 1.40353035926819
6125.4296 1.40071094036102
6125.9147 1.39789986610413
6126.3999 1.39298057556152
6126.8850 1.38750123977661
6127.3702 1.38202977180481
6127.8554 1.37656617164612
6128.3405 1.37128007411957
6128.8257 1.3770706653595
6129.3109 1.38287222385406
6129.7960 1.38868463039398
6130.2812 1.39450752735138
6130.7663 1.39790630340576
6131.2515 1.39369904994965
6131.7367 1.38949728012085
6132.2218 1.38530075550079
6132.7070 1.38110911846161
6133.1921 1.38002908229828
6133.6773 1.38246011734009
6134.1625 1.38489735126495
6134.6476 1.3873405456543
6135.1328 1.38978958129883
6135.6180 1.38608503341675
6136.1031 1.37971878051758
6136.5883 1.37335348129272
6137.0734 1.3669890165329
6137.5586 1.36062514781952
6138.0438 1.35710430145264
6138.5289 1.3538099527359
6139.0141 1.35051703453064
6139.4993 1.34722554683685
6139.9844 1.34403479099274
6140.4696 1.34138321876526
6140.9547 1.33873307704926
6141.4399 1.33608436584473
6141.9251 1.3334367275238
6142.4102 1.33658528327942
6142.8954 1.34897315502167
6143.3806 1.3613692522049
6143.8657 1.3737735748291
6144.3509 1.38618564605713
6144.8360 1.39286255836487
6145.3212 1.39596009254456
6145.8064 1.39906060695648
6146.2915 1.40216457843781
6146.7767 1.4052722454071
6147.2618 1.40043210983276
6147.7470 1.39414930343628
6148.2322 1.38786578178406
6148.7173 1.38158178329468
6149.2025 1.37517488002777
6149.6877 1.36731708049774
6150.1728 1.35945653915405
6150.6580 1.35159277915955
6151.1431 1.34372508525848
6151.6283 1.33718204498291
6152.1135 1.33360433578491
6152.5986 1.33002281188965
6153.0838 1.32643663883209
6153.5690 1.32284533977509
6154.0541 1.32459914684296
6154.5393 1.3308812379837
6155.0244 1.337162733078
6155.5096 1.3434431552887
6155.9948 1.34972214698792
6156.4799 1.34999465942383
6156.9651 1.34851026535034
6157.4503 1.34701931476593
6157.9354 1.34552121162415
6158.4206 1.34402334690094
6158.9057 1.34359788894653
6159.3909 1.34316349029541
6159.8761 1.34271883964539
6160.3612 1.34226322174072
6160.8464 1.34104120731354
6161.3316 1.33743143081665
6161.8167 1.33380722999573
6162.3019 1.33016777038574
6162.7870 1.32651352882385
6163.2722 1.3251895904541
6163.7574 1.32644104957581
6164.2425 1.32767939567566
6164.7277 1.32890510559082
6165.2128 1.33011853694916
6165.6980 1.33138847351074
6166.1832 1.33267509937286
6166.6683 1.33395099639893
6167.1535 1.33521699905396
6167.6387 1.33647358417511
6168.1238 1.33924078941345
6168.6090 1.34208822250366
6169.0941 1.3449285030365
6169.5793 1.34776258468628
6170.0645 1.35018515586853
6170.5496 1.35076630115509
6171.0348 1.35134315490723
6171.5200 1.35191643238068
6172.0051 1.35248684883118
6172.4903 1.35244798660278
6172.9754 1.35155940055847
6173.4606 1.35067045688629
6173.9458 1.34978199005127
6174.4309 1.3488951921463
6174.9161 1.34795343875885
6175.4013 1.34698462486267
6175.8864 1.34602046012878
6176.3716 1.34506118297577
6176.8567 1.34410786628723
6177.3419 1.3368923664093
6177.8271 1.3289178609848
6178.3122 1.32094979286194
6178.7974 1.31298851966858
6179.2825 1.30684018135071
6179.7677 1.31289517879486
6180.2529 1.31896066665649
6180.7380 1.32503724098206
6181.2232 1.33112525939941
6181.7084 1.33233690261841
6182.1935 1.32513630390167
6182.6787 1.31794476509094
6183.1638 1.31076204776764
6183.6490 1.30358839035034
6184.1342 1.30218768119812
6184.6193 1.30454564094543
6185.1045 1.30691576004028
6185.5897 1.30929791927338
6186.0748 1.31169247627258
6186.5600 1.30401110649109
6187.0451 1.29449129104614
6187.5303 1.28497767448425
6188.0155 1.27547013759613
6188.5006 1.2675187587738
6188.9858 1.27624309062958
6189.4710 1.28498160839081
6189.9561 1.2937343120575
6190.4413 1.30250144004822
6190.9264 1.30687046051025
6191.4116 1.30210316181183
6191.8968 1.29734241962433
6192.3819 1.29258823394775
6192.8671 1.28784012794495
6193.3523 1.28815197944641
6193.8374 1.29234504699707
6194.3226 1.29654943943024
6194.8077 1.30076491832733
6195.2929 1.30499172210693
6195.7781 1.31322360038757
6196.2632 1.32242131233215
6196.7484 1.33163380622864
6197.2335 1.34086132049561
6197.7187 1.34934723377228
6198.2039 1.3433051109314
6198.6890 1.33726632595062
6199.1742 1.33123087882996
6199.6594 1.32519817352295
6200.1445 1.32061433792114
6200.6297 1.31954550743103
6201.1148 1.31848204135895
6201.6000 1.31742346286774
6202.0852 1.31636917591095
6202.5703 1.3138599395752
6203.0555 1.31008279323578
6203.5407 1.30630588531494
6204.0258 1.30252850055695
6204.5110 1.29875028133392
6204.9961 1.30264508724213
6205.4813 1.30873417854309
6205.9665 1.31483006477356
6206.4516 1.32093214988709
6206.9368 1.32681357860565
6207.4220 1.32259821891785
6207.9071 1.31838023662567
6208.3923 1.31415987014771
6208.8774 1.30993711948395
6209.3626 1.30715012550354
6209.8478 1.30832278728485
6210.3329 1.30949854850769
6210.8181 1.31067776679993
6211.3032 1.31186068058014
6211.7884 1.31320452690125
6212.2736 1.31470274925232
6212.7587 1.31620657444
6213.2439 1.31771636009216
6213.7291 1.31923282146454
6214.2142 1.31275880336761
6214.6994 1.30371403694153
6215.1845 1.2946674823761
6215.6697 1.28561925888062
6216.1549 1.27659225463867
6216.6400 1.27568137645721
6217.1252 1.27477717399597
6217.6104 1.27387976646423
6218.0955 1.27298843860626
6218.5807 1.27314007282257
6219.0658 1.27642214298248
6219.5510 1.27971363067627
6220.0362 1.28301405906677
6220.5213 1.28632247447968
6221.0065 1.28834056854248
6221.4917 1.28904616832733
6221.9768 1.28975427150726
6222.4620 1.29046416282654
6222.9471 1.29117512702942
6223.4323 1.29320466518402
6223.9175 1.29568934440613
6224.4026 1.29817450046539
6224.8878 1.30065929889679
6225.3730 1.30314302444458
6225.8581 1.29809355735779
6226.3433 1.29297113418579
6226.8284 1.28783702850342
6227.3136 1.28269028663635
6227.7988 1.27942395210266
6228.2839 1.28213250637054
6228.7691 1.28483438491821
6229.2542 1.28752827644348
6229.7394 1.29021406173706
6230.2246 1.28965950012207
6230.7097 1.28572058677673
6231.1949 1.28176510334015
6231.6801 1.27779233455658
6232.1652 1.27380228042603
6232.6504 1.27672791481018
6233.1355 1.28209042549133
6233.6207 1.28744232654572
6234.1059 1.29278326034546
6234.5910 1.29811298847198
6235.0762 1.31689321994781
6235.5614 1.33581829071045
6236.0465 1.35474109649658
6236.5317 1.37366139888763
6237.0168 1.3865180015564
6237.5020 1.38015389442444
6237.9872 1.37377083301544
6238.4723 1.36736905574799
6238.9575 1.36094927787781
6239.4427 1.35893738269806
6239.9278 1.36149942874908
6240.4130 1.36404860019684
6240.8981 1.36658453941345
6241.3833 1.36910724639893
6241.8685 1.36375212669373
6242.3536 1.35565531253815
6242.8388 1.34754121303558
6243.3239 1.33941030502319
6243.8091 1.33126354217529
6244.2943 1.33121359348297
6244.7794 1.33119332790375
6245.2646 1.33116185665131
6245.7498 1.33112001419067
6246.2349 1.32935309410095
6246.7201 1.32236433029175
6247.2052 1.31536555290222
6247.6904 1.30835771560669
6248.1756 1.30134129524231
6248.6607 1.29596316814423
6249.1459 1.29221820831299
6249.6311 1.28846597671509
6250.1162 1.28470647335052
6250.6014 1.2809396982193
6251.0865 1.28154516220093
6251.5717 1.28356862068176
6252.0569 1.28558623790741
6252.5420 1.28759825229645
6253.0272 1.28964805603027
6253.5124 1.29645478725433
6253.9975 1.30325794219971
6254.4827 1.31005764007568
6254.9678 1.31685471534729
6255.4530 1.32118737697601
6255.9382 1.31864476203918
6256.4233 1.31610000133514
6256.9085 1.31355381011963
6257.3937 1.31100654602051
6257.8788 1.31063282489777
6258.3640 1.31227362155914
6258.8491 1.31391525268555
6259.3343 1.31555843353271
6259.8195 1.31720328330994
6260.3046 1.3194807767868
6260.7898 1.32194399833679
6261.2749 1.3244104385376
6261.7601 1.3268803358078
6262.2453 1.32917928695679
6262.7304 1.32608711719513
6263.2156 1.32299852371216
6263.7008 1.31991350650787
6264.1859 1.31683266162872
6264.6711 1.31464529037476
6265.1562 1.31465876102448
6265.6414 1.31467700004578
6266.1266 1.31470000743866
6266.6117 1.3147280216217
6267.0969 1.31078851222992
6267.5821 1.30354607105255
6268.0672 1.29630696773529
6268.5524 1.28907132148743
6269.0375 1.28183889389038
6269.5227 1.27625513076782
6270.0079 1.27107667922974
6270.4930 1.26590168476105
6270.9782 1.26073002815247
6271.4634 1.25600397586823
6271.9485 1.25795376300812
6272.4337 1.25990867614746
6272.9188 1.2618682384491
6273.4040 1.26383256912231
6273.8892 1.26865649223328
6274.3743 1.27951908111572
6274.8595 1.2903892993927
6275.3446 1.30126655101776
6275.8298 1.31215119361877
6276.3150 1.30871248245239
6276.8001 1.29493010044098
6277.2853 1.28114652633667
6277.7705 1.26736128330231
6278.2556 1.25357437133789
6278.7408 1.25084149837494
6279.2259 1.25020337104797
6279.7111 1.2495676279068
6280.1963 1.24893403053284
6280.6814 1.24795150756836
6281.1666 1.24386119842529
6281.6518 1.23977136611938
6282.1369 1.23568189144135
6282.6221 1.2315925359726
6283.1072 1.23223423957825
6283.5924 1.24119520187378
6284.0776 1.25016105175018
6284.5627 1.25913178920746
6285.0479 1.26810705661774
6285.5331 1.27297174930573
6286.0182 1.27536177635193
6286.5034 1.2777533531189
6286.9885 1.28014647960663
6287.4737 1.28254091739655
6287.9589 1.27673077583313
6288.4440 1.26986718177795
6288.9292 1.26300072669983
6289.4144 1.25613129138947
6289.8995 1.25419616699219
6290.3847 1.28042232990265
6290.8698 1.30665814876556
6291.3550 1.33290350437164
6291.8402 1.35915815830231
6292.3253 1.39921152591705
6292.8105 1.45892643928528
6293.2956 1.51866292953491
6293.7808 1.5784205198288
6294.2660 1.63819873332977
6294.7511 1.68358278274536
6295.2363 1.72207903862
6295.7215 1.76058614253998
6296.2066 1.79910397529602
6296.6918 1.8376317024231
6297.1769 1.85774397850037
6297.6621 1.8766942024231
6298.1473 1.8956458568573
6298.6324 1.91459846496582
6299.1176 1.93004024028778
6299.6028 1.9318950176239
6300.0879 1.93374395370483
6300.5731 1.93558669090271
6301.0582 1.93742263317108
6301.5434 1.93520641326904
6302.0286 1.92843401432037
6302.5137 1.92165160179138
6302.9989 1.91485869884491
6303.4841 1.90805542469025
6303.9692 1.92209565639496
6304.4544 1.94358360767365
6304.9395 1.96506702899933
6305.4247 1.98654532432556
6305.9099 2.00805115699768
6306.3950 2.04001522064209
6306.8802 2.07197427749634
6307.3653 2.10392737388611
6307.8505 2.13587379455566
6308.3357 2.16166663169861
6308.8208 2.17084455490112
6309.3060 2.1800103187561
6309.7912 2.18916368484497
6310.2763 2.19830393791199
6310.7615 2.19643044471741
6311.2466 2.18508267402649
6311.7318 2.17371964454651
6312.2170 2.16234183311462
6312.7021 2.15094923973084
6313.1873 2.11109924316406
6313.6725 2.06437635421753
6314.1576 2.01763987541199
6314.6428 1.97089087963104
6315.1279 1.92126536369324
6315.6131 1.83594381809235
6316.0983 1.75061511993408
6316.5834 1.6652809381485
6317.0686 1.57994306087494
6317.5538 1.50940334796906
6318.0389 1.46715450286865
6318.5241 1.42490243911743
6319.0092 1.38264775276184
6319.4944 1.34039092063904
6319.9796 1.31929457187653
6320.4647 1.31154823303223
6320.9499 1.30379629135132
6321.4351 1.29603862762451
6321.9202 1.28827548027039
6322.4054 1.28622496128082
6322.8905 1.28492319583893
6323.3757 1.28361451625824
6323.8609 1.28229916095734
6324.3460 1.28034639358521
6324.8312 1.27492308616638
6325.3163 1.26949429512024
6325.8015 1.26406049728394
6326.2867 1.25862169265747
6326.7718 1.25565886497498
6327.2570 1.25604224205017
6327.7422 1.25642049312592
6328.2273 1.25679349899292
6328.7125 1.25716197490692
6329.1976 1.25719153881073
6329.6828 1.25707173347473
6330.1680 1.25694847106934
6330.6531 1.25682199001312
6331.1383 1.25669264793396
6331.6235 1.25814998149872
6332.1086 1.25965464115143
6332.5938 1.26115691661835
6333.0789 1.26265668869019
6333.5641 1.26351916790009
6334.0493 1.26239323616028
6334.5344 1.26126635074615
6335.0196 1.26013839244843
6335.5048 1.25900971889496
6335.9899 1.25781559944153
6336.4751 1.25655996799469
6336.9602 1.2553037405014
6337.4454 1.25404679775238
6337.9306 1.25278949737549
6338.4157 1.25342953205109
6338.9009 1.25457406044006
6339.3861 1.2557178735733
6339.8712 1.25686120986938
6340.3564 1.25858390331268
6340.8415 1.26875138282776
6341.3267 1.27891719341278
6341.8119 1.2890819311142
6342.2970 1.29924714565277
6342.7822 1.30478012561798
6343.2673 1.30129301548004
6343.7525 1.2978150844574
6344.2377 1.29434788227081
6344.7228 1.29089307785034
6345.2080 1.29300153255463
6345.6932 1.2986011505127
6346.1783 1.30421698093414
6346.6635 1.30985057353973
6347.1486 1.31550323963165
6347.6338 1.30958211421967
6348.1190 1.30226194858551
6348.6041 1.29496121406555
6349.0893 1.28767836093903
6349.5745 1.28089463710785
6350.0596 1.27652394771576
6350.5448 1.2721666097641
6351.0299 1.26782119274139
6351.5151 1.26348674297333
6352.0003 1.26402378082275
6352.4854 1.27063989639282
6352.9706 1.2772650718689
6353.4558 1.28389871120453
6353.9409 1.29054021835327
6354.4261 1.29142415523529
6354.9112 1.2900995016098
6355.3964 1.28877937793732
6355.8816 1.28746330738068
6356.3667 1.28616189956665
6356.8519 1.29937434196472
6357.3370 1.3125913143158
6357.8222 1.32581222057343
6358.3074 1.33903646469116
6358.7925 1.35275781154633
6359.2777 1.36775588989258
6359.7629 1.38275539875031
6360.2480 1.39775609970093
6360.7332 1.41275727748871
6361.2183 1.43389081954956
6361.7035 1.4598640203476
6362.1887 1.48583841323853
6362.6738 1.51181387901306
6363.1590 1.53778994083405
6363.6442 1.52580201625824
6364.1293 1.50651621818542
6364.6145 1.48722362518311
6365.0996 1.46792435646057
6365.5848 1.44911468029022
6366.0700 1.43396067619324
6366.5551 1.4188015460968
6367.0403 1.40363776683807
6367.5255 1.38847041130066
6368.0106 1.37581050395966
6368.4958 1.36690998077393
6368.9809 1.35800981521606
6369.4661 1.34911119937897
6369.9513 1.3402156829834
6370.4364 1.33120906352997
6370.9216 1.3221538066864
6371.4068 1.31310415267944
6371.8919 1.30406022071838
6372.3771 1.29502177238464
6372.8622 1.2949104309082
6373.3474 1.29513847827911
6373.8326 1.29537165164948
6374.3177 1.29560911655426
6374.8029 1.29539334774017
6375.2880 1.29378497600555
6375.7732 1.29217910766602
6376.2584 1.2905752658844
6376.7435 1.28897368907928
6377.2287 1.28531229496002
6377.7139 1.27982187271118
6378.1990 1.27433204650879
6378.6842 1.26884281635284
6379.1693 1.26335406303406
6379.6545 1.26344358921051
6380.1397 1.26481425762177
6380.6248 1.26618719100952
6381.1100 1.26756262779236
6381.5952 1.26890933513641
6382.0803 1.26996994018555
6382.5655 1.27103316783905
6383.0506 1.2720992565155
6383.5358 1.27316832542419
6384.0210 1.2740478515625
6384.5061 1.27461910247803
6384.9913 1.27519369125366
6385.4765 1.27577126026154
6385.9616 1.27635180950165
6386.4468 1.27378606796265
6386.9319 1.26965594291687
6387.4171 1.26552736759186
6387.9023 1.26140022277832
6388.3874 1.25727438926697
6388.8726 1.25996446609497
6389.3577 1.2629873752594
6389.8429 1.26601302623749
6390.3281 1.26904106140137
6390.8132 1.27098655700684
6391.2984 1.26950335502625
6391.7836 1.26802003383636
6392.2687 1.26653623580933
6392.7539 1.26505196094513
6393.2390 1.26030766963959
6393.7242 1.2526388168335
6394.2094 1.24496698379517
6394.6945 1.23729240894318
6395.1797 1.22961497306824
6395.6649 1.23306894302368
6396.1500 1.2390547990799
6396.6352 1.24504292011261
6397.1203 1.25103366374969
6397.6055 1.25632166862488
6398.0907 1.25546109676361
6398.5758 1.25460195541382
6399.0610 1.25374460220337
6399.5462 1.25288951396942
6400.0313 1.25396728515625
6400.5165 1.25804829597473
6401.0016 1.26213479042053
6401.4868 1.26622748374939
6401.9720 1.27032661437988
6402.4571 1.27428376674652
6402.9423 1.27817821502686
6403.4275 1.28208029270172
6403.9126 1.28599011898041
6404.3978 1.28990805149078
6404.8829 1.29024457931519
6405.3681 1.29047858715057
6405.8533 1.29071915149689
6406.3384 1.29096603393555
6406.8236 1.28757524490356
6407.3087 1.27385973930359
6407.7939 1.26014196872711
6408.2791 1.24642157554626
6408.7642 1.23269748687744
6409.2494 1.22924399375916
6409.7346 1.2341433763504
6410.2197 1.23904645442963
6410.7049 1.24395251274109
6411.1900 1.24886095523834
6411.6752 1.25331377983093
6412.1604 1.25768220424652
6412.6455 1.26205086708069
6413.1307 1.2664190530777
6413.6159 1.26948475837708
6414.1010 1.26420640945435
6414.5862 1.25892233848572
6415.0713 1.25363254547119
6415.5565 1.24833714962006
6416.0417 1.24301815032959
6416.5268 1.2376697063446
6417.0120 1.23231601715088
6417.4972 1.22695755958557
6417.9823 1.22159385681152
6418.4675 1.22353041172028
6418.9526 1.22829866409302
6419.4378 1.23306620121002
6419.9230 1.23783314228058
6420.4081 1.24257910251617
6420.8933 1.24592709541321
6421.3784 1.24927365779877
6421.8636 1.25261878967285
6422.3488 1.25596261024475
6422.8339 1.25575304031372
6423.3191 1.2475711107254
6423.8043 1.23938322067261
6424.2894 1.23118948936462
6424.7746 1.22299027442932
6425.2597 1.21921384334564
6425.7449 1.21834969520569
6426.2301 1.21748316287994
6426.7152 1.21661448478699
6427.2004 1.21574378013611
6427.6856 1.2134416103363
6428.1707 1.2109751701355
6428.6559 1.2085063457489
6429.1410 1.20603573322296
6429.6262 1.2044061422348
6430.1114 1.2062748670578
6430.5965 1.20814442634583
6431.0817 1.21001541614532
6431.5669 1.21188831329346
6432.0520 1.21624660491943
6432.5372 1.22318816184998
6433.0223 1.23013532161713
6433.5075 1.23708844184875
6433.9927 1.24404788017273
6434.4778 1.24114513397217
6434.9630 1.23558044433594
6435.4482 1.23001790046692
6435.9333 1.22445750236511
6436.4185 1.21944344043732
6436.9036 1.22029757499695
6437.3888 1.22115743160248
6437.8740 1.22202324867249
6438.3591 1.22289526462555
6438.8443 1.22015118598938
6439.3294 1.21157312393188
6439.8146 1.20299637317657
6440.2998 1.19442057609558
6440.7849 1.18584525585175
6441.2701 1.18560385704041
6441.7553 1.18926191329956
6442.2404 1.19292604923248
6442.7256 1.19659554958344
6443.2107 1.20027017593384
6443.6959 1.19631278514862
6444.1811 1.19220471382141
6444.6662 1.18809616565704
6445.1514 1.18398642539978
6445.6366 1.18513524532318
6446.1217 1.19978868961334
6446.6069 1.21445035934448
6447.0920 1.22911953926086
6447.5772 1.24379551410675
6448.0624 1.24236142635345
6448.5475 1.22928071022034
6449.0327 1.21618866920471
6449.5179 1.20308482646942
6450.0030 1.18996894359589
6450.4882 1.18965423107147
6450.9733 1.19105696678162
6451.4585 1.19245409965515
6451.9437 1.19384479522705
6452.4288 1.1967887878418
6452.9140 1.20669913291931
6453.3991 1.21660625934601
6453.8843 1.22650980949402
6454.3695 1.23640954494476
6454.8546 1.24561095237732
6455.3398 1.25406980514526
6455.8250 1.26252353191376
6456.3101 1.27097141742706
6456.7953 1.27941346168518
6457.2804 1.28604185581207
6457.7656 1.29217493534088
6458.2508 1.2983011007309
6458.7359 1.30442023277283
6459.2211 1.31045818328857
6459.7063 1.3157422542572
6460.1914 1.32101905345917
6460.6766 1.32628870010376
6461.1617 1.33155119419098
6461.6469 1.33204901218414
6462.1321 1.32521760463715
6462.6172 1.31837689876556
6463.1024 1.31152737140656
6463.5876 1.30466914176941
6464.0727 1.29622161388397
6464.5579 1.2870819568634
6465.0430 1.27793443202972
6465.5282 1.26877927780151
6466.0134 1.2596207857132
6466.4985 1.25185227394104
6466.9837 1.24407720565796
6467.4689 1.2362961769104
6467.9540 1.22850942611694
6468.4392 1.22416055202484
6468.9243 1.22754013538361
6469.4095 1.23091590404511
6469.8947 1.23428773880005
6470.3798 1.23765599727631
6470.8650 1.2326899766922
6471.3501 1.22248148918152
6471.8353 1.21226906776428
6472.3205 1.20205318927765
6472.8056 1.19183397293091
6473.2908 1.19510054588318
6473.7760 1.19953215122223
6474.2611 1.20396173000336
6474.7463 1.20838916301727
6475.2314 1.21354866027832
6475.7166 1.22120153903961
6476.2018 1.22885286808014
6476.6869 1.2365026473999
6477.1721 1.24415099620819
6477.6573 1.25056946277618
6478.1424 1.25591826438904
6478.6276 1.26126575469971
6479.1127 1.26661229133606
6479.5979 1.2719578742981
6480.0831 1.26369333267212
6480.5682 1.25289177894592
6481.0534 1.24208974838257
6481.5386 1.23128712177277
6482.0237 1.22340440750122
6482.5089 1.23186814785004
6482.9940 1.24033164978027
6483.4792 1.24879479408264
6483.9644 1.25725758075714
6484.4495 1.26287603378296
6484.9347 1.26516592502594
6485.4198 1.26745581626892
6485.9050 1.26974558830261
6486.3902 1.2720353603363
6486.8753 1.27305591106415
6487.3605 1.27369856834412
6487.8457 1.27434134483337
6488.3308 1.27498424053192
6488.8160 1.27466201782227
6489.3011 1.26337075233459
6489.7863 1.25207984447479
6490.2715 1.24078917503357
6490.7566 1.22949886322021
6491.2418 1.22405409812927
6491.7270 1.22768354415894
6492.2121 1.23131334781647
6492.6973 1.23494338989258
6493.1824 1.23857378959656
6493.6676 1.24442338943481
6494.1528 1.25120973587036
6494.6379 1.25799632072449
6495.1231 1.26478338241577
6495.6083 1.27171885967255
6496.0934 1.28819966316223
6496.5786 1.30468082427979
6497.0637 1.32116234302521
6497.5489 1.33764445781708
6498.0341 1.35026216506958
6498.5192 1.35495805740356
6499.0044 1.35965430736542
6499.4896 1.36435079574585
6499.9747 1.36904788017273
6500.4599 1.36133515834808
6500.9450 1.34667313098907
6501.4302 1.33201146125793
6501.9154 1.31734991073608
6502.4005 1.30268847942352
6502.8857 1.3057576417923
6503.3708 1.30966746807098
6503.8560 1.31357765197754
6504.3412 1.31748819351196
6504.8263 1.3210734128952
6505.3115 1.32377445697784
6505.7967 1.32647585868835
6506.2818 1.32917749881744
6506.7670 1.33187937736511
6507.2521 1.33736729621887
6507.7373 1.34484112262726
6508.2225 1.35231518745422
6508.7076 1.35978937149048
6509.1928 1.36726403236389
6509.6780 1.3759446144104
6510.1631 1.38476037979126
6510.6483 1.39357650279999
6511.1334 1.40239286422729
6511.6186 1.40785181522369
6512.1038 1.40107178688049
6512.5889 1.394291639328
6513.0741 1.3875116109848
6513.5593 1.3807315826416
6514.0444 1.37842392921448
6514.5296 1.38005363941193
6515.0147 1.38168346881866
6515.4999 1.3833132982254
6515.9851 1.38494324684143
6516.4702 1.39421880245209
6516.9554 1.4048547744751
6517.4406 1.41549122333527
6517.9257 1.42612755298615
6518.4109 1.4363774061203
6518.8960 1.44469201564789
6519.3812 1.45300698280334
6519.8664 1.4613219499588
6520.3515 1.46963703632355
6520.8367 1.48406708240509
6521.3218 1.50499391555786
6521.8070 1.52592098712921
6522.2922 1.54684853553772
6522.7773 1.56777632236481
6523.2625 1.58157074451447
6523.7477 1.59362268447876
6524.2328 1.60567498207092
6524.7180 1.61772739887238
6525.2031 1.63363647460938
6525.6883 1.67702567577362
6526.1735 1.7204155921936
6526.6586 1.76380622386932
6527.1438 1.80719745159149
6527.6290 1.85025417804718
6528.1141 1.89289021492004
6528.5993 1.93552684783936
6529.0844 1.97816407680511
6529.5696 2.02080202102661
6530.0548 2.05137205123901
6530.5399 2.07820534706116
6531.0251 2.1050386428833
6531.5103 2.1318724155426
6531.9954 2.15825724601746
6532.4806 2.17977952957153
6532.9657 2.20130181312561
6533.4509 2.22282457351685
6533.9361 2.24434757232666
6534.4212 2.29033803939819
6534.9064 2.37208366394043
6535.3915 2.45383071899414
6535.8767 2.53557872772217
6536.3619 2.61732792854309
6536.8470 2.84680557250977
6537.3322 3.13133931159973
6537.8174 3.41587734222412
6538.3025 3.70041942596436
6538.7877 4.00294494628906
6539.2728 4.63791751861572
6539.7580 5.27289867401123
6540.2432 5.9078893661499
6540.7283 6.54288911819458
6541.2135 7.19152688980103
6541.6987 7.86292171478271
6542.1838 8.53432559967041
6542.6690 9.20573902130127
6543.1541 9.87716102600098
6543.6393 10.3929882049561
6544.1245 10.8416910171509
6544.6096 11.2904014587402
6545.0948 11.7391166687012
6545.5800 12.1820611953735
6546.0651 12.380895614624
6546.5503 12.5797328948975
6547.0354 12.7785720825195
6547.5206 12.9774141311646
6548.0058 13.2845811843872
6548.4909 13.7945251464844
6548.9761 14.3044757843018
6549.4613 14.8144340515137
6549.9464 15.3243989944458
6550.4316 17.6667098999023
6550.9167 20.8959350585938
6551.4019 24.1252059936523
6551.8871 27.3545169830322
6552.3722 30.5843696594238
6552.8574 40.9863739013672
6553.3425 51.3885192871094
6553.8277 61.7908020019531
6554.3129 72.1932220458984
6554.7980 85.0028839111328
6555.2832 102.769927978516
6555.7684 120.537208557129
6556.2535 138.304718017578
6556.7387 156.072463989258
6557.2238 169.915252685547
6557.7090 181.683685302734
6558.1942 193.452239990234
6558.6793 205.220962524414
6559.1645 216.989837646484
6559.6497 221.564117431641
6560.1348 226.007827758789
6560.6200 230.451583862305
6561.1051 234.895385742188
6561.5903 236.119018554688
6562.0755 230.197631835938
6562.5606 224.276168823242
6563.0458 218.354598999023
6563.5310 212.432983398438
6564.0161 201.592651367188
6564.5013 187.982574462891
6564.9864 174.372299194336
6565.4716 160.761871337891
6565.9568 147.151245117188
6566.4419 131.656372070313
6566.9271 116.101844787598
6567.4122 100.54712677002
6567.8974 84.9922180175781
6568.3826 70.6806945800781
6568.8677 59.275577545166
6569.3529 47.8703269958496
6569.8381 36.4649353027344
6570.3232 25.0594100952148
6570.8084 19.0532932281494
6571.2935 16.2121753692627
6571.7787 13.3710241317749
6572.2639 10.5298385620117
6572.7490 7.68861818313599
6573.2342 8.41842460632324
6573.7194 9.289963722229
6574.2045 10.1615133285522
6574.6897 11.033073425293
6575.1748 12.2559719085693
6575.6600 14.3234491348267
6576.1452 16.3909492492676
6576.6303 18.458475112915
6577.1155 20.5260257720947
6577.6007 22.2261981964111
6578.0858 23.7071762084961
6578.5710 25.1881694793701
6579.0561 26.6691837310791
6579.5413 28.1502132415771
6580.0265 28.8261699676514
6580.5116 29.4680728912354
6580.9968 30.1099853515625
6581.4820 30.7519073486328
6581.9671 31.0475215911865
6582.4523 30.507848739624
6582.9374 29.9681701660156
6583.4226 29.4284896850586
6583.9078 28.8887996673584
6584.3929 27.6591033935547
6584.8781 26.0195121765137
6585.3632 24.3798999786377
6585.8484 22.7402687072754
6586.3336 21.1006202697754
6586.8187 19.2541751861572
6587.3039 17.3995780944824
6587.7891 15.544958114624
6588.2742 13.6903142929077
6588.7594 11.9111289978027
6589.2445 10.310094833374
6589.7297 8.70903778076172
6590.2149 7.10796070098877
6590.7000 5.50686168670654
6591.1852 4.56748723983765
6591.6704 4.01084327697754
6592.1555 3.45419120788574
6592.6407 2.89753127098084
6593.1258 2.3408637046814
6593.6110 2.24201488494873
6594.0962 2.15726613998413
6594.5813 2.07251596450806
6595.0665 1.98776483535767
6595.5517 1.92257797718048
6596.0368 1.90150332450867
6596.5220 1.88042855262756
6597.0071 1.85935366153717
6597.4923 1.83827865123749
6597.9775 1.80825567245483
6598.4626 1.77330720424652
6598.9478 1.73835825920105
6599.4329 1.70340883731842
6599.9181 1.66845893859863
6600.4033 1.65242624282837
6600.8884 1.6367152929306
6601.3736 1.62100434303284
6601.8588 1.60529327392578
6602.3439 1.59412884712219
6602.8291 1.59253287315369
6603.3142 1.59093701839447
6603.7994 1.58934128284454
6604.2846 1.58774566650391
6604.7697 1.56967341899872
6605.2549 1.54317283630371
6605.7401 1.51667165756226
6606.2252 1.49017012119293
6606.7104 1.46370506286621
6607.1955 1.46018087863922
6607.6807 1.45665669441223
6608.1659 1.45313251018524
6608.6510 1.44960820674896
6609.1362 1.44172787666321
6609.6214 1.42547452449799
6610.1065 1.40922069549561
6610.5917 1.39296627044678
6611.0768 1.37671160697937
6611.5620 1.3721672296524
6612.0472 1.3730480670929
6612.5323 1.37392866611481
6613.0175 1.37480914592743
6613.5027 1.37558424472809
6613.9878 1.37228918075562
6614.4730 1.36899375915527
6614.9581 1.36569774150848
6615.4433 1.36240124702454
6615.9285 1.35552322864532
6616.4136 1.34248149394989
6616.8988 1.32943892478943
6617.3839 1.31639552116394
6617.8691 1.30335116386414
6618.3543 1.30064916610718
6618.8394 1.30216228961945
6619.3246 1.30367457866669
6619.8098 1.30518591403961
6620.2949 1.30641400814056
6620.7801 1.30269062519073
6621.2652 1.29896593093872
6621.7504 1.29524004459381
6622.2356 1.29151284694672
6622.7207 1.2839697599411
6623.2059 1.27065575122833
6623.6911 1.2573401927948
6624.1762 1.24402332305908
6624.6614 1.23070478439331
6625.1465 1.22635650634766
6625.6317 1.22511470317841
6626.1169 1.2238712310791
6626.6020 1.22262561321259
6627.0872 1.22049570083618
6627.5724 1.2092113494873
6628.0575 1.19792520999908
6628.5427 1.18663728237152
6629.0278 1.17534744739532
6629.5130 1.16820740699768
6629.9982 1.16648542881012
6630.4833 1.16476094722748
6630.9685 1.16303396224976
6631.4536 1.16130411624908
6631.9388 1.16638004779816
6632.4240 1.17337107658386
6632.9091 1.18035840988159
6633.3943 1.18734204769135
6633.8795 1.19276535511017
6634.3646 1.18750083446503
6634.8498 1.18223333358765
6635.3349 1.17696309089661
6635.8201 1.17168998718262
6636.3053 1.16892743110657
6636.7904 1.1689430475235
6637.2756 1.16895508766174
6637.7608 1.16896343231201
6638.2459 1.16896820068359
6638.7311 1.17457032203674
6639.2162 1.18137335777283
6639.7014 1.18817162513733
6640.1866 1.19496536254883
6640.6717 1.20148599147797
6641.1569 1.20670676231384
6641.6421 1.21192312240601
6642.1272 1.21713519096375
6642.6124 1.22234308719635
6643.0975 1.21170151233673
6643.5827 1.18648886680603
6644.0679 1.16127872467041
6644.5530 1.13607180118561
6645.0382 1.11086821556091
6645.5234 1.11377739906311
6646.0085 1.12085294723511
6646.4937 1.12792611122131
6646.9788 1.13499689102173
6647.4640 1.14226114749908
6647.9492 1.15021085739136
6648.4343 1.15815985202789
6648.9195 1.16610896587372
6649.4046 1.17405843734741
6649.8898 1.17159795761108
6650.3750 1.1613644361496
6650.8601 1.15113699436188
6651.3453 1.1409158706665
6651.8305 1.13070130348206
6652.3156 1.12888967990875
6652.8008 1.12777376174927
6653.2859 1.12666356563568
6653.7711 1.12555909156799
6654.2563 1.12570345401764
6654.7414 1.12910866737366
6655.2266 1.13251948356628
6655.7118 1.13593542575836
6656.1969 1.13935661315918
6656.6821 1.1390974521637
6657.1672 1.13667058944702
6657.6524 1.13424861431122
6658.1376 1.13183116912842
6658.6227 1.12941801548004
6659.1079 1.12879252433777
6659.5931 1.12820243835449
6660.0782 1.12761545181274
6660.5634 1.12703132629395
6661.0485 1.13157987594604
6661.5337 1.14624524116516
6662.0189 1.16091227531433
6662.5040 1.1755805015564
6662.9892 1.19024991989136
6663.4743 1.20294857025146
6663.9595 1.21476650238037
6664.4447 1.22658455371857
6664.9298 1.23840248584747
6665.4150 1.2522656917572
6665.9002 1.30831122398376
6666.3853 1.36435556411743
6666.8705 1.42039823532104
6667.3556 1.4764392375946
6667.8408 1.58668732643127
6668.3260 1.77757215499878
6668.8111 1.96845233440399
6669.2963 2.15932822227478
6669.7815 2.35020041465759
6670.2666 2.58111023902893
6670.7518 2.82477712631226
6671.2369 3.06844162940979
6671.7221 3.31210541725159
6672.2073 3.55004334449768
6672.6924 3.74403214454651
6673.1776 3.9380247592926
6673.6628 4.13202285766602
6674.1479 4.32602834701538
6674.6331 4.46794652938843
6675.1182 4.5517749786377
6675.6034 4.63561725616455
6676.0886 4.71947479248047
6676.5737 4.80334997177124
6677.0589 4.72865295410156
6677.5441 4.62168502807617
6678.0292 4.51473331451416
6678.5144 4.40779590606689
6678.9995 4.28364086151123
6679.4847 4.08580446243286
6679.9699 3.8879714012146
6680.4550 3.69013810157776
6680.9402 3.49230170249939
6681.4253 3.2859218120575
6681.9105 3.07251191139221
6682.3957 2.85908627510071
6682.8808 2.64564180374146
6683.3660 2.4321756362915
6683.8512 2.23601937294006
6684.3363 2.04158210754395
6684.8215 1.84711921215057
6685.3066 1.65262925624847
6685.7918 1.4926985502243
6686.2770 1.42669641971588
6686.7621 1.36068677902222
6687.2473 1.29466891288757
6687.7325 1.22864198684692
6688.2176 1.19868278503418
6688.7028 1.18989956378937
6689.1879 1.18111860752106
6689.6731 1.17233991622925
6690.1583 1.16356301307678
6690.6434 1.14878308773041
6691.1286 1.133953332901
6691.6138 1.11912310123444
6692.0989 1.10429227352142
6692.5841 1.09447002410889
6693.0692 1.09379255771637
6693.5544 1.09311783313751
6694.0396 1.09244537353516
6694.5247 1.0917751789093
6695.0099 1.09165942668915
6695.4950 1.09176385402679
6695.9802 1.09186995029449
6696.4654 1.09197759628296
6696.9505 1.09197580814362
6697.4357 1.09070563316345
6697.9209 1.08943557739258
6698.4060 1.08816540241241
6698.8912 1.08689451217651
6699.3763 1.086674451828
6699.8615 1.0877697467804
6700.3467 1.08886384963989
6700.8318 1.08995628356934
6701.3170 1.09104645252228
6701.8022 1.1055508852005
6702.2873 1.12323045730591
6702.7725 1.14091086387634
6703.2576 1.15859174728394
6703.7428 1.17840397357941
6704.2280 1.20834732055664
6704.7131 1.23829257488251
6705.1983 1.26823949813843
6705.6835 1.29818713665009
6706.1686 1.3463249206543
6706.6538 1.40998888015747
6707.1389 1.47365951538086
6707.6241 1.53733587265015
6708.1093 1.60101699829102
6708.5944 1.68336379528046
6709.0796 1.76765513420105
6709.5648 1.85195279121399
6710.0499 1.9362553358078
6710.5351 2.01237630844116
6711.0202 2.06668257713318
6711.5054 2.1209876537323
6711.9906 2.17529129981995
6712.4757 2.22959232330322
6712.9609 2.2723503112793
6713.4460 2.30862236022949
6713.9312 2.34488892555237
6714.4164 2.38114953041077
6714.9015 2.41688513755798
6715.3867 2.39178204536438
6715.8719 2.36667108535767
6716.3570 2.34155344963074
6716.8422 2.31643128395081
6717.3273 2.28380489349365
6717.8125 2.23878884315491
6718.2977 2.19377207756042
6718.7828 2.14875626564026
6719.2680 2.10374188423157
6719.7532 2.1132173538208
6720.2383 2.14120841026306
6720.7235 2.16920900344849
6721.2086 2.19722080230713
6721.6938 2.23462677001953
6722.1790 2.34331870079041
6722.6641 2.45203399658203
6723.1493 2.56077432632446
6723.6345 2.66954112052917
6724.1196 2.76658391952515
6724.6048 2.85126447677612
6725.0899 2.93597221374512
6725.5751 3.02070951461792
6726.0603 3.10547661781311
6726.5454 3.20379519462585
6727.0306 3.30438709259033
6727.5158 3.40501260757446
6728.0009 3.50567030906677
6728.4861 3.57701826095581
6728.9712 3.54988431930542
6729.4564 3.52275085449219
6729.9416 3.4956169128418
6730.4267 3.46847987174988
6730.9119 3.39262413978577
6731.3970 3.28451132774353
6731.8822 3.17637181282043
6732.3674 3.0682053565979
6732.8525 2.96001076698303
6733.3377 2.82385945320129
6733.8229 2.68694496154785
6734.3080 2.54999494552612
6734.7932 2.41300892829895
6735.2783 2.27292728424072
6735.7635 2.12707662582397
6736.2487 1.98118901252747
6736.7338 1.83526563644409
6737.2190 1.68930685520172
6737.7042 1.57802891731262
6738.1893 1.48008716106415
6738.6745 1.38212239742279
6739.1596 1.28413558006287
6739.6448 1.19374239444733
6740.1300 1.17446410655975
6740.6151 1.15517854690552
6741.1003 1.13588619232178
6741.5855 1.11658680438995
6742.0706 1.106449842453
6742.5558 1.10656833648682
6743.0409 1.10668289661407
6743.5261 1.10679364204407
6744.0113 1.10690081119537
6744.4964 1.0967048406601
6744.9816 1.08465480804443
6745.4667 1.07260131835938
6745.9519 1.06054472923279
6746.4371 1.05042862892151
6746.9222 1.04703676700592
6747.4074 1.04364395141602
6747.8926 1.04025030136108
6748.3777 1.03685617446899
6748.8629 1.03206562995911
6749.3480 1.0263489484787
6749.8332 1.02063238620758
6750.3184 1.01491618156433
6750.8035 1.00920057296753
6751.2887 1.00626635551453
6751.7739 1.0033940076828
6752.2590 1.00052332878113
6752.7442 0.997654676437378
6753.2293 0.995514869689941
6753.7145 0.994687438011169
6754.1997 0.99386328458786
6754.6848 0.993042945861816
6755.1700 0.992226898670197
6755.6552 0.990391433238983
6756.1403 0.988193154335022
6756.6255 0.986000597476959
6757.1106 0.983814537525177
6757.5958 0.983416438102722
6758.0810 0.9967280626297
6758.5661 1.01005041599274
6759.0513 1.02338433265686
6759.5365 1.03673040866852
6760.0216 1.03777980804443
6760.5068 1.02628040313721
6760.9919 1.01478719711304
6761.4771 1.00329983234406
6761.9623 0.991817831993103
6762.4474 0.989333033561707
6762.9326 0.988133668899536
6763.4177 0.986941576004028
6763.9029 0.98575633764267
6764.3881 0.986229181289673
6764.8732 0.991491198539734
6765.3584 0.996760666370392
6765.8436 1.00203680992126
6766.3287 1.00731885433197
6766.8139 1.01325726509094
6767.2990 1.0195689201355
6767.7842 1.02588474750519
6768.2694 1.0322037935257
6768.7545 1.03809225559235
6769.2397 1.02366483211517
6769.7249 1.00922858715057
6770.2100 0.994782686233521
6770.6952 0.980326592922211
6771.1803 0.973067164421082
6771.6655 0.976442575454712
6772.1507 0.979813873767853
6772.6358 0.98318076133728
6773.1210 0.986542463302612
6773.6062 0.994193732738495
6774.0913 1.00300061702728
6774.5765 1.01180255413055
6775.0616 1.02059888839722
6775.5468 1.02741980552673
6776.0320 1.02471876144409
6776.5171 1.0220068693161
6777.0023 1.01928400993347
6777.4874 1.01655006408691
6777.9726 1.01689016819
6778.4578 1.01968109607697
6778.9429 1.0224621295929
6779.4281 1.02523362636566
6779.9133 1.02799582481384
6780.3984 1.0249810218811
6780.8836 1.02159953117371
6781.3687 1.0182101726532
6781.8539 1.01481354236603
6782.3391 1.0115829706192
6782.8242 1.00870060920715
6783.3094 1.00581324100494
6783.7946 1.00292181968689
6784.2797 1.00002646446228
6784.7649 1.00061368942261
6785.2500 1.00259387493134
6785.7352 1.00457239151001
6786.2204 1.00654947757721
6786.7055 1.00836455821991
6787.1907 1.00874662399292
6787.6759 1.00912857055664
6788.1610 1.00951087474823
6788.6462 1.00989353656769
6789.1313 1.00558316707611
6789.6165 0.996367275714874
6790.1017 0.987151980400085
6790.5868 0.977937340736389
6791.0720 0.968723058700562
6791.5572 0.97733348608017
6792.0423 0.988438069820404
6792.5275 0.999542772769928
6793.0126 1.01064717769623
6793.4978 1.01610469818115
6793.9830 1.00599408149719
6794.4681 0.995882630348206
6794.9533 0.985770523548126
6795.4384 0.975657820701599
6795.9236 0.973288297653198
6796.4088 0.97498482465744
6796.8939 0.976681411266327
6797.3791 0.978378653526306
6797.8643 0.980079889297485
6798.3494 0.981845080852509
6798.8346 0.983612358570099
6799.3197 0.98538213968277
6799.8049 0.987155079841614
6800.2901 0.987362802028656
6800.7752 0.985549986362457
6801.2604 0.983741164207459
6801.7456 0.981937050819397
6802.2307 0.980137884616852
6802.7159 0.98208487033844
6803.2010 0.984815776348114
6803.6862 0.987553060054779
6804.1714 0.990297257900238
6804.6565 0.989679396152496
6805.1417 0.977107405662537
6805.6269 0.96454131603241
6806.1120 0.951981246471405
6806.5972 0.939427137374878
6807.0823 0.933767318725586
6807.5675 0.932477056980133
6808.0527 0.93119615316391
6808.5378 0.929925143718719
6809.0230 0.928697884082794
6809.5081 0.933623671531677
6809.9933 0.938562512397766
6810.4785 0.943514943122864
6810.9636 0.948481678962708
6811.4488 0.95279324054718
6811.9340 0.956111311912537
6812.4191 0.959443747997284
6812.9043 0.962790727615356
6813.3894 0.966152250766754
6813.8746 0.967958211898804
6814.3598 0.969369113445282
6814.8449 0.9707932472229
6815.3301 0.97223037481308
6815.8153 0.971346914768219
6816.3004 0.960419535636902
6816.7856 0.949494957923889
6817.2707 0.93857216835022
6817.7559 0.927649974822998
6818.2411 0.920754313468933
6818.7262 0.916730880737305
6819.2114 0.912710070610046
6819.6966 0.908691048622131
6820.1817 0.904672682285309
6820.6669 0.917366862297058
6821.1520 0.930414378643036
6821.6372 0.943473994731903
6822.1224 0.956545472145081
6822.6075 0.964679539203644
6823.0927 0.964631199836731
6823.5779 0.964581608772278
6824.0630 0.964530050754547
6824.5482 0.964476108551025
6825.0333 0.964255571365356
6825.5185 0.96398389339447
6826.0037 0.963708519935608
6826.4888 0.963429093360901
6826.9740 0.964301109313965
6827.4591 0.970734357833862
6827.9443 0.977168321609497
6828.4295 0.983603119850159
6828.9146 0.990038335323334
6829.3998 0.995133996009827
6829.8850 0.999220132827759
6830.3701 1.00330519676209
6830.8553 1.00738918781281
6831.3404 1.01147246360779
6831.8256 1.01092958450317
6832.3108 1.01023852825165
6832.7959 1.00954377651215
6833.2811 1.00884604454041
6833.7663 1.00906372070313
6834.2514 1.01084792613983
6834.7366 1.0126314163208
6835.2217 1.0144145488739
6835.7069 1.01619756221771
6836.1921 1.00626504421234
6836.6772 0.992819488048553
6837.1624 0.979364931583405
6837.6476 0.965901672840118
6838.1327 0.956673383712769
6838.6179 0.968066573143005
6839.1030 0.979468464851379
6839.5882 0.990879356861115
6840.0734 1.00229930877686
6840.5585 1.00596153736115
6841.0437 1.00381898880005
6841.5288 1.00167620182037
6842.0140 0.999533116817474
6842.4992 0.997389674186707
6842.9843 1.00509834289551
6843.4695 1.01307237148285
6843.9547 1.02105236053467
6844.4398 1.0290379524231
6844.9250 1.0305016040802
6845.4101 1.0211797952652
6845.8953 1.01185047626495
6846.3805 1.00251317024231
6846.8656 0.993167519569397
6847.3508 0.987992763519287
6847.8360 0.983988106250763
6848.3211 0.979977905750275
6848.8063 0.975961983203888
6849.2914 0.97008204460144
6849.7766 0.955973386764526
6850.2618 0.94185209274292
6850.7469 0.927717924118042
6851.2321 0.913571119308472
6851.7173 0.912426829338074
6852.2024 0.920365035533905
6852.6876 0.928303956985474
6853.1727 0.936243534088135
6853.6579 0.944183647632599
6854.1431 0.948721647262573
6854.6282 0.953237891197205
6855.1134 0.957752168178558
6855.5986 0.962264776229858
6856.0837 0.957935392856598
6856.5689 0.940327763557434
6857.0540 0.922706842422485
6857.5392 0.905072689056396
6858.0244 0.887425661087036
6858.5095 0.889239132404327
6858.9947 0.895731449127197
6859.4798 0.902223348617554
6859.9650 0.908714890480042
6860.4502 0.913206934928894
6860.9353 0.910318791866302
6861.4205 0.907425880432129
6861.9057 0.904528498649597
6862.3908 0.901626825332642
6862.8760 0.889964044094086
6863.3611 0.872942626476288
6863.8463 0.855911195278168
6864.3315 0.838870227336884
6864.8166 0.822173416614532
6865.3018 0.817335307598114
6865.7870 0.812493145465851
6866.2721 0.807646930217743
6866.7573 0.802796959877014
6867.2424 0.789503991603851
6867.7276 0.765361309051514
6868.2128 0.741207957267761
6868.6979 0.717043995857239
6869.1831 0.69286984205246
6869.6683 0.680204093456268
6870.1534 0.669611990451813
6870.6386 0.659014999866486
6871.1237 0.648413240909576
6871.6089 0.641310393810272
6872.0941 0.644329786300659
6872.5792 0.647349417209625
6873.0644 0.650369346141815
6873.5495 0.653389573097229
6874.0347 0.660819292068481
6874.5199 0.670445680618286
6875.0050 0.680074691772461
6875.4902 0.68970650434494
6875.9754 0.699739098548889
6876.4605 0.714424669742584
6876.9457 0.729114770889282
6877.4308 0.743809163570404
6877.9160 0.758508086204529
6878.4012 0.769882321357727
6878.8863 0.777804017066956
6879.3715 0.785728096961975
6879.8567 0.793654382228851
6880.3418 0.801583051681519
6880.8270 0.811290144920349
6881.3121 0.82119083404541
6881.7973 0.831094622612
6882.2825 0.841001391410828
6882.7676 0.849127531051636
6883.2528 0.853396952152252
6883.7380 0.857667624950409
6884.2231 0.86193972826004
6884.7083 0.866213023662567
6885.1934 0.86222505569458
6885.6786 0.855175256729126
6886.1638 0.848123133182526
6886.6489 0.841068744659424
6887.1341 0.83697509765625
6887.6193 0.850499510765076
6888.1044 0.86402839422226
6888.5896 0.877561688423157
6889.0747 0.891099452972412
6889.5599 0.891825973987579
6890.0451 0.882432878017426
6890.5302 0.873036861419678
6891.0154 0.863637804985046
6891.5005 0.854235887527466
6891.9857 0.857692658901215
6892.4709 0.861490726470947
6892.9560 0.86529004573822
6893.4412 0.869090616703033
6893.9264 0.867565751075745
6894.4115 0.857717514038086
6894.8967 0.847866177558899
6895.3818 0.838011622428894
6895.8670 0.828153967857361
6896.3522 0.835770130157471
6896.8373 0.847570538520813
6897.3225 0.859374940395355
6897.8077 0.871183276176453
6898.2928 0.881820201873779
6898.7780 0.888392865657806
6899.2631 0.894967794418335
6899.7483 0.90154492855072
6900.2335 0.908124268054962
6900.7186 0.91197544336319
6901.2038 0.914305627346039
6901.6890 0.91663670539856
6902.1741 0.918968498706818
6902.6593 0.921447217464447
6903.1444 0.926192283630371
6903.6296 0.930938959121704
6904.1148 0.935687243938446
6904.5999 0.940437138080597
6905.0851 0.941739797592163
6905.5703 0.939300417900085
6906.0554 0.93686044216156
6906.5406 0.934419631958008
6907.0257 0.931977987289429
6907.5109 0.91930228471756
6907.9961 0.905476689338684
6908.4812 0.891646444797516
6908.9664 0.8778116106987
6909.4515 0.872411727905273
6909.9367 0.884978234767914
6910.4219 0.897548735141754
6910.9070 0.910123467445374
6911.3922 0.922702431678772
6911.8774 0.917950809001923
6912.3625 0.907122731208801
6912.8477 0.896291017532349
6913.3328 0.885455667972565
6913.8180 0.877359449863434
6914.3032 0.883446216583252
6914.7883 0.889534831047058
6915.2735 0.895625472068787
6915.7587 0.901718080043793
6916.2438 0.903016805648804
6916.7290 0.900901317596436
6917.2141 0.898785054683685
6917.6993 0.896668016910553
6918.1845 0.894578158855438
6918.6696 0.896515488624573
6919.1548 0.898453235626221
6919.6400 0.900391757488251
6920.1251 0.902330696582794
6920.6103 0.905727744102478
6921.0954 0.911056220531464
6921.5806 0.916386365890503
6922.0658 0.921718299388886
6922.5509 0.927051901817322
6923.0361 0.928110241889954
6923.5212 0.928438544273376
6924.0064 0.928766906261444
6924.4916 0.929095387458801
6924.9767 0.927838265895844
6925.4619 0.922477304935455
6925.9471 0.917114555835724
6926.4322 0.91174978017807
6926.9174 0.906383335590363
6927.4025 0.90393191576004
6927.8877 0.902706980705261
6928.3729 0.901481688022614
6928.8580 0.900255799293518
6929.3432 0.8992520570755
6929.8284 0.899742484092712
6930.3135 0.900232970714569
6930.7987 0.900723576545715
6931.2838 0.901214241981506
6931.7690 0.901950299739838
6932.2542 0.90288245677948
6932.7393 0.903814792633057
6933.2245 0.904747426509857
6933.7097 0.905680239200592
6934.1948 0.904271364212036
6934.6800 0.902821481227875
6935.1651 0.901371121406555
6935.6503 0.899920046329498
6936.1355 0.899643123149872
6936.6206 0.901052236557007
6937.1058 0.902461707592011
6937.5910 0.903871595859528
6938.0761 0.905281841754913
6938.5613 0.896838665008545
6939.0464 0.886499166488647
6939.5316 0.876156151294708
6940.0168 0.865809619426727
6940.5019 0.859016299247742
6940.9871 0.861953437328339
6941.4722 0.864891290664673
6941.9574 0.867830216884613
6942.4426 0.870769917964935
6942.9277 0.873743712902069
6943.4129 0.8767329454422
6943.8981 0.879723012447357
6944.3832 0.882713913917542
6944.8684 0.885412871837616
6945.3535 0.886100351810455
6945.8387 0.886787950992584
6946.3239 0.887475728988647
6946.8090 0.888163626194
6947.2942 0.891995489597321
6947.7794 0.898321390151978
6948.2645 0.904649257659912
6948.7497 0.910979092121124
6949.2348 0.917310953140259
6949.7200 0.90541809797287
6950.2052 0.893318951129913
6950.6903 0.881215870380402
6951.1755 0.869108736515045
6951.6607 0.864893853664398
6952.1458 0.871543824672699
6952.6310 0.878195941448212
6953.1161 0.884850025177002
6953.6013 0.891506314277649
6954.0865 0.892123103141785
6954.5716 0.891701698303223
6955.0568 0.891280174255371
6955.5419 0.890858352184296
6956.0271 0.893777430057526
6956.5123 0.905021011829376
6956.9974 0.916268169879913
6957.4826 0.927518844604492
6957.9678 0.938773155212402
6958.4529 0.93801075220108
6958.9381 0.932576239109039
6959.4232 0.927139937877655
6959.9084 0.921701788902283
6960.3936 0.918092250823975
6960.8787 0.924502849578857
6961.3639 0.930915474891663
6961.8491 0.937330007553101
6962.3342 0.943746566772461
6962.8194 0.948692798614502
6963.3045 0.952614665031433
6963.7897 0.956537663936615
6964.2749 0.960461914539337
6964.7600 0.964159309864044
6965.2452 0.958932280540466
6965.7304 0.95370352268219
6966.2155 0.948472917079926
6966.7007 0.943240642547607
6967.1858 0.940234541893005
6967.6710 0.939832031726837
6968.1562 0.93942928314209
6968.6413 0.939026355743408
6969.1265 0.938623249530792
6969.6117 0.942797303199768
6970.0968 0.947493731975555
6970.5820 0.952191472053528
6971.0671 0.956890761852264
6971.5523 0.956446528434753
6972.0375 0.945795357227325
6972.5226 0.935140669345856
6973.0078 0.924482524394989
6973.4929 0.913820803165436
6973.9781 0.915012061595917
6974.4633 0.91968297958374
6974.9484 0.924355328083038
6975.4336 0.929029107093811
6975.9188 0.933356523513794
6976.4039 0.93639063835144
6976.8891 0.939425706863403
6977.3742 0.942461550235748
6977.8594 0.945498406887054
6978.3446 0.952903509140015
6978.8297 0.962653279304504
6979.3149 0.972406208515167
6979.8001 0.982161998748779
6980.2852 0.989955961704254
6980.7704 0.97806054353714
6981.2555 0.966161251068115
6981.7407 0.954258263111115
6982.2259 0.942351222038269
6982.7110 0.937491714954376
6983.1962 0.938855290412903
6983.6814 0.940219283103943
6984.1665 0.941583573818207
6984.6517 0.942948281764984
6985.1368 0.933698773384094
6985.6220 0.924142777919769
6986.1072 0.914583683013916
6986.5923 0.905021488666534
6987.0775 0.896051585674286
6987.5626 0.887922167778015
6988.0478 0.879790246486664
6988.5330 0.871655583381653
6989.0181 0.863518297672272
6989.5033 0.863873243331909
6989.9885 0.86565625667572
6990.4736 0.867439746856689
6990.9588 0.869223713874817
6991.4439 0.874938428401947
6991.9291 0.88987123966217
6992.4143 0.904808819293976
6992.8994 0.919750928878784
6993.3846 0.934697687625885
6993.8698 0.928547859191895
6994.3549 0.915075540542603
6994.8401 0.901599049568176
6995.3252 0.888118147850037
6995.8104 0.876227378845215
6996.2956 0.871285915374756
6996.7807 0.866342902183533
6997.2659 0.861398220062256
6997.7511 0.856451809406281
6998.2362 0.854326367378235
6998.7214 0.853849112987518
6999.2065 0.853371679782867
6999.6917 0.852893888950348
7000.1769 0.853061854839325
7000.6620 0.861017465591431
7001.1472 0.868975400924683
7001.6324 0.87693589925766
7002.1175 0.884898722171783
7002.6027 0.896122932434082
7003.0878 0.910328984260559
7003.5730 0.924539387226105
7004.0582 0.938754260540009
7004.5433 0.952973425388336
7005.0285 0.934695303440094
7005.5136 0.915374219417572
7005.9988 0.896047115325928
7006.4840 0.876713871955872
7006.9691 0.864072501659393
7007.4543 0.860822021961212
7007.9395 0.85757040977478
7008.4246 0.854317784309387
7008.9098 0.851064145565033
7009.3949 0.860870361328125
7009.8801 0.872735559940338
7010.3653 0.884604454040527
7010.8504 0.896476984024048
7011.3356 0.907419681549072
7011.8208 0.916310667991638
7012.3059 0.925204277038574
7012.7911 0.934100806713104
7013.2762 0.943000078201294
7013.7614 0.94630628824234
7014.2466 0.947859942913055
7014.7317 0.949413895606995
7015.2169 0.950968444347382
7015.7021 0.948234796524048
7016.1872 0.929463565349579
7016.6724 0.910686373710632
7017.1575 0.891903340816498
7017.6427 0.873114466667175
7018.1279 0.87492972612381
7018.6130 0.88730525970459
7019.0982 0.89968478679657
7019.5833 0.91206818819046
7020.0685 0.923327744007111
7020.5537 0.925656259059906
7021.0388 0.927985608577728
7021.5240 0.930315732955933
7022.0092 0.932646632194519
7022.4943 0.940500915050507
7022.9795 0.952635526657104
7023.4646 0.964774012565613
7023.9498 0.976916372776031
7024.4350 0.988806247711182
7024.9201 0.984538435935974
7025.4053 0.980269491672516
7025.8905 0.975999355316162
7026.3756 0.971727848052979
7026.8608 0.968169271945953
7027.3459 0.965420484542847
7027.8311 0.962670862674713
7028.3163 0.959920465946198
7028.8014 0.957169413566589
7029.2866 0.959571540355682
7029.7718 0.962413132190704
7030.2569 0.965255677700043
7030.7421 0.968099355697632
7031.2272 0.970429062843323
7031.7124 0.971903026103973
7032.1976 0.973377764225006
7032.6827 0.974853098392487
7033.1679 0.976329028606415
7033.6531 0.97345632314682
7034.1382 0.969692051410675
7034.6234 0.965926826000214
7035.1085 0.962160408496857
7035.5937 0.960732698440552
7036.0789 0.965169548988342
7036.5640 0.969608068466187
7037.0492 0.97404807806015
7037.5343 0.978489637374878
7038.0195 0.974763214588165
7038.5047 0.968178987503052
7038.9898 0.961592853069305
7039.4750 0.955004453659058
7039.9602 0.949405014514923
7040.4453 0.947835683822632
7040.9305 0.946265935897827
7041.4156 0.944695591926575
7041.9008 0.943124651908875
7042.3860 0.953968346118927
7042.8711 0.971376001834869
7043.3563 0.988789081573486
7043.8415 1.00620770454407
7044.3266 1.02072930335999
7044.8118 1.01221811771393
7045.2969 1.00370395183563
7045.7821 0.995186626911163
7046.2673 0.986666142940521
7046.7524 0.987793564796448
7047.2376 0.996199131011963
7047.7228 1.0046067237854
7048.2079 1.01301646232605
7048.6931 1.0218186378479
7049.1782 1.04372107982636
7049.6634 1.06562948226929
7050.1486 1.0875438451767
7050.6337 1.10946393013
7051.1189 1.15582811832428
7051.6040 1.2278083562851
7052.0892 1.29980909824371
7052.5744 1.37182998657227
7053.0595 1.44387078285217
7053.5447 1.58667683601379
7054.0299 1.73336780071259
7054.5150 1.88009834289551
7055.0002 2.02686810493469
7055.4853 2.20646023750305
7055.9705 2.43345189094543
7056.4557 2.66050124168396
7056.9408 2.88760662078857
7057.4260 3.1147665977478
7057.9112 3.29503917694092
7058.3963 3.46836185455322
7058.8815 3.6417191028595
7059.3666 3.81510901451111
7059.8518 3.97674465179443
7060.3370 4.11472845077515
7060.8221 4.25273036956787
7061.3073 4.39074897766113
7061.7925 4.52878332138062
7062.2776 4.53848266601563
7062.7628 4.51503944396973
7063.2479 4.49157476425171
7063.7331 4.4680871963501
7064.2183 4.42320394515991
7064.7034 4.31681728363037
7065.1886 4.21039390563965
7065.6738 4.10393619537354
7066.1589 3.99744391441345
7066.6441 3.82487630844116
7067.1292 3.62680673599243
7067.6144 3.42869663238525
7068.0996 3.23054814338684
7068.5847 3.0354106426239
7069.0699 2.85356259346008
7069.5550 2.67168593406677
7070.0402 2.4897837638855
7070.5254 2.30785775184631
7071.0105 2.15324091911316
7071.4957 2.0132520198822
7071.9809 1.87324893474579
7072.4660 1.73323380947113
7072.9512 1.60027933120728
7073.4363 1.52082824707031
7073.9215 1.44137096405029
7074.4067 1.36190891265869
7074.8918 1.28244423866272
7075.3770 1.22236776351929
7075.8622 1.17616355419159
7076.3473 1.1299592256546
7076.8325 1.08375608921051
7077.3176 1.03895282745361
7077.8028 1.02084517478943
7078.2880 1.00274002552032
7078.7731 0.984638094902039
7079.2583 0.966540396213531
7079.7435 0.949408173561096
7080.2286 0.933178007602692
7080.7138 0.916953563690186
7081.1989 0.900735318660736
7081.6841 0.884523391723633
7082.1693 0.888915538787842
7082.6544 0.893623054027557
7083.1396 0.898338556289673
7083.6247 0.903062641620636
7084.1099 0.907555520534515
7084.5951 0.911768972873688
7085.0802 0.915992558002472
7085.5654 0.920227110385895
7086.0506 0.924473106861115
7086.5357 0.912442862987518
7087.0209 0.899067282676697
7087.5060 0.885699868202209
7087.9912 0.872340202331543
7088.4764 0.874730587005615
7088.9615 0.90143495798111
7089.4467 0.928160548210144
7089.9319 0.954908490180969
7090.4170 0.981679797172546
7090.9022 0.968370616436005
7091.3873 0.948737144470215
7091.8725 0.929105699062347
7092.3577 0.909475088119507
7092.8428 0.903939366340637
7093.3280 0.92641669511795
7093.8132 0.948915719985962
7094.2983 0.971436321735382
7094.7835 0.9939786195755
7095.2686 0.985634744167328
7095.7538 0.969879865646362
7096.2390 0.954120457172394
7096.7241 0.938355803489685
7097.2093 0.928127408027649
7097.6945 0.932224273681641
7098.1796 0.936326444149017
7098.6648 0.940433144569397
7099.1499 0.944543600082397
7099.6351 0.963106513023376
7100.1203 0.986448407173157
7100.6054 1.0098043680191
7101.0906 1.03317332267761
7101.5757 1.04641008377075
7102.0609 1.02482092380524
7102.5461 1.00321185588837
7103.0312 0.981582581996918
7103.5164 0.959932744503021
7104.0016 0.957776486873627
7104.4867 0.963983356952667
7104.9719 0.970185816287994
7105.4570 0.976383626461029
7105.9422 0.982153177261353
7106.4274 0.985917091369629
7106.9125 0.989674508571625
7107.3977 0.993425786495209
7107.8829 0.997170984745026
7108.3680 0.991250932216644
7108.8532 0.980122208595276
7109.3383 0.9689821600914
7109.8235 0.957831263542175
7110.3087 0.94951069355011
7110.7938 0.96084451675415
7111.2790 0.972178637981415
7111.7642 0.983513295650482
7112.2493 0.994848966598511
7112.7345 1.00265324115753
7113.2196 1.00813102722168
7113.7048 1.01360833644867
7114.1900 1.0190851688385
7114.6751 1.02481031417847
7115.1603 1.03338241577148
7115.6455 1.04195535182953
7116.1306 1.05052947998047
7116.6158 1.05910432338715
7117.1009 1.06944370269775
7117.5861 1.08118045330048
7118.0713 1.09291911125183
7118.5564 1.10465979576111
7119.0416 1.12159311771393
7119.5267 1.27461493015289
7120.0119 1.42768335342407
7120.4971 1.58079743385315
7120.9822 1.73395681381226
7121.4674 1.94312131404877
7121.9526 2.20486259460449
7122.4377 2.46668004989624
7122.9229 2.72857427597046
7123.4080 2.99054431915283
7123.8932 3.41921663284302
7124.3784 3.84873199462891
7124.8635 4.27837228775024
7125.3487 4.70813655853271
7125.8339 5.28532838821411
7126.3190 6.02479553222656
7126.8042 6.76447582244873
7127.2893 7.50436782836914
7127.7745 8.24447345733643
7128.2597 8.87060165405273
7128.7448 9.49179840087891
7129.2300 10.1131830215454
7129.7152 10.7347574234009
7130.2003 11.2243003845215
7130.6855 11.5448541641235
7131.1706 11.8655195236206
7131.6558 12.1862983703613
7132.1410 12.507194519043
7132.6261 12.5821447372437
7133.1113 12.636040687561
7133.5964 12.6899757385254
7134.0816 12.7439556121826
7134.5668 12.6545009613037
7135.0519 12.3532600402832
7135.5371 12.0519456863403
7136.0223 11.7505559921265
7136.5074 11.4490909576416
7136.9926 10.9362087249756
7137.4777 10.3963499069214
7137.9629 9.8563232421875
7138.4481 9.31612491607666
7138.9332 8.75177955627441
7139.4184 8.14668750762939
7139.9036 7.54138898849487
7140.3887 6.93587732315063
7140.8739 6.33014965057373
7141.3590 5.82137727737427
7141.8442 5.32873678207397
7142.3294 4.83591318130493
7142.8145 4.34290313720703
7143.2997 3.8673837184906
7143.7849 3.4257664680481
7144.2700 2.98397445678711
7144.7552 2.54200482368469
7145.2403 2.09985589981079
7145.7255 1.8568742275238
7146.2107 1.65534257888794
7146.6958 1.45372760295868
7147.1810 1.25202822685242
7147.6662 1.10881400108337
7148.1513 1.09344696998596
7148.6365 1.07807457447052
7149.1216 1.06269681453705
7149.6068 1.04731345176697
7150.0920 1.05192005634308
7150.5771 1.06148815155029
7151.0623 1.07106161117554
7151.5474 1.08064043521881
7152.0326 1.07838022708893
7152.5178 1.04699599742889
7153.0029 1.01559817790985
7153.4881 0.984186708927155
7153.9733 0.952761471271515
7154.4584 0.951799750328064
7154.9436 0.959557235240936
7155.4287 0.967318832874298
7155.9139 0.975084602832794
7156.3991 0.975084364414215
7156.8842 0.953709959983826
7157.3694 0.932325780391693
7157.8546 0.910932004451752
7158.3397 0.889528453350067
7158.8249 0.888959050178528
7159.3100 0.89510703086853
7159.7952 0.901258111000061
7160.2804 0.907412171363831
7160.7655 0.913046002388
7161.2507 0.917083323001862
7161.7359 0.921122670173645
7162.2210 0.925164043903351
7162.7062 0.929207324981689
7163.1913 0.9347904920578
7163.6765 0.940923810005188
7164.1617 0.947059988975525
7164.6468 0.953199148178101
7165.1320 0.953779399394989
7165.6171 0.935635268688202
7166.1023 0.917482495307922
7166.5875 0.89932107925415
7167.0726 0.881150901317596
7167.5578 0.877139806747437
7168.0430 0.878605008125305
7168.5281 0.880070865154266
7169.0133 0.881537199020386
7169.4984 0.880926966667175
7169.9836 0.87268340587616
7170.4688 0.864435791969299
7170.9539 0.856184124946594
7171.4391 0.8479283452034
7171.9243 0.839207530021667
7172.4094 0.830291628837585
7172.8946 0.82137131690979
7173.3797 0.812446773052216
7173.8649 0.807928800582886
7174.3501 0.820908963680267
7174.8352 0.833895087242126
7175.3204 0.846887230873108
7175.8056 0.859885215759277
7176.2907 0.862173080444336
7176.7759 0.859779357910156
7177.2610 0.857384443283081
7177.7462 0.854988098144531
7178.2314 0.851728618144989
7178.7165 0.8448206782341
7179.2017 0.837909340858459
7179.6869 0.830994606018066
7180.1720 0.824076473712921
7180.6572 0.805653810501099
7181.1423 0.781982779502869
7181.6275 0.758300542831421
7182.1127 0.7346071600914
7182.5978 0.715316832065582
7183.0830 0.715658485889435
7183.5681 0.716000139713287
7184.0533 0.716341853141785
7184.5385 0.716683626174927
7185.0236 0.719628512859344
7185.5088 0.723796308040619
7185.9940 0.727966010570526
7186.4791 0.732137560844421
7186.9643 0.734408915042877
7187.4494 0.727917671203613
7187.9346 0.721423149108887
7188.4198 0.714925587177277
7188.9049 0.708424925804138
7189.3901 0.705454349517822
7189.8753 0.704170763492584
7190.3604 0.702886402606964
7190.8456 0.701601386070251
7191.3307 0.700264513492584
7191.8159 0.698686480522156
7192.3011 0.697107672691345
7192.7862 0.695527911186218
7193.2714 0.693947434425354
7193.7566 0.686568796634674
7194.2417 0.676397264003754
7194.7269 0.666220963001251
7195.2120 0.656039953231812
7195.6972 0.648965537548065
7196.1824 0.656519770622253
7196.6675 0.664077460765839
7197.1527 0.671638607978821
7197.6378 0.67920309305191
7198.1230 0.685304701328278
7198.6082 0.690706610679626
7199.0933 0.696110963821411
7199.5785 0.701517760753632
7200.0637 0.705879032611847
7200.5488 0.705389499664307
7201.0340 0.704899609088898
7201.5191 0.70440948009491
7202.0043 0.703918993473053
7202.4895 0.704640984535217
7202.9746 0.705934822559357
7203.4598 0.707229197025299
7203.9450 0.7085240483284
7204.4301 0.710548937320709
7204.9153 0.715846419334412
7205.4004 0.721146285533905
7205.8856 0.726448535919189
7206.3708 0.73175311088562
7206.8559 0.743333399295807
7207.3411 0.757796168327332
7207.8263 0.772265493869781
7208.3114 0.786741375923157
7208.7966 0.802094697952271
7209.2817 0.821179747581482
7209.7669 0.84027361869812
7210.2521 0.859376132488251
7210.7372 0.878487288951874
7211.2224 0.89258599281311
7211.7076 0.904477000236511
7212.1927 0.916373372077942
7212.6779 0.928275227546692
7213.1630 0.935835480690002
7213.6482 0.925918281078339
7214.1334 0.915996551513672
7214.6185 0.906070113182068
7215.1037 0.896139204502106
7215.5888 0.890832901000977
7216.0740 0.887462198734283
7216.5592 0.884090006351471
7217.0443 0.88071608543396
7217.5295 0.879132449626923
7218.0147 0.884237051010132
7218.4998 0.889344036579132
7218.9850 0.894453108310699
7219.4701 0.899564623832703
7219.9553 0.901455640792847
7220.4405 0.902083218097687
7220.9256 0.902711153030396
7221.4108 0.903339266777039
7221.8960 0.906599402427673
7222.3811 0.918879926204681
7222.8663 0.931165933609009
7223.3514 0.943457543849945
7223.8366 0.95575475692749
7224.3218 0.94744861125946
7224.8069 0.931674540042877
7225.2921 0.915893197059631
7225.7773 0.900104582309723
7226.2624 0.887608528137207
7226.7476 0.885388135910034
7227.2327 0.883166611194611
7227.7179 0.880944013595581
7228.2031 0.87872040271759
7228.6882 0.886610150337219
7229.1734 0.89783102273941
7229.6585 0.909056961536407
7230.1437 0.920287907123566
7230.6289 0.93129575252533
7231.1140 0.941667556762695
7231.5992 0.952043890953064
7232.0844 0.962424874305725
7232.5695 0.972810506820679
7233.0547 0.967125952243805
7233.5398 0.956724762916565
7234.0250 0.946318745613098
7234.5102 0.935908079147339
7234.9953 0.927562177181244
7235.4805 0.92441588640213
7235.9657 0.921268105506897
7236.4508 0.918118953704834
7236.9360 0.914968132972717
7237.4211 0.902739286422729
7237.9063 0.888186454772949
7238.3915 0.87362676858902
7238.8766 0.859060347080231
7239.3618 0.846311509609222
7239.8470 0.837634146213531
7240.3321 0.828952848911285
7240.8173 0.820267498493195
7241.3024 0.811578094959259
7241.7876 0.796413064002991
7242.2728 0.77984231710434
7242.7579 0.763264000415802
7243.2431 0.746678113937378
7243.7283 0.731908440589905
7244.2134 0.72073495388031
7244.6986 0.709556460380554
7245.1837 0.698372662067413
7245.6689 0.687183856964111
7246.1541 0.712166905403137
7246.6392 0.743519127368927
7247.1244 0.774885594844818
7247.6095 0.806266188621521
7248.0947 0.825562417507172
7248.5799 0.823868811130524
7249.0650 0.822174251079559
7249.5502 0.820478856563568
7250.0354 0.818782687187195
7250.5205 0.833312034606934
7251.0057 0.850034773349762
7251.4908 0.866764903068542
7251.9760 0.883502602577209
7252.4612 0.894823133945465
7252.9463 0.897925853729248
7253.4315 0.901029884815216
7253.9167 0.904135346412659
7254.4018 0.907242059707642
7254.8870 0.898235857486725
7255.3721 0.88809198141098
7255.8573 0.877943277359009
7256.3425 0.867789924144745
7256.8276 0.860888421535492
7257.3128 0.858266890048981
7257.7980 0.855644106864929
7258.2831 0.853020071983337
7258.7683 0.850394785404205
7259.2534 0.862008154392242
7259.7386 0.874374866485596
7260.2238 0.886747002601624
7260.7089 0.899124622344971
7261.1941 0.905734479427338
7261.6792 0.90580540895462
7262.1644 0.905876278877258
7262.6496 0.905947268009186
7263.1347 0.906018018722534
7263.6199 0.916858315467834
7264.1051 0.927831709384918
7264.5902 0.938809931278229
7265.0754 0.949792981147766
7265.5605 0.943456828594208
7266.0457 0.920350909233093
7266.5309 0.897234499454498
7267.0160 0.874107718467712
7267.5012 0.852402329444885
7267.9864 0.878905534744263
7268.4715 0.905420780181885
7268.9567 0.931947708129883
7269.4418 0.958486497402191
7269.9270 0.979169487953186
7270.4122 0.99506151676178
7270.8973 1.01096045970917
7271.3825 1.02686643600464
7271.8677 1.04144990444183
7272.3528 1.03888094425201
7272.8380 1.03631067276001
7273.3231 1.0337393283844
7273.8083 1.0311666727066
7274.2935 1.04651403427124
7274.7786 1.07409965991974
7275.2638 1.10169756412506
7275.7490 1.12930762767792
7276.2341 1.15348184108734
7276.7193 1.15176010131836
7277.2044 1.15003752708435
7277.6896 1.1483142375946
7278.1748 1.14658999443054
7278.6599 1.14562606811523
7279.1451 1.14508771896362
7279.6302 1.14454901218414
7280.1154 1.14400994777679
7280.6006 1.14324998855591
7281.0857 1.14137732982636
7281.5709 1.1395035982132
7282.0561 1.13762891292572
7282.5412 1.13575351238251
7283.0264 1.13420581817627
7283.5115 1.13280463218689
7283.9967 1.13140296936035
7284.4819 1.1300003528595
7284.9670 1.12316429615021
7285.4522 1.09660768508911
7285.9374 1.07003903388977
7286.4225 1.04345834255219
7286.9077 1.01686573028564
7287.3928 0.992807388305664
7287.8780 0.969622552394867
7288.3632 0.946427464485168
7288.8483 0.9232217669487
7289.3335 0.900590181350708
7289.8187 0.879537045955658
7290.3038 0.858474314212799
7290.7890 0.837402105331421
7291.2741 0.816320538520813
7291.7593 0.813693821430206
7292.2445 0.815785467624664
7292.7296 0.817878127098084
7293.2148 0.819971442222595
7293.7000 0.817805111408234
7294.1851 0.806766867637634
7294.6703 0.795723617076874
7295.1554 0.784675359725952
7295.6406 0.773622155189514
7296.1258 0.778090953826904
7296.6109 0.785234570503235
7297.0961 0.792381286621094
7297.5812 0.799531221389771
7298.0664 0.800468862056732
7298.5516 0.79136860370636
7299.0367 0.782264351844788
7299.5219 0.773155868053436
7300.0071 0.764043271541595
7300.4922 0.763948440551758
7300.9774 0.764720559120178
7301.4625 0.765492796897888
7301.9477 0.766265392303467
7302.4329 0.778234899044037
7302.9180 0.804298460483551
7303.4032 0.830373406410217
7303.8884 0.856459975242615
7304.3735 0.882558047771454
7304.8587 0.890852212905884
7305.3438 0.898674428462982
7305.8290 0.906500160694122
7306.3142 0.91432911157608
7306.7993 0.932720243930817
7307.2845 0.961440086364746
7307.7697 0.990172564983368
7308.2548 1.01891779899597
7308.7400 1.0475058555603
7309.2251 1.071821808815
7309.7103 1.09614849090576
7310.1955 1.12048578262329
7310.6806 1.14483392238617
7311.1658 1.20013391971588
7311.6509 1.27869832515717
7312.1361 1.357297539711
7312.6213 1.4359313249588
7313.1064 1.51021075248718
7313.5916 1.54699444770813
7314.0768 1.58379423618317
7314.5619 1.62061023712158
7315.0471 1.65744245052338
7315.5322 1.68113613128662
7316.0174 1.6974059343338
7316.5026 1.71368265151978
7316.9877 1.72996628284454
7317.4729 1.74767529964447
7317.9581 1.77213406562805
7318.4432 1.79660356044769
7318.9284 1.82108378410339
7319.4135 1.84557449817657
7319.8987 1.8634877204895
7320.3839 1.8787077665329
7320.8690 1.89393413066864
7321.3542 1.90916740894318
7321.8394 1.92432630062103
7322.3245 1.93924283981323
7322.8097 1.95416605472565
7323.2948 1.9690957069397
7323.7800 1.9840315580368
7324.2652 1.97129952907562
7324.7503 1.95084822177887
7325.2355 1.93038737773895
7325.7207 1.90991771221161
7326.2058 1.88486695289612
7326.6910 1.8500599861145
7327.1761 1.81523787975311
7327.6613 1.78040015697479
7328.1465 1.74554681777954
7328.6316 1.7177038192749
7329.1168 1.69101798534393
7329.6019 1.66431999206543
7330.0871 1.63761019706726
7330.5723 1.61373674869537
7331.0574 1.59419989585876
7331.5426 1.57465422153473
7332.0278 1.55509984493256
7332.5129 1.53553676605225
7332.9981 1.47097849845886
7333.4832 1.40326702594757
7333.9684 1.33552551269531
7334.4536 1.26775407791138
7334.9387 1.22815752029419
7335.4239 1.21974110603333
7335.9091 1.21132111549377
7336.3942 1.20289707183838
7336.8794 1.19410133361816
7337.3645 1.16157031059265
7337.8497 1.1290248632431
7338.3349 1.09646487236023
7338.8200 1.06389057636261
7339.3052 1.02789485454559
7339.7904 0.989165246486664
7340.2755 0.950418472290039
7340.7607 0.911654710769653
7341.2458 0.87354987859726
7341.7310 0.841655910015106
7342.2162 0.809747695922852
7342.7013 0.777825474739075
7343.1865 0.745889067649841
7343.6716 0.741898119449615
7344.1568 0.753620624542236
7344.6420 0.765348136425018
7345.1271 0.777080893516541
7345.6123 0.78798907995224
7346.0975 0.795199990272522
7346.5826 0.802414000034332
7347.0678 0.809631168842316
7347.5529 0.816851556301117
7348.0381 0.822267651557922
7348.5233 0.827005982398987
7349.0084 0.831746339797974
7349.4936 0.836488842964172
7349.9788 0.841332256793976
7350.4639 0.846444129943848
7350.9491 0.851558327674866
7351.4342 0.856674671173096
7351.9194 0.861793279647827
7352.4046 0.856306552886963
7352.8897 0.848416566848755
7353.3749 0.840523064136505
7353.8601 0.832626104354858
7354.3452 0.830640912055969
7354.8304 0.839134991168976
7355.3155 0.847632825374603
7355.8007 0.856134414672852
7356.2859 0.864639699459076
7356.7710 0.861447751522064
7357.2562 0.857051610946655
7357.7414 0.852653563022614
7358.2265 0.848253607749939
7358.7117 0.841693580150604
7359.1968 0.832528710365295
7359.6820 0.823359668254852
7360.1672 0.814186632633209
7360.6523 0.80502063035965
7361.1375 0.813823044300079
7361.6226 0.82262921333313
7362.1078 0.831439197063446
7362.5930 0.840253055095673
7363.0781 0.836781620979309
7363.5633 0.823188543319702
7364.0485 0.809589385986328
7364.5336 0.795984148979187
7365.0188 0.784800827503204
7365.5039 0.796247005462646
7365.9891 0.80769807100296
7366.4743 0.81915408372879
7366.9594 0.830615103244781
7367.4446 0.84002161026001
7367.9298 0.848303258419037
7368.4149 0.856588363647461
7368.9001 0.864877045154572
7369.3852 0.873454809188843
7369.8704 0.883211016654968
7370.3556 0.892971277236938
7370.8407 0.902735650539398
