6510.010    	 1.10122406482697
6510.047    	 1.10149836540222
6510.084    	 1.10214066505432
6510.122    	 1.10276484489441
6510.159    	 1.10321867465973
6510.196    	 1.10336983203888
6510.234    	 1.10276687145233
6510.271    	 1.10185313224792
6510.308    	 1.10070180892944
6510.346    	 1.09957706928253
6510.383    	 1.09884572029114
6510.420    	 1.09858000278473
6510.457    	 1.09918189048767
6510.495    	 1.10053205490112
6510.532    	 1.10251331329346
6510.569    	 1.10490560531616
6510.607    	 1.10687100887299
6510.644    	 1.10823345184326
6510.681    	 1.10873436927795
6510.719    	 1.10823953151703
6510.756    	 1.10787630081177
6510.793    	 1.10771703720093
6510.831    	 1.10769653320313
6510.868    	 1.10789620876312
6510.905    	 1.1079375743866
6510.943    	 1.10767030715942
6510.980    	 1.10778105258942
6511.017    	 1.10878801345825
6511.054    	 1.10952305793762
6511.092    	 1.10956990718842
6511.129    	 1.10905587673187
6511.166    	 1.10717487335205
6511.204    	 1.10504293441772
6511.241    	 1.10273873806
6511.278    	 1.10058438777924
6511.316    	 1.09896671772003
6511.353    	 1.09761452674866
6511.390    	 1.09653794765472
6511.428    	 1.09564912319183
6511.465    	 1.09498035907745
6511.502    	 1.09443891048431
6511.540    	 1.09391868114471
6511.577    	 1.09323060512543
6511.614    	 1.09186029434204
6511.652    	 1.08937454223633
6511.689    	 1.08461487293243
6511.726    	 1.07670676708221
6511.763    	 1.06468176841736
6511.801    	 1.04741382598877
6511.838    	 1.02855110168457
6511.875    	 1.0077713727951
6511.913    	 .989985108375549
6511.950    	 .977544903755188
6511.987    	 .968437850475311
6512.025    	 .966085076332092
6512.062    	 .964851975440979
6512.099    	 .966314733028412
6512.137    	 .968679964542389
6512.174    	 .973336398601532
6512.211    	 .980216264724731
6512.249    	 .992558300495148
6512.286    	 1.00675594806671
6512.323    	 1.02388405799866
6512.361    	 1.04082608222961
6512.398    	 1.05530440807343
6512.435    	 1.06771159172058
6512.472    	 1.07633411884308
6512.510    	 1.08265089988708
6512.547    	 1.0868821144104
6512.584    	 1.08915030956268
6512.622    	 1.08866322040558
6512.659    	 1.0859797000885
6512.696    	 1.08218955993652
6512.734    	 1.07823371887207
6512.771    	 1.07748198509216
6512.808    	 1.08014678955078
6512.846    	 1.08364629745483
6512.883    	 1.08787775039673
6512.920    	 1.09047520160675
6512.958    	 1.09069418907166
6512.995    	 1.09065651893616
6513.032    	 1.09019982814789
6513.069    	 1.08998346328735
6513.107    	 1.09025454521179
6513.144    	 1.09076583385468
6513.181    	 1.09185314178467
6513.219    	 1.09291672706604
6513.256    	 1.09392046928406
6513.293    	 1.09394109249115
6513.331    	 1.09139311313629
6513.368    	 1.0876452922821
6513.405    	 1.08160579204559
6513.443    	 1.07504224777222
6513.480    	 1.06846523284912
6513.517    	 1.06296694278717
6513.555    	 1.06070852279663
6513.592    	 1.06083285808563
6513.629    	 1.06411325931549
6513.667    	 1.06905508041382
6513.704    	 1.07378089427948
6513.741    	 1.07794320583344
6513.778    	 1.08055543899536
6513.816    	 1.08189380168915
6513.853    	 1.08325934410095
6513.890    	 1.0845559835434
6513.928    	 1.08539593219757
6513.965    	 1.08531439304352
6514.002    	 1.08305323123932
6514.040    	 1.07743966579437
6514.077    	 1.06966984272003
6514.114    	 1.05829119682312
6514.152    	 1.04671382904053
6514.189    	 1.0347957611084
6514.226    	 1.02524042129517
6514.264    	 1.02120542526245
6514.301    	 1.01853930950165
6514.338    	 1.01932680606842
6514.376    	 1.01782274246216
6514.413    	 1.00990533828735
6514.450    	 .995773553848267
6514.487    	 .967021763324738
6514.525    	 .931515097618103
6514.562    	 .885671555995941
6514.599    	 .839883625507355
6514.637    	 .803598344326019
6514.674    	 .778950154781342
6514.711    	 .778628885746002
6514.749    	 .795954763889313
6514.786    	 .829828083515167
6514.823    	 .874254643917084
6514.861    	 .917921960353851
6514.898    	 .959058582782745
6514.935    	 .992420852184296
6514.973    	 1.01722574234009
6515.010    	 1.03684735298157
6515.047    	 1.0501629114151
6515.084    	 1.06130731105804
6515.122    	 1.06932699680328
6515.159    	 1.07601678371429
6515.196    	 1.08044755458832
6515.234    	 1.08347809314728
6515.271    	 1.08382785320282
6515.308    	 1.08323562145233
6515.346    	 1.08053755760193
6515.383    	 1.07804501056671
6515.420    	 1.07606613636017
6515.458    	 1.07328510284424
6515.495    	 1.06839311122894
6515.532    	 1.06138253211975
6515.570    	 1.04929065704346
6515.607    	 1.0341808795929
6515.644    	 1.01330161094666
6515.682    	 .991030275821686
6515.719    	 .96935111284256
6515.756    	 .950895369052887
6515.793    	 .941674530506134
6515.831    	 .939909160137177
6515.868    	 .947880446910858
6515.905    	 .962541282176971
6515.943    	 .979925990104675
6515.980    	 .998654186725616
6516.017    	 1.01472043991089
6516.055    	 1.02726304531097
6516.092    	 1.03485929965973
6516.129    	 1.03576970100403
6516.167    	 1.02966248989105
6516.204    	 1.01322507858276
6516.241    	 .987996816635132
6516.279    	 .948657989501953
6516.316    	 .901628255844116
6516.353    	 .840850949287415
6516.391    	 .778706908226013
6516.428    	 .713684916496277
6516.465    	 .657239615917206
6516.502    	 .622006952762604
6516.540    	 .600965797901154
6516.577    	 .616028606891632
6516.614    	 .643368899822235
6516.652    	 .696074604988098
6516.689    	 .75337690114975
6516.726    	 .812698721885681
6516.764    	 .867137372493744
6516.801    	 .906253278255463
6516.838    	 .934000134468079
6516.876    	 .942917466163635
6516.913    	 .940970718860626
6516.950    	 .930635631084442
6516.988    	 .917297303676605
6517.025    	 .909533798694611
6517.062    	 .908215701580048
6517.099    	 .916726350784302
6517.137    	 .934495747089386
6517.174    	 .956964194774628
6517.211    	 .983661353588104
6517.249    	 1.00837397575378
6517.286    	 1.02997314929962
6517.323    	 1.04715657234192
6517.361    	 1.05784249305725
6517.398    	 1.06585073471069
6517.435    	 1.06944310665131
6517.473    	 1.07265543937683
6517.510    	 1.07512378692627
6517.547    	 1.07722878456116
6517.585    	 1.07850706577301
6517.622    	 1.07879424095154
6517.659    	 1.07659411430359
6517.697    	 1.07263731956482
6517.734    	 1.06436014175415
6517.771    	 1.05321562290192
6517.808    	 1.03565490245819
6517.846    	 1.01618146896362
6517.883    	 .994792520999908
6517.920    	 .975771963596344
6517.958    	 .965232789516449
6517.995    	 .961563646793365
6518.032    	 .96917062997818
6518.070    	 .983540058135986
6518.107    	 1.00210285186768
6518.144    	 1.0225350856781
6518.182    	 1.04059314727783
6518.219    	 1.05567705631256
6518.256    	 1.06605696678162
6518.294    	 1.07123374938965
6518.331    	 1.07202208042145
6518.368    	 1.06804764270782
6518.406    	 1.06354475021362
6518.443    	 1.05872309207916
6518.480    	 1.05602931976318
6518.517    	 1.05649673938751
6518.555    	 1.0570662021637
6518.592    	 1.05781042575836
6518.629    	 1.05850946903229
6518.667    	 1.0591185092926
6518.704    	 1.05997598171234
6518.741    	 1.06143450737
6518.779    	 1.0625923871994
6518.816    	 1.06298828125
6518.853    	 1.06230545043945
6518.891    	 1.0589188337326
6518.928    	 1.05394887924194
6518.965    	 1.04568362236023
6519.003    	 1.03646695613861
6519.040    	 1.02660763263702
6519.077    	 1.01705014705658
6519.114    	 1.00897932052612
6519.152    	 1.00055587291718
6519.189    	 .989110827445984
6519.226    	 .973907470703125
6519.264    	 .951402187347412
6519.301    	 .924293994903564
6519.338    	 .897555589675903
6519.376    	 .873981118202209
6519.413    	 .861850321292877
6519.450    	 .86302250623703
6519.488    	 .875830113887787
6519.525    	 .902184247970581
6519.562    	 .931785583496094
6519.600    	 .965151965618134
6519.637    	 .995265483856201
6519.674    	 1.01992440223694
6519.712    	 1.04049587249756
6519.749    	 1.05355131626129
6519.786    	 1.06454229354858
6519.823    	 1.0711395740509
6519.861    	 1.07726979255676
6519.898    	 1.08224308490753
6519.935    	 1.08680284023285
6519.973    	 1.0903263092041
6520.010    	 1.0931521654129
6520.047    	 1.0943489074707
6520.085    	 1.09510815143585
6520.122    	 1.09535467624664
6520.159    	 1.0956814289093
6520.197    	 1.09658396244049
6520.234    	 1.09756553173065
6520.271    	 1.09821689128876
6520.309    	 1.0986145734787
6520.346    	 1.09865891933441
6520.383    	 1.09821557998657
6520.421    	 1.09676897525787
6520.458    	 1.09458911418915
6520.495    	 1.09216916561127
6520.532    	 1.08980441093445
6520.570    	 1.08844387531281
6520.607    	 1.08813214302063
6520.644    	 1.08820867538452
6520.682    	 1.08879244327545
6520.719    	 1.08973157405853
6520.756    	 1.09118974208832
6520.794    	 1.09294092655182
6520.831    	 1.09511911869049
6520.868    	 1.0969705581665
6520.906    	 1.09818887710571
6520.943    	 1.09879446029663
6520.980    	 1.09807431697845
6521.018    	 1.09726917743683
6521.055    	 1.09625232219696
6521.092    	 1.09563767910004
6521.130    	 1.09605848789215
6521.167    	 1.09675312042236
6521.204    	 1.09794569015503
6521.241    	 1.09920024871826
6521.279    	 1.10040807723999
6521.316    	 1.10123825073242
6521.353    	 1.10102140903473
6521.391    	 1.09988343715668
6521.428    	 1.09703099727631
6521.465    	 1.0937088727951
6521.503    	 1.09125995635986
6521.540    	 1.08953464031219
6521.577    	 1.08864808082581
6521.615    	 1.08802342414856
6521.652    	 1.08630168437958
6521.689    	 1.08342337608337
6521.727    	 1.07944226264954
6521.764    	 1.07449162006378
6521.801    	 1.06995022296906
6521.838    	 1.06599032878876
6521.876    	 1.06265807151794
6521.913    	 1.06023454666138
6521.950    	 1.05828619003296
6521.988    	 1.05702185630798
6522.025    	 1.05518662929535
6522.062    	 1.05233156681061
6522.100    	 1.0499804019928
6522.137    	 1.04871106147766
6522.174    	 1.04925012588501
6522.212    	 1.0542778968811
6522.249    	 1.05976223945618
6522.286    	 1.0663161277771
6522.324    	 1.0725564956665
6522.361    	 1.07775139808655
6522.398    	 1.082963347435
6522.436    	 1.08866214752197
6522.473    	 1.09403300285339
6522.510    	 1.09814381599426
6522.547    	 1.100909948349
6522.585    	 1.10088682174683
6522.622    	 1.09939026832581
6522.659    	 1.09697842597961
6522.697    	 1.0938628911972
6522.734    	 1.09002065658569
6522.771    	 1.08579516410828
6522.809    	 1.08190190792084
6522.846    	 1.07866680622101
6522.883    	 1.0770115852356
6522.921    	 1.07680940628052
6522.958    	 1.07647526264191
6522.995    	 1.07565557956696
6523.033    	 1.07306325435638
6523.070    	 1.06792557239532
6523.107    	 1.06126439571381
6523.145    	 1.05231380462646
6523.182    	 1.04367172718048
6523.219    	 1.03570830821991
6523.256    	 1.02979838848114
6523.294    	 1.02817535400391
6523.331    	 1.0273619890213
6523.368    	 1.02853095531464
6523.406    	 1.02829587459564
6523.443    	 1.02449560165405
6523.480    	 1.01832664012909
6523.518    	 1.0065461397171
6523.555    	 .991918325424194
6523.592    	 .971650719642639
6523.630    	 .948571026325226
6523.667    	 .921004295349121
6523.704    	 .893935024738312
6523.742    	 .872353494167328
6523.779    	 .857958555221558
6523.816    	 .859081387519836
6523.853    	 .871450304985046
6523.891    	 .895098209381104
6523.928    	 .925759673118591
6523.965    	 .956459224224091
6524.003    	 .986030101776123
6524.040    	 1.01111531257629
6524.077    	 1.03127038478851
6524.115    	 1.04746031761169
6524.152    	 1.05896377563477
6524.189    	 1.06800866127014
6524.227    	 1.07374560832977
6524.264    	 1.07795119285583
6524.301    	 1.0798841714859
6524.339    	 1.08144068717957
6524.376    	 1.08235061168671
6524.413    	 1.08316051959991
6524.451    	 1.08377122879028
6524.488    	 1.08432424068451
6524.525    	 1.08474373817444
6524.562    	 1.08530759811401
6524.600    	 1.08623456954956
6524.637    	 1.08728551864624
6524.674    	 1.08862066268921
6524.712    	 1.08984458446503
6524.749    	 1.09068810939789
6524.786    	 1.09149158000946
6524.824    	 1.09238147735596
6524.861    	 1.09354782104492
6524.898    	 1.09544789791107
6524.936    	 1.09759426116943
6524.973    	 1.09968340396881
6525.010    	 1.10146105289459
6525.048    	 1.10232102870941
6525.085    	 1.10258376598358
6525.122    	 1.10259807109833
6525.160    	 1.10241174697876
6525.197    	 1.10212111473083
6525.234    	 1.10172629356384
6525.271    	 1.1012601852417
6525.309    	 1.10061883926392
6525.346    	 1.09949004650116
6525.383    	 1.09773588180542
6525.421    	 1.09564805030823
6525.458    	 1.09305429458618
6525.495    	 1.09009027481079
6525.533    	 1.08649933338165
6525.570    	 1.08250367641449
6525.607    	 1.0777759552002
6525.645    	 1.07331109046936
6525.682    	 1.06940984725952
6525.719    	 1.06656873226166
6525.757    	 1.06635630130768
6525.794    	 1.06705665588379
6525.831    	 1.07004058361053
6525.868    	 1.0736266374588
6525.906    	 1.07835352420807
6525.943    	 1.08289074897766
6525.980    	 1.0864577293396
6526.018    	 1.08911895751953
6526.055    	 1.0898369550705
6526.092    	 1.08973968029022
6526.130    	 1.08902335166931
6526.167    	 1.08827376365662
6526.204    	 1.08820378780365
6526.242    	 1.08854579925537
6526.279    	 1.08910393714905
6526.316    	 1.08975732326508
6526.354    	 1.0902704000473
6526.391    	 1.0905544757843
6526.428    	 1.0903605222702
6526.466    	 1.08979165554047
6526.503    	 1.08944654464722
6526.540    	 1.08947920799255
6526.577    	 1.09021282196045
6526.615    	 1.09177505970001
6526.652    	 1.09312951564789
6526.689    	 1.09408414363861
6526.727    	 1.09426140785217
6526.764    	 1.0930792093277
6526.801    	 1.09121441841125
6526.839    	 1.08803749084473
6526.876    	 1.08539807796478
6526.913    	 1.08397877216339
6526.951    	 1.08332192897797
6526.988    	 1.08457362651825
6527.025    	 1.08579611778259
6527.063    	 1.08679974079132
6527.100    	 1.0874969959259
6527.137    	 1.08743715286255
6527.175    	 1.08711040019989
6527.212    	 1.08640670776367
6527.249    	 1.08555042743683
6527.286    	 1.08452880382538
6527.324    	 1.08317983150482
6527.361    	 1.08101618289948
6527.398    	 1.07821726799011
6527.436    	 1.07453107833862
6527.473    	 1.07069683074951
6527.510    	 1.06798267364502
6527.548    	 1.06670749187469
6527.585    	 1.06798005104065
6527.622    	 1.07150661945343
6527.660    	 1.07601690292358
6527.697    	 1.08123517036438
6527.734    	 1.08552801609039
6527.772    	 1.08861219882965
6527.809    	 1.09069085121155
6527.846    	 1.09136831760406
6527.883    	 1.09132158756256
6527.921    	 1.09020781517029
6527.958    	 1.08917570114136
6527.995    	 1.08833909034729
6528.033    	 1.08821892738342
6528.070    	 1.08953619003296
6528.107    	 1.09075284004211
6528.145    	 1.09173476696014
6528.182    	 1.09263968467712
6528.219    	 1.09335124492645
6528.257    	 1.09405553340912
6528.294    	 1.09476184844971
6528.331    	 1.09503698348999
6528.369    	 1.09415888786316
6528.406    	 1.09290313720703
6528.443    	 1.09119009971619
6528.481    	 1.08936429023743
6528.518    	 1.08756232261658
6528.555    	 1.08604550361633
6528.592    	 1.085364818573
6528.630    	 1.08536207675934
6528.667    	 1.08632373809814
6528.704    	 1.08787000179291
6528.742    	 1.08958387374878
6528.779    	 1.09130167961121
6528.816    	 1.09262299537659
6528.854    	 1.09349894523621
6528.891    	 1.09386384487152
6528.928    	 1.09366643428802
6528.966    	 1.09311521053314
6529.003    	 1.09216952323914
6529.040    	 1.0912127494812
6529.078    	 1.09029316902161
6529.115    	 1.08969902992249
6529.152    	 1.08962750434875
6529.190    	 1.08984303474426
6529.227    	 1.09051275253296
6529.264    	 1.09056305885315
6529.301    	 1.08935689926147
6529.339    	 1.08793687820435
6529.376    	 1.08601379394531
6529.413    	 1.08450043201447
6529.451    	 1.08401763439178
6529.488    	 1.08356773853302
6529.525    	 1.08308899402618
6529.563    	 1.0824990272522
6529.600    	 1.08162033557892
6529.637    	 1.08087682723999
6529.675    	 1.08065474033356
6529.712    	 1.08089983463287
6529.749    	 1.08209443092346
6529.787    	 1.08360779285431
6529.824    	 1.08507812023163
6529.861    	 1.08628082275391
6529.898    	 1.08669340610504
6529.936    	 1.08666968345642
6529.973    	 1.08664095401764
6530.010    	 1.08669972419739
6530.048    	 1.08708930015564
6530.085    	 1.08766484260559
6530.122    	 1.08793818950653
6530.160    	 1.0878564119339
6530.197    	 1.08745157718658
6530.234    	 1.08659625053406
6530.272    	 1.08524394035339
6530.309    	 1.08299815654755
6530.346    	 1.07915198802948
6530.384    	 1.07270967960358
6530.421    	 1.06440198421478
6530.458    	 1.05300426483154
6530.496    	 1.04288184642792
6530.533    	 1.03537666797638
6530.570    	 1.03108263015747
6530.607    	 1.03417789936066
6530.645    	 1.03846538066864
6530.682    	 1.04574334621429
6530.719    	 1.0527058839798
6530.757    	 1.05860447883606
6530.794    	 1.06398630142212
6530.831    	 1.06827712059021
6530.869    	 1.07189774513245
6530.906    	 1.07418966293335
6530.943    	 1.0756778717041
6530.981    	 1.07581341266632
6531.018    	 1.07543706893921
6531.055    	 1.07487905025482
6531.093    	 1.07451856136322
6531.130    	 1.0750218629837
6531.167    	 1.07611954212189
6531.205    	 1.07768070697784
6531.242    	 1.07948482036591
6531.279    	 1.08109974861145
6531.316    	 1.08247458934784
6531.354    	 1.08347535133362
6531.391    	 1.08414554595947
6531.428    	 1.08483707904816
6531.466    	 1.0855450630188
6531.503    	 1.08622241020203
6531.540    	 1.08677923679352
6531.578    	 1.08685433864594
6531.615    	 1.08616185188293
6531.652    	 1.08484470844269
6531.690    	 1.08252990245819
6531.727    	 1.08049368858337
6531.764    	 1.07899284362793
6531.802    	 1.07765662670135
6531.839    	 1.07668101787567
6531.876    	 1.07490706443787
6531.913    	 1.0711475610733
6531.951    	 1.06601965427399
6531.988    	 1.05745947360992
6532.025    	 1.04653584957123
6532.063    	 1.03008651733398
6532.100    	 1.00991451740265
6532.137    	 .981812834739685
6532.175    	 .951394021511078
6532.212    	 .919363677501678
6532.249    	 .890277504920959
6532.287    	 .871257841587067
6532.324    	 .860870540142059
6532.361    	 .86498087644577
6532.399    	 .87865948677063
6532.436    	 .900534808635712
6532.473    	 .92727530002594
6532.511    	 .954062581062317
6532.548    	 .979886651039124
6532.585    	 1.0019838809967
6532.622    	 1.02013468742371
6532.660    	 1.03490316867828
6532.697    	 1.04603457450867
6532.734    	 1.05570495128632
6532.772    	 1.06349682807922
6532.809    	 1.07017362117767
6532.846    	 1.07522976398468
6532.884    	 1.07934701442719
6532.921    	 1.08196175098419
6532.958    	 1.0840083360672
6532.996    	 1.08502173423767
6533.033    	 1.08562576770782
6533.070    	 1.08539211750031
6533.108    	 1.08508384227753
6533.145    	 1.08459854125977
6533.182    	 1.08440124988556
6533.220    	 1.08492887020111
6533.257    	 1.08551859855652
6533.294    	 1.08618831634521
6533.331    	 1.08638322353363
6533.369    	 1.08528828620911
6533.406    	 1.08389437198639
6533.443    	 1.08231508731842
6533.481    	 1.08059310913086
6533.518    	 1.07859766483307
6533.555    	 1.07593250274658
6533.593    	 1.07153964042664
6533.630    	 1.06589233875275
6533.667    	 1.05863606929779
6533.705    	 1.04998064041138
6533.742    	 1.03949904441833
6533.779    	 1.02735674381256
6533.817    	 1.01344680786133
6533.854    	 .998420357704163
6533.891    	 .984259605407715
6533.929    	 .971730709075928
6533.966    	 .96287339925766
6534.003    	 .958704590797424
6534.040    	 .958741545677185
6534.078    	 .96424001455307
6534.115    	 .971940100193024
6534.152    	 .9827521443367
6534.190    	 .993858337402344
6534.227    	 1.00538671016693
6534.264    	 1.01639628410339
6534.302    	 1.0263706445694
6534.339    	 1.03496825695038
6534.376    	 1.04062139987946
6534.414    	 1.04504835605621
6534.451    	 1.04644286632538
6534.488    	 1.0472594499588
6534.526    	 1.04661166667938
6534.563    	 1.04564678668976
6534.600    	 1.0440913438797
6534.637    	 1.04254102706909
6534.675    	 1.04120767116547
6534.712    	 1.04012417793274
6534.749    	 1.03961515426636
6534.787    	 1.0395439863205
6534.824    	 1.04027915000916
6534.861    	 1.04128742218018
6534.899    	 1.04223954677582
6534.936    	 1.04337453842163
6534.973    	 1.04517328739166
6535.011    	 1.04766952991486
6535.048    	 1.05128228664398
6535.085    	 1.05574178695679
6535.123    	 1.06058657169342
6535.160    	 1.06551945209503
6535.197    	 1.06960928440094
6535.235    	 1.07279753684998
6535.272    	 1.07543230056763
6535.309    	 1.077472448349
6535.346    	 1.0794951915741
6535.384    	 1.08142971992493
6535.421    	 1.08297300338745
6535.458    	 1.08384656906128
6535.496    	 1.08389449119568
6535.533    	 1.08254826068878
6535.570    	 1.08080017566681
6535.608    	 1.07829916477203
6535.645    	 1.07593894004822
6535.682    	 1.07388520240784
6535.720    	 1.07217466831207
6535.757    	 1.07131505012512
6535.794    	 1.07076895236969
6535.832    	 1.07100522518158
6535.869    	 1.07125914096832
6535.906    	 1.07141935825348
6535.944    	 1.07120430469513
6535.981    	 1.07001137733459
6536.018    	 1.06875586509705
6536.055    	 1.06788766384125
6536.093    	 1.06754851341248
6536.130    	 1.06842792034149
6536.167    	 1.06987082958221
6536.205    	 1.07166957855225
6536.242    	 1.07326805591583
6536.279    	 1.07370793819427
6536.317    	 1.07324743270874
6536.354    	 1.07192146778107
6536.391    	 1.06932234764099
6536.429    	 1.06419515609741
6536.466    	 1.05632710456848
6536.503    	 1.04548728466034
6536.541    	 1.03202712535858
6536.578    	 1.01903760433197
6536.615    	 1.00722539424896
6536.652    	 .998743772506714
6536.690    	 .994959712028503
6536.727    	 .99463564157486
6536.764    	 .999484002590179
6536.802    	 1.00626122951508
6536.839    	 1.01621675491333
6536.876    	 1.02650701999664
6536.914    	 1.03738915920258
6536.951    	 1.04756438732147
6536.988    	 1.05621862411499
6537.026    	 1.06351602077484
6537.063    	 1.0674569606781
6537.100    	 1.07020163536072
6537.138    	 1.06992614269257
6537.175    	 1.06927990913391
6537.212    	 1.06815552711487
6537.250    	 1.06737804412842
6537.287    	 1.0676953792572
6537.324    	 1.06843149662018
6537.361    	 1.06973338127136
6537.399    	 1.07096767425537
6537.436    	 1.07156336307526
6537.473    	 1.07180368900299
6537.511    	 1.07165336608887
6537.548    	 1.07151925563812
6537.585    	 1.07198297977448
6537.623    	 1.07301712036133
6537.660    	 1.07488298416138
6537.697    	 1.07713496685028
6537.735    	 1.07885110378265
6537.772    	 1.07991588115692
6537.809    	 1.08003902435303
6537.847    	 1.07921004295349
6537.884    	 1.07789433002472
6537.921    	 1.07618939876556
6537.959    	 1.07502365112305
6537.996    	 1.0745233297348
6538.033    	 1.07415235042572
6538.070    	 1.07392585277557
6538.108    	 1.07347619533539
6538.145    	 1.07274127006531
6538.182    	 1.07260537147522
6538.220    	 1.07358539104462
6538.257    	 1.07510018348694
6538.294    	 1.07771277427673
6538.332    	 1.07967042922974
6538.369    	 1.08006811141968
6538.406    	 1.08016276359558
6538.444    	 1.0794939994812
6538.481    	 1.07911968231201
6538.518    	 1.07959079742432
6538.556    	 1.07992279529572
6538.593    	 1.07964670658112
6538.630    	 1.07869005203247
6538.667    	 1.07615327835083
6538.705    	 1.07353866100311
6538.742    	 1.07180643081665
6538.779    	 1.07075238227844
6538.817    	 1.07086098194122
6538.854    	 1.07134366035461
6538.891    	 1.07151186466217
6538.929    	 1.07164716720581
6538.966    	 1.07218968868256
6539.003    	 1.07300662994385
6539.041    	 1.07392537593842
6539.078    	 1.07476210594177
6539.115    	 1.07502222061157
6539.153    	 1.07477974891663
6539.190    	 1.07444953918457
6539.227    	 1.07397961616516
6539.265    	 1.07326221466064
6539.302    	 1.07223439216614
6539.339    	 1.07103538513184
6539.376    	 1.06962788105011
6539.414    	 1.06829404830933
6539.451    	 1.06711208820343
6539.488    	 1.06626558303833
6539.526    	 1.06605887413025
6539.563    	 1.06667959690094
6539.600    	 1.0689001083374
6539.638    	 1.0710756778717
6539.675    	 1.07315242290497
6539.712    	 1.07450103759766
6539.750    	 1.07404005527496
6539.787    	 1.07303309440613
6539.824    	 1.07069277763367
6539.862    	 1.06841373443604
6539.899    	 1.0665465593338
6539.936    	 1.06512176990509
6539.974    	 1.06473886966705
6540.011    	 1.06484830379486
6540.048    	 1.0657354593277
6540.085    	 1.06637740135193
6540.123    	 1.06568288803101
6540.160    	 1.06396400928497
6540.197    	 1.06060087680817
6540.235    	 1.05664670467377
6540.272    	 1.05314075946808
6540.309    	 1.05027008056641
6540.347    	 1.04871320724487
6540.384    	 1.04826486110687
6540.421    	 1.04875528812408
6540.459    	 1.050044298172
6540.496    	 1.05167424678802
6540.533    	 1.05358445644379
6540.571    	 1.05540931224823
6540.608    	 1.05705726146698
6540.645    	 1.05828070640564
6540.682    	 1.05901777744293
6540.720    	 1.05981612205505
6540.757    	 1.0607738494873
6540.794    	 1.06223654747009
6540.832    	 1.06441736221313
6540.869    	 1.06609058380127
6540.906    	 1.06686115264893
6540.944    	 1.06749701499939
6540.981    	 1.06786286830902
6541.018    	 1.06825911998749
6541.056    	 1.0687255859375
6541.093    	 1.06895899772644
6541.130    	 1.06860947608948
6541.168    	 1.06808662414551
6541.205    	 1.06715977191925
6541.242    	 1.06611704826355
6541.280    	 1.06486165523529
6541.317    	 1.06407964229584
6541.354    	 1.06467068195343
6541.391    	 1.06560122966766
6541.429    	 1.06663537025452
6541.466    	 1.0675276517868
6541.503    	 1.06791794300079
6541.541    	 1.06806421279907
6541.578    	 1.06804132461548
6541.615    	 1.0678094625473
6541.653    	 1.06716060638428
6541.690    	 1.06623482704163
6541.727    	 1.06515836715698
6541.765    	 1.06401133537292
6541.802    	 1.06296813488007
6541.839    	 1.06183695793152
6541.877    	 1.0600528717041
6541.914    	 1.05697667598724
6541.951    	 1.05089676380157
6541.989    	 1.04118847846985
6542.026    	 1.02901864051819
6542.063    	 1.01387977600098
6542.100    	 .998517334461212
6542.138    	 .983167052268982
6542.175    	 .969934046268463
6542.212    	 .960354149341583
6542.250    	 .953952670097351
6542.287    	 .953368723392487
6542.324    	 .955238282680511
6542.362    	 .962109446525574
6542.399    	 .970206797122955
6542.436    	 .981145977973938
6542.474    	 .991985201835632
6542.511    	 1.0025771856308
6542.548    	 1.01235473155975
6542.586    	 1.02006375789642
6542.623    	 1.02698445320129
6542.660    	 1.03230953216553
6542.697    	 1.03689289093018
6542.735    	 1.04012024402618
6542.772    	 1.04230856895447
6542.809    	 1.04241716861725
6542.847    	 1.04149949550629
6542.884    	 1.03936541080475
6542.921    	 1.03693783283234
6542.959    	 1.03499054908752
6542.996    	 1.03365850448608
6543.033    	 1.03358483314514
6543.071    	 1.03435504436493
6543.108    	 1.03563547134399
6543.145    	 1.03708803653717
6543.183    	 1.0379683971405
6543.220    	 1.03829646110535
6543.257    	 1.0381783246994
6543.295    	 1.03763484954834
6543.332    	 1.03696262836456
6543.369    	 1.03595566749573
6543.406    	 1.03399431705475
6543.444    	 1.03049039840698
6543.481    	 1.02468645572662
6543.518    	 1.01527035236359
6543.556    	 1.00236678123474
6543.593    	 .983690500259399
6543.630    	 .961176514625549
6543.668    	 .931894183158875
6543.705    	 .901237428188324
6543.742    	 .867967963218689
6543.780    	 .837709248065948
6543.817    	 .814229786396027
6543.854    	 .797004222869873
6543.892    	 .79535049200058
6543.929    	 .799444854259491
6543.966    	 .817533373832703
6544.004    	 .838882148265839
6544.041    	 .866049706935883
6544.078    	 .893686413764954
6544.115    	 .920466244220734
6544.153    	 .945630788803101
6544.190    	 .966790914535522
6544.227    	 .985253989696503
6544.265    	 .999095439910889
6544.302    	 1.01029205322266
6544.339    	 1.01839530467987
6544.377    	 1.02484953403473
6544.414    	 1.03031623363495
6544.451    	 1.03483879566193
6544.489    	 1.03794300556183
6544.526    	 1.03989899158478
6544.563    	 1.04090261459351
6544.601    	 1.04131758213043
6544.638    	 1.04210948944092
6544.675    	 1.04312980175018
6544.712    	 1.04379165172577
6544.750    	 1.04397428035736
6544.787    	 1.04356455802917
6544.824    	 1.042520403862
6544.862    	 1.04159200191498
6544.899    	 1.04090702533722
6544.936    	 1.04079794883728
6544.974    	 1.04160726070404
6545.011    	 1.04305922985077
6545.048    	 1.04556584358215
6545.086    	 1.04806911945343
6545.123    	 1.05051708221436
6545.160    	 1.05210375785828
6545.198    	 1.05185496807098
6545.235    	 1.05084192752838
6545.272    	 1.04797732830048
6545.310    	 1.04481053352356
6545.347    	 1.04088115692139
6545.384    	 1.03675043582916
6545.421    	 1.0321900844574
6545.459    	 1.02744781970978
6545.496    	 1.02234172821045
6545.533    	 1.01709508895874
6545.571    	 1.01163041591644
6545.608    	 1.00634717941284
6545.645    	 1.00172078609467
6545.683    	 .997881054878235
6545.720    	 .995754182338715
6545.757    	 .99495941400528
6545.795    	 .996215641498566
6545.832    	 .99869829416275
6545.869    	 1.00202226638794
6545.907    	 1.00588178634644
6545.944    	 1.00995552539825
6545.981    	 1.01450455188751
6546.019    	 1.02025198936462
6546.056    	 1.02670693397522
6546.093    	 1.03233551979065
6546.130    	 1.03680229187012
6546.168    	 1.03946948051453
6546.205    	 1.04014956951141
6546.242    	 1.04011344909668
6546.280    	 1.03923547267914
6546.317    	 1.03831338882446
6546.354    	 1.03739023208618
6546.392    	 1.03683054447174
6546.429    	 1.03682053089142
6546.466    	 1.03682792186737
6546.504    	 1.03685617446899
6546.541    	 1.03677988052368
6546.578    	 1.03650093078613
6546.616    	 1.03622686862946
6546.653    	 1.03596329689026
6546.690    	 1.03577160835266
6546.728    	 1.03575837612152
6546.765    	 1.03579998016357
6546.802    	 1.03597795963287
6546.839    	 1.0360209941864
6546.877    	 1.0356912612915
6546.914    	 1.03486824035645
6546.951    	 1.03284728527069
6546.989    	 1.03064215183258
6547.026    	 1.02853322029114
6547.063    	 1.02694725990295
6547.101    	 1.026780128479
6547.138    	 1.02703022956848
6547.175    	 1.02715921401978
6547.213    	 1.02697789669037
6547.250    	 1.02599108219147
6547.287    	 1.02400469779968
6547.325    	 1.02005469799042
6547.362    	 1.01384079456329
6547.399    	 1.0037739276886
6547.436    	 .99061644077301
6547.474    	 .97569465637207
6547.511    	 .959810137748718
6547.548    	 .945564448833466
6547.586    	 .933738708496094
6547.623    	 .925910770893097
6547.660    	 .922995626926422
6547.698    	 .923775017261505
6547.735    	 .929291427135468
6547.772    	 .936888515949249
6547.810    	 .947354793548584
6547.847    	 .958360552787781
6547.884    	 .970040500164032
6547.922    	 .98053902387619
6547.959    	 .988894104957581
6547.996    	 .995928108692169
6548.034    	 1.00036203861237
6548.071    	 1.00416541099548
6548.108    	 1.00657534599304
6548.145    	 1.00771617889404
6548.183    	 1.00570917129517
6548.220    	 1.00146865844727
6548.257    	 .991613268852234
6548.295    	 .979155957698822
6548.332    	 .960820078849792
6548.369    	 .940416514873505
6548.407    	 .916350364685059
6548.444    	 .892512142658234
6548.481    	 .871109843254089
6548.519    	 .853411853313446
6548.556    	 .844518840312958
6548.593    	 .841148197650909
6548.631    	 .845799028873444
6548.668    	 .855065703392029
6548.705    	 .868794441223145
6548.743    	 .88518500328064
6548.780    	 .903297603130341
6548.817    	 .922090470790863
6548.854    	 .939893364906311
6548.892    	 .95629870891571
6548.929    	 .970043540000916
6548.966    	 .980915307998657
6549.004    	 .988591492176056
6549.041    	 .993124842643738
6549.078    	 .9963139295578
6549.116    	 .998260855674744
6549.153    	 1.00073683261871
6549.190    	 1.00391721725464
6549.228    	 1.00760054588318
6549.265    	 1.01187872886658
6549.302    	 1.01578199863434
6549.340    	 1.01901841163635
6549.377    	 1.02138769626617
6549.414    	 1.02231955528259
6549.451    	 1.02335429191589
6549.489    	 1.02459633350372
6549.526    	 1.02606379985809
6549.563    	 1.02800965309143
6549.601    	 1.02948129177094
6549.638    	 1.02980411052704
6549.675    	 1.03016543388367
6549.713    	 1.0306236743927
6549.750    	 1.03125035762787
6549.787    	 1.03229987621307
6549.825    	 1.03304386138916
6549.862    	 1.03286778926849
6549.899    	 1.03207147121429
6549.937    	 1.02998781204224
6549.974    	 1.02760541439056
6550.011    	 1.02519178390503
6550.049    	 1.02333915233612
6550.086    	 1.02314126491547
6550.123    	 1.02392959594727
6550.160    	 1.02587103843689
6550.198    	 1.02822160720825
6550.235    	 1.03024983406067
6550.272    	 1.0318683385849
6550.310    	 1.03269684314728
6550.347    	 1.03271019458771
6550.384    	 1.03159010410309
6550.422    	 1.02948570251465
6550.459    	 1.02675926685333
6550.496    	 1.02374291419983
6550.534    	 1.02163624763489
6550.571    	 1.02057135105133
6550.608    	 1.02028787136078
6550.646    	 1.02084755897522
6550.683    	 1.02139985561371
6550.720    	 1.02190792560577
6550.758    	 1.02221894264221
6550.795    	 1.02222537994385
6550.832    	 1.02202022075653
6550.869    	 1.0215015411377
6550.907    	 1.02113521099091
6550.944    	 1.02105498313904
6550.981    	 1.02119183540344
6551.019    	 1.02175450325012
6551.056    	 1.02210533618927
6551.093    	 1.02197873592377
6551.131    	 1.02166295051575
6551.168    	 1.02087676525116
6551.205    	 1.02032613754272
6551.243    	 1.02039015293121
6551.280    	 1.02047634124756
6551.317    	 1.02051496505737
6551.355    	 1.02034795284271
6551.392    	 1.01964724063873
6551.429    	 1.01867938041687
6551.466    	 1.01724588871002
6551.504    	 1.01556575298309
6551.541    	 1.01351273059845
6551.578    	 1.01146936416626
6551.616    	 1.00980019569397
6551.653    	 1.00834536552429
6551.690    	 1.00709915161133
6551.728    	 1.00565195083618
6551.765    	 1.00325131416321
6551.802    	 .999978184700012
6551.840    	 .995553910732269
6551.877    	 .990538775920868
6551.914    	 .986072599887848
6551.952    	 .982215940952301
6551.989    	 .979112088680267
6552.026    	 .976738214492798
6552.064    	 .974707722663879
6552.101    	 .972828984260559
6552.138    	 .970123827457428
6552.175    	 .966022908687592
6552.213    	 .959520399570465
6552.250    	 .949495613574982
6552.287    	 .936542212963104
6552.325    	 .919149458408356
6552.362    	 .899752795696259
6552.399    	 .87721461057663
6552.437    	 .855242729187012
6552.474    	 .834538042545319
6552.511    	 .817288637161255
6552.549    	 .807152032852173
6552.586    	 .800565779209137
6552.623    	 .802105128765106
6552.661    	 .806025326251984
6552.698    	 .815880715847015
6552.735    	 .827365458011627
6552.773    	 .842723846435547
6552.810    	 .859051465988159
6552.847    	 .877193570137024
6552.884    	 .895179450511932
6552.922    	 .912136256694794
6552.959    	 .927926480770111
6552.996    	 .941037952899933
6553.034    	 .952470779418945
6553.071    	 .961040198802948
6553.108    	 .967730283737183
6553.146    	 .97157210111618
6553.183    	 .973873376846313
6553.220    	 .974866271018982
6553.258    	 .975169122219086
6553.295    	 .975226581096649
6553.332    	 .974916756153107
6553.370    	 .973832428455353
6553.407    	 .971643507480621
6553.444    	 .967311680316925
6553.481    	 .960773468017578
6553.519    	 .951915621757507
6553.556    	 .941058456897736
6553.593    	 .930087506771088
6553.631    	 .919503450393677
6553.668    	 .911127507686615
6553.705    	 .905626237392426
6553.743    	 .902381181716919
6553.780    	 .902187407016754
6553.817    	 .903468310832977
6553.855    	 .906936764717102
6553.892    	 .911297559738159
6553.929    	 .91708379983902
6553.967    	 .923090994358063
6554.004    	 .929467260837555
6554.041    	 .935577869415283
6554.079    	 .941149473190308
6554.116    	 .946380734443665
6554.153    	 .950853168964386
6554.190    	 .95479291677475
6554.228    	 .957411766052246
6554.265    	 .959217548370361
6554.302    	 .958988070487976
6554.340    	 .958257377147675
6554.377    	 .956534683704376
6554.414    	 .955020844936371
6554.452    	 .954357087612152
6554.489    	 .953834116458893
6554.526    	 .95330137014389
6554.564    	 .952900409698486
6554.601    	 .952876210212708
6554.638    	 .953077852725983
6554.676    	 .953611016273499
6554.713    	 .954045593738556
6554.750    	 .953817307949066
6554.788    	 .953233301639557
6554.825    	 .952451467514038
6554.862    	 .951600074768066
6554.899    	 .950859367847443
6554.937    	 .950194358825684
6554.974    	 .949557960033417
6555.011    	 .948997735977173
6555.049    	 .948642909526825
6555.086    	 .94846510887146
6555.123    	 .948333024978638
6555.161    	 .94837749004364
6555.198    	 .948996067047119
6555.235    	 .950042366981506
6555.273    	 .950297772884369
6555.310    	 .949461758136749
6555.347    	 .947751104831696
6555.385    	 .945034384727478
6555.422    	 .943223536014557
6555.459    	 .94286048412323
6555.496    	 .94329959154129
6555.534    	 .945037186145782
6555.571    	 .946425497531891
6555.608    	 .947138607501984
6555.646    	 .94746458530426
6555.683    	 .94698041677475
6555.720    	 .946526050567627
6555.758    	 .946141719818115
6555.795    	 .946210563182831
6555.832    	 .947413802146912
6555.870    	 .948574841022491
6555.907    	 .94954514503479
6555.944    	 .949948668479919
6555.982    	 .94890969991684
6556.019    	 .947287619113922
6556.056    	 .944621562957764
6556.094    	 .941887497901917
6556.131    	 .939519226551056
6556.168    	 .937565326690674
6556.205    	 .936524331569672
6556.243    	 .936053037643433
6556.280    	 .936397314071655
6556.317    	 .937072455883026
6556.355    	 .937786161899567
6556.392    	 .9383185505867
6556.429    	 .938218414783478
6556.467    	 .937582790851593
6556.504    	 .936316311359406
6556.541    	 .93452000617981
6556.579    	 .93226820230484
6556.616    	 .929565489292145
6556.653    	 .926419317722321
6556.691    	 .922903895378113
6556.728    	 .919386506080627
6556.765    	 .915585994720459
6556.803    	 .910564541816711
6556.840    	 .903828322887421
6556.877    	 .895100831985474
6556.914    	 .883774280548096
6556.952    	 .871289551258087
6556.989    	 .857526481151581
6557.026    	 .845537066459656
6557.064    	 .836678624153137
6557.101    	 .831395983695984
6557.138    	 .832335948944092
6557.176    	 .835231006145477
6557.213    	 .841840624809265
6557.250    	 .848749816417694
6557.288    	 .856302618980408
6557.325    	 .864336729049683
6557.362    	 .873517394065857
6557.400    	 .882888615131378
6557.437    	 .892740070819855
6557.474    	 .901654243469238
6557.512    	 .90813273191452
6557.549    	 .913783967494965
6557.586    	 .91779762506485
6557.623    	 .921210527420044
6557.661    	 .923611223697662
6557.698    	 .925548613071442
6557.735    	 .92674845457077
6557.773    	 .927345216274261
6557.810    	 .926761448383331
6557.847    	 .92558753490448
6557.885    	 .923784732818604
6557.922    	 .922009885311127
6557.959    	 .9210604429245
6557.997    	 .921066224575043
6558.034    	 .922890424728394
6558.071    	 .926059782505035
6558.109    	 .930429458618164
6558.146    	 .935797393321991
6558.183    	 .942026734352112
6558.220    	 .949017584323883
6558.258    	 .956536650657654
6558.295    	 .964524865150452
6558.332    	 .97266012430191
6558.370    	 .980795681476593
6558.407    	 .988348960876465
6558.444    	 .995299816131592
6558.482    	 1.00227308273315
6558.519    	 1.00941610336304
6558.556    	 1.01731395721436
6558.594    	 1.02620470523834
6558.631    	 1.03509724140167
6558.668    	 1.04398488998413
6558.706    	 1.05281114578247
6558.743    	 1.0615553855896
6558.780    	 1.07047212123871
6558.818    	 1.07970345020294
6558.855    	 1.08888506889343
6558.892    	 1.09795868396759
6558.929    	 1.10676002502441
6558.967    	 1.11493754386902
6559.004    	 1.12326920032501
6559.041    	 1.13198673725128
6559.079    	 1.14098513126373
6559.116    	 1.15068304538727
6559.153    	 1.16064727306366
6559.191    	 1.17118656635284
6559.228    	 1.18145072460175
6559.265    	 1.19080603122711
6559.303    	 1.19968640804291
6559.340    	 1.2076997756958
6559.377    	 1.21576595306396
6559.415    	 1.22454190254211
6559.452    	 1.2338593006134
6559.489    	 1.24414491653442
6559.527    	 1.25469124317169
6559.564    	 1.26498258113861
6559.601    	 1.27424466609955
6559.638    	 1.28065001964569
6559.676    	 1.28608882427216
6559.713    	 1.29305934906006
6559.750    	 1.3026978969574
6559.788    	 1.3183571100235
6559.825    	 1.33791720867157
6559.862    	 1.35696530342102
6559.900    	 1.37517654895782
6559.937    	 1.39169251918793
6559.974    	 1.40654540061951
6560.012    	 1.42060840129852
6560.049    	 1.43343043327332
6560.086    	 1.44416522979736
6560.124    	 1.45224392414093
6560.161    	 1.45852792263031
6560.198    	 1.46252477169037
6560.235    	 1.46607148647308
6560.273    	 1.46919822692871
6560.310    	 1.4736145734787
6560.347    	 1.4802337884903
6560.385    	 1.48865187168121
6560.422    	 1.50021600723267
6560.459    	 1.51251196861267
6560.497    	 1.52621567249298
6560.534    	 1.54008746147156
6560.571    	 1.55433320999146
6560.609    	 1.56943476200104
6560.646    	 1.58657765388489
6560.683    	 1.60372161865234
6560.721    	 1.62087321281433
6560.758    	 1.63704311847687
6560.795    	 1.65070819854736
6560.833    	 1.66326320171356
6560.870    	 1.67344081401825
6560.907    	 1.68305575847626
6560.944    	 1.69199860095978
6560.982    	 1.7013738155365
6561.019    	 1.71227777004242
6561.056    	 1.72413682937622
6561.094    	 1.73764526844025
6561.131    	 1.75214827060699
6561.168    	 1.76808774471283
6561.206    	 1.78456425666809
6561.243    	 1.80106222629547
6561.280    	 1.81672918796539
6561.318    	 1.82977378368378
6561.355    	 1.84084761142731
6561.392    	 1.84989655017853
6561.430    	 1.85733652114868
6561.467    	 1.86339294910431
6561.504    	 1.86779057979584
6561.542    	 1.86960589885712
6561.579    	 1.86911356449127
6561.616    	 1.8674304485321
6561.653    	 1.86457431316376
6561.691    	 1.86117208003998
6561.728    	 1.85684382915497
6561.765    	 1.85077857971191
6561.803    	 1.84261012077332
6561.840    	 1.83349978923798
6561.877    	 1.82334458827972
6561.915    	 1.81381964683533
6561.952    	 1.80516338348389
6561.989    	 1.79654288291931
6562.027    	 1.78790652751923
6562.064    	 1.77871918678284
6562.101    	 1.76861608028412
6562.139    	 1.75874555110931
6562.176    	 1.74936699867249
6562.213    	 1.740886926651
6562.250    	 1.73431301116943
6562.288    	 1.72846674919128
6562.325    	 1.72432863712311
6562.362    	 1.72108709812164
6562.400    	 1.72008442878723
6562.437    	 1.72057318687439
6562.474    	 1.72472405433655
6562.512    	 1.7304300069809
6562.549    	 1.73950350284576
6562.586    	 1.74966013431549
6562.624    	 1.76161468029022
6562.661    	 1.77479863166809
6562.698    	 1.7904851436615
6562.736    	 1.80685484409332
6562.773    	 1.82352948188782
6562.810    	 1.8393611907959
6562.848    	 1.85250973701477
6562.885    	 1.8641562461853
6562.922    	 1.87414741516113
6562.959    	 1.88332438468933
6562.997    	 1.89213371276855
6563.034    	 1.90003848075867
6563.071    	 1.90561890602112
6563.109    	 1.90892171859741
6563.146    	 1.90901434421539
6563.183    	 1.90640592575073
6563.221    	 1.90163767337799
6563.258    	 1.89475929737091
6563.295    	 1.88596379756927
6563.333    	 1.87511336803436
6563.370    	 1.86245214939117
6563.407    	 1.84808313846588
6563.445    	 1.83367502689362
6563.482    	 1.81945395469666
6563.519    	 1.80630815029144
6563.557    	 1.79441821575165
6563.594    	 1.7825094461441
6563.631    	 1.77026200294495
6563.668    	 1.75614106655121
6563.706    	 1.7390011548996
6563.743    	 1.71973896026611
6563.780    	 1.69690823554993
6563.818    	 1.67278146743774
6563.855    	 1.64618861675262
6563.892    	 1.61780500411987
6563.930    	 1.58587825298309
6563.967    	 1.55449199676514
6564.004    	 1.5242999792099
6564.042    	 1.49714386463165
6564.079    	 1.47745418548584
6564.116    	 1.45984554290771
6564.154    	 1.4474710226059
6564.191    	 1.43674302101135
6564.228    	 1.42966282367706
6564.265    	 1.42459845542908
6564.303    	 1.42395603656769
6564.340    	 1.42475736141205
6564.377    	 1.42776930332184
6564.415    	 1.43123781681061
6564.452    	 1.4347892999649
6564.489    	 1.43746447563171
6564.527    	 1.43760597705841
6564.564    	 1.43668162822723
6564.601    	 1.43492698669434
6564.639    	 1.43258488178253
6564.676    	 1.4294022321701
6564.713    	 1.42480838298798
6564.751    	 1.41696393489838
6564.788    	 1.40672528743744
6564.825    	 1.39409327507019
6564.863    	 1.37977564334869
6564.900    	 1.36449778079987
6564.937    	 1.34852921962738
6564.974    	 1.33238482475281
6565.012    	 1.31637692451477
6565.049    	 1.30138623714447
6565.086    	 1.28719449043274
6565.124    	 1.27273762226105
6565.161    	 1.25791394710541
6565.198    	 1.24259686470032
6565.236    	 1.22689974308014
6565.273    	 1.21189379692078
6565.310    	 1.19780850410461
6565.348    	 1.18426930904388
6565.385    	 1.171466588974
6565.422    	 1.1587815284729
6565.460    	 1.14633786678314
6565.497    	 1.13440215587616
6565.534    	 1.12335753440857
6565.572    	 1.11294889450073
6565.609    	 1.10369992256165
6565.646    	 1.09471845626831
6565.683    	 1.08626127243042
6565.721    	 1.07767879962921
6565.758    	 1.06881821155548
6565.795    	 1.0599707365036
6565.833    	 1.0511531829834
6565.870    	 1.04278469085693
6565.907    	 1.03554260730743
6565.945    	 1.02842652797699
6565.982    	 1.02151703834534
6566.019    	 1.01459062099457
6566.057    	 1.00757133960724
6566.094    	 1.0008202791214
6566.131    	 .994817852973938
6566.169    	 .989255547523499
6566.206    	 .984516859054565
6566.243    	 .979731380939484
6566.280    	 .974258065223694
6566.318    	 .968444466590881
6566.355    	 .962237119674683
6566.392    	 .956198573112488
6566.430    	 .951083719730377
6566.467    	 .946817576885223
6566.504    	 .943965435028076
6566.542    	 .941972374916077
6566.579    	 .940503716468811
6566.616    	 .93925279378891
6566.654    	 .937738537788391
6566.691    	 .936141550540924
6566.728    	 .934849321842194
6566.766    	 .93381667137146
6566.803    	 .932923853397369
6566.840    	 .932141721248627
6566.878    	 .931344926357269
6566.915    	 .930629551410675
6566.952    	 .930313467979431
6566.989    	 .930382430553436
6567.027    	 .930347084999084
6567.064    	 .930177807807922
6567.101    	 .929929792881012
6567.139    	 .929545104503632
6567.176    	 .92894846200943
6567.213    	 .928005814552307
6567.251    	 .926732838153839
6567.288    	 .924972057342529
6567.325    	 .923386752605438
6567.363    	 .92209929227829
6567.400    	 .920798659324646
6567.437    	 .919480919837952
6567.475    	 .918288767337799
6567.512    	 .917364656925201
6567.549    	 .916669547557831
6567.587    	 .916503727436066
6567.624    	 .916658580303192
6567.661    	 .917611241340637
6567.698    	 .91854327917099
6567.736    	 .919393956661224
6567.773    	 .919799268245697
6567.810    	 .919066667556763
6567.848    	 .918227136135101
6567.885    	 .91741818189621
6567.922    	 .917159497737885
6567.960    	 .918371796607971
6567.997    	 .91991251707077
6568.034    	 .921532571315765
6568.072    	 .922779440879822
6568.109    	 .922910749912262
6568.146    	 .922622919082642
6568.184    	 .922138154506683
6568.221    	 .921689987182617
6568.258    	 .921574890613556
6568.295    	 .921222805976868
6568.333    	 .919676542282104
6568.370    	 .917283177375793
6568.407    	 .914113879203796
6568.445    	 .910435497760773
6568.482    	 .906561434268951
6568.519    	 .90256255865097
6568.557    	 .898577988147736
6568.594    	 .894691467285156
6568.631    	 .891130983829498
6568.669    	 .888036012649536
6568.706    	 .885710835456848
6568.743    	 .884276747703552
6568.781    	 .883592247962952
6568.818    	 .883921682834625
6568.855    	 .885356962680817
6568.893    	 .888232111930847
6568.930    	 .891990780830383
6568.967    	 .896853268146515
6569.004    	 .90162980556488
6569.042    	 .90622478723526
6569.079    	 .910413682460785
6569.116    	 .913927435874939
6569.154    	 .917055249214172
6569.191    	 .919503748416901
6569.228    	 .921721518039703
6569.266    	 .923515319824219
6569.303    	 .925450146198273
6569.340    	 .927671432495117
6569.378    	 .929681539535522
6569.415    	 .931208491325378
6569.452    	 .932401061058044
6569.490    	 .932763576507568
6569.527    	 .933161318302155
6569.564    	 .933668792247772
6569.602    	 .934381484985352
6569.639    	 .93560791015625
6569.676    	 .937352538108826
6569.713    	 .940328121185303
6569.751    	 .94354635477066
6569.788    	 .946941375732422
6569.825    	 .949883878231049
6569.863    	 .951490342617035
6569.900    	 .952230632305145
6569.937    	 .951455593109131
6569.975    	 .95054566860199
6570.012    	 .950563609600067
6570.049    	 .951215028762817
6570.087    	 .952762126922607
6570.124    	 .954188644886017
6570.161    	 .954083740711212
6570.199    	 .953150749206543
6570.236    	 .951952040195465
6570.273    	 .950821757316589
6570.311    	 .950409233570099
6570.348    	 .950503349304199
6570.385    	 .950785398483276
6570.422    	 .951172053813934
6570.460    	 .951454222202301
6570.497    	 .951471388339996
6570.534    	 .950787305831909
6570.572    	 .949511408805847
6570.609    	 .948355913162231
6570.646    	 .94752162694931
6570.684    	 .947583019733429
6570.721    	 .948629915714264
6570.758    	 .949724137783051
6570.796    	 .950887203216553
6570.833    	 .952112913131714
6570.870    	 .953468859195709
6570.908    	 .955109298229218
6570.945    	 .957188189029694
6570.982    	 .959424734115601
6571.019    	 .961888492107391
6571.057    	 .96411806344986
6571.094    	 .965854942798615
6571.131    	 .966680407524109
6571.169    	 .965743899345398
6571.206    	 .965089499950409
6571.243    	 .965052723884583
6571.281    	 .965702950954437
6571.318    	 .967979848384857
6571.355    	 .969897329807281
6571.393    	 .97091805934906
6571.430    	 .971272170543671
6571.467    	 .969984650611877
6571.505    	 .968402206897736
6571.542    	 .966330885887146
6571.579    	 .963532567024231
6571.617    	 .95895516872406
6571.654    	 .953105509281158
6571.691    	 .944568455219269
6571.728    	 .93467515707016
6571.766    	 .922550559043884
6571.803    	 .910090625286102
6571.840    	 .898291766643524
6571.878    	 .887822806835175
6571.915    	 .880620241165161
6571.952    	 .875623524188995
6571.990    	 .873637437820435
6572.027    	 .873405933380127
6572.064    	 .874615967273712
6572.102    	 .876552104949951
6572.139    	 .878541767597198
6572.176    	 .880796492099762
6572.214    	 .88383287191391
6572.251    	 .88804966211319
6572.288    	 .894646227359772
6572.326    	 .903428435325623
6572.363    	 .914011001586914
6572.400    	 .925835847854614
6572.437    	 .936944007873535
6572.475    	 .947167456150055
6572.512    	 .956357419490814
6572.549    	 .964312076568604
6572.587    	 .971275806427002
6572.624    	 .97682648897171
6572.661    	 .980738937854767
6572.699    	 .982554852962494
6572.736    	 .983596861362457
6572.773    	 .983619272708893
6572.811    	 .983605623245239
6572.848    	 .983611047267914
6572.885    	 .984103858470917
6572.923    	 .98542183637619
6572.960    	 .987191140651703
6572.997    	 .989705860614777
6573.034    	 .991807222366333
6573.072    	 .993085563182831
6573.109    	 .993790805339813
6573.146    	 .993289887905121
6573.184    	 .992557227611542
6573.221    	 .991291165351868
6573.258    	 .990113258361816
6573.296    	 .989154279232025
6573.333    	 .988174617290497
6573.370    	 .987137258052826
6573.408    	 .986084580421448
6573.445    	 .984999775886536
6573.482    	 .984034061431885
6573.520    	 .983388006687164
6573.557    	 .982581555843353
6573.594    	 .981229484081268
6573.632    	 .980281174182892
6573.669    	 .980708360671997
6573.706    	 .982356190681458
6573.743    	 .986522257328033
6573.781    	 .991252779960632
6573.818    	 .995551466941834
6573.855    	 .998958587646484
6573.893    	 1.00017082691193
6573.930    	 1.00046443939209
6573.967    	 1.00060820579529
6574.005    	 1.00090932846069
6574.042    	 1.00191879272461
6574.079    	 1.00317180156708
6574.117    	 1.00401735305786
6574.154    	 1.0042222738266
6574.191    	 1.00307416915894
6574.229    	 1.00075280666351
6574.266    	 .997451961040497
6574.303    	 .993382215499878
6574.341    	 .989147067070007
6574.378    	 .984156727790833
6574.415    	 .976742744445801
6574.452    	 .966373801231384
6574.490    	 .952885031700134
6574.527    	 .936142027378082
6574.564    	 .918867766857147
6574.602    	 .901478230953217
6574.639    	 .886393427848816
6574.676    	 .874648690223694
6574.714    	 .865795314311981
6574.751    	 .861062169075012
6574.788    	 .857916176319122
6574.826    	 .857284665107727
6574.863    	 .858006298542023
6574.900    	 .861091792583466
6574.938    	 .865836560726166
6574.975    	 .873570203781128
6575.012    	 .882144033908844
6575.049    	 .892347991466522
6575.087    	 .902771532535553
6575.124    	 .913669586181641
6575.161    	 .924935579299927
6575.199    	 .937054455280304
6575.236    	 .949295997619629
6575.273    	 .961845457553864
6575.311    	 .973502695560455
6575.348    	 .982902586460114
6575.385    	 .99103569984436
6575.423    	 .996205508708954
6575.460    	 1.0004301071167
6575.497    	 1.00288736820221
6575.535    	 1.0044264793396
6575.572    	 1.0041481256485
6575.609    	 1.00308990478516
6575.647    	 1.00079369544983
6575.684    	 .99907112121582
6575.721    	 .999727010726929
6575.758    	 1.00161838531494
6575.796    	 1.00515997409821
6575.833    	 1.00888764858246
6575.870    	 1.01157164573669
6575.908    	 1.01369333267212
6575.945    	 1.01532888412476
6575.982    	 1.01664137840271
6576.020    	 1.01761913299561
6576.057    	 1.01807725429535
6576.094    	 1.01740801334381
6576.132    	 1.0160197019577
6576.169    	 1.01437544822693
6576.206    	 1.01272702217102
6576.244    	 1.01163303852081
6576.281    	 1.01107859611511
6576.318    	 1.01104891300201
6576.356    	 1.01146137714386
6576.393    	 1.0119765996933
6576.430    	 1.01255285739899
6576.467    	 1.01301336288452
6576.505    	 1.0133843421936
6576.542    	 1.01385271549225
6576.579    	 1.01442801952362
6576.617    	 1.01502215862274
6576.654    	 1.01555669307709
6576.691    	 1.01567733287811
6576.729    	 1.0152268409729
6576.766    	 1.01453053951263
6576.803    	 1.01357161998749
6576.841    	 1.01312863826752
6576.878    	 1.01347267627716
6576.915    	 1.01382064819336
6576.953    	 1.01419067382813
6576.990    	 1.01470291614532
6577.027    	 1.01547956466675
6577.064    	 1.01632475852966
6577.102    	 1.01728630065918
6577.139    	 1.01783061027527
6577.176    	 1.01747000217438
6577.214    	 1.01718282699585
6577.251    	 1.01707029342651
6577.288    	 1.01740956306458
6577.326    	 1.01887667179108
6577.363    	 1.02053964138031
6577.400    	 1.02263951301575
6577.438    	 1.02429640293121
6577.475    	 1.02474427223206
6577.512    	 1.02498281002045
6577.550    	 1.02498972415924
6577.587    	 1.02493226528168
6577.624    	 1.02479076385498
6577.662    	 1.02438867092133
6577.699    	 1.02331793308258
6577.736    	 1.02202773094177
6577.773    	 1.02056050300598
6577.811    	 1.0191570520401
6577.848    	 1.01807820796967
6577.885    	 1.01728522777557
6577.923    	 1.01701307296753
6577.960    	 1.01732242107391
6577.997    	 1.01877725124359
6578.035    	 1.02094352245331
6578.072    	 1.02374029159546
6578.109    	 1.02649760246277
6578.147    	 1.02810835838318
6578.184    	 1.02882206439972
6578.221    	 1.02871656417847
6578.259    	 1.02819359302521
6578.296    	 1.02802646160126
6578.333    	 1.02821564674377
6578.371    	 1.02878558635712
6578.408    	 1.02949404716492
6578.445    	 1.02959799766541
6578.482    	 1.02908086776733
6578.520    	 1.02816271781921
6578.557    	 1.02686524391174
6578.594    	 1.02557075023651
6578.632    	 1.02439737319946
6578.669    	 1.0237637758255
6578.706    	 1.02377545833588
6578.744    	 1.02393937110901
6578.781    	 1.0241711139679
6578.818    	 1.02373540401459
6578.856    	 1.02238237857819
6578.893    	 1.02096235752106
6578.930    	 1.01950883865356
6578.968    	 1.0185250043869
6579.005    	 1.01830852031708
6579.042    	 1.01817226409912
6579.079    	 1.01820909976959
6579.117    	 1.01859676837921
6579.154    	 1.01968514919281
6579.191    	 1.02122712135315
6579.229    	 1.02371263504028
6579.266    	 1.02606427669525
6579.303    	 1.02811121940613
6579.341    	 1.02972602844238
6579.378    	 1.03027129173279
6579.415    	 1.03038513660431
6579.453    	 1.02942097187042
6579.490    	 1.02838182449341
6579.527    	 1.02725851535797
6579.565    	 1.02671217918396
6579.602    	 1.02768087387085
6579.639    	 1.02867770195007
6579.677    	 1.02927887439728
6579.714    	 1.02942550182343
6579.751    	 1.02851665019989
6579.788    	 1.02764821052551
6579.826    	 1.02747941017151
6579.863    	 1.02741098403931
6579.900    	 1.02713584899902
6579.938    	 1.02649855613708
6579.975    	 1.02499485015869
6580.012    	 1.02342486381531
6580.050    	 1.02254676818848
6580.087    	 1.02240836620331
6580.124    	 1.02367460727692
6580.162    	 1.02532017230988
6580.199    	 1.02615070343018
6580.236    	 1.02584803104401
6580.274    	 1.02324223518372
6580.311    	 1.0191535949707
6580.348    	 1.01454865932465
6580.386    	 1.009561419487
6580.423    	 1.00439774990082
6580.460    	 .999187231063843
6580.497    	 .994261801242828
6580.535    	 .989857912063599
6580.572    	 .986584842205048
6580.609    	 .984617054462433
6580.647    	 .983965516090393
6580.684    	 .984619081020355
6580.721    	 .985520660877228
6580.759    	 .986639440059662
6580.796    	 .987576723098755
6580.833    	 .988280713558197
6580.871    	 .988846361637115
6580.908    	 .989292919635773
6580.945    	 .990017592906952
6580.983    	 .991164982318878
6581.020    	 .992610454559326
6581.057    	 .994557559490204
6581.094    	 .996961355209351
6581.132    	 1.0001927614212
6581.169    	 1.0042622089386
6581.206    	 1.00975251197815
6581.244    	 1.0149884223938
6581.281    	 1.01967644691467
6581.318    	 1.02335214614868
6581.356    	 1.02495837211609
6581.393    	 1.02636659145355
6581.430    	 1.02734100818634
6581.468    	 1.02873134613037
6581.505    	 1.031125664711
6581.542    	 1.03345227241516
6581.580    	 1.03561043739319
6581.617    	 1.03716731071472
6581.654    	 1.03721034526825
6581.692    	 1.0369461774826
6581.729    	 1.03612923622131
6581.766    	 1.03545045852661
6581.803    	 1.03527760505676
6581.841    	 1.0354026556015
6581.878    	 1.03613519668579
6581.915    	 1.03678464889526
6581.953    	 1.03691101074219
6581.990    	 1.03640675544739
6582.027    	 1.03447723388672
6582.065    	 1.0322151184082
6582.102    	 1.03009617328644
6582.139    	 1.02823865413666
6582.177    	 1.02700889110565
6582.214    	 1.02594304084778
6582.251    	 1.0246809720993
6582.289    	 1.02350234985352
6582.326    	 1.02282989025116
6582.363    	 1.022794008255
6582.401    	 1.02400839328766
6582.438    	 1.02573084831238
6582.475    	 1.02694630622864
6582.512    	 1.02769374847412
6582.550    	 1.02787601947784
6582.587    	 1.0277247428894
6582.624    	 1.02770459651947
6582.662    	 1.02777636051178
6582.699    	 1.02783715724945
6582.736    	 1.02786481380463
6582.774    	 1.02779853343964
6582.811    	 1.02750301361084
6582.848    	 1.02661502361298
6582.886    	 1.0251168012619
6582.923    	 1.02342653274536
6582.960    	 1.021564245224
6582.998    	 1.01982867717743
6583.035    	 1.01811921596527
6583.072    	 1.015833735466
6583.110    	 1.01278066635132
6583.147    	 1.00941133499146
6583.184    	 1.00571382045746
6583.221    	 1.00258016586304
6583.259    	 1.00041246414185
6583.296    	 .999255478382111
6583.333    	 .999699473381042
6583.371    	 1.00025129318237
6583.408    	 1.00094890594482
6583.445    	 1.00128090381622
6583.483    	 1.00095438957214
6583.520    	 1.00083816051483
6583.557    	 1.0011590719223
6583.595    	 1.00181365013123
6583.632    	 1.00319850444794
6583.669    	 1.00489926338196
6583.707    	 1.00734400749207
6583.744    	 1.00989019870758
6583.781    	 1.01268947124481
6583.818    	 1.01553630828857
6583.856    	 1.01849508285522
6583.893    	 1.02141213417053
6583.930    	 1.0242086648941
6583.968    	 1.02679538726807
6584.005    	 1.02886283397675
6584.042    	 1.0306750535965
6584.080    	 1.0319801568985
6584.117    	 1.03296625614166
6584.154    	 1.0333137512207
6584.192    	 1.03352522850037
6584.229    	 1.03371787071228
6584.266    	 1.0339560508728
6584.304    	 1.03433454036713
6584.341    	 1.03475534915924
6584.378    	 1.0351814031601
6584.416    	 1.03576755523682
6584.453    	 1.03681778907776
6584.490    	 1.03795123100281
6584.527    	 1.03879797458649
6584.565    	 1.03931260108948
6584.602    	 1.03918850421906
6584.639    	 1.03890836238861
6584.677    	 1.03912746906281
6584.714    	 1.03954339027405
6584.751    	 1.03970944881439
6584.789    	 1.03937900066376
6584.826    	 1.03787922859192
6584.863    	 1.0356457233429
6584.901    	 1.0335865020752
6584.938    	 1.03194320201874
6584.975    	 1.03135657310486
6585.013    	 1.03164851665497
6585.050    	 1.03204488754272
6585.087    	 1.03247344493866
6585.125    	 1.03266131877899
6585.162    	 1.03259670734406
6585.199    	 1.03244030475616
6585.236    	 1.03207659721375
6585.274    	 1.03120577335358
6585.311    	 1.02972722053528
6585.348    	 1.02808248996735
6585.386    	 1.02616369724274
6585.423    	 1.0238698720932
6585.460    	 1.0211421251297
6585.498    	 1.01879131793976
6585.535    	 1.01714289188385
6585.572    	 1.01656568050385
6585.610    	 1.01763510704041
6585.647    	 1.01858401298523
6585.684    	 1.01929223537445
6585.722    	 1.01964366436005
6585.759    	 1.01937639713287
6585.796    	 1.01944243907928
6585.833    	 1.02016377449036
6585.871    	 1.02092885971069
6585.908    	 1.02178084850311
6585.945    	 1.02243947982788
6585.983    	 1.02265536785126
6586.020    	 1.02233994007111
6586.057    	 1.02070963382721
6586.095    	 1.01770031452179
6586.132    	 1.01123440265656
6586.169    	 1.00427186489105
6586.207    	 .996343910694122
6586.244    	 .989395976066589
6586.281    	 .985147595405579
6586.319    	 .981324434280396
6586.356    	 .977879762649536
6586.393    	 .974205791950226
6586.431    	 .969777047634125
6586.468    	 .965447306632996
6586.505    	 .961753666400909
6586.542    	 .958985984325409
6586.580    	 .958392739295959
6586.617    	 .958556354045868
6586.654    	 .959249913692474
6586.692    	 .960329055786133
6586.729    	 .962053716182709
6586.766    	 .964708566665649
6586.804    	 .969439387321472
6586.841    	 .975332796573639
6586.878    	 .982236742973328
6586.916    	 .989704191684723
6586.953    	 .997512400150299
6586.990    	 1.00555145740509
6587.028    	 1.0137825012207
6587.065    	 1.02172565460205
6587.102    	 1.02836942672729
6587.140    	 1.03359198570251
6587.177    	 1.0366952419281
6587.214    	 1.0380619764328
6587.251    	 1.03835296630859
6587.289    	 1.03790509700775
6587.326    	 1.03766560554504
6587.363    	 1.03767383098602
6587.401    	 1.03798711299896
6587.438    	 1.03863441944122
6587.475    	 1.03954756259918
6587.513    	 1.04078054428101
6587.550    	 1.04229557514191
6587.587    	 1.04403078556061
6587.625    	 1.04544186592102
6587.662    	 1.0463684797287
6587.699    	 1.04670524597168
6587.737    	 1.04628646373749
6587.774    	 1.04564738273621
6587.811    	 1.0446709394455
6587.848    	 1.04340732097626
6587.886    	 1.04178392887115
6587.923    	 1.04044616222382
6587.960    	 1.03955698013306
6587.998    	 1.03877508640289
6588.035    	 1.03818762302399
6588.072    	 1.03776240348816
6588.110    	 1.03763806819916
6588.147    	 1.03767549991608
6588.184    	 1.03798675537109
6588.222    	 1.0378190279007
6588.259    	 1.03665494918823
6588.296    	 1.03512442111969
6588.334    	 1.032790184021
6588.371    	 1.03081166744232
6588.408    	 1.02967977523804
6588.446    	 1.02909243106842
6588.483    	 1.02986073493958
6588.520    	 1.03024971485138
6588.557    	 1.02962827682495
6588.595    	 1.02852189540863
6588.632    	 1.02629947662354
6588.669    	 1.02440071105957
6588.707    	 1.02357757091522
6588.744    	 1.0234192609787
6588.781    	 1.02468407154083
6588.819    	 1.02633583545685
6588.856    	 1.02844405174255
6588.893    	 1.03064453601837
6588.931    	 1.03286039829254
6588.968    	 1.03504991531372
6589.005    	 1.03715705871582
6589.043    	 1.03898108005524
6589.080    	 1.04006683826447
6589.117    	 1.04093718528748
6589.155    	 1.04185009002686
6589.192    	 1.04274570941925
6589.229    	 1.04354584217072
6589.266    	 1.04423427581787
6589.304    	 1.04470074176788
6589.341    	 1.04504776000977
6589.378    	 1.04533469676971
6589.416    	 1.04545652866364
6589.453    	 1.04514849185944
6589.490    	 1.04463517665863
6589.528    	 1.044229388237
6589.565    	 1.04408633708954
6589.602    	 1.04461109638214
6589.640    	 1.04541683197021
6589.677    	 1.04564642906189
6589.714    	 1.0453497171402
6589.752    	 1.04466378688812
6589.789    	 1.04368460178375
6589.826    	 1.04276275634766
6589.863    	 1.04197442531586
6589.901    	 1.04152071475983
6589.938    	 1.04144334793091
6589.975    	 1.04163503646851
6590.013    	 1.04206240177155
6590.050    	 1.04233384132385
6590.087    	 1.04253458976746
6590.125    	 1.0431991815567
6590.162    	 1.04442632198334
6590.199    	 1.04575133323669
6590.237    	 1.04707717895508
6590.274    	 1.0477329492569
6590.311    	 1.0474761724472
6590.349    	 1.04719614982605
6590.386    	 1.04682660102844
6590.423    	 1.0460809469223
6590.461    	 1.04469013214111
6590.498    	 1.04286861419678
6590.535    	 1.0403641462326
6590.572    	 1.03824615478516
6590.610    	 1.03685534000397
6590.647    	 1.0357985496521
6590.684    	 1.0354061126709
6590.722    	 1.0352658033371
6590.759    	 1.03565537929535
6590.796    	 1.0361453294754
6590.834    	 1.03686130046844
6590.871    	 1.0376603603363
6590.908    	 1.03866040706635
6590.946    	 1.03966438770294
6590.983    	 1.04067897796631
6591.020    	 1.04159343242645
6591.058    	 1.0422545671463
6591.095    	 1.04277861118317
6591.132    	 1.04298484325409
6591.170    	 1.04318416118622
6591.207    	 1.04343450069427
6591.244    	 1.04353630542755
6591.281    	 1.04323160648346
6591.319    	 1.04266452789307
6591.356    	 1.04155933856964
6591.393    	 1.04080295562744
6591.431    	 1.04126858711243
6591.468    	 1.0423686504364
6591.505    	 1.04446721076965
6591.543    	 1.04639708995819
6591.580    	 1.04711222648621
6591.617    	 1.04702508449554
6591.655    	 1.045689702034
6591.692    	 1.04396569728851
6591.729    	 1.0423641204834
6591.767    	 1.04122376441956
6591.804    	 1.04132473468781
6591.841    	 1.0418484210968
6591.878    	 1.0420161485672
6591.916    	 1.0419203042984
6591.953    	 1.04153370857239
6591.990    	 1.0411833524704
6592.028    	 1.04144966602325
6592.065    	 1.04208767414093
6592.102    	 1.04276657104492
6592.140    	 1.04333734512329
6592.177    	 1.04344713687897
6592.214    	 1.04307496547699
6592.252    	 1.04212546348572
6592.289    	 1.04095411300659
6592.326    	 1.0405707359314
6592.364    	 1.04098474979401
6592.401    	 1.04199230670929
6592.438    	 1.04339051246643
6592.476    	 1.04425430297852
6592.513    	 1.04445278644562
6592.550    	 1.04398858547211
6592.587    	 1.04275095462799
6592.625    	 1.041090965271
6592.662    	 1.03903007507324
6592.699    	 1.03727579116821
6592.737    	 1.03599345684052
6592.774    	 1.03526675701141
6592.811    	 1.0352611541748
6592.849    	 1.0353410243988
6592.886    	 1.03553736209869
6592.923    	 1.03573310375214
6592.961    	 1.03592169284821
6592.998    	 1.03606629371643
6593.035    	 1.0361350774765
6593.073    	 1.03615045547485
6593.110    	 1.03603851795197
6593.147    	 1.03558838367462
6593.185    	 1.03449356555939
6593.222    	 1.03297734260559
6593.259    	 1.03069519996643
6593.296    	 1.02903735637665
6593.334    	 1.02871084213257
6593.371    	 1.02947640419006
6593.408    	 1.03264880180359
6593.446    	 1.03593790531158
6593.483    	 1.03950321674347
6593.520    	 1.04199743270874
6593.558    	 1.04183268547058
6593.595    	 1.04111802577972
6593.632    	 1.03908383846283
6593.670    	 1.0373420715332
6593.707    	 1.03647375106812
6593.744    	 1.03568887710571
6593.782    	 1.03496432304382
6593.819    	 1.03397214412689
6593.856    	 1.03226435184479
6593.893    	 1.03045129776001
6593.931    	 1.02861046791077
6593.968    	 1.02696180343628
6594.005    	 1.02584266662598
6594.043    	 1.02473390102386
6594.080    	 1.02336251735687
6594.117    	 1.02206885814667
6594.155    	 1.02116465568542
6594.192    	 1.02075672149658
6594.229    	 1.02145183086395
6594.267    	 1.02243340015411
6594.304    	 1.0232458114624
6594.341    	 1.02359461784363
6594.379    	 1.02275454998016
6594.416    	 1.02134072780609
6594.453    	 1.01961350440979
6594.491    	 1.01835119724274
6594.528    	 1.01894187927246
6594.565    	 1.02083933353424
6594.602    	 1.02402782440186
6594.640    	 1.02782738208771
6594.677    	 1.03138482570648
6594.714    	 1.03453075885773
6594.752    	 1.03677725791931
6594.789    	 1.03819477558136
6594.826    	 1.03872168064117
6594.864    	 1.03875696659088
6594.901    	 1.03921556472778
6594.938    	 1.04001343250275
6594.976    	 1.04090332984924
6595.013    	 1.04177284240723
6595.050    	 1.04228520393372
6595.088    	 1.04262363910675
6595.125    	 1.04349601268768
6595.162    	 1.04471015930176
6595.200    	 1.04528641700745
6595.237    	 1.04502296447754
6595.274    	 1.04387378692627
6595.311    	 1.0419590473175
6595.349    	 1.04087960720062
6595.386    	 1.04086744785309
6595.423    	 1.04139971733093
6595.461    	 1.04251682758331
6595.498    	 1.04320311546326
6595.535    	 1.04332065582275
6595.573    	 1.04341042041779
6595.610    	 1.04354190826416
6595.647    	 1.0441746711731
6595.685    	 1.04548931121826
6595.722    	 1.04633831977844
6595.759    	 1.04636597633362
6595.797    	 1.04576444625854
6595.834    	 1.04413568973541
6595.871    	 1.04290449619293
6595.909    	 1.04240465164185
6595.946    	 1.04201519489288
6595.983    	 1.04183578491211
6596.020    	 1.04160249233246
6596.058    	 1.04125881195068
6596.095    	 1.04093396663666
6596.132    	 1.04064333438873
6596.170    	 1.03995704650879
6596.207    	 1.0383368730545
6596.244    	 1.03661584854126
6596.282    	 1.03464365005493
6596.319    	 1.03298091888428
6596.356    	 1.03209924697876
6596.394    	 1.03158223628998
6596.431    	 1.03192114830017
6596.468    	 1.03254079818726
6596.506    	 1.0337415933609
6596.543    	 1.03476881980896
6596.580    	 1.03520238399506
6596.617    	 1.03516674041748
6596.655    	 1.0340873003006
6596.692    	 1.03259932994843
6596.729    	 1.03045272827148
6596.767    	 1.02846324443817
6596.804    	 1.02723789215088
6596.841    	 1.02674508094788
6596.879    	 1.02780640125275
6596.916    	 1.02955329418182
6596.953    	 1.03210401535034
6596.991    	 1.03468728065491
6597.028    	 1.03669142723083
6597.065    	 1.03834533691406
6597.103    	 1.03953814506531
6597.140    	 1.04043090343475
6597.177    	 1.04093956947327
6597.215    	 1.04108488559723
6597.252    	 1.04060697555542
6597.289    	 1.03981530666351
6597.326    	 1.03892338275909
6597.364    	 1.0381715297699
6597.401    	 1.03802061080933
6597.438    	 1.03819310665131
6597.476    	 1.03836131095886
6597.513    	 1.03830087184906
6597.550    	 1.03748655319214
6597.588    	 1.03621399402618
6597.625    	 1.03501522541046
6597.662    	 1.03414285182953
6597.700    	 1.03424382209778
6597.737    	 1.03500771522522
6597.774    	 1.0355566740036
6597.812    	 1.03591990470886
6597.849    	 1.03622877597809
6597.886    	 1.03649258613586
6597.924    	 1.03676187992096
6597.961    	 1.03693401813507
6597.998    	 1.0366872549057
6598.035    	 1.03614664077759
6598.073    	 1.03610861301422
6598.110    	 1.03666043281555
6598.147    	 1.03749668598175
6598.185    	 1.03857898712158
6598.222    	 1.03931570053101
6598.259    	 1.03961300849915
6598.297    	 1.03977179527283
6598.334    	 1.03971707820892
6598.371    	 1.03945708274841
6598.409    	 1.038902759552
6598.446    	 1.03825116157532
6598.483    	 1.0374903678894
6598.521    	 1.03693091869354
6598.558    	 1.03667712211609
6598.595    	 1.03640139102936
6598.632    	 1.03603208065033
6598.670    	 1.03518676757813
6598.707    	 1.03350925445557
6598.744    	 1.03176534175873
6598.782    	 1.02991890907288
6598.819    	 1.02831196784973
6598.856    	 1.02713143825531
6598.894    	 1.02527832984924
6598.931    	 1.02199327945709
6598.968    	 1.01801550388336
6599.006    	 1.01251208782196
6599.043    	 1.00767588615417
6599.080    	 1.00441384315491
6599.118    	 1.00214231014252
6599.155    	 1.00232708454132
6599.192    	 1.00274050235748
6599.230    	 1.00368571281433
6599.267    	 1.00403761863708
6599.304    	 1.00284123420715
6599.341    	 1.00130653381348
6599.379    	 .999141156673431
6599.416    	 .997223734855652
6599.453    	 .996092915534973
6599.491    	 .995758175849915
6599.528    	 .997275829315186
6599.565    	 .999269366264343
6599.603    	 1.00181293487549
6599.640    	 1.00459790229797
6599.677    	 1.00777411460876
6599.715    	 1.01123106479645
6599.752    	 1.01523566246033
6599.789    	 1.01939642429352
6599.827    	 1.02362704277039
6599.864    	 1.02749216556549
6599.901    	 1.03027105331421
6599.939    	 1.03234755992889
6599.976    	 1.03336668014526
6600.013    	 1.03412258625031
6600.050    	 1.03517127037048
6600.088    	 1.03646838665009
6600.125    	 1.03817343711853
6600.162    	 1.04000318050385
6600.200    	 1.04169201850891
6600.237    	 1.04282736778259
6600.274    	 1.04244697093964
6600.312    	 1.04117572307587
6600.349    	 1.03948438167572
6600.386    	 1.03783404827118
6600.424    	 1.03705739974976
6600.461    	 1.03673875331879
6600.498    	 1.03623616695404
6600.536    	 1.03559374809265
6600.573    	 1.03487133979797
6600.610    	 1.03425800800323
6600.647    	 1.034219622612
6600.685    	 1.03475379943848
6600.722    	 1.0358384847641
6600.759    	 1.03728938102722
6600.797    	 1.03849565982819
6600.834    	 1.03931069374084
6600.871    	 1.03940403461456
6600.909    	 1.03888320922852
6600.946    	 1.03849065303802
6600.983    	 1.03831458091736
6601.021    	 1.03853321075439
6601.058    	 1.03906893730164
6601.095    	 1.03923439979553
6601.133    	 1.03907370567322
6601.170    	 1.03925454616547
6601.207    	 1.03990077972412
6601.245    	 1.04090309143066
6601.282    	 1.04215824604034
6601.319    	 1.04246997833252
6601.356    	 1.04146552085876
6601.394    	 1.03993558883667
6601.431    	 1.03778040409088
6601.468    	 1.0362069606781
6601.506    	 1.03555798530579
6601.543    	 1.03541934490204
6601.580    	 1.03598272800446
6601.618    	 1.03592026233673
6601.655    	 1.03469562530518
6601.692    	 1.03232491016388
6601.730    	 1.02793645858765
6601.767    	 1.02324676513672
6601.804    	 1.01805889606476
6601.842    	 1.01351380348206
6601.879    	 1.01025521755219
6601.916    	 1.00754368305206
6601.954    	 1.00598216056824
6601.991    	 1.00489819049835
6602.028    	 1.00486361980438
6602.065    	 1.00507342815399
6602.103    	 1.00584900379181
6602.140    	 1.00652372837067
6602.177    	 1.00695097446442
6602.215    	 1.00760757923126
6602.252    	 1.0088369846344
6602.289    	 1.01044416427612
6602.327    	 1.0129736661911
6602.364    	 1.01554501056671
6602.401    	 1.01811468601227
6602.439    	 1.02060890197754
6602.476    	 1.02290940284729
6602.513    	 1.02521109580994
6602.551    	 1.02756607532501
6602.588    	 1.02939736843109
6602.625    	 1.02983057498932
6602.662    	 1.03007864952087
6602.700    	 1.03040409088135
6602.737    	 1.03117716312408
6602.774    	 1.03312265872955
6602.812    	 1.03502988815308
6602.849    	 1.03615212440491
6602.886    	 1.03653252124786
6602.924    	 1.0353776216507
6602.961    	 1.034024477005
6602.998    	 1.03329598903656
6603.036    	 1.0331506729126
6603.073    	 1.03412973880768
6603.110    	 1.03522729873657
6603.148    	 1.03555881977081
6603.185    	 1.0353057384491
6603.222    	 1.03416883945465
6603.260    	 1.03290855884552
6603.297    	 1.03236854076385
6603.334    	 1.03231847286224
6603.371    	 1.03278660774231
6603.409    	 1.03338801860809
6603.446    	 1.03361964225769
6603.483    	 1.03363811969757
6603.521    	 1.03359484672546
6603.558    	 1.03356993198395
6603.595    	 1.03371942043304
6603.633    	 1.03394210338593
6603.670    	 1.03405439853668
6603.707    	 1.03408432006836
6603.745    	 1.03407716751099
6603.782    	 1.03405046463013
6603.819    	 1.03404498100281
6603.857    	 1.03420865535736
6603.894    	 1.0349303483963
6603.931    	 1.0361670255661
6603.969    	 1.03767681121826
6604.006    	 1.03903043270111
6604.043    	 1.03888368606567
6604.080    	 1.0373101234436
6604.118    	 1.03541159629822
6604.155    	 1.03340566158295
6604.192    	 1.0322459936142
6604.230    	 1.03195476531982
6604.267    	 1.0317245721817
6604.304    	 1.0314576625824
6604.342    	 1.03072512149811
6604.379    	 1.02968168258667
6604.416    	 1.02967846393585
6604.454    	 1.03093194961548
6604.491    	 1.03223836421967
6604.528    	 1.03348171710968
6604.566    	 1.03402507305145
6604.603    	 1.03364419937134
6604.640    	 1.03333652019501
6604.677    	 1.03311276435852
6604.715    	 1.03276717662811
6604.752    	 1.03222596645355
6604.789    	 1.03159415721893
6604.827    	 1.03086137771606
6604.864    	 1.03044629096985
6604.901    	 1.03054618835449
6604.939    	 1.03053426742554
6604.976    	 1.0303168296814
6605.013    	 1.03000950813293
6605.051    	 1.02952802181244
6605.088    	 1.0289603471756
6605.125    	 1.02820324897766
6605.163    	 1.02714467048645
6605.200    	 1.02546036243439
6605.237    	 1.02370607852936
6605.275    	 1.0218186378479
6605.312    	 1.02061641216278
6605.349    	 1.02099311351776
6605.386    	 1.02193117141724
6605.424    	 1.02423286437988
6605.461    	 1.02628982067108
6605.498    	 1.02773869037628
6605.536    	 1.02890527248383
6605.573    	 1.02938556671143
6605.610    	 1.0297372341156
6605.648    	 1.02982866764069
6605.685    	 1.03003120422363
6605.722    	 1.03055918216705
6605.760    	 1.03116929531097
6605.797    	 1.03191995620728
6605.834    	 1.03263449668884
6605.872    	 1.03321444988251
6605.909    	 1.03349828720093
6605.946    	 1.03304660320282
6605.984    	 1.03234899044037
6606.021    	 1.03131198883057
6606.058    	 1.0304936170578
6606.095    	 1.03044140338898
6606.133    	 1.03089034557343
6606.170    	 1.0322597026825
6606.207    	 1.03400254249573
6606.245    	 1.03615760803223
6606.282    	 1.03815197944641
6606.319    	 1.03937494754791
6606.357    	 1.04000794887543
6606.394    	 1.03962445259094
6606.431    	 1.03885638713837
6606.469    	 1.03796064853668
6606.506    	 1.03725373744965
6606.543    	 1.03724193572998
6606.581    	 1.0374116897583
6606.618    	 1.03729271888733
6606.655    	 1.03668832778931
6606.692    	 1.03498423099518
6606.730    	 1.03312408924103
6606.767    	 1.03237986564636
6606.804    	 1.03240489959717
6606.842    	 1.03308403491974
6606.879    	 1.03392350673676
6606.916    	 1.0341362953186
6606.954    	 1.03388857841492
6606.991    	 1.03332042694092
6607.028    	 1.03271973133087
6607.066    	 1.032679438591
6607.103    	 1.03320360183716
6607.140    	 1.03439962863922
6607.178    	 1.03580737113953
6607.215    	 1.03629148006439
6607.252    	 1.03592300415039
6607.290    	 1.03496110439301
6607.327    	 1.03381490707397
6607.364    	 1.03373873233795
6607.401    	 1.03481960296631
6607.439    	 1.036900639534
6607.476    	 1.03952193260193
6607.513    	 1.04075562953949
6607.551    	 1.04039061069489
6607.588    	 1.03880321979523
6607.625    	 1.03613090515137
6607.663    	 1.03400266170502
6607.700    	 1.03249716758728
6607.737    	 1.03123164176941
6607.775    	 1.03042495250702
6607.812    	 1.0305243730545
6607.849    	 1.03180968761444
6607.887    	 1.03374576568604
6607.924    	 1.03622508049011
6607.961    	 1.03739905357361
6607.999    	 1.03670954704285
6608.036    	 1.03501927852631
6608.073    	 1.03207671642303
6608.110    	 1.02973651885986
6608.148    	 1.02841794490814
6608.185    	 1.02812790870667
6608.222    	 1.02941620349884
6608.260    	 1.03096461296082
6608.297    	 1.03284335136414
6608.334    	 1.03412902355194
6608.372    	 1.03442013263702
6608.409    	 1.03459751605988
6608.446    	 1.03463041782379
6608.484    	 1.03516817092896
6608.521    	 1.03658962249756
6608.558    	 1.03759217262268
6608.596    	 1.03774642944336
6608.633    	 1.03730821609497
6608.670    	 1.03569364547729
6608.708    	 1.03440535068512
6608.745    	 1.03382897377014
6608.782    	 1.03375685214996
6608.819    	 1.03480339050293
6608.857    	 1.03561389446259
6608.894    	 1.0358704328537
6608.931    	 1.03548979759216
6608.969    	 1.03353929519653
6609.006    	 1.03188478946686
6609.043    	 1.03096723556519
6609.081    	 1.03027129173279
6609.118    	 1.03009700775146
6609.155    	 1.03000092506409
6609.193    	 1.03004992008209
6609.230    	 1.03040277957916
6609.267    	 1.03151094913483
6609.305    	 1.03249871730804
6609.342    	 1.03301179409027
6609.379    	 1.03313755989075
6609.416    	 1.03238415718079
6609.454    	 1.03142833709717
6609.491    	 1.03023970127106
6609.528    	 1.02894043922424
6609.566    	 1.02744114398956
6609.603    	 1.02607500553131
6609.640    	 1.02516329288483
6609.678    	 1.02493679523468
6609.715    	 1.02632665634155
6609.752    	 1.02809619903564
6609.790    	 1.02989423274994
6609.827    	 1.0307981967926
6609.864    	 1.02918589115143
6609.902    	 1.02673411369324
6609.939    	 1.02391386032104
6609.976    	 1.02157855033875
6610.014    	 1.02095901966095
6610.051    	 1.02104067802429
6610.088    	 1.02147436141968
6610.125    	 1.02213048934937
6610.163    	 1.02306127548218
6610.200    	 1.02415013313293
6610.237    	 1.025386095047
6610.275    	 1.02670526504517
6610.312    	 1.02808618545532
6610.349    	 1.02942681312561
6610.387    	 1.0305552482605
6610.424    	 1.03119838237762
6610.461    	 1.03064548969269
6610.499    	 1.02942585945129
6610.536    	 1.02808475494385
6610.573    	 1.02698171138763
6610.611    	 1.02687656879425
6610.648    	 1.02772152423859
6610.685    	 1.02974987030029
6610.723    	 1.03223037719727
6610.760    	 1.03370761871338
6610.797    	 1.03414535522461
6610.834    	 1.03330957889557
6610.872    	 1.03157067298889
6610.909    	 1.02983045578003
6610.946    	 1.02813589572906
6610.984    	 1.02661097049713
6611.021    	 1.02549576759338
6611.058    	 1.02540898323059
6611.096    	 1.02641355991364
6611.133    	 1.02831721305847
6611.170    	 1.03072702884674
6611.208    	 1.03202092647552
6611.245    	 1.03201866149902
6611.282    	 1.03093290328979
6611.320    	 1.02887845039368
6611.357    	 1.02717137336731
6611.394    	 1.02601385116577
6611.431    	 1.02570819854736
6611.469    	 1.02628493309021
6611.506    	 1.026731133461
6611.543    	 1.02690029144287
6611.581    	 1.02645194530487
6611.618    	 1.02538096904755
6611.655    	 1.02482092380524
6611.693    	 1.02493000030518
6611.730    	 1.02524161338806
6611.767    	 1.02574145793915
6611.805    	 1.02584111690521
6611.842    	 1.02539896965027
6611.879    	 1.02495241165161
6611.917    	 1.02451801300049
6611.954    	 1.0241973400116
6611.991    	 1.02399170398712
6612.029    	 1.02343320846558
6612.066    	 1.02232134342194
6612.103    	 1.0211626291275
6612.140    	 1.01992547512054
6612.178    	 1.01867020130157
6612.215    	 1.01736640930176
6612.252    	 1.0159056186676
6612.290    	 1.01422560214996
6612.327    	 1.01312780380249
6612.364    	 1.01312553882599
6612.402    	 1.013303399086
6612.439    	 1.01380300521851
6612.476    	 1.01392698287964
6612.514    	 1.01327073574066
6612.551    	 1.01229310035706
6612.588    	 1.01065111160278
6612.626    	 1.00943291187286
6612.663    	 1.00916981697083
6612.700    	 1.00950884819031
6612.738    	 1.01124751567841
6612.775    	 1.01311087608337
6612.812    	 1.01527762413025
6612.849    	 1.01705145835876
6612.887    	 1.01784884929657
6612.924    	 1.01842045783997
6612.961    	 1.01845443248749
6612.999    	 1.01889479160309
6613.036    	 1.02040266990662
6613.073    	 1.02225470542908
6613.111    	 1.02484858036041
6613.148    	 1.02726697921753
6613.185    	 1.02910399436951
6613.223    	 1.03035926818848
6613.260    	 1.03024315834045
6613.297    	 1.02952015399933
6613.335    	 1.02760553359985
6613.372    	 1.0255538225174
6613.409    	 1.02355146408081
6613.446    	 1.02228987216949
6613.484    	 1.0229789018631
6613.521    	 1.02434599399567
6613.558    	 1.02662169933319
6613.596    	 1.02853155136108
6613.633    	 1.02896368503571
6613.670    	 1.02876889705658
6613.708    	 1.02774381637573
6613.745    	 1.02671718597412
6613.782    	 1.02624499797821
6613.820    	 1.02657330036163
6613.857    	 1.02873146533966
6613.894    	 1.03159046173096
6613.932    	 1.03492641448975
6613.969    	 1.03724730014801
6614.006    	 1.03622150421143
6614.044    	 1.03368067741394
6614.081    	 1.03006207942963
6614.118    	 1.02660274505615
6614.155    	 1.02477991580963
6614.193    	 1.02376663684845
6614.230    	 1.02324056625366
6614.267    	 1.02302026748657
6614.305    	 1.02310240268707
6614.342    	 1.02351796627045
6614.379    	 1.02453804016113
6614.417    	 1.02586090564728
6614.454    	 1.02722382545471
6614.491    	 1.02840030193329
6614.529    	 1.02892172336578
6614.566    	 1.02884256839752
6614.603    	 1.02796864509583
6614.641    	 1.02666592597961
6614.678    	 1.02544510364532
6614.715    	 1.02451717853546
6614.753    	 1.02439951896667
6614.790    	 1.02492761611938
6614.827    	 1.02589893341064
6614.864    	 1.02699184417725
6614.902    	 1.02747905254364
6614.939    	 1.0275593996048
6614.976    	 1.02770888805389
6615.014    	 1.02797746658325
6615.051    	 1.02849161624908
6615.088    	 1.02907395362854
6615.126    	 1.02920496463776
6615.163    	 1.02893829345703
6615.200    	 1.02855575084686
6615.238    	 1.02799844741821
6615.275    	 1.0271463394165
6615.312    	 1.0260763168335
6615.350    	 1.02518546581268
6615.387    	 1.02461695671082
6615.424    	 1.02468168735504
6615.461    	 1.02538013458252
6615.499    	 1.02614545822144
6615.536    	 1.02702701091766
6615.573    	 1.02811872959137
6615.611    	 1.02940464019775
6615.648    	 1.03055799007416
6615.685    	 1.03141963481903
6615.723    	 1.03161036968231
6615.760    	 1.03100657463074
6615.797    	 1.03032052516937
6615.835    	 1.0296196937561
6615.872    	 1.02934420108795
6615.909    	 1.02957510948181
6615.947    	 1.02965140342712
6615.984    	 1.02940154075623
6616.021    	 1.02846848964691
6616.059    	 1.02666401863098
6616.096    	 1.02522051334381
6616.133    	 1.02438485622406
6616.170    	 1.02413105964661
6616.208    	 1.02474176883698
6616.245    	 1.02537059783936
6616.282    	 1.0260466337204
6616.320    	 1.02685749530792
6616.357    	 1.0278434753418
6616.394    	 1.02851414680481
6616.432    	 1.02864503860474
6616.469    	 1.0286648273468
6616.506    	 1.0285050868988
6616.544    	 1.02846884727478
6616.581    	 1.02864372730255
6616.618    	 1.02869689464569
6616.656    	 1.02851176261902
6616.693    	 1.02821743488312
6616.730    	 1.02775752544403
6616.768    	 1.02797019481659
6616.805    	 1.02952110767365
6616.842    	 1.03054451942444
6616.879    	 1.03041768074036
6616.917    	 1.02952992916107
6616.954    	 1.02697908878326
6616.991    	 1.02489626407623
6617.029    	 1.02389085292816
6617.066    	 1.0232207775116
6617.103    	 1.0233508348465
6617.141    	 1.0236029624939
6617.178    	 1.02415764331818
6617.215    	 1.02487015724182
6617.253    	 1.02597510814667
6617.290    	 1.02698922157288
6617.327    	 1.02775776386261
6617.365    	 1.02845788002014
6617.402    	 1.02900683879852
6617.439    	 1.02955889701843
6617.476    	 1.0301388502121
6617.514    	 1.02997279167175
6617.551    	 1.02788913249969
6617.588    	 1.02541422843933
6617.626    	 1.02235877513885
6617.663    	 1.02002036571503
6617.700    	 1.01970636844635
6617.738    	 1.0199601650238
6617.775    	 1.02104926109314
6617.812    	 1.02183568477631
6617.850    	 1.0215083360672
6617.887    	 1.02083158493042
6617.924    	 1.01970040798187
6617.962    	 1.01884508132935
6617.999    	 1.01895260810852
6618.036    	 1.01974093914032
6618.074    	 1.02185595035553
6618.111    	 1.02443361282349
6618.148    	 1.02748036384583
6618.185    	 1.03007459640503
6618.223    	 1.03110611438751
6618.260    	 1.03109192848206
6618.297    	 1.029296875
6618.335    	 1.02742838859558
6618.372    	 1.02677011489868
6618.409    	 1.02690231800079
6618.447    	 1.02823901176453
6618.484    	 1.02961134910583
6618.521    	 1.02995562553406
6618.559    	 1.02961671352386
6618.596    	 1.02833151817322
6618.633    	 1.02652323246002
6618.671    	 1.02420938014984
6618.708    	 1.0217365026474
6618.745    	 1.01938378810883
6618.783    	 1.01760351657867
6618.820    	 1.01739609241486
6618.857    	 1.01824223995209
6618.894    	 1.02017605304718
6618.932    	 1.02247381210327
6618.969    	 1.02432310581207
6619.006    	 1.02573299407959
6619.044    	 1.02646017074585
6619.081    	 1.02686238288879
6619.118    	 1.02735865116119
6619.156    	 1.02796244621277
6619.193    	 1.02874684333801
6619.230    	 1.02936661243439
6619.268    	 1.02911007404327
6619.305    	 1.02823841571808
6619.342    	 1.02707266807556
6619.380    	 1.02613818645477
6619.417    	 1.02660751342773
6619.454    	 1.02789855003357
6619.492    	 1.02883994579315
6619.529    	 1.0291565656662
6619.566    	 1.02813327312469
6619.603    	 1.02624464035034
6619.641    	 1.02469944953918
6619.678    	 1.02361333370209
6619.715    	 1.02325654029846
6619.753    	 1.02355813980103
6619.790    	 1.02418673038483
6619.827    	 1.02506899833679
6619.865    	 1.02590429782867
6619.902    	 1.0266444683075
6619.939    	 1.02717232704163
6619.977    	 1.02750086784363
6620.014    	 1.02778136730194
6620.051    	 1.0279620885849
6620.089    	 1.02791941165924
6620.126    	 1.02767252922058
6620.163    	 1.02746069431305
6620.200    	 1.02719557285309
6620.238    	 1.02655959129333
6620.275    	 1.02541506290436
6620.312    	 1.02371454238892
6620.350    	 1.02150809764862
6620.387    	 1.01968562602997
6620.424    	 1.01837706565857
6620.462    	 1.01748251914978
6620.499    	 1.01711440086365
6620.536    	 1.0169951915741
6620.574    	 1.01728177070618
6620.611    	 1.01811194419861
6620.648    	 1.01964640617371
6620.686    	 1.02136063575745
6620.723    	 1.02314281463623
6620.760    	 1.02406907081604
6620.798    	 1.02379596233368
6620.835    	 1.02313649654388
6620.872    	 1.0219714641571
6620.909    	 1.02093327045441
6620.947    	 1.02004814147949
6620.984    	 1.01900219917297
6621.021    	 1.01778781414032
6621.059    	 1.01700305938721
6621.096    	 1.01688492298126
6621.133    	 1.01687502861023
6621.171    	 1.01698875427246
6621.208    	 1.01677072048187
6621.245    	 1.01610136032104
6621.283    	 1.01609718799591
6621.320    	 1.01726138591766
6621.357    	 1.01886522769928
6621.395    	 1.02115142345428
6621.432    	 1.02271389961243
6621.469    	 1.02288603782654
6621.507    	 1.02214658260345
6621.544    	 1.01970040798187
6621.581    	 1.0170875787735
6621.618    	 1.01421999931335
6621.656    	 1.01216959953308
6621.693    	 1.01180124282837
6621.730    	 1.01231789588928
6621.768    	 1.01462686061859
6621.805    	 1.01651954650879
6621.842    	 1.01749241352081
6621.880    	 1.01765978336334
6621.917    	 1.01607549190521
6621.954    	 1.01496386528015
6621.992    	 1.01494026184082
6622.029    	 1.01567482948303
6622.066    	 1.0181896686554
6622.104    	 1.02072751522064
6622.141    	 1.02332150936127
6622.178    	 1.02544784545898
6622.215    	 1.02641451358795
6622.253    	 1.02675771713257
6622.290    	 1.02556395530701
6622.327    	 1.02390265464783
6622.365    	 1.02114498615265
6622.402    	 1.01828157901764
6622.439    	 1.01524519920349
6622.477    	 1.01204264163971
6622.514    	 1.00843894481659
6622.551    	 1.00522935390472
6622.589    	 1.0030905008316
6622.626    	 1.00198769569397
6622.663    	 1.00333380699158
6622.701    	 1.00537800788879
6622.738    	 1.0086418390274
6622.775    	 1.01176869869232
6622.813    	 1.0141978263855
6622.850    	 1.01635551452637
6622.887    	 1.01802742481232
6622.924    	 1.01960289478302
6622.962    	 1.02110242843628
6622.999    	 1.02223587036133
6623.036    	 1.02242803573608
6623.074    	 1.02226388454437
6623.111    	 1.02157521247864
6623.148    	 1.02102065086365
6623.186    	 1.02109098434448
6623.223    	 1.02153933048248
6623.260    	 1.02266955375671
6623.298    	 1.02385306358337
6623.335    	 1.02477324008942
6623.372    	 1.02532947063446
6623.410    	 1.02505397796631
6623.447    	 1.02471375465393
6623.484    	 1.02478086948395
6623.522    	 1.02490639686584
6623.559    	 1.02488589286804
6623.596    	 1.02450752258301
6623.633    	 1.02323746681213
6623.671    	 1.02174234390259
6623.708    	 1.02038621902466
6623.745    	 1.01943409442902
6623.783    	 1.01951313018799
6623.820    	 1.01992917060852
6623.857    	 1.02029383182526
6623.895    	 1.02063584327698
6623.932    	 1.0209664106369
6623.969    	 1.02137815952301
6624.007    	 1.02204251289368
6624.044    	 1.02278089523315
6624.081    	 1.02343761920929
6624.119    	 1.0238196849823
6624.156    	 1.02347815036774
6624.193    	 1.02270138263702
6624.230    	 1.02157235145569
6624.268    	 1.02042675018311
6624.305    	 1.01973009109497
6624.342    	 1.01921927928925
6624.380    	 1.01861226558685
6624.417    	 1.01808297634125
6624.454    	 1.01794981956482
6624.492    	 1.01831114292145
6624.529    	 1.01958227157593
6624.566    	 1.02112925052643
6624.604    	 1.02196300029755
6624.641    	 1.02223169803619
6624.678    	 1.02198302745819
6624.716    	 1.0216304063797
6624.753    	 1.02194356918335
6624.790    	 1.02240669727325
6624.828    	 1.02200484275818
6624.865    	 1.02079129219055
6624.902    	 1.01870048046112
6624.939    	 1.01646995544434
6624.977    	 1.01574873924255
6625.014    	 1.01645839214325
6625.051    	 1.01853978633881
6625.089    	 1.02141678333282
6625.126    	 1.0236622095108
6625.163    	 1.02519607543945
6625.201    	 1.0258469581604
6625.238    	 1.02563035488129
6625.275    	 1.02470433712006
6625.313    	 1.02327930927277
6625.350    	 1.0220742225647
6625.387    	 1.02101945877075
6625.425    	 1.01985704898834
6625.462    	 1.01875925064087
6625.499    	 1.01825165748596
6625.537    	 1.01839125156403
6625.574    	 1.01905512809753
6625.611    	 1.02014899253845
6625.648    	 1.02108669281006
6625.686    	 1.02173352241516
6625.723    	 1.02179145812988
6625.760    	 1.02120292186737
6625.798    	 1.02026474475861
6625.835    	 1.01901137828827
6625.872    	 1.01787865161896
6625.910    	 1.01705491542816
6625.947    	 1.01703119277954
6625.984    	 1.01774263381958
6626.022    	 1.01801645755768
6626.059    	 1.01777923107147
6626.096    	 1.0173602104187
6626.134    	 1.01678037643433
6626.171    	 1.01638519763947
6626.208    	 1.01614260673523
6626.245    	 1.01562607288361
6626.283    	 1.01478898525238
6626.320    	 1.01395440101624
6626.357    	 1.01309013366699
6626.395    	 1.0120655298233
6626.432    	 1.01079225540161
6626.469    	 1.00926744937897
6626.507    	 1.00754547119141
6626.544    	 1.00647819042206
6626.581    	 1.0063464641571
6626.619    	 1.00662922859192
6626.656    	 1.00748074054718
6626.693    	 1.00838351249695
6626.731    	 1.00937712192535
6626.768    	 1.01048469543457
6626.805    	 1.01175212860107
6626.843    	 1.01300299167633
6626.880    	 1.01420629024506
6626.917    	 1.01525974273682
6626.954    	 1.0160219669342
6626.992    	 1.01634991168976
6627.029    	 1.01598107814789
6627.066    	 1.01543939113617
6627.104    	 1.01471471786499
6627.141    	 1.0146552324295
6627.178    	 1.01571583747864
6627.216    	 1.01704156398773
6627.253    	 1.01869571208954
6627.290    	 1.01940560340881
6627.328    	 1.01848542690277
6627.365    	 1.01751554012299
6627.402    	 1.01648342609406
6627.440    	 1.01568651199341
6627.477    	 1.01530277729034
6627.514    	 1.01478564739227
6627.552    	 1.01405966281891
6627.589    	 1.01376187801361
6627.626    	 1.01429224014282
6627.663    	 1.01493740081787
6627.701    	 1.01576375961304
6627.738    	 1.01599633693695
6627.775    	 1.01503896713257
6627.813    	 1.01416742801666
6627.850    	 1.01348233222961
6627.887    	 1.01295387744904
6627.925    	 1.01275157928467
6627.962    	 1.01242387294769
6627.999    	 1.01181495189667
6628.037    	 1.01099979877472
6628.074    	 1.00972044467926
6628.111    	 1.00834703445435
6628.149    	 1.00676286220551
6628.186    	 1.00545704364777
6628.223    	 1.00481259822845
6628.260    	 1.00480020046234
6628.298    	 1.00631618499756
6628.335    	 1.00802791118622
6628.372    	 1.01022517681122
6628.410    	 1.01192307472229
6628.447    	 1.01237845420837
6628.484    	 1.01229166984558
6628.522    	 1.01088809967041
6628.559    	 1.00917994976044
6628.596    	 1.00678241252899
6628.634    	 1.00457620620728
6628.671    	 1.00290966033936
6628.708    	 1.00181233882904
6628.746    	 1.00209438800812
6628.783    	 1.00300681591034
6628.820    	 1.00532710552216
6628.858    	 1.00750279426575
6628.895    	 1.0090696811676
6628.932    	 1.01032853126526
6628.969    	 1.01091873645782
6629.007    	 1.0117095708847
6629.044    	 1.01317191123962
6629.081    	 1.01476585865021
6629.119    	 1.01652634143829
6629.156    	 1.01781785488129
6629.193    	 1.01784014701843
6629.231    	 1.01700162887573
6629.268    	 1.0143221616745
6629.305    	 1.01164960861206
6629.343    	 1.00965166091919
6629.380    	 1.00831377506256
6629.417    	 1.00845849514008
6629.455    	 1.0089944601059
6629.492    	 1.00994253158569
6629.529    	 1.0108494758606
6629.567    	 1.01145768165588
6629.604    	 1.01180708408356
6629.641    	 1.01160895824432
6629.678    	 1.01133692264557
6629.716    	 1.011155128479
6629.753    	 1.01103806495667
6629.790    	 1.01104593276978
6629.828    	 1.01114225387573
6629.865    	 1.01140522956848
6629.902    	 1.01195192337036
6629.940    	 1.0131710767746
6629.977    	 1.01445472240448
6630.014    	 1.01545882225037
6630.052    	 1.01608264446259
6630.089    	 1.01585114002228
6630.126    	 1.0153294801712
6630.164    	 1.0146484375
6630.201    	 1.01399183273315
6630.238    	 1.01353204250336
6630.275    	 1.013228058815
6630.313    	 1.01319885253906
6630.350    	 1.01348662376404
6630.387    	 1.01443350315094
6630.425    	 1.01558566093445
6630.462    	 1.01671051979065
6630.499    	 1.01753354072571
6630.537    	 1.01751184463501
6630.574    	 1.01734638214111
6630.611    	 1.01763021945953
6630.649    	 1.01797747612
6630.686    	 1.01802814006805
6630.723    	 1.01756513118744
6630.761    	 1.01592254638672
6630.798    	 1.01373291015625
6630.835    	 1.0113046169281
6630.873    	 1.00916087627411
6630.910    	 1.00815880298615
6630.947    	 1.00813782215118
6630.984    	 1.00961029529572
6631.022    	 1.0116378068924
6631.059    	 1.01336050033569
6631.096    	 1.01472437381744
6631.134    	 1.01541495323181
6631.171    	 1.01577258110046
6631.208    	 1.01607716083527
6631.246    	 1.01644158363342
6631.283    	 1.01707077026367
6631.320    	 1.01773631572723
6631.358    	 1.01810252666473
6631.395    	 1.01802361011505
6631.432    	 1.01702809333801
6631.470    	 1.01564788818359
6631.507    	 1.01458895206451
6631.544    	 1.01384878158569
6631.582    	 1.01356780529022
6631.619    	 1.01350331306458
6631.656    	 1.01330554485321
6631.693    	 1.0128835439682
6631.731    	 1.01198196411133
6631.768    	 1.01086401939392
6631.805    	 1.00996947288513
6631.843    	 1.00927221775055
6631.880    	 1.0087765455246
6631.917    	 1.00858771800995
6631.955    	 1.00900256633759
6631.992    	 1.00998508930206
6632.029    	 1.01157283782959
6632.067    	 1.01327729225159
6632.104    	 1.01401937007904
6632.141    	 1.0137734413147
6632.179    	 1.0123702287674
6632.216    	 1.01019954681396
6632.253    	 1.00815272331238
6632.291    	 1.00649178028107
6632.328    	 1.00587511062622
6632.365    	 1.00610184669495
6632.402    	 1.00662088394165
6632.440    	 1.00722658634186
6632.477    	 1.00736093521118
6632.514    	 1.00709307193756
6632.552    	 1.00667250156403
6632.589    	 1.00622582435608
6632.626    	 1.00612032413483
6632.664    	 1.00647115707397
6632.701    	 1.00750017166138
6632.738    	 1.00908517837524
6632.776    	 1.01067304611206
6632.813    	 1.01214230060577
6632.850    	 1.01315343379974
6632.888    	 1.0137619972229
6632.925    	 1.0143301486969
6632.962    	 1.01476097106934
6632.999    	 1.01479649543762
6633.037    	 1.014244556427
6633.074    	 1.012775182724
6633.111    	 1.01047646999359
6633.149    	 1.0082141160965
6633.186    	 1.00629067420959
6633.223    	 1.00559461116791
6633.261    	 1.0060441493988
6633.298    	 1.00639343261719
6633.335    	 1.00663781166077
6633.373    	 1.00685131549835
6633.410    	 1.00716984272003
6633.447    	 1.00805914402008
6633.485    	 1.009556889534
6633.522    	 1.01118087768555
6633.559    	 1.01279306411743
6633.597    	 1.01378953456879
6633.634    	 1.01397907733917
6633.671    	 1.01348090171814
6633.708    	 1.01237213611603
6633.746    	 1.01184177398682
6633.783    	 1.0119880437851
6633.820    	 1.01232266426086
6633.858    	 1.01285445690155
6633.895    	 1.0133228302002
6633.932    	 1.01363015174866
6633.970    	 1.01352453231812
6634.007    	 1.01293468475342
6634.044    	 1.01232647895813
6634.082    	 1.01178765296936
6634.119    	 1.01168990135193
6634.156    	 1.0121306180954
6634.194    	 1.01259911060333
6634.231    	 1.01303327083588
6634.268    	 1.01312458515167
6634.306    	 1.0127866268158
6634.343    	 1.01245212554932
6634.380    	 1.01212966442108
6634.417    	 1.01184701919556
6634.455    	 1.01162254810333
6634.492    	 1.01143288612366
6634.529    	 1.01132440567017
6634.567    	 1.01140737533569
6634.604    	 1.01175403594971
6634.641    	 1.01213204860687
6634.679    	 1.01250123977661
6634.716    	 1.01257503032684
6634.753    	 1.01216578483582
6634.791    	 1.01134717464447
6634.828    	 1.0100154876709
6634.865    	 1.0090948343277
6634.903    	 1.00880515575409
6634.940    	 1.00873911380768
6634.977    	 1.00897705554962
6635.014    	 1.00905644893646
6635.052    	 1.00891995429993
6635.089    	 1.0089236497879
6635.126    	 1.00913536548615
6635.164    	 1.00930881500244
6635.201    	 1.00936698913574
6635.238    	 1.00904309749603
6635.276    	 1.00808954238892
6635.313    	 1.00694477558136
6635.350    	 1.00564324855804
6635.388    	 1.00542747974396
6635.425    	 1.00705325603485
6635.462    	 1.00921678543091
6635.500    	 1.01217293739319
6635.537    	 1.01436161994934
6635.574    	 1.01519155502319
6635.612    	 1.01549279689789
6635.649    	 1.01484572887421
6635.686    	 1.01383924484253
6635.723    	 1.01218914985657
6635.761    	 1.01038455963135
6635.798    	 1.00834953784943
6635.835    	 1.00670909881592
6635.873    	 1.00581169128418
6635.910    	 1.00523149967194
6635.947    	 1.00526702404022
6635.985    	 1.00565910339355
6636.022    	 1.00673460960388
6636.059    	 1.00803434848785
6636.097    	 1.00968706607819
6636.134    	 1.01056277751923
6636.171    	 1.00992703437805
6636.209    	 1.00904059410095
6636.246    	 1.00769793987274
6636.283    	 1.00675773620605
6636.321    	 1.00662231445313
6636.358    	 1.00659334659576
6636.395    	 1.00679421424866
6636.432    	 1.00721263885498
6636.470    	 1.00807964801788
6636.507    	 1.00901615619659
6636.544    	 1.01011323928833
6636.582    	 1.01148736476898
6636.619    	 1.01344728469849
6636.656    	 1.01544773578644
6636.694    	 1.0175142288208
6636.731    	 1.019158244133
6636.768    	 1.0198540687561
6636.806    	 1.01984107494354
6636.843    	 1.01824331283569
6636.880    	 1.01608383655548
6636.918    	 1.01268124580383
6636.955    	 1.00973916053772
6636.992    	 1.0078638792038
6637.029    	 1.00673377513885
6637.067    	 1.00732851028442
6637.104    	 1.00814735889435
6637.141    	 1.00948703289032
6637.179    	 1.01054036617279
6637.216    	 1.0109087228775
6637.253    	 1.01086747646332
6637.291    	 1.00983679294586
6637.328    	 1.00871324539185
6637.365    	 1.0073618888855
6637.403    	 1.00647795200348
6637.440    	 1.00675129890442
6637.477    	 1.00748682022095
6637.515    	 1.00936341285706
6637.552    	 1.01078593730927
6637.589    	 1.0110559463501
6637.627    	 1.01117837429047
6637.664    	 1.01097345352173
6637.701    	 1.01098930835724
6637.738    	 1.01157355308533
6637.776    	 1.01191484928131
6637.813    	 1.01161003112793
6637.850    	 1.01097822189331
6637.888    	 1.00957703590393
6637.925    	 1.0084046125412
6637.962    	 1.00788223743439
6638.000    	 1.0077041387558
6638.037    	 1.00832271575928
6638.074    	 1.00872623920441
6638.112    	 1.00848436355591
6638.149    	 1.00822556018829
6638.186    	 1.00801610946655
6638.224    	 1.00808465480804
6638.261    	 1.00885248184204
6638.298    	 1.00956130027771
6638.336    	 1.0099983215332
6638.373    	 1.00994801521301
6638.410    	 1.00870358943939
6638.447    	 1.00731670856476
6638.485    	 1.00580990314484
6638.522    	 1.00439274311066
6638.559    	 1.00323224067688
6638.597    	 1.00228929519653
6638.634    	 1.00184571743011
6638.671    	 1.00203084945679
6638.709    	 1.00371325016022
6638.746    	 1.00559687614441
6638.783    	 1.00759756565094
6638.821    	 1.00936818122864
6638.858    	 1.01050877571106
6638.895    	 1.01141858100891
6638.933    	 1.01191890239716
6638.970    	 1.01207113265991
6639.007    	 1.01144587993622
6639.044    	 1.01075804233551
6639.082    	 1.0101672410965
6639.119    	 1.00958228111267
6639.156    	 1.00897836685181
6639.194    	 1.00853073596954
6639.231    	 1.00850105285645
6639.268    	 1.00903010368347
6639.306    	 1.010871052742
6639.343    	 1.01286482810974
6639.380    	 1.0147351026535
6639.418    	 1.01571941375732
6639.455    	 1.01440799236298
6639.492    	 1.01260352134705
6639.530    	 1.01049101352692
6639.567    	 1.00910663604736
6639.604    	 1.00980091094971
6639.642    	 1.01094913482666
6639.679    	 1.012331366539
6639.716    	 1.01311910152435
6639.753    	 1.01220095157623
6639.791    	 1.011070728302
6639.828    	 1.01023292541504
6639.865    	 1.00996375083923
6639.903    	 1.01107239723206
6639.940    	 1.01228320598602
6639.977    	 1.01302564144135
6640.015    	 1.01325869560242
6640.052    	 1.01237428188324
6640.089    	 1.01112842559814
6640.127    	 1.00954401493073
6640.164    	 1.00800681114197
6640.201    	 1.00679790973663
6640.239    	 1.00591480731964
6640.276    	 1.00572037696838
6640.313    	 1.00558030605316
6640.351    	 1.0051566362381
6640.388    	 1.00464260578156
6640.425    	 1.00406348705292
6640.462    	 1.0035548210144
6640.500    	 1.00328266620636
6640.537    	 1.00324106216431
6640.574    	 1.0036735534668
6640.612    	 1.00442349910736
6640.649    	 1.00571894645691
6640.686    	 1.00698673725128
6640.724    	 1.00778758525848
6640.761    	 1.00801730155945
6640.798    	 1.00700378417969
6640.836    	 1.00579154491425
6640.873    	 1.00496160984039
6640.910    	 1.00432062149048
6640.948    	 1.00391268730164
6640.985    	 1.00334060192108
6641.022    	 1.00212502479553
6641.059    	 1.00107777118683
6641.097    	 1.00102090835571
6641.134    	 1.00157105922699
6641.171    	 1.00301218032837
6641.209    	 1.00461971759796
6641.246    	 1.00594627857208
6641.283    	 1.00697147846222
6641.321    	 1.00738668441772
6641.358    	 1.0074714422226
6641.395    	 1.00715589523315
6641.433    	 1.00655889511108
6641.470    	 1.00552082061768
6641.507    	 1.00452041625977
6641.545    	 1.00403118133545
6641.582    	 1.00398862361908
6641.619    	 1.00474512577057
6641.657    	 1.0057989358902
6641.694    	 1.00694382190704
6641.731    	 1.00782907009125
6641.768    	 1.00788021087646
6641.806    	 1.00732088088989
6641.843    	 1.0058286190033
6641.880    	 1.00412333011627
6641.918    	 1.00274312496185
6641.955    	 1.00179255008698
6641.992    	 1.00175189971924
6642.030    	 1.0019326210022
6642.067    	 1.00180518627167
6642.104    	 1.00155472755432
6642.142    	 1.00127387046814
6642.179    	 1.00102257728577
6642.216    	 1.00089073181152
6642.254    	 1.00066900253296
6642.291    	 1.0000536441803
6642.328    	 .999134182929993
6642.366    	 .997763752937317
6642.403    	 .996374130249023
6642.440    	 .995440423488617
6642.477    	 .994886696338654
6642.515    	 .99492609500885
6642.552    	 .995331048965454
6642.589    	 .996120154857636
6642.627    	 .997034311294556
6642.664    	 .997861444950104
6642.701    	 .998414278030396
6642.739    	 .998258173465729
6642.776    	 .997924566268921
6642.813    	 .997932851314545
6642.851    	 .998032093048096
6642.888    	 .997976779937744
6642.925    	 .997546195983887
6642.963    	 .996188700199127
6643.000    	 .99465411901474
6643.037    	 .993777096271515
6643.074    	 .99351555109024
6643.112    	 .994249224662781
6643.149    	 .995416760444641
6643.186    	 .996579110622406
6643.224    	 .997656583786011
6643.261    	 .998485267162323
6643.298    	 .999015927314758
6643.336    	 .998981595039368
6643.373    	 .998724043369293
6643.410    	 .998564720153809
6643.448    	 .998639941215515
6643.485    	 .999292194843292
6643.522    	 1.00018513202667
6643.560    	 1.00099873542786
6643.597    	 1.00150716304779
6643.634    	 1.00119638442993
6643.672    	 1.00019514560699
6643.709    	 .998262286186218
6643.746    	 .995945751667023
6643.783    	 .993812680244446
6643.821    	 .992098569869995
6643.858    	 .991402328014374
6643.895    	 .991278171539307
6643.933    	 .99139541387558
6643.970    	 .991807520389557
6644.007    	 .992765247821808
6644.045    	 .994152903556824
6644.082    	 .996036767959595
6644.119    	 .997878313064575
6644.157    	 .998820245265961
6644.194    	 .999271631240845
6644.231    	 .999604403972626
6644.269    	 .999983131885529
6644.306    	 1.00069272518158
6644.343    	 1.00133895874023
6644.381    	 1.00125777721405
6644.418    	 1.00079345703125
6644.455    	 1.00030422210693
6644.492    	 .999978959560394
6644.530    	 1.000208735466
6644.567    	 1.00073421001434
6644.604    	 1.00127458572388
6644.642    	 1.00169706344604
6644.679    	 1.0017237663269
6644.716    	 1.00190985202789
6644.754    	 1.00326478481293
6644.791    	 1.00522482395172
6644.828    	 1.00711631774902
6644.866    	 1.0084639787674
6644.903    	 1.00820434093475
6644.940    	 1.00709056854248
6644.978    	 1.00604128837585
6645.015    	 1.00550258159637
6645.052    	 1.00647711753845
6645.090    	 1.008420586586
6645.127    	 1.01079213619232
6645.164    	 1.01292181015015
6645.201    	 1.01351928710938
6645.239    	 1.01283895969391
6645.276    	 1.01080989837646
6645.313    	 1.00827133655548
6645.351    	 1.00653195381165
6645.388    	 1.00545275211334
6645.425    	 1.00504112243652
6645.463    	 1.0048645734787
6645.500    	 1.00421977043152
6645.537    	 1.00332379341125
6645.575    	 1.00248265266418
6645.612    	 1.00162482261658
6645.649    	 1.0006103515625
6645.687    	 .999517619609833
6645.724    	 .998465061187744
6645.761    	 .997646629810333
6645.798    	 .997511029243469
6645.836    	 .997933149337769
6645.873    	 .998866319656372
6645.910    	 1.00001263618469
6645.948    	 1.00087189674377
6645.985    	 1.00134801864624
6646.022    	 1.00113034248352
6646.060    	 1.00070083141327
6646.097    	 1.00092971324921
6646.134    	 1.00184452533722
6646.172    	 1.00371408462524
6646.209    	 1.0060213804245
6646.246    	 1.00788176059723
6646.284    	 1.00909292697906
6646.321    	 1.00906193256378
6646.358    	 1.00815582275391
6646.396    	 1.00685393810272
6646.433    	 1.00537502765656
6646.470    	 1.00410854816437
6646.507    	 1.0030962228775
6646.545    	 1.00249254703522
6646.582    	 1.0022406578064
6646.619    	 1.0023193359375
6646.657    	 1.00249457359314
6646.694    	 1.00231432914734
6646.731    	 1.00177752971649
6646.769    	 1.00079143047333
6646.806    	 .999553740024567
6646.843    	 .998410165309906
6646.881    	 .997479200363159
6646.918    	 .997058033943176
6646.955    	 .996945917606354
6646.993    	 .996797561645508
6647.030    	 .996929585933685
6647.067    	 .998068749904633
6647.105    	 .999850809574127
6647.142    	 1.00165474414825
6647.179    	 1.0030357837677
6647.216    	 1.00296175479889
6647.254    	 1.00194871425629
6647.291    	 1.00088882446289
6647.328    	 1.00014817714691
6647.366    	 1.00057256221771
6647.403    	 1.00181591510773
6647.440    	 1.00330603122711
6647.478    	 1.00473058223724
6647.515    	 1.00540685653687
6647.552    	 1.00542736053467
6647.590    	 1.00486421585083
6647.627    	 1.00407016277313
6647.664    	 1.00376272201538
6647.702    	 1.00387060642242
6647.739    	 1.00431609153748
6647.776    	 1.00496554374695
6647.813    	 1.00556623935699
6647.851    	 1.00563895702362
6647.888    	 1.00404477119446
6647.925    	 1.00125217437744
6647.963    	 .998078048229218
6648.000    	 .995315372943878
6648.037    	 .99477231502533
6648.075    	 .995858788490295
6648.112    	 .997548162937164
6648.149    	 .999299883842468
6648.187    	 .999933183193207
6648.224    	 .999641239643097
6648.261    	 .998702585697174
6648.299    	 .997312486171722
6648.336    	 .995832204818726
6648.373    	 .994395852088928
6648.411    	 .993307292461395
6648.448    	 .992790341377258
6648.485    	 .993428945541382
6648.522    	 .994875490665436
6648.560    	 .996477127075195
6648.597    	 .997709691524506
6648.634    	 .997350633144379
6648.672    	 .995826184749603
6648.709    	 .99391758441925
6648.746    	 .99205207824707
6648.784    	 .991190075874329
6648.821    	 .991157650947571
6648.858    	 .991683721542358
6648.896    	 .992499828338623
6648.933    	 .99304610490799
6648.970    	 .993330478668213
6649.008    	 .99333381652832
6649.045    	 .993046224117279
6649.082    	 .992404639720917
6649.120    	 .991635978221893
6649.157    	 .991231322288513
6649.194    	 .991374015808105
6649.231    	 .992550313472748
6649.269    	 .994386196136475
6649.306    	 .996133387088776
6649.343    	 .997579395771027
6649.381    	 .99820613861084
6649.418    	 .998367071151733
6649.455    	 .998790919780731
6649.493    	 .999453008174896
6649.530    	 1.00033092498779
6649.567    	 1.00121760368347
6649.605    	 1.00165021419525
6649.642    	 1.00176346302032
6649.679    	 1.00181436538696
6649.717    	 1.0017591714859
6649.754    	 1.00148522853851
6649.791    	 1.00100076198578
6649.828    	 1.00029468536377
6649.866    	 .9995436668396
6649.903    	 .999135732650757
6649.940    	 .998907625675201
6649.978    	 .998521149158478
6650.015    	 .998130679130554
6650.052    	 .998079061508179
6650.090    	 .998455822467804
6650.127    	 .999523401260376
6650.164    	 1.00103545188904
6650.202    	 1.00251114368439
6650.239    	 1.00371479988098
6650.276    	 1.00408256053925
6650.314    	 1.00403594970703
6650.351    	 1.00444376468658
6650.388    	 1.00519728660583
6650.426    	 1.00611042976379
6650.463    	 1.0069454908371
6650.500    	 1.00716614723206
6650.537    	 1.0068906545639
6650.575    	 1.00629901885986
6650.612    	 1.00558650493622
6650.649    	 1.00516092777252
6650.687    	 1.00483572483063
6650.724    	 1.00422024726868
6650.761    	 1.00343811511993
6650.799    	 1.00273013114929
6650.836    	 1.0022429227829
6650.873    	 1.00233340263367
6650.911    	 1.00291812419891
6650.948    	 1.00390589237213
6650.985    	 1.0051257610321
6651.023    	 1.00625216960907
6651.060    	 1.00704562664032
6651.097    	 1.00692808628082
6651.135    	 1.00623798370361
6651.172    	 1.00559031963348
6651.209    	 1.00516438484192
6651.246    	 1.00538718700409
6651.284    	 1.00604331493378
6651.321    	 1.00676298141479
6651.358    	 1.00732147693634
6651.396    	 1.00720953941345
6651.433    	 1.00652682781219
6651.470    	 1.00536251068115
6651.508    	 1.00382506847382
6651.545    	 1.00206089019775
6651.582    	 1.0002692937851
6651.620    	 .998860836029053
6651.657    	 .997840583324432
6651.694    	 .997308492660522
6651.732    	 .997134268283844
6651.769    	 .997132539749146
6651.806    	 .997235238552094
6651.843    	 .997327208518982
6651.881    	 .997176766395569
6651.918    	 .996248364448547
6651.955    	 .994792401790619
6651.993    	 .99318540096283
6652.030    	 .991854131221771
6652.067    	 .991737008094788
6652.105    	 .992451608181
6652.142    	 .993449807167053
6652.179    	 .994698703289032
6652.217    	 .996201038360596
6652.254    	 .997934877872467
6652.291    	 .999921679496765
6652.329    	 1.00161910057068
6652.366    	 1.00186848640442
6652.403    	 1.00107276439667
6652.441    	 .999715626239777
6652.478    	 .998368680477142
6652.515    	 .998154044151306
6652.552    	 .99863463640213
6652.590    	 .999176442623138
6652.627    	 .999410569667816
6652.664    	 .998526036739349
6652.702    	 .997032999992371
6652.739    	 .995711207389832
6652.776    	 .994585812091827
6652.814    	 .993770182132721
6652.851    	 .993117809295654
6652.888    	 .992407381534576
6652.926    	 .991791307926178
6652.963    	 .991588830947876
6653.000    	 .991887509822845
6653.038    	 .993030071258545
6653.075    	 .99470716714859
6653.112    	 .996542751789093
6653.150    	 .998141169548035
6653.187    	 .998686611652374
6653.224    	 .998565912246704
6653.261    	 .998227655887604
6653.299    	 .997930407524109
6653.336    	 .998157382011414
6653.373    	 .998608231544495
6653.411    	 .99883508682251
6653.448    	 .99881511926651
6653.485    	 .998406410217285
6653.523    	 .997652173042297
6653.560    	 .996483385562897
6653.597    	 .99526309967041
6653.635    	 .994603276252747
6653.672    	 .994578719139099
6653.709    	 .995597302913666
6653.747    	 .997358381748199
6653.784    	 .999678730964661
6653.821    	 1.00208020210266
6653.858    	 1.00378751754761
6653.896    	 1.00460028648376
6653.933    	 1.00376415252686
6653.970    	 1.00186097621918
6654.008    	 .999353229999542
6654.045    	 .996851444244385
6654.082    	 .995366454124451
6654.120    	 .994677782058716
6654.157    	 .994819402694702
6654.194    	 .995457708835602
6654.232    	 .996303856372833
6654.269    	 .997369825839996
6654.306    	 .998787939548492
6654.344    	 1.00017428398132
6654.381    	 1.00090384483337
6654.418    	 1.00095748901367
6654.456    	 .999944388866425
6654.493    	 .998394548892975
6654.530    	 .996837675571442
6654.567    	 .995362997055054
6654.605    	 .994152545928955
6654.642    	 .993055701255798
6654.679    	 .991907835006714
6654.717    	 .990917146205902
6654.754    	 .990486085414886
6654.791    	 .99031662940979
6654.829    	 .990120410919189
6654.866    	 .990042209625244
6654.903    	 .990364789962769
6654.941    	 .991069674491882
6654.978    	 .992361724376678
6655.015    	 .993926644325256
6655.053    	 .995483040809631
6655.090    	 .996828258037567
6655.127    	 .99754399061203
6655.165    	 .998018801212311
6655.202    	 .998641550540924
6655.239    	 .999351859092712
6655.276    	 1.00012385845184
6655.314    	 1.00068140029907
6655.351    	 1.00050854682922
6655.388    	 .999937355518341
6655.426    	 .99914675951004
6655.463    	 .998498737812042
6655.500    	 .998569428920746
6655.538    	 .998979687690735
6655.575    	 .99946916103363
6655.612    	 .99987667798996
6655.650    	 .99993759393692
6655.687    	 .999837875366211
6655.724    	 .999699354171753
6655.762    	 .999588131904602
6655.799    	 .999606609344482
6655.836    	 .999917328357697
6655.873    	 1.00093519687653
6655.911    	 1.00205957889557
6655.948    	 1.00264024734497
6655.985    	 1.002601146698
6656.023    	 1.00138378143311
6656.060    	 .999471485614777
6656.097    	 .996901869773865
6656.135    	 .994280993938446
6656.172    	 .992272198200226
6656.209    	 .990817308425903
6656.247    	 .990285813808441
6656.284    	 .990224361419678
6656.321    	 .990498542785645
6656.359    	 .990817606449127
6656.396    	 .990896224975586
6656.433    	 .990927338600159
6656.471    	 .991081714630127
6656.508    	 .991746723651886
6656.545    	 .99376118183136
6656.582    	 .996369481086731
6656.620    	 .999277174472809
6656.657    	 1.00175321102142
6656.694    	 1.00267457962036
6656.732    	 1.0026832818985
6656.769    	 1.00164330005646
6656.806    	 1.00021958351135
6656.844    	 .998739778995514
6656.881    	 .997823715209961
6656.918    	 .998576402664185
6656.956    	 1.00006556510925
6656.993    	 1.0020557641983
6657.030    	 1.00380444526672
6657.068    	 1.00439345836639
6657.105    	 1.00426995754242
6657.142    	 1.00319373607635
6657.180    	 1.0018675327301
6657.217    	 1.00069630146027
6657.254    	 .99976110458374
6657.291    	 .999355554580688
6657.329    	 .998937904834747
6657.366    	 .998025834560394
6657.403    	 .9971564412117
6657.441    	 .996827781200409
6657.478    	 .996850728988647
6657.515    	 .997409164905548
6657.553    	 .998086094856262
6657.590    	 .998657822608948
6657.627    	 .999372065067291
6657.665    	 1.00056779384613
6657.702    	 1.00159919261932
6657.739    	 1.001797914505
6657.777    	 1.0014317035675
6657.814    	 1.00013136863708
6657.851    	 .998473227024078
6657.889    	 .996519446372986
6657.926    	 .994599223136902
6657.963    	 .992986142635345
6658.000    	 .991985023021698
6658.038    	 .99245148897171
6658.075    	 .993439495563507
6658.112    	 .994846403598785
6658.150    	 .995753169059753
6658.187    	 .995007753372192
6658.224    	 .993632078170776
6658.262    	 .991616725921631
6658.299    	 .989840269088745
6658.336    	 .989122569561005
6658.374    	 .988775134086609
6658.411    	 .98877739906311
6658.448    	 .988603234291077
6658.486    	 .98773992061615
6658.523    	 .986869096755981
6658.560    	 .986381471157074
6658.597    	 .986227631568909
6658.635    	 .986756503582001
6658.672    	 .987387657165527
6658.709    	 .987918019294739
6658.747    	 .988539278507233
6658.784    	 .989458501338959
6658.821    	 .990303158760071
6658.859    	 .990794241428375
6658.896    	 .991079866886139
6658.933    	 .990993618965149
6658.971    	 .990892291069031
6659.008    	 .990930318832397
6659.045    	 .991136372089386
6659.083    	 .991724073886871
6659.120    	 .992163419723511
6659.157    	 .992038726806641
6659.195    	 .991781532764435
6659.232    	 .991417646408081
6659.269    	 .99137806892395
6659.306    	 .992237329483032
6659.344    	 .993054807186127
6659.381    	 .993404805660248
6659.418    	 .993318915367126
6659.456    	 .992268562316895
6659.493    	 .991052150726318
6659.530    	 .989753544330597
6659.568    	 .988679885864258
6659.605    	 .988221645355225
6659.642    	 .988328337669373
6659.680    	 .989700436592102
6659.717    	 .991450011730194
6659.754    	 .993780136108398
6659.792    	 .995926856994629
6659.829    	 .997425138950348
6659.866    	 .998212158679962
6659.904    	 .997346758842468
6659.941    	 .995943546295166
6659.978    	 .993596136569977
6660.015    	 .991465628147125
6660.053    	 .990129232406616
6660.090    	 .988908588886261
6660.127    	 .987797737121582
6660.165    	 .986945331096649
6660.202    	 .986729323863983
6660.239    	 .987152695655823
6660.277    	 .989076852798462
6660.314    	 .990886449813843
6660.351    	 .992123186588287
6660.389    	 .992499589920044
6660.426    	 .99079167842865
6660.463    	 .988788843154907
6660.501    	 .98636531829834
6660.538    	 .984491109848022
6660.575    	 .984062850475311
6660.612    	 .984245896339417
6660.650    	 .985786736011505
6660.687    	 .987687230110168
6660.724    	 .99034172296524
6660.762    	 .992733538150787
6660.799    	 .994395792484283
6660.836    	 .995463490486145
6660.874    	 .995103538036346
6660.911    	 .994525790214539
6660.948    	 .993497431278229
6660.986    	 .992830634117126
6661.023    	 .993085741996765
6661.060    	 .993520319461823
6661.098    	 .994368314743042
6661.135    	 .994664549827576
6661.172    	 .993585050106049
6661.210    	 .992151498794556
6661.247    	 .989859580993652
6661.284    	 .987822473049164
6661.321    	 .986410617828369
6661.359    	 .985672414302826
6661.396    	 .986542940139771
6661.433    	 .987700283527374
6661.471    	 .989502251148224
6661.508    	 .990273058414459
6661.545    	 .988656282424927
6661.583    	 .986850440502167
6661.620    	 .984640538692474
6661.657    	 .983128488063812
6661.695    	 .983209252357483
6661.732    	 .983960449695587
6661.769    	 .98618471622467
6661.807    	 .988268256187439
6661.844    	 .989991188049316
6661.881    	 .990702211856842
6661.919    	 .98923659324646
6661.956    	 .987608551979065
6661.993    	 .985671281814575
6662.030    	 .984254002571106
6662.068    	 .983978271484375
6662.105    	 .984587550163269
6662.142    	 .987019538879395
6662.180    	 .989620804786682
6662.217    	 .992482602596283
6662.254    	 .994335114955902
6662.292    	 .994133949279785
6662.329    	 .993309617042542
6662.366    	 .99131566286087
6662.404    	 .989838659763336
6662.441    	 .989427328109741
6662.478    	 .989777982234955
6662.516    	 .99156928062439
6662.553    	 .993351697921753
6662.590    	 .995067298412323
6662.627    	 .996297657489777
6662.665    	 .996601998806
6662.702    	 .996566116809845
6662.739    	 .995868921279907
6662.777    	 .994753479957581
6662.814    	 .99282431602478
6662.851    	 .990293800830841
6662.889    	 .986757397651672
6662.926    	 .98358142375946
6662.963    	 .981143474578857
6663.001    	 .979637980461121
6663.038    	 .979822397232056
6663.075    	 .980866134166718
6663.113    	 .98334413766861
6663.150    	 .985858976840973
6663.187    	 .988347291946411
6663.225    	 .990218162536621
6663.262    	 .991124153137207
6663.299    	 .992224097251892
6663.336    	 .993603110313416
6663.374    	 .994795620441437
6663.411    	 .995612859725952
6663.448    	 .995877146720886
6663.486    	 .995314598083496
6663.523    	 .994871497154236
6663.560    	 .994603633880615
6663.598    	 .994308352470398
6663.635    	 .993900537490845
6663.672    	 .993060708045959
6663.710    	 .991640627384186
6663.747    	 .990500807762146
6663.784    	 .989870369434357
6663.822    	 .989864110946655
6663.859    	 .990675806999207
6663.896    	 .991161346435547
6663.934    	 .991230130195618
6663.971    	 .991479933261871
6664.008    	 .992003202438354
6664.045    	 .992677867412567
6664.083    	 .993444085121155
6664.120    	 .993632376194
6664.157    	 .993051946163177
6664.195    	 .992405831813812
6664.232    	 .991787135601044
6664.269    	 .991733312606812
6664.307    	 .992335259914398
6664.344    	 .992655336856842
6664.381    	 .992503523826599
6664.419    	 .991753935813904
6664.456    	 .99028342962265
6664.493    	 .988842070102692
6664.531    	 .987459719181061
6664.568    	 .986191689968109
6664.605    	 .985210776329041
6664.642    	 .984937787055969
6664.680    	 .985562324523926
6664.717    	 .986568570137024
6664.754    	 .987778544425964
6664.792    	 .987973153591156
6664.829    	 .987008392810822
6664.866    	 .985885143280029
6664.904    	 .984693229198456
6664.941    	 .983950138092041
6664.978    	 .983565509319305
6665.016    	 .982670962810516
6665.053    	 .981216251850128
6665.090    	 .979643225669861
6665.128    	 .978237807750702
6665.165    	 .978033721446991
6665.202    	 .979128062725067
6665.240    	 .980608224868774
6665.277    	 .982347548007965
6665.314    	 .983600437641144
6665.351    	 .984335899353027
6665.389    	 .98487389087677
6665.426    	 .985087335109711
6665.463    	 .984753668308258
6665.501    	 .983742415904999
6665.538    	 .982058763504028
6665.575    	 .979927599430084
6665.613    	 .978414177894592
6665.650    	 .977771282196045
6665.687    	 .978361368179321
6665.725    	 .980126678943634
6665.762    	 .982296526432037
6665.799    	 .984649240970612
6665.837    	 .986407101154327
6665.874    	 .987581133842468
6665.911    	 .988420367240906
6665.949    	 .988965690135956
6665.986    	 .98942893743515
6666.023    	 .989754199981689
6666.060    	 .989816784858704
6666.098    	 .989559531211853
6666.135    	 .988887310028076
6666.172    	 .988012135028839
6666.210    	 .987528622150421
6666.247    	 .98763233423233
6666.284    	 .988776743412018
6666.322    	 .990478277206421
6666.359    	 .991510808467865
6666.396    	 .991917073726654
6666.434    	 .991791427135468
6666.471    	 .991289079189301
6666.508    	 .990748643875122
6666.546    	 .990132927894592
6666.583    	 .989349782466888
6666.620    	 .988320648670197
6666.657    	 .986836552619934
6666.695    	 .985143482685089
6666.732    	 .983717024326324
6666.769    	 .98264867067337
6666.807    	 .982211053371429
6666.844    	 .982235431671143
6666.881    	 .982522785663605
6666.919    	 .982926368713379
6666.956    	 .983206272125244
6666.993    	 .983286798000336
6667.031    	 .98295646905899
6667.068    	 .982502281665802
6667.105    	 .982379198074341
6667.143    	 .982875943183899
6667.180    	 .98475706577301
6667.217    	 .987302839756012
6667.255    	 .98965460062027
6667.292    	 .991115629673004
6667.329    	 .990128517150879
6667.366    	 .987840235233307
6667.404    	 .985275447368622
6667.441    	 .983145534992218
6667.478    	 .982744634151459
6667.516    	 .983613729476929
6667.553    	 .985893547534943
6667.590    	 .988855183124542
6667.628    	 .991958320140839
6667.665    	 .994578957557678
6667.702    	 .995577454566956
6667.740    	 .99579393863678
6667.777    	 .995717108249664
6667.814    	 .99577933549881
6667.852    	 .996601581573486
6667.889    	 .997478127479553
6667.926    	 .997642159461975
6667.964    	 .997331380844116
6668.001    	 .99642550945282
6668.038    	 .995202898979187
6668.075    	 .993692755699158
6668.113    	 .991973459720612
6668.150    	 .989944040775299
6668.187    	 .988068759441376
6668.225    	 .986929953098297
6668.262    	 .986618101596832
6668.299    	 .987971127033234
6668.337    	 .989857256412506
6668.374    	 .991789638996124
6668.411    	 .993350982666016
6668.449    	 .993836879730225
6668.486    	 .993720710277557
6668.523    	 .992780089378357
6668.561    	 .991847157478333
6668.598    	 .991552114486694
6668.635    	 .991328895092011
6668.672    	 .990850448608398
6668.710    	 .989869654178619
6668.747    	 .98768812417984
6668.784    	 .985485970973969
6668.822    	 .983986496925354
6668.859    	 .983151733875275
6668.896    	 .983694493770599
6668.934    	 .984298825263977
6668.971    	 .984299898147583
6669.008    	 .984226763248444
6669.046    	 .984270334243774
6669.083    	 .984489798545837
6669.120    	 .985119938850403
6669.158    	 .985968708992004
6669.195    	 .987209796905518
6669.232    	 .988466441631317
6669.270    	 .989600121974945
6669.307    	 .989875793457031
6669.344    	 .987953066825867
6669.381    	 .985664129257202
6669.419    	 .983197867870331
6669.456    	 .981408834457397
6669.493    	 .981431782245636
6669.531    	 .981856942176819
6669.568    	 .982793271541595
6669.605    	 .983231246471405
6669.643    	 .982257306575775
6669.680    	 .981039524078369
6669.717    	 .97952264547348
6669.755    	 .97840142250061
6669.792    	 .97834587097168
6669.829    	 .97884863615036
6669.867    	 .980582654476166
6669.904    	 .982598543167114
6669.941    	 .985150039196014
6669.979    	 .986997902393341
6670.016    	 .98701936006546
6670.053    	 .98661607503891
6670.090    	 .985310435295105
6670.128    	 .983894646167755
6670.165    	 .982258379459381
6670.202    	 .980851292610168
6670.240    	 .980020582675934
6670.277    	 .979432940483093
6670.314    	 .979429721832275
6670.352    	 .979332804679871
6670.389    	 .979016363620758
6670.426    	 .978782773017883
6670.464    	 .978753924369812
6670.501    	 .979091107845306
6670.538    	 .980267822742462
6670.576    	 .981809020042419
6670.613    	 .984129250049591
6670.650    	 .986095905303955
6670.688    	 .987271785736084
6670.725    	 .987878978252411
6670.762    	 .987305223941803
6670.799    	 .98675924539566
6670.837    	 .986235916614532
6670.874    	 .985301852226257
6670.911    	 .983539044857025
6670.949    	 .981585144996643
6670.986    	 .979358434677124
6671.023    	 .978107094764709
6671.061    	 .978741109371185
6671.098    	 .979903638362885
6671.135    	 .981961607933044
6671.173    	 .983393967151642
6671.210    	 .983647286891937
6671.247    	 .983361184597015
6671.285    	 .982129395008087
6671.322    	 .980822682380676
6671.359    	 .979420721530914
6671.396    	 .978252530097961
6671.434    	 .97754168510437
6671.471    	 .977341771125793
6671.508    	 .978031992912292
6671.546    	 .979197323322296
6671.583    	 .981048226356506
6671.620    	 .982535123825073
6671.658    	 .983438968658447
6671.695    	 .984159588813782
6671.732    	 .984559535980225
6671.770    	 .984665334224701
6671.807    	 .984212219715118
6671.844    	 .982986688613892
6671.882    	 .980754554271698
6671.919    	 .97894960641861
6671.956    	 .977848052978516
6671.994    	 .977388560771942
6672.031    	 .977795958518982
6672.068    	 .978273749351501
6672.105    	 .978861451148987
6672.143    	 .97954386472702
6672.180    	 .980292975902557
6672.217    	 .980785131454468
6672.255    	 .981020748615265
6672.292    	 .981531262397766
6672.329    	 .98240602016449
6672.367    	 .983454048633575
6672.404    	 .984672784805298
6672.441    	 .985756397247314
6672.479    	 .986488819122314
6672.516    	 .986337721347809
6672.553    	 .984982669353485
6672.591    	 .98259162902832
6672.628    	 .979202747344971
6672.665    	 .97624284029007
6672.703    	 .974164664745331
6672.740    	 .973913848400116
6672.777    	 .975679516792297
6672.814    	 .978215277194977
6672.852    	 .981393814086914
6672.889    	 .984154164791107
6672.926    	 .986265957355499
6672.964    	 .987378180027008
6673.001    	 .987370133399963
6673.038    	 .986562609672546
6673.076    	 .98505687713623
6673.113    	 .983587682247162
6673.150    	 .982315242290497
6673.188    	 .981659710407257
6673.225    	 .981580138206482
6673.262    	 .981732606887817
6673.300    	 .982118904590607
6673.337    	 .98267537355423
6673.374    	 .983561992645264
6673.411    	 .985151827335358
6673.449    	 .987045288085938
6673.486    	 .988145411014557
6673.523    	 .988254308700562
6673.561    	 .986933767795563
6673.598    	 .984662652015686
6673.635    	 .982580721378326
6673.673    	 .980794489383698
6673.710    	 .97957056760788
6673.747    	 .978791773319244
6673.785    	 .978266537189484
6673.822    	 .977969646453857
6673.859    	 .977896213531494
6673.897    	 .978093981742859
6673.934    	 .978729546070099
6673.971    	 .97968864440918
6674.009    	 .980861008167267
6674.046    	 .982037365436554
6674.083    	 .982844114303589
6674.120    	 .983187317848206
6674.158    	 .982706367969513
6674.195    	 .981840968132019
6674.232    	 .981116056442261
6674.270    	 .980855405330658
6674.307    	 .98180365562439
6674.344    	 .983117520809174
6674.382    	 .983780086040497
6674.419    	 .983633041381836
6674.456    	 .981950700283051
6674.494    	 .979626893997192
6674.531    	 .977400481700897
6674.568    	 .975532591342926
6674.606    	 .974601805210114
6674.643    	 .973964989185333
6674.680    	 .973091840744019
6674.718    	 .971955239772797
6674.755    	 .970315754413605
6674.792    	 .968806862831116
6674.829    	 .96819531917572
6674.867    	 .967974662780762
6674.904    	 .967990159988403
6674.941    	 .967921078205109
6674.979    	 .967396676540375
6675.016    	 .967041790485382
6675.053    	 .967553198337555
6675.091    	 .968520641326904
6675.128    	 .970059216022491
6675.165    	 .97173148393631
6675.203    	 .97334498167038
6675.240    	 .974644720554352
6675.277    	 .975126683712006
6675.315    	 .975233376026154
6675.352    	 .974848508834839
6675.389    	 .974350214004517
6675.426    	 .973838329315186
6675.464    	 .973023474216461
6675.501    	 .971404552459717
6675.538    	 .9692622423172
6675.576    	 .96612960100174
6675.613    	 .963573038578033
6675.650    	 .962986886501312
6675.688    	 .96309107542038
6675.725    	 .964198350906372
6675.762    	 .964965760707855
6675.800    	 .964479863643646
6675.837    	 .963846623897552
6675.874    	 .963238596916199
6675.912    	 .962949156761169
6675.949    	 .963472366333008
6675.986    	 .963787794113159
6676.024    	 .963373720645905
6676.061    	 .962428212165833
6676.098    	 .960281014442444
6676.135    	 .958080470561981
6676.173    	 .955945491790771
6676.210    	 .954683303833008
6676.247    	 .955604612827301
6676.285    	 .956943154335022
6676.322    	 .959118604660034
6676.359    	 .960565447807312
6676.397    	 .960153102874756
6676.434    	 .959577977657318
6676.471    	 .958654999732971
6676.509    	 .958087921142578
6676.546    	 .958359599113464
6676.583    	 .958448588848114
6676.621    	 .95812201499939
6676.658    	 .95787513256073
6676.695    	 .957816243171692
6676.733    	 .957964479923248
6676.770    	 .958533406257629
6676.807    	 .958730936050415
6676.844    	 .958171725273132
6676.882    	 .957810282707214
6676.919    	 .95790308713913
6676.956    	 .958653628826141
6676.994    	 .960617303848267
6677.031    	 .961898386478424
6677.068    	 .961737990379334
6677.106    	 .960102617740631
6677.143    	 .95582640171051
6677.180    	 .9519282579422
6677.218    	 .948874354362488
6677.255    	 .947242438793182
6677.292    	 .94810962677002
6677.330    	 .949547588825226
6677.367    	 .951942563056946
6677.404    	 .954451143741608
6677.441    	 .957048773765564
6677.479    	 .959039270877838
6677.516    	 .959894716739655
6677.553    	 .959508299827576
6677.591    	 .957280099391937
6677.628    	 .955107033252716
6677.665    	 .953193366527557
6677.703    	 .952299952507019
6677.740    	 .952848792076111
6677.777    	 .953512609004974
6677.815    	 .954275667667389
6677.852    	 .954748153686523
6677.889    	 .954793512821198
6677.927    	 .954591631889343
6677.964    	 .954035043716431
6678.001    	 .953264772891998
6678.039    	 .952304363250732
6678.076    	 .951669633388519
6678.113    	 .951572060585022
6678.150    	 .952182948589325
6678.188    	 .953625202178955
6678.225    	 .955200254917145
6678.262    	 .95680159330368
6678.300    	 .95789098739624
6678.337    	 .958386540412903
6678.374    	 .95865124464035
6678.412    	 .958653688430786
6678.449    	 .95854115486145
6678.486    	 .95841783285141
6678.524    	 .958700478076935
6678.561    	 .959232330322266
6678.598    	 .959242463111877
6678.636    	 .95862340927124
6678.673    	 .957407832145691
6678.710    	 .95588630437851
6678.748    	 .955169379711151
6678.785    	 .955175697803497
6678.822    	 .95535683631897
6678.859    	 .955608129501343
6678.897    	 .95560359954834
6678.934    	 .955478608608246
6678.971    	 .955629110336304
6679.009    	 .956020832061768
6679.046    	 .956538558006287
6679.083    	 .957229673862457
6679.121    	 .958206176757813
6679.158    	 .959460556507111
6679.195    	 .960992932319641
6679.233    	 .962523221969604
6679.270    	 .963443398475647
6679.307    	 .963780224323273
6679.345    	 .963460385799408
6679.382    	 .962789297103882
6679.419    	 .962252974510193
6679.456    	 .961840927600861
6679.494    	 .961578726768494
6679.531    	 .961306989192963
6679.568    	 .960750162601471
6679.606    	 .960261583328247
6679.643    	 .960440993309021
6679.680    	 .961162865161896
6679.718    	 .962534606456757
6679.755    	 .964176595211029
6679.792    	 .965716123580933
6679.830    	 .967060983181
6679.867    	 .967961430549622
6679.904    	 .968518435955048
6679.942    	 .968613505363464
6679.979    	 .968410730361938
6680.016    	 .967873632907867
6680.054    	 .967408716678619
6680.091    	 .967511832714081
6680.128    	 .967952489852905
6680.165    	 .968788266181946
6680.203    	 .969618082046509
6680.240    	 .97006493806839
6680.277    	 .970200479030609
6680.315    	 .969794094562531
6680.352    	 .969200432300568
6680.389    	 .968516111373901
6680.427    	 .968321561813354
6680.464    	 .969537019729614
6680.501    	 .971254825592041
6680.539    	 .973404109477997
6680.576    	 .975020229816437
6680.613    	 .974938869476318
6680.651    	 .974325001239777
6680.688    	 .97321343421936
6680.725    	 .971921324729919
6680.763    	 .970393717288971
6680.800    	 .969045162200928
6680.837    	 .968269646167755
6680.874    	 .968178629875183
6680.912    	 .969653964042664
6680.949    	 .971599340438843
6680.986    	 .974241018295288
6681.024    	 .97663027048111
6681.061    	 .978173732757568
6681.098    	 .97939121723175
6681.136    	 .979977130889893
6681.173    	 .980436205863953
6681.210    	 .980694591999054
6681.248    	 .980797469615936
6681.285    	 .980538606643677
6681.322    	 .980329990386963
6681.360    	 .980284452438354
6681.397    	 .979945957660675
6681.434    	 .978870034217834
6681.472    	 .977751314640045
6681.509    	 .976556539535522
6681.546    	 .975924491882324
6681.583    	 .976600468158722
6681.621    	 .977120578289032
6681.658    	 .97727245092392
6681.695    	 .977067589759827
6681.733    	 .976082861423492
6681.770    	 .974946796894073
6681.807    	 .973520696163177
6681.845    	 .972410142421722
6681.882    	 .971972763538361
6681.919    	 .972011983394623
6681.957    	 .973013520240784
6681.994    	 .974472045898438
6682.031    	 .976804673671722
6682.069    	 .979394376277924
6682.106    	 .982347130775452
6682.143    	 .984543800354004
6682.180    	 .985313296318054
6682.218    	 .985088765621185
6682.255    	 .98320072889328
6682.292    	 .981115281581879
6682.330    	 .978736102581024
6682.367    	 .976477980613709
6682.404    	 .974539935588837
6682.442    	 .973426043987274
6682.479    	 .973597407341003
6682.516    	 .974229633808136
6682.554    	 .975378096103668
6682.591    	 .975810170173645
6682.628    	 .97528076171875
6682.666    	 .974781692028046
6682.703    	 .974419236183167
6682.740    	 .974542260169983
6682.778    	 .975257813930511
6682.815    	 .975914418697357
6682.852    	 .976324617862701
6682.889    	 .975922405719757
6682.927    	 .974687218666077
6682.964    	 .973898828029633
6683.001    	 .973764836788177
6683.039    	 .974330604076386
6683.076    	 .975684881210327
6683.113    	 .977244913578033
6683.151    	 .979039788246155
6683.188    	 .98094242811203
6683.225    	 .982727348804474
6683.263    	 .983631610870361
6683.300    	 .983534693717957
6683.337    	 .982730329036713
6683.375    	 .981318950653076
6683.412    	 .979988873004913
6683.449    	 .978745937347412
6683.487    	 .977569818496704
6683.524    	 .976464033126831
6683.561    	 .975416302680969
6683.598    	 .974336087703705
6683.636    	 .972983062267303
6683.673    	 .971363306045532
6683.710    	 .969518423080444
6683.748    	 .967771530151367
6683.785    	 .966894805431366
6683.822    	 .967065155506134
6683.860    	 .968781530857086
6683.897    	 .971574902534485
6683.934    	 .974670231342316
6683.972    	 .977567195892334
6684.009    	 .97923755645752
6684.046    	 .979852259159088
6684.084    	 .979350090026855
6684.121    	 .97828996181488
6684.158    	 .977380156517029
6684.195    	 .976827681064606
6684.233    	 .977136552333832
6684.270    	 .978138387203217
6684.307    	 .979978382587433
6684.345    	 .982169449329376
6684.382    	 .984269320964813
6684.419    	 .9855797290802
6684.457    	 .984675347805023
6684.494    	 .982582211494446
6684.531    	 .979608535766602
6684.569    	 .976845383644104
6684.606    	 .975635707378387
6684.643    	 .975086212158203
6684.681    	 .974876761436462
6684.718    	 .974773705005646
6684.755    	 .974661111831665
6684.793    	 .97478049993515
6684.830    	 .975553214550018
6684.867    	 .976413011550903
6684.904    	 .977019786834717
6684.942    	 .977437794208527
6684.979    	 .977514266967773
6685.016    	 .977553367614746
6685.054    	 .977701187133789
6685.091    	 .977942943572998
6685.128    	 .978376090526581
6685.166    	 .978604316711426
6685.203    	 .978197753429413
6685.240    	 .977485537528992
6685.278    	 .976239621639252
6685.315    	 .974928140640259
6685.352    	 .973640024662018
6685.390    	 .97263503074646
6685.427    	 .972352206707001
6685.464    	 .972462236881256
6685.502    	 .973393619060516
6685.539    	 .974418699741364
6685.576    	 .975517392158508
6685.613    	 .976252555847168
6685.651    	 .976062774658203
6685.688    	 .975547015666962
6685.725    	 .974310517311096
6685.763    	 .973139882087708
6685.800    	 .972175538539886
6685.837    	 .971559464931488
6685.875    	 .971775412559509
6685.912    	 .972098469734192
6685.949    	 .972657263278961
6685.987    	 .973030984401703
6686.024    	 .973007678985596
6686.061    	 .973091185092926
6686.099    	 .973383605480194
6686.136    	 .973495602607727
6686.173    	 .973268628120422
6686.210    	 .973276436328888
6686.248    	 .97379058599472
6686.285    	 .974850594997406
6686.322    	 .976842164993286
6686.360    	 .978260397911072
6686.397    	 .978603899478912
6686.434    	 .9784055352211
6686.472    	 .977362453937531
6686.509    	 .976768612861633
6686.546    	 .976984262466431
6686.584    	 .977780938148499
6686.621    	 .979338705539703
6686.658    	 .980099737644196
6686.696    	 .979574263095856
6686.733    	 .97838032245636
6686.770    	 .976410508155823
6686.808    	 .975322723388672
6686.845    	 .975394368171692
6686.882    	 .975337862968445
6686.919    	 .975013613700867
6686.957    	 .974181950092316
6686.994    	 .972851634025574
6687.031    	 .972102820873261
6687.069    	 .972059428691864
6687.106    	 .97212541103363
6687.143    	 .972277343273163
6687.181    	 .972270965576172
6687.218    	 .972016453742981
6687.255    	 .971429765224457
6687.293    	 .970584332942963
6687.330    	 .970063030719757
6687.367    	 .97010600566864
6687.405    	 .971135914325714
6687.442    	 .973040819168091
6687.479    	 .974803626537323
6687.517    	 .976107239723206
6687.554    	 .976161360740662
6687.591    	 .975131571292877
6687.628    	 .973958194255829
6687.666    	 .97301709651947
6687.703    	 .973307967185974
6687.740    	 .974444687366486
6687.778    	 .975295186042786
6687.815    	 .97578626871109
6687.852    	 .975749671459198
6687.890    	 .975408792495728
6687.927    	 .975242555141449
6687.964    	 .975060224533081
6688.002    	 .974460422992706
6688.039    	 .973564743995667
6688.076    	 .972526669502258
6688.114    	 .971516311168671
6688.151    	 .970848441123962
6688.188    	 .970479726791382
6688.225    	 .970471680164337
6688.263    	 .970888912677765
6688.300    	 .97205251455307
6688.337    	 .973601758480072
6688.375    	 .975258886814117
6688.412    	 .976748108863831
6688.449    	 .977600574493408
6688.487    	 .978277385234833
6688.524    	 .979197919368744
6688.561    	 .980067014694214
6688.599    	 .98052316904068
6688.636    	 .980384171009064
6688.673    	 .978962898254395
6688.711    	 .977192461490631
6688.748    	 .975595951080322
6688.785    	 .974349737167358
6688.823    	 .973933279514313
6688.860    	 .973873257637024
6688.897    	 .974183559417725
6688.934    	 .974346339702606
6688.972    	 .973867833614349
6689.009    	 .973079025745392
6689.046    	 .971828460693359
6689.084    	 .970950663089752
6689.121    	 .971294760704041
6689.158    	 .972086131572723
6689.196    	 .973518133163452
6689.233    	 .97480434179306
6689.270    	 .975473880767822
6689.308    	 .975925505161285
6689.345    	 .97600644826889
6689.382    	 .975741684436798
6689.420    	 .974686980247498
6689.457    	 .973697602748871
6689.494    	 .973023951053619
6689.532    	 .972861111164093
6689.569    	 .973936200141907
6689.606    	 .974874675273895
6689.643    	 .975369155406952
6689.681    	 .975444674491882
6689.718    	 .974522948265076
6689.755    	 .97383987903595
6689.793    	 .973735392093658
6689.830    	 .974239885807037
6689.867    	 .976061522960663
6689.905    	 .977507829666138
6689.942    	 .978101849555969
6689.979    	 .977849066257477
6690.017    	 .975932121276855
6690.054    	 .974303126335144
6690.091    	 .973305523395538
6690.129    	 .973085463047028
6690.166    	 .974256873130798
6690.203    	 .975281238555908
6690.240    	 .975912988185883
6690.278    	 .975519180297852
6690.315    	 .973393976688385
6690.352    	 .97097384929657
6690.390    	 .968261539936066
6690.427    	 .966614127159119
6690.464    	 .966714441776276
6690.502    	 .967733025550842
6690.539    	 .969981074333191
6690.576    	 .97181224822998
6690.614    	 .972897708415985
6690.651    	 .973045945167542
6690.688    	 .971981227397919
6690.726    	 .970888316631317
6690.763    	 .969992756843567
6690.800    	 .970181584358215
6690.838    	 .971620678901672
6690.875    	 .972999691963196
6690.912    	 .974270939826965
6690.949    	 .975364446640015
6690.987    	 .976332664489746
6691.024    	 .97755640745163
6691.061    	 .97908079624176
6691.099    	 .980787515640259
6691.136    	 .982420325279236
6691.173    	 .983096122741699
6691.211    	 .982676684856415
6691.248    	 .981364250183105
6691.285    	 .979481875896454
6691.323    	 .978288173675537
6691.360    	 .977782964706421
6691.397    	 .977762579917908
6691.435    	 .977864861488342
6691.472    	 .97711580991745
6691.509    	 .975478827953339
6691.547    	 .972891449928284
6691.584    	 .969940364360809
6691.621    	 .967905282974243
6691.658    	 .966776430606842
6691.696    	 .966711521148682
6691.733    	 .967285990715027
6691.770    	 .967886209487915
6691.808    	 .968577146530151
6691.845    	 .969507277011871
6691.882    	 .970744669437408
6691.920    	 .972545266151428
6691.957    	 .974434852600098
6691.994    	 .975771486759186
6692.032    	 .976519107818604
6692.069    	 .976253271102905
6692.106    	 .975793123245239
6692.144    	 .975995779037476
6692.181    	 .976519227027893
6692.218    	 .977236211299896
6692.255    	 .977672457695007
6692.293    	 .977117717266083
6692.330    	 .975928962230682
6692.367    	 .973853230476379
6692.405    	 .97158282995224
6692.442    	 .969486892223358
6692.479    	 .967830836772919
6692.517    	 .967251181602478
6692.554    	 .967365860939026
6692.591    	 .968675434589386
6692.629    	 .970102250576019
6692.666    	 .971184730529785
6692.703    	 .971770644187927
6692.741    	 .971209824085236
6692.778    	 .970183968544006
6692.815    	 .968404293060303
6692.853    	 .966750025749207
6692.890    	 .96566915512085
6692.927    	 .965257108211517
6692.964    	 .966402411460876
6693.002    	 .96779453754425
6693.039    	 .969497859477997
6693.076    	 .970597982406616
6693.114    	 .970141887664795
6693.151    	 .969585359096527
6693.188    	 .968913316726685
6693.226    	 .96872478723526
6693.263    	 .969701051712036
6693.300    	 .970574021339417
6693.338    	 .971182465553284
6693.375    	 .971219480037689
6693.412    	 .970004737377167
6693.450    	 .968584954738617
6693.487    	 .966785252094269
6693.524    	 .965473294258118
6693.562    	 .965152204036713
6693.599    	 .965228140354156
6693.636    	 .966004312038422
6693.673    	 .966489195823669
6693.711    	 .966450810432434
6693.748    	 .966321408748627
6693.785    	 .966030299663544
6693.823    	 .965670228004456
6693.860    	 .965205609798431
6693.897    	 .964769124984741
6693.935    	 .964404165744781
6693.972    	 .964211344718933
6694.009    	 .96427309513092
6694.047    	 .964388370513916
6694.084    	 .964670181274414
6694.121    	 .965434908866882
6694.159    	 .966871082782745
6694.196    	 .968570470809937
6694.233    	 .970362067222595
6694.271    	 .971109330654144
6694.308    	 .970665633678436
6694.345    	 .970247626304626
6694.382    	 .969993829727173
6694.420    	 .970315754413605
6694.457    	 .971172213554382
6694.494    	 .971802473068237
6694.532    	 .972147464752197
6694.569    	 .972232162952423
6694.606    	 .972090780735016
6694.644    	 .971994519233704
6694.681    	 .971844673156738
6694.718    	 .971354603767395
6694.756    	 .970669627189636
6694.793    	 .970274031162262
6694.830    	 .970431447029114
6694.868    	 .971746027469635
6694.905    	 .973638296127319
6694.942    	 .974680542945862
6694.979    	 .974834382534027
6695.017    	 .973933100700378
6695.054    	 .972544491291046
6695.091    	 .971720933914185
6695.129    	 .971470296382904
6695.166    	 .971988141536713
6695.203    	 .972809731960297
6695.241    	 .973274171352386
6695.278    	 .973493635654449
6695.315    	 .973516345024109
6695.353    	 .973271250724792
6695.390    	 .972499489784241
6695.427    	 .971369504928589
6695.465    	 .969852983951569
6695.502    	 .968435704708099
6695.539    	 .967748701572418
6695.577    	 .967339217662811
6695.614    	 .966968655586243
6695.651    	 .966594457626343
6695.688    	 .966174125671387
6695.726    	 .965747475624084
6695.763    	 .965341627597809
6695.800    	 .964794456958771
6695.838    	 .963846027851105
6695.875    	 .963022410869598
6695.912    	 .962788581848145
6695.950    	 .96294891834259
6695.987    	 .963837563991547
6696.024    	 .964643239974976
6696.062    	 .964893281459808
6696.099    	 .965436220169067
6696.136    	 .966955661773682
6696.174    	 .968765914440155
6696.211    	 .971019923686981
6696.248    	 .972759366035461
6696.286    	 .97308224439621
6696.323    	 .972947299480438
6696.360    	 .971907079219818
6696.397    	 .971100389957428
6696.435    	 .970976173877716
6696.472    	 .970670402050018
6696.509    	 .969873607158661
6696.547    	 .968636631965637
6696.584    	 .9663947224617
6696.621    	 .964481472969055
6696.659    	 .963314235210419
6696.696    	 .962553918361664
6696.733    	 .962599158287048
6696.771    	 .962218463420868
6696.808    	 .961003184318542
6696.845    	 .95977109670639
6696.883    	 .958599388599396
6696.920    	 .958200514316559
6696.957    	 .95919805765152
6696.994    	 .960539519786835
6697.032    	 .962417304515839
6697.069    	 .964080989360809
6697.106    	 .965370178222656
6697.144    	 .96641081571579
6697.181    	 .9671231508255
6697.218    	 .968052446842194
6697.256    	 .969299256801605
6697.293    	 .970625936985016
6697.330    	 .972036123275757
6697.368    	 .973338186740875
6697.405    	 .974449932575226
6697.442    	 .975298643112183
6697.480    	 .975636124610901
6697.517    	 .975065588951111
6697.554    	 .973444581031799
6697.592    	 .971623301506042
6697.629    	 .9696084856987
6697.666    	 .967655122280121
6697.703    	 .965834379196167
6697.741    	 .964299201965332
6697.778    	 .963330388069153
6697.815    	 .963516056537628
6697.853    	 .964795291423798
6697.890    	 .966424882411957
6697.927    	 .968391418457031
6697.965    	 .970546901226044
6698.002    	 .97295880317688
6698.039    	 .975763022899628
6698.077    	 .978411495685577
6698.114    	 .979593992233276
6698.151    	 .978930234909058
6698.189    	 .975379645824432
6698.226    	 .970269739627838
6698.263    	 .96585887670517
6698.301    	 .962446928024292
6698.338    	 .960921406745911
6698.375    	 .960577368736267
6698.412    	 .960801482200623
6698.450    	 .961246192455292
6698.487    	 .961520791053772
6698.524    	 .961717128753662
6698.562    	 .96190732717514
6698.599    	 .962242603302002
6698.636    	 .963007867336273
6698.674    	 .964063882827759
6698.711    	 .965494394302368
6698.748    	 .967021405696869
6698.786    	 .968465745449066
6698.823    	 .969399154186249
6698.860    	 .968984067440033
6698.898    	 .96853244304657
6698.935    	 .968970358371735
6698.972    	 .969865381717682
6699.009    	 .971427321434021
6699.047    	 .972364008426666
6699.084    	 .97127377986908
6699.121    	 .969519972801209
6699.159    	 .966949343681335
6699.196    	 .964737057685852
6699.233    	 .96376097202301
6699.271    	 .963329493999481
6699.308    	 .963927567005157
6699.345    	 .964460372924805
6699.383    	 .964597523212433
6699.420    	 .964554667472839
6699.457    	 .964120984077454
6699.495    	 .963729441165924
6699.532    	 .96347451210022
6699.569    	 .963096618652344
6699.607    	 .962418973445892
6699.644    	 .961647212505341
6699.681    	 .960699677467346
6699.718    	 .960347235202789
6699.756    	 .961291193962097
6699.793    	 .962747752666473
6699.830    	 .965182721614838
6699.868    	 .967205762863159
6699.905    	 .968404114246368
6699.942    	 .969138324260712
6699.980    	 .969073295593262
6700.017    	 .969151198863983
6700.054    	 .969463706016541
6700.092    	 .969756901264191
6700.129    	 .96990841627121
6700.166    	 .969377517700195
6700.204    	 .96778267621994
6700.241    	 .965858995914459
6700.278    	 .963560044765472
6700.316    	 .961685061454773
6700.353    	 .960484564304352
6700.390    	 .959879279136658
6700.427    	 .960078239440918
6700.465    	 .960618317127228
6700.502    	 .961565256118774
6700.539    	 .962570011615753
6700.577    	 .963605463504791
6700.614    	 .964505791664124
6700.651    	 .96522319316864
6700.689    	 .965757489204407
6700.726    	 .965947329998016
6700.763    	 .965479969978333
6700.801    	 .96439653635025
6700.838    	 .963201761245728
6700.875    	 .962034225463867
6700.913    	 .961300373077393
6700.950    	 .960841417312622
6700.987    	 .960164844989777
6701.024    	 .959485113620758
6701.062    	 .959330260753632
6701.099    	 .959650933742523
6701.136    	 .96037632226944
6701.174    	 .961232841014862
6701.211    	 .961697995662689
6701.248    	 .96168851852417
6701.286    	 .960894644260406
6701.323    	 .959781527519226
6701.360    	 .958968102931976
6701.398    	 .958626687526703
6701.435    	 .959268569946289
6701.472    	 .960414588451386
6701.510    	 .961756408214569
6701.547    	 .962915480136871
6701.584    	 .963314116001129
6701.622    	 .962994396686554
6701.659    	 .961419522762299
6701.696    	 .959762930870056
6701.733    	 .959033250808716
6701.771    	 .9587362408638
6701.808    	 .958886325359344
6701.845    	 .958802580833435
6701.883    	 .957770526409149
6701.920    	 .956601798534393
6701.957    	 .955633819103241
6701.995    	 .955155372619629
6702.032    	 .955869734287262
6702.069    	 .956779897212982
6702.107    	 .957707166671753
6702.144    	 .958326756954193
6702.181    	 .958147943019867
6702.219    	 .957936584949493
6702.256    	 .957842171192169
6702.293    	 .958163380622864
6702.331    	 .959509968757629
6702.368    	 .960909008979797
6702.405    	 .96232795715332
6702.442    	 .963338375091553
6702.480    	 .963359832763672
6702.517    	 .963187396526337
6702.554    	 .962598562240601
6702.592    	 .962356925010681
6702.629    	 .962838649749756
6702.666    	 .963189542293549
6702.704    	 .963265955448151
6702.741    	 .963194072246552
6702.778    	 .96287477016449
6702.816    	 .962800443172455
6702.853    	 .96312153339386
6702.890    	 .963199138641357
6702.928    	 .962891101837158
6702.965    	 .962675750255585
6703.002    	 .962626934051514
6703.039    	 .962718904018402
6703.077    	 .962981104850769
6703.114    	 .963059186935425
6703.151    	 .962929308414459
6703.189    	 .963011860847473
6703.226    	 .963401079177856
6703.263    	 .963963687419891
6703.301    	 .964568138122559
6703.338    	 .964428663253784
6703.375    	 .963610291481018
6703.413    	 .963441610336304
6703.450    	 .964217007160187
6703.487    	 .966077506542206
6703.525    	 .968843162059784
6703.562    	 .971006214618683
6703.599    	 .972218215465546
6703.637    	 .971915304660797
6703.674    	 .970233678817749
6703.711    	 .968212425708771
6703.748    	 .966071128845215
6703.786    	 .964449763298035
6703.823    	 .963326275348663
6703.860    	 .962602615356445
6703.898    	 .962047159671783
6703.935    	 .961150825023651
6703.972    	 .96002995967865
6704.010    	 .958873152732849
6704.047    	 .957853138446808
6704.084    	 .957328736782074
6704.122    	 .957303702831268
6704.159    	 .958008468151093
6704.196    	 .959176242351532
6704.234    	 .960677266120911
6704.271    	 .962303936481476
6704.308    	 .963870584964752
6704.346    	 .965057611465454
6704.383    	 .965216875076294
6704.420    	 .964873611927032
6704.457    	 .964141964912415
6704.495    	 .963322758674622
6704.532    	 .962602198123932
6704.569    	 .962027490139008
6704.607    	 .961777091026306
6704.644    	 .961521327495575
6704.681    	 .961038410663605
6704.719    	 .960521996021271
6704.756    	 .960041701793671
6704.793    	 .959779143333435
6704.831    	 .960071384906769
6704.868    	 .960708260536194
6704.905    	 .962035000324249
6704.943    	 .963582932949066
6704.980    	 .965504109859467
6705.017    	 .967014074325562
6705.054    	 .967412710189819
6705.092    	 .967266917228699
6705.129    	 .965897679328918
6705.166    	 .964363694190979
6705.204    	 .962490499019623
6705.241    	 .960643708705902
6705.278    	 .958871304988861
6705.316    	 .957357227802277
6705.353    	 .95643949508667
6705.390    	 .956128597259521
6705.428    	 .957031846046448
6705.465    	 .958028137683868
6705.502    	 .959147989749908
6705.540    	 .959854125976563
6705.577    	 .959846556186676
6705.614    	 .959878981113434
6705.652    	 .960009396076202
6705.689    	 .960350513458252
6705.726    	 .961061716079712
6705.763    	 .962059736251831
6705.801    	 .963397264480591
6705.838    	 .964363396167755
6705.875    	 .964744925498962
6705.913    	 .964678883552551
6705.950    	 .964064836502075
6705.987    	 .963494598865509
6706.025    	 .962894797325134
6706.062    	 .961940348148346
6706.099    	 .960473775863647
6706.137    	 .958474457263947
6706.174    	 .955970764160156
6706.211    	 .953604459762573
6706.249    	 .95154470205307
6706.286    	 .950163781642914
6706.323    	 .949727594852448
6706.361    	 .950584232807159
6706.398    	 .952519297599792
6706.435    	 .954561829566956
6706.472    	 .956559717655182
6706.510    	 .958127319812775
6706.547    	 .959383070468903
6706.584    	 .960593044757843
6706.622    	 .961504518985748
6706.659    	 .961543381214142
6706.696    	 .960810244083405
6706.734    	 .959251642227173
6706.771    	 .957654893398285
6706.808    	 .957300245761871
6706.846    	 .957835257053375
6706.883    	 .959228873252869
6706.920    	 .960780322551727
6706.958    	 .961683094501495
6706.995    	 .962383449077606
6707.032    	 .963241517543793
6707.070    	 .963822245597839
6707.107    	 .963459670543671
6707.144    	 .962616860866547
6707.181    	 .961258351802826
6707.219    	 .959875583648682
6707.256    	 .958811521530151
6707.293    	 .957577109336853
6707.331    	 .955682516098022
6707.368    	 .954004406929016
6707.405    	 .953247606754303
6707.443    	 .952649891376495
6707.480    	 .952072978019714
6707.517    	 .951396882534027
6707.555    	 .950458347797394
6707.592    	 .949835538864136
6707.629    	 .950080096721649
6707.667    	 .950717151165009
6707.704    	 .952196061611176
6707.741    	 .9540114402771
6707.778    	 .956581950187683
6707.816    	 .958880364894867
6707.853    	 .960498631000519
6707.890    	 .961397111415863
6707.928    	 .960713028907776
6707.965    	 .959818959236145
6708.002    	 .958538770675659
6708.040    	 .957687079906464
6708.077    	 .95769864320755
6708.114    	 .958154737949371
6708.152    	 .959374666213989
6708.189    	 .960427641868591
6708.226    	 .961117744445801
6708.264    	 .961234509944916
6708.301    	 .960499823093414
6708.338    	 .959949672222137
6708.376    	 .959681630134583
6708.413    	 .959505796432495
6708.450    	 .959361732006073
6708.487    	 .958759009838104
6708.525    	 .957488119602203
6708.562    	 .955770432949066
6708.599    	 .953657925128937
6708.637    	 .952091038227081
6708.674    	 .951300919055939
6708.711    	 .951290965080261
6708.749    	 .952126502990723
6708.786    	 .953210473060608
6708.823    	 .954434156417847
6708.861    	 .955310523509979
6708.898    	 .955765545368195
6708.935    	 .955775320529938
6708.973    	 .955552995204926
6709.010    	 .955761551856995
6709.047    	 .956324338912964
6709.085    	 .957016468048096
6709.122    	 .957660377025604
6709.159    	 .957857310771942
6709.196    	 .95755136013031
6709.234    	 .956518828868866
6709.271    	 .955106377601624
6709.308    	 .953787207603455
6709.346    	 .95280909538269
6709.383    	 .952723741531372
6709.420    	 .953377723693848
6709.458    	 .955000698566437
6709.495    	 .957187354564667
6709.532    	 .95984148979187
6709.570    	 .9624382853508
6709.607    	 .964377343654633
6709.644    	 .965461254119873
6709.682    	 .964755892753601
6709.719    	 0
6709.756    	 0
6709.793    	 0
6709.831    	 0
