6510.01 0.0106221 0
6510.05 0.0108782 0
6510.08 0.0115022 0
6510.12 0.0121074 0
6510.16 0.0125427 0
6510.2 0.0126752 0
6510.23 0.0120529 0
6510.27 0.0111203 0
6510.31 0.00994998 0
6510.35 0.00880563 0
6510.38 0.00805508 0
6510.42 0.00777007 0
6510.46 0.00835256 0
6510.49 0.00968271 0
6510.53 0.0116444 0
6510.57 0.014017 0
6510.61 0.0159621 0
6510.64 0.0173047 0
6510.68 0.0177857 0
6510.72 0.0172702 0
6510.76 0.0168869 0
6510.79 0.0167074 0
6510.83 0.0166661 0
6510.87 0.0168454 0
6510.9 0.0168664 0
6510.94 0.016578 0
6510.98 0.0166682 0
6511.02 0.0176545 0
6511.05 0.0183688 0
6511.09 0.0183943 0
6511.13 0.0178594 0
6511.17 0.0159575 0
6511.2 0.013804 0
6511.24 0.0114788 0
6511.28 0.00930329 0
6511.32 0.00766388 0
6511.35 0.00629047 0
6511.39 0.00519262 0
6511.43 0.00428189 0
6511.47 0.00359174 0
6511.5 0.00302886 0
6511.54 0.00248658 0
6511.58 0.00177698 0
6511.61 0.000385107 0
6511.65 -0.00212284 0
6511.69 -0.00690415 0
6511.73 -0.0148339 0
6511.76 -0.0268807 0
6511.8 -0.0441709 0
6511.84 -0.0630555 0
6511.88 -0.083857 0
6511.91 -0.101666 0
6511.95 -0.114128 0
6511.99 -0.123257 0
6512.02 -0.125632 0
6512.06 -0.126887 0
6512.1 -0.125446 0
6512.14 -0.123104 0
6512.17 -0.118469 0
6512.21 -0.111611 0
6512.25 -0.099292 0
6512.29 -0.0851164 0
6512.32 -0.0680103 0
6512.36 -0.051091 0
6512.4 -0.0366347 0
6512.44 -0.0242496 0
6512.47 -0.0156492 0
6512.51 -0.00935507 0
6512.55 -0.00514594 0
6512.58 -0.00289982 0
6512.62 -0.00340958 0
6512.66 -0.00611517 0
6512.7 -0.00992737 0
6512.73 -0.0139059 0
6512.77 -0.0146796 0
6512.81 -0.0120369 0
6512.85 -0.00855996 0
6512.88 -0.00435051 0
6512.92 -0.00177504 0
6512.96 -0.0015786 0
6512.99 -0.00163821 0
6513.03 -0.00211682 0
6513.07 -0.00235507 0
6513.11 -0.00210645 0
6513.14 -0.00161699 0
6513.18 -0.000551489 0
6513.22 0.000489736 0
6513.26 0.00147174 0
6513.29 0.00147066 0
6513.33 -0.00109957 0
6513.37 -0.00486901 0
6513.4 -0.0109301 0
6513.44 -0.0175158 0
6513.48 -0.0241143 0
6513.52 -0.029634 0
6513.56 -0.0319144 0
6513.59 -0.0318114 0
6513.63 -0.0285523 0
6513.67 -0.0236323 0
6513.7 -0.0189277 0
6513.74 -0.0147865 0
6513.78 -0.0121954 0
6513.82 -0.0108786 0
6513.85 -0.00953403 0
6513.89 -0.00825828 0
6513.93 -0.00743972 0
6513.97 -0.00754201 0
6514 -0.00982387 0
6514.04 -0.0154586 0
6514.08 -0.023249 0
6514.11 -0.0346481 0
6514.15 -0.0462464 0
6514.19 -0.0581848 0
6514.23 -0.0677604 0
6514.26 -0.0718161 0
6514.3 -0.0745022 0
6514.34 -0.0737347 0
6514.38 -0.0752592 0
6514.41 -0.0831965 0
6514.45 -0.097348 0
6514.49 -0.126119 0
6514.52 -0.161646 0
6514.56 -0.207509 0
6514.6 -0.253316 0
6514.64 -0.289621 0
6514.67 -0.314289 0
6514.71 -0.314629 0
6514.75 -0.297323 0
6514.79 -0.263468 0
6514.82 -0.21906 0
6514.86 -0.175412 0
6514.9 -0.134294 0
6514.94 -0.10095 0
6514.97 -0.0761639 0
6515.01 -0.0565605 0
6515.05 -0.043263 0
6515.08 -0.0321365 0
6515.12 -0.0241351 0
6515.16 -0.017463 0
6515.2 -0.0130497 0
6515.23 -0.0100371 0
6515.27 -0.0097046 0
6515.31 -0.010314 0
6515.35 -0.0130295 0
6515.38 -0.015539 0
6515.42 -0.0175346 0
6515.46 -0.0203327 0
6515.49 -0.0252412 0
6515.53 -0.0322681 0
6515.57 -0.0443766 0
6515.61 -0.0595024 0
6515.64 -0.0803976 0
6515.68 -0.102685 0
6515.72 -0.12438 0
6515.76 -0.142851 0
6515.79 -0.152087 0
6515.83 -0.153868 0
6515.87 -0.145912 0
6515.9 -0.131266 0
6515.94 -0.113896 0
6515.98 -0.0951824 0
6516.02 -0.0791305 0
6516.06 -0.0666025 0
6516.09 -0.0590202 0
6516.13 -0.0581236 0
6516.17 -0.0642449 0
6516.2 -0.0806958 0
6516.24 -0.105937 0
6516.28 -0.14529 0
6516.32 -0.192332 0
6516.35 -0.253122 0
6516.39 -0.315279 0
6516.43 -0.380314 0
6516.47 -0.436771 0
6516.5 -0.472016 0
6516.54 -0.493069 0
6516.58 -0.478018 0
6516.61 -0.450689 0
6516.65 -0.397995 0
6516.69 -0.340704 0
6516.73 -0.281393 0
6516.76 -0.226965 0
6516.8 -0.18786 0
6516.84 -0.160123 0
6516.88 -0.151216 0
6516.91 -0.153173 0
6516.95 -0.163518 0
6516.99 -0.176866 0
6517.02 -0.184639 0
6517.06 -0.185966 0
6517.1 -0.177464 0
6517.14 -0.159703 0
6517.17 -0.137243 0
6517.21 -0.110554 0
6517.25 -0.0858496 0
6517.29 -0.0642581 0
6517.32 -0.0470822 0
6517.36 -0.0364037 0
6517.4 -0.0284025 0
6517.44 -0.0248169 0
6517.47 -0.0216113 0
6517.51 -0.0191492 0
6517.55 -0.0170503 0
6517.59 -0.015778 0
6517.62 -0.0154965 0
6517.66 -0.0177019 0
6517.7 -0.021664 0
6517.73 -0.029946 0
6517.77 -0.0410952 0
6517.81 -0.0586603 0
6517.85 -0.0781379 0
6517.88 -0.0995308 0
6517.92 -0.118555 0
6517.96 -0.129098 0
6517.99 -0.13277 0
6518.03 -0.125166 0
6518.07 -0.110799 0
6518.11 -0.0922384 0
6518.14 -0.0718082 0
6518.18 -0.053752 0
6518.22 -0.0386696 0
6518.26 -0.0282909 0
6518.29 -0.0231151 0
6518.33 -0.0223275 0
6518.37 -0.0263024 0
6518.41 -0.0308054 0
6518.44 -0.035627 0
6518.48 -0.0383203 0
6518.52 -0.0378522 0
6518.56 -0.0372817 0
6518.59 -0.0365362 0
6518.63 -0.0358357 0
6518.67 -0.0352247 0
6518.7 -0.0343651 0
6518.74 -0.0329042 0
6518.78 -0.0317435 0
6518.82 -0.0313446 0
6518.85 -0.0320241 0
6518.89 -0.035407 0
6518.93 -0.040373 0
6518.97 -0.0486341 0
6519 -0.0578461 0
6519.04 -0.0677006 0
6519.08 -0.0772529 0
6519.11 -0.0853183 0
6519.15 -0.0937358 0
6519.19 -0.105175 0
6519.23 -0.120372 0
6519.26 -0.14287 0
6519.3 -0.169971 0
6519.34 -0.196702 0
6519.38 -0.220269 0
6519.41 -0.232392 0
6519.45 -0.231211 0
6519.49 -0.218395 0
6519.52 -0.192032 0
6519.56 -0.162421 0
6519.6 -0.129045 0
6519.64 -0.0989212 0
6519.67 -0.0742519 0
6519.71 -0.0536695 0
6519.75 -0.040603 0
6519.79 -0.0296007 0
6519.82 -0.0229918 0
6519.86 -0.0168492 0
6519.9 -0.0118635 0
6519.94 -0.00729102 0
6519.97 -0.00375411 0
6520.01 -0.000914816 0
6520.05 0.000295716 0
6520.09 0.00106949 0
6520.12 0.00133052 0
6520.16 0.00167214 0
6520.2 0.00259032 0
6520.23 0.00358748 0
6520.27 0.00425479 0
6520.31 0.00466924 0
6520.35 0.00473028 0
6520.38 0.00430401 0
6520.42 0.00287531 0
6520.46 0.000713265 0
6520.49 -0.0016885 0
6520.53 -0.00403469 0
6520.57 -0.00537577 0
6520.61 -0.00566818 0
6520.64 -0.00557194 0
6520.68 -0.00496754 0
6520.72 -0.00400793 0
6520.76 -0.0025289 0
6520.79 -0.000755882 0
6520.83 0.00144396 0
6520.87 0.00331744 0
6520.91 0.0045588 0
6520.94 0.00518722 0
6520.98 0.00449031 0
6521.02 0.00370945 0
6521.06 0.00271663 0
6521.09 0.00212643 0
6521.13 0.00257275 0
6521.17 0.00329264 0
6521.2 0.00451088 0
6521.24 0.0057915 0
6521.28 0.00702653 0
6521.32 0.00788361 0
6521.35 0.00769408 0
6521.39 0.0065846 0
6521.43 0.00376031 0
6521.47 0.000466765 0
6521.5 -0.00195237 0
6521.54 -0.00364825 0
6521.58 -0.00450496 0
6521.61 -0.00509852 0
6521.65 -0.00678954 0
6521.69 -0.00963671 0
6521.73 -0.0135854 0
6521.76 -0.018504 0
6521.8 -0.023013 0
6521.84 -0.02694 0
6521.88 -0.030238 0
6521.91 -0.0326277 0
6521.95 -0.0345419 0
6521.99 -0.0357706 0
6522.02 -0.0375707 0
6522.06 -0.0403902 0
6522.1 -0.0427044 0
6522.14 -0.0439373 0
6522.17 -0.0433613 0
6522.21 -0.0382951 0
6522.25 -0.0327729 0
6522.29 -0.0261807 0
6522.32 -0.0199006 0
6522.36 -0.0146664 0
6522.4 -0.00941478 0
6522.44 -0.00367474 0
6522.47 0.00173675 0
6522.51 0.00588867 0
6522.55 0.00869637 0
6522.59 0.00871643 0
6522.62 0.0072624 0
6522.66 0.00489355 0
6522.7 0.00182268 0
6522.73 -0.00197559 0
6522.77 -0.00615664 0
6522.81 -0.0100037 0
6522.85 -0.0131934 0
6522.88 -0.0148027 0
6522.92 -0.0149573 0
6522.96 -0.0152445 0
6522.99 -0.0160168 0
6523.03 -0.01856 0
6523.07 -0.0236493 0
6523.11 -0.0302616 0
6523.15 -0.0391614 0
6523.18 -0.0477536 0
6523.22 -0.0556667 0
6523.26 -0.0615257 0
6523.29 -0.0630959 0
6523.33 -0.0638574 0
6523.37 -0.062636 0
6523.41 -0.0628167 0
6523.44 -0.0665636 0
6523.48 -0.0726785 0
6523.52 -0.0844031 0
6523.56 -0.0989759 0
6523.59 -0.119188 0
6523.63 -0.14221 0
6523.67 -0.16972 0
6523.7 -0.196732 0
6523.74 -0.218255 0
6523.78 -0.232592 0
6523.82 -0.23141 0
6523.85 -0.218982 0
6523.89 -0.195273 0
6523.93 -0.164551 0
6523.97 -0.13379 0
6524 -0.104156 0
6524.04 -0.0790093 0
6524.08 -0.0587918 0
6524.11 -0.0425371 0
6524.15 -0.0309701 0
6524.19 -0.0218611 0
6524.23 -0.0160577 0
6524.26 -0.0117869 0
6524.3 -0.00978814 0
6524.34 -0.00816349 0
6524.38 -0.00718666 0
6524.41 -0.00630929 0
6524.45 -0.00562872 0
6524.49 -0.00500711 0
6524.52 -0.00451846 0
6524.56 -0.00388488 0
6524.6 -0.00288572 0
6524.64 -0.0017639 0
6524.67 -0.000357327 0
6524.71 0.000940553 0
6524.75 0.00185667 0
6524.79 0.0027333 0
6524.82 0.00369894 0
6524.86 0.00493962 0
6524.9 0.00691461 0
6524.94 0.00913851 0
6524.97 0.0113037 0
6525.01 0.0131581 0
6525.05 0.0140974 0
6525.09 0.014438 0
6525.12 0.0145308 0
6525.16 0.0144256 0
6525.2 0.0142147 0
6525.23 0.0139001 0
6525.27 0.0135148 0
6525.31 0.0129571 0
6525.35 0.0119104 0
6525.38 0.0102389 0
6525.42 0.00823658 0
6525.46 0.00572671 0
6525.49 0.00284718 0
6525.53 -0.000656353 0
6525.57 -0.00456628 0
6525.61 -0.00920766 0
6525.65 -0.0135832 0
6525.68 -0.0173969 0
6525.72 -0.0201499 0
6525.76 -0.0202713 0
6525.79 -0.0194818 0
6525.83 -0.0164082 0
6525.87 -0.012732 0
6525.91 -0.00791209 0
6525.94 -0.00328386 0
6525.98 0.000374512 0
6526.02 0.00312999 0
6526.06 0.00394011 0
6526.09 0.00393528 0
6526.13 0.00331421 0
6526.17 0.00265765 0
6526.2 0.00268095 0
6526.24 0.00311899 0
6526.28 0.00377085 0
6526.32 0.00451813 0
6526.35 0.0051278 0
6526.39 0.00550606 0
6526.43 0.0054064 0
6526.47 0.00493446 0
6526.5 0.00468379 0
6526.54 0.00481093 0
6526.58 0.00563903 0
6526.61 0.0072983 0
6526.65 0.0087472 0
6526.69 0.00979621 0
6526.73 0.0100703 0
6526.76 0.00898231 0
6526.8 0.00721158 0
6526.84 0.0041311 0
6526.88 0.00158541 0
6526.91 0.000259623 0
6526.95 -0.000301406 0
6526.99 0.00104333 0
6527.02 0.00235859 0
6527.06 0.00345717 0
6527.1 0.00424657 0
6527.14 0.00427852 0
6527.18 0.00404566 0
6527.21 0.00343299 0
6527.25 0.00266731 0
6527.29 0.00173585 0
6527.32 0.000478997 0
6527.36 -0.00159545 0
6527.4 -0.00430568 0
6527.44 -0.00790134 0
6527.47 -0.011648 0
6527.51 -0.0142752 0
6527.55 -0.0154616 0
6527.59 -0.0141034 0
6527.62 -0.0104917 0
6527.66 -0.00589474 0
6527.7 -0.000592794 0
6527.73 0.00378301 0
6527.77 0.0069516 0
6527.81 0.00911167 0
6527.85 0.00986974 0
6527.88 0.0099028 0
6527.92 0.00887009 0
6527.96 0.00791603 0
6527.99 0.00715658 0
6528.03 0.0071147 0
6528.07 0.00850724 0
6528.11 0.00979819 0
6528.15 0.0108554 0
6528.18 0.0118326 0
6528.22 0.0126154 0
6528.26 0.0133918 0
6528.29 0.0141671 0
6528.33 0.0145102 0
6528.37 0.0137008 0
6528.41 0.0125106 0
6528.44 0.0108621 0
6528.48 0.00910121 0
6528.52 0.00736123 0
6528.56 0.00590516 0
6528.59 0.00528394 0
6528.63 0.00534093 0
6528.67 0.0063594 0
6528.7 0.00796113 0
6528.74 0.00973054 0
6528.78 0.011501 0
6528.82 0.0128736 0
6528.85 0.0138006 0
6528.89 0.0142138 0
6528.93 0.0140632 0
6528.97 0.0135585 0
6529 0.0126565 0
6529.04 0.0117419 0
6529.08 0.010864 0
6529.11 0.0103088 0
6529.15 0.0102745 0
6529.19 0.0105266 0
6529.23 0.0112302 0
6529.26 0.0113127 0
6529.3 0.010137 0
6529.34 0.00874647 0
6529.38 0.00685028 0
6529.41 0.00536201 0
6529.45 0.00490308 0
6529.49 0.00447455 0
6529.52 0.00401531 0
6529.56 0.00344339 0
6529.6 0.00258033 0
6529.64 0.00185051 0
6529.68 0.00164044 0
6529.71 0.00189521 0
6529.75 0.00309747 0
6529.79 0.00461658 0
6529.82 0.00609041 0
6529.86 0.00729453 0
6529.9 0.00770643 0
6529.94 0.00767978 0
6529.97 0.00764601 0
6530.01 0.00769756 0
6530.05 0.00807744 0
6530.09 0.00864137 0
6530.12 0.00890099 0
6530.16 0.00880295 0
6530.2 0.00838022 0
6530.23 0.007505 0
6530.27 0.00613021 0
6530.31 0.00386059 0
6530.35 -1.1302e-05 0
6530.38 -0.00648196 0
6530.42 -0.0148191 0
6530.46 -0.026248 0
6530.5 -0.0364043 0
6530.53 -0.0439442 0
6530.57 -0.0482746 0
6530.61 -0.0452173 0
6530.65 -0.0409705 0
6530.68 -0.0337337 0
6530.72 -0.0268138 0
6530.76 -0.0209606 0
6530.79 -0.0156244 0
6530.83 -0.0113806 0
6530.87 -0.00780965 0
6530.91 -0.00556748 0
6530.94 -0.0041303 0
6530.98 -0.00404847 0
6531.02 -0.00447834 0
6531.06 -0.00509106 0
6531.09 -0.00550891 0
6531.13 -0.00506257 0
6531.17 -0.00402292 0
6531.2 -0.00252241 0
6531.24 -0.000778357 0
6531.28 0.000775561 0
6531.32 0.00208848 0
6531.35 0.00302474 0
6531.39 0.00363128 0
6531.43 0.00425837 0
6531.47 0.00489936 0
6531.5 0.00551076 0
6531.54 0.00600094 0
6531.58 0.00600693 0
6531.61 0.00524653 0
6531.65 0.0038609 0
6531.69 0.0014752 0
6531.73 -0.000630551 0
6531.76 -0.00220139 0
6531.8 -0.00360993 0
6531.84 -0.00465635 0
6531.88 -0.00650146 0
6531.91 -0.0103324 0
6531.95 -0.015534 0
6531.99 -0.0241662 0
6532.02 -0.035162 0
6532.06 -0.0516856 0
6532.1 -0.0719301 0
6532.14 -0.100104 0
6532.18 -0.130598 0
6532.21 -0.162701 0
6532.25 -0.191859 0
6532.29 -0.210954 0
6532.32 -0.221413 0
6532.36 -0.217375 0
6532.4 -0.203771 0
6532.44 -0.181967 0
6532.47 -0.155298 0
6532.51 -0.128584 0
6532.55 -0.102831 0
6532.59 -0.0808045 0
6532.62 -0.0627239 0
6532.66 -0.0480271 0
6532.7 -0.0369649 0
6532.73 -0.0273633 0
6532.77 -0.0196415 0
6532.81 -0.0130323 0
6532.85 -0.00804311 0
6532.88 -0.00399394 0
6532.92 -0.00144478 0
6532.96 0.000536968 0
6533 0.00148459 0
6533.03 0.00202541 0
6533.07 0.0017294 0
6533.11 0.001358 0
6533.15 0.00081219 0
6533.18 0.000555353 0
6533.22 0.00102286 0
6533.26 0.00155512 0
6533.29 0.00216845 0
6533.33 0.00230809 0
6533.37 0.00115759 0
6533.41 -0.000289215 0
6533.44 -0.00192016 0
6533.48 -0.00369387 0
6533.52 -0.00573837 0
6533.56 -0.00845124 0
6533.59 -0.0128917 0
6533.63 -0.0185838 0
6533.67 -0.0258835 0
6533.7 -0.034582 0
6533.74 -0.0451039 0
6533.78 -0.057285 0
6533.82 -0.0712331 0
6533.85 -0.086295 0
6533.89 -0.10049 0
6533.93 -0.113051 0
6533.97 -0.121939 0
6534 -0.126136 0
6534.04 -0.126126 0
6534.08 -0.120653 0
6534.11 -0.112976 0
6534.15 -0.102185 0
6534.19 -0.0910977 0
6534.23 -0.0795862 0
6534.26 -0.0685914 0
6534.3 -0.05863 0
6534.34 -0.0500429 0
6534.38 -0.0443981 0
6534.41 -0.0399775 0
6534.45 -0.038587 0
6534.49 -0.0377724 0
6534.53 -0.03842 0
6534.56 -0.0393825 0
6534.6 -0.0409334 0
6534.64 -0.0424772 0
6534.68 -0.0438016 0
6534.71 -0.0448742 0
6534.75 -0.0453702 0
6534.79 -0.0454259 0
6534.82 -0.0446735 0
6534.86 -0.0436459 0
6534.9 -0.0426717 0
6534.94 -0.0415131 0
6534.97 -0.0396887 0
6535.01 -0.0371639 0
6535.05 -0.0335212 0
6535.09 -0.0290297 0
6535.12 -0.0241498 0
6535.16 -0.0191807 0
6535.2 -0.0150526 0
6535.23 -0.0118228 0
6535.27 -0.0091455 0
6535.31 -0.00706075 0
6535.35 -0.00499133 0
6535.38 -0.00300671 0
6535.42 -0.00141255 0
6535.46 -0.000486045 0
6535.5 -0.000381606 0
6535.53 -0.00167072 0
6535.57 -0.00335962 0
6535.61 -0.00579771 0
6535.65 -0.00809459 0
6535.68 -0.0100829 0
6535.72 -0.0117242 0
6535.76 -0.0125142 0
6535.79 -0.0129887 0
6535.83 -0.0126768 0
6535.87 -0.0123471 0
6535.91 -0.0121091 0
6535.94 -0.0122422 0
6535.98 -0.0133532 0
6536.02 -0.0145247 0
6536.06 -0.015307 0
6536.09 -0.0155557 0
6536.13 -0.0145862 0
6536.17 -0.0130512 0
6536.2 -0.0111557 0
6536.24 -0.00946101 0
6536.28 -0.0089229 0
6536.32 -0.00928041 0
6536.35 -0.0105041 0
6536.39 -0.0129988 0
6536.43 -0.0180168 0
6536.47 -0.0257764 0
6536.5 -0.0365059 0
6536.54 -0.0498505 0
6536.58 -0.0627256 0
6536.61 -0.0744213 0
6536.65 -0.0827845 0
6536.69 -0.0864448 0
6536.73 -0.0866464 0
6536.76 -0.0816735 0
6536.8 -0.0747664 0
6536.84 -0.0646823 0
6536.88 -0.0542615 0
6536.91 -0.0432433 0
6536.95 -0.0329335 0
6536.99 -0.0241428 0
6537.03 -0.0167032 0
6537.06 -0.0126217 0
6537.1 -0.00973455 0
6537.14 -0.00986167 0
6537.18 -0.0103614 0
6537.21 -0.0113374 0
6537.25 -0.0119604 0
6537.29 -0.0114906 0
6537.32 -0.0106002 0
6537.36 -0.00914196 0
6537.4 -0.00774508 0
6537.44 -0.00698911 0
6537.47 -0.00658656 0
6537.51 -0.00656824 0
6537.55 -0.00653617 0
6537.59 -0.00590433 0
6537.62 -0.00469551 0
6537.66 -0.00265759 0
6537.7 -0.000231619 0
6537.73 0.00166522 0
6537.77 0.00290791 0
6537.81 0.00321089 0
6537.85 0.00256861 0
6537.88 0.00143664 0
6537.92 -8.26188e-05 0
6537.96 -0.00105568 0
6538 -0.00136644 0
6538.03 -0.00154594 0
6538.07 -0.00157904 0
6538.11 -0.00182809 0
6538.15 -0.00236574 0
6538.18 -0.00230246 0
6538.22 -0.0011159 0
6538.26 0.000601936 0
6538.29 0.00341947 0
6538.33 0.00558959 0
6538.37 0.00619606 0
6538.41 0.0065014 0
6538.44 0.00605099 0
6538.48 0.0058912 0
6538.52 0.00657873 0
6538.56 0.00713496 0
6538.59 0.00707911 0
6538.63 0.00634457 0
6538.67 0.0040318 0
6538.7 0.0016492 0
6538.74 0.000144774 0
6538.78 -0.000679592 0
6538.82 -0.000333154 0
6538.85 0.000383 0
6538.89 0.000786547 0
6538.93 0.0011655 0
6538.97 0.00194714 0
6539 0.00300506 0
6539.04 0.00417324 0
6539.08 0.00525472 0
6539.11 0.00576144 0
6539.15 0.00577417 0
6539.19 0.00569432 0
6539.23 0.0054766 0
6539.27 0.00502015 0
6539.3 0.00424827 0
6539.34 0.00330705 0
6539.38 0.00215912 0
6539.41 0.00109369 0
6539.45 0.000174789 0
6539.49 -0.000407008 0
6539.53 -0.000340188 0
6539.56 0.000548439 0
6539.6 0.00303836 0
6539.64 0.00549214 0
6539.68 0.00784119 0
6539.71 0.00946348 0
6539.75 0.00928494 0
6539.79 0.00855427 0
6539.82 0.00649146 0
6539.86 0.00449864 0
6539.9 0.00291129 0
6539.94 0.0017674 0
6539.97 0.00167406 0
6540.01 0.00206643 0
6540.05 0.00323745 0
6540.09 0.00416414 0
6540.12 0.00376293 0
6540.16 0.00233044 0
6540.2 -0.00074556 0
6540.23 -0.00440412 0
6540.27 -0.00762159 0
6540.31 -0.0102032 0
6540.35 -0.0114626 0
6540.38 -0.0116208 0
6540.42 -0.0108398 0
6540.46 -0.00925193 0
6540.5 -0.00733062 0
6540.53 -0.00512874 0
6540.57 -0.00300407 0
6540.61 -0.00106397 0
6540.65 0.000451783 0
6540.68 0.00148128 0
6540.72 0.00258003 0
6540.76 0.00383027 0
6540.79 0.00558546 0
6540.83 0.0080666 0
6540.87 0.0100321 0
6540.91 0.0110948 0
6540.94 0.0120305 0
6540.98 0.0126879 0
6541.02 0.0133755 0
6541.06 0.0141408 0
6541.09 0.0146647 0
6541.13 0.0146053 0
6541.17 0.0143798 0
6541.2 0.013742 0
6541.24 0.0129876 0
6541.28 0.0120278 0
6541.32 0.0115328 0
6541.35 0.0124101 0
6541.39 0.0136262 0
6541.43 0.0149527 0
6541.47 0.0161287 0
6541.5 0.0168018 0
6541.54 0.0172375 0
6541.58 0.0174954 0
6541.61 0.0175432 0
6541.65 0.0171804 0
6541.69 0.016532 0
6541.73 0.0157317 0
6541.77 0.0148669 0
6541.8 0.0140972 0
6541.84 0.0132382 0
6541.88 0.0117321 0
6541.91 0.00892512 0
6541.95 0.00311291 0
6541.99 -0.00632205 0
6542.03 -0.0182274 0
6542.06 -0.0331034 0
6542.1 -0.0482047 0
6542.14 -0.0632886 0
6542.18 -0.0762641 0
6542.21 -0.0855882 0
6542.25 -0.0917291 0
6542.29 -0.0920612 0
6542.32 -0.0899418 0
6542.36 -0.0828162 0
6542.4 -0.0744732 0
6542.44 -0.0632905 0
6542.47 -0.0522035 0
6542.51 -0.0413724 0
6542.55 -0.0313581 0
6542.59 -0.0234083 0
6542.62 -0.0162556 0
6542.66 -0.0107009 0
6542.7 -0.00589047 0
6542.73 -0.00243247 0
6542.77 -2.21705e-05 0
6542.81 0.000305793 0
6542.85 -0.000389355 0
6542.88 -0.00230951 0
6542.92 -0.00452592 0
6542.96 -0.00625925 0
6543 -0.00738585 0
6543.03 -0.00725698 0
6543.07 -0.00628182 0
6543.11 -0.00480487 0
6543.15 -0.00315883 0
6543.18 -0.00208298 0
6543.22 -0.00156775 0
6543.26 -0.00150191 0
6543.3 -0.0018598 0
6543.33 -0.00235464 0
6543.37 -0.00318756 0
6543.41 -0.00497824 0
6543.44 -0.00831042 0
6543.48 -0.0139505 0
6543.52 -0.0232062 0
6543.56 -0.0359483 0
6543.59 -0.0544707 0
6543.63 -0.076834 0
6543.67 -0.105965 0
6543.7 -0.136477 0
6543.74 -0.169605 0
6543.78 -0.199722 0
6543.82 -0.223067 0
6543.85 -0.24016 0
6543.89 -0.241681 0
6543.93 -0.23746 0
6543.97 -0.219248 0
6544 -0.197775 0
6544.04 -0.170489 0
6544.08 -0.142737 0
6544.11 -0.115845 0
6544.15 -0.090567 0
6544.19 -0.0692994 0
6544.23 -0.0507313 0
6544.27 -0.0367845 0
6544.3 -0.0254878 0
6544.34 -0.0172869 0
6544.38 -0.0107347 0
6544.41 -0.00517502 0
6544.45 -0.000561702 0
6544.49 0.00263342 0
6544.53 0.00467574 0
6544.56 0.00576357 0
6544.6 0.00626286 0
6544.64 0.00713481 0
6544.68 0.00823317 0
6544.71 0.00897112 0
6544.75 0.00922992 0
6544.79 0.00889248 0
6544.82 0.00791879 0
6544.86 0.0070609 0
6544.9 0.00644283 0
6544.94 0.00639896 0
6544.97 0.00727353 0
6545.01 0.00878741 0
6545.05 0.0113544 0
6545.09 0.0139181 0
6545.12 0.0164233 0
6545.16 0.0180659 0
6545.2 0.0178731 0
6545.23 0.0169131 0
6545.27 0.0141003 0
6545.31 0.0109854 0
6545.35 0.00710534 0
6545.38 0.00302274 0
6545.42 -0.00149063 0
6545.46 -0.00618577 0
6545.5 -0.011247 0
6545.53 -0.0164499 0
6545.57 -0.0218705 0
6545.61 -0.0271119 0
6545.65 -0.0316972 0
6545.68 -0.0354957 0
6545.72 -0.0375831 0
6545.76 -0.0383393 0
6545.8 -0.0370441 0
6545.83 -0.0345242 0
6545.87 -0.0311635 0
6545.91 -0.027267 0
6545.94 -0.0231577 0
6545.98 -0.0185736 0
6546.02 -0.0127907 0
6546.06 -0.00630153 0
6546.09 -0.000639113 0
6546.13 0.00386117 0
6546.17 0.00656249 0
6546.2 0.00727558 0
6546.24 0.00727227 0
6546.28 0.00642785 0
6546.32 0.00553833 0
6546.35 0.00464768 0
6546.39 0.00412136 0
6546.43 0.00414386 0
6546.47 0.00418384 0
6546.5 0.00424568 0
6546.54 0.00420225 0
6546.58 0.00395636 0
6546.62 0.00371651 0
6546.65 0.00348654 0
6546.69 0.00332877 0
6546.73 0.00335077 0
6546.77 0.0034271 0
6546.8 0.00364025 0
6546.84 0.00371897 0
6546.88 0.00342645 0
6546.91 0.00264025 0
6546.95 0.000656747 0
6546.99 -0.00150922 0
6547.03 -0.0035793 0
6547.06 -0.00512564 0
6547.1 -0.00525125 0
6547.14 -0.00495986 0
6547.18 -0.00478871 0
6547.21 -0.00492575 0
6547.25 -0.00586846 0
6547.29 -0.00780973 0
6547.32 -0.0117123 0
6547.36 -0.0178789 0
6547.4 -0.0278973 0
6547.44 -0.0410052 0
6547.47 -0.0558747 0
6547.51 -0.071707 0
6547.55 -0.0858992 0
6547.59 -0.0976686 0
6547.62 -0.10544 0
6547.66 -0.108298 0
6547.7 -0.107457 0
6547.73 -0.10188 0
6547.77 -0.0942208 0
6547.81 -0.0836888 0
6547.85 -0.0726173 0
6547.88 -0.06087 0
6547.92 -0.0503004 0
6547.96 -0.0418744 0
6548 -0.0347675 0
6548.03 -0.0302569 0
6548.07 -0.0263769 0
6548.11 -0.0238883 0
6548.15 -0.0226669 0
6548.18 -0.0245889 0
6548.22 -0.0287446 0
6548.26 -0.0385131 0
6548.3 -0.0508788 0
6548.33 -0.0691233 0
6548.37 -0.0894332 0
6548.41 -0.113401 0
6548.44 -0.137141 0
6548.48 -0.158442 0
6548.52 -0.176034 0
6548.56 -0.184821 0
6548.59 -0.188084 0
6548.63 -0.183319 0
6548.67 -0.173939 0
6548.7 -0.160094 0
6548.74 -0.143581 0
6548.78 -0.125347 0
6548.82 -0.10643 0
6548.85 -0.0884997 0
6548.89 -0.0719607 0
6548.93 -0.0580828 0
6548.97 -0.047075 0
6549 -0.039256 0
6549.04 -0.0345805 0
6549.08 -0.0312462 0
6549.12 -0.0291468 0
6549.15 -0.0265193 0
6549.19 -0.0231841 0
6549.23 -0.0193384 0
6549.27 -0.0148988 0
6549.3 -0.0108307 0
6549.34 -0.00742156 0
6549.38 -0.00488061 0
6549.41 -0.00377363 0
6549.45 -0.00256026 0
6549.49 -0.00113106 0
6549.53 0.000522283 0
6549.56 0.00265765 0
6549.6 0.00432775 0
6549.64 0.00484758 0
6549.68 0.00540968 0
6549.71 0.00607809 0
6549.75 0.00691331 0
6549.79 0.00817527 0
6549.82 0.00914153 0
6549.86 0.00918591 0
6549.9 0.00861408 0
6549.94 0.0067652 0
6549.97 0.00461557 0
6550.01 0.00243886 0
6550.05 0.00083392 0
6550.09 0.0008815 0
6550.12 0.00191958 0
6550.16 0.00411509 0
6550.2 0.00673115 0
6550.23 0.00902234 0
6550.27 0.0109083 0
6550.31 0.0120161 0
6550.35 0.012306 0
6550.38 0.0114671 0
6550.42 0.00965626 0
6550.46 0.00722034 0
6550.5 0.00449909 0
6550.53 0.00270021 0
6550.57 0.00193955 0
6550.61 0.00196475 0
6550.65 0.00284605 0
6550.68 0.00371591 0
6550.72 0.00454585 0
6550.76 0.0051919 0
6550.8 0.00552883 0
6550.83 0.00565836 0
6550.87 0.00547851 0
6550.91 0.00546443 0
6550.94 0.0057313 0
6550.98 0.00621927 0
6551.02 0.00714667 0
6551.06 0.00785662 0
6551.09 0.00809303 0
6551.13 0.00815406 0
6551.17 0.00773863 0
6551.2 0.00756251 0
6551.24 0.00801502 0
6551.28 0.00848321 0
6551.32 0.00890745 0
6551.35 0.00914021 0
6551.39 0.00883234 0
6551.43 0.00826082 0
6551.47 0.00722713 0
6551.5 0.00596115 0
6551.54 0.0043148 0
6551.58 0.00268143 0
6551.62 0.00143676 0
6551.65 0.000398536 0
6551.69 -0.000427871 0
6551.73 -0.00144064 0
6551.77 -0.00341512 0
6551.8 -0.00625902 0
6551.84 -0.0102393 0
6551.88 -0.0148191 0
6551.91 -0.0188471 0
6551.95 -0.0222506 0
6551.99 -0.0249104 0
6552.03 -0.0268374 0
6552.06 -0.028406 0
6552.1 -0.0298323 0
6552.14 -0.0320823 0
6552.18 -0.0357255 0
6552.21 -0.0417551 0
6552.25 -0.0513169 0
6552.29 -0.0638048 0
6552.32 -0.080717 0
6552.36 -0.0996432 0
6552.4 -0.121709 0
6552.44 -0.143192 0
6552.47 -0.16342 0
6552.51 -0.180189 0
6552.55 -0.189831 0
6552.59 -0.195933 0
6552.62 -0.193907 0
6552.66 -0.189485 0
6552.7 -0.179139 0
6552.73 -0.167162 0
6552.77 -0.151296 0
6552.81 -0.134472 0
6552.85 -0.115832 0
6552.88 -0.0973456 0
6552.92 -0.0798734 0
6552.96 -0.0635795 0
6553 -0.0499627 0
6553.03 -0.0380092 0
6553.07 -0.0289312 0
6553.11 -0.0217309 0
6553.15 -0.0173636 0
6553.18 -0.0145491 0
6553.22 -0.0130415 0
6553.26 -0.0122087 0
6553.3 -0.0116338 0
6553.33 -0.0114249 0
6553.37 -0.0119752 0
6553.41 -0.0136428 0
6553.44 -0.0174523 0
6553.48 -0.0234669 0
6553.52 -0.031786 0
6553.56 -0.0421174 0
6553.59 -0.0525617 0
6553.63 -0.0626038 0
6553.67 -0.0704511 0
6553.7 -0.0754229 0
6553.74 -0.0781233 0
6553.78 -0.077786 0
6553.82 -0.0759732 0
6553.85 -0.0719578 0
6553.89 -0.0670638 0
6553.93 -0.0607437 0
6553.97 -0.0541876 0
6554 -0.0472764 0
6554.04 -0.0406303 0
6554.08 -0.0345083 0
6554.12 -0.0287407 0
6554.15 -0.0237316 0
6554.19 -0.0192549 0
6554.23 -0.0160843 0
6554.27 -0.013741 0
6554.3 -0.0134329 0
6554.34 -0.0136112 0
6554.38 -0.014796 0
6554.41 -0.0157719 0
6554.45 -0.0158831 0
6554.49 -0.0158681 0
6554.53 -0.015863 0
6554.56 -0.0157117 0
6554.6 -0.0151983 0
6554.64 -0.0144593 0
6554.68 -0.0133745 0
6554.71 -0.012403 0
6554.75 -0.0120948 0
6554.79 -0.0121282 0
6554.82 -0.0123743 0
6554.86 -0.0126905 0
6554.9 -0.0128964 0
6554.94 -0.0130128 0
6554.97 -0.0131156 0
6555.01 -0.0131429 0
6555.05 -0.0129511 0
6555.09 -0.0125973 0
6555.12 -0.0121986 0
6555.16 -0.0116099 0
6555.2 -0.0104622 0
6555.23 -0.00888772 0
6555.27 -0.0080908 0
6555.31 -0.00840055 0
6555.35 -0.00958595 0
6555.39 -0.0117643 0
6555.42 -0.0130521 0
6555.46 -0.0128933 0
6555.5 -0.0119335 0
6555.53 -0.0096624 0
6555.57 -0.00775593 0
6555.61 -0.00652599 0
6555.65 -0.00567063 0
6555.68 -0.00564077 0
6555.72 -0.00558257 0
6555.76 -0.00544203 0
6555.8 -0.00486369 0
6555.83 -0.00315253 0
6555.87 -0.00147154 0
6555.91 3.34928e-06 0
6555.94 0.000909747 0
6555.98 0.000385419 0
6556.02 -0.000737385 0
6556.06 -0.002906 0
6556.09 -0.00513114 0
6556.13 -0.00700583 0
6556.17 -0.00846812 0
6556.2 -0.00901952 0
6556.24 -0.00899011 0
6556.28 -0.00816044 0
6556.32 -0.00700204 0
6556.35 -0.00579429 0
6556.39 -0.00478312 0
6556.43 -0.00440674 0
6556.47 -0.00455537 0
6556.5 -0.00535006 0
6556.54 -0.00667698 0
6556.58 -0.00844925 0
6556.62 -0.0106876 0
6556.65 -0.0133719 0
6556.69 -0.0164156 0
6556.73 -0.0194764 0
6556.77 -0.0228229 0
6556.8 -0.027381 0
6556.84 -0.0336688 0
6556.88 -0.0419506 0
6556.91 -0.0528343 0
6556.95 -0.0648672 0
6556.99 -0.0781933 0
6557.03 -0.0897488 0
6557.06 -0.0981646 0
6557.1 -0.103019 0
6557.14 -0.101655 0
6557.18 -0.0983265 0
6557.21 -0.0912985 0
6557.25 -0.0839741 0
6557.29 -0.0759983 0
6557.32 -0.0675556 0
6557.36 -0.0579698 0
6557.4 -0.0481859 0
6557.44 -0.0379362 0
6557.47 -0.0286272 0
6557.51 -0.0217469 0
6557.55 -0.0157081 0
6557.59 -0.0113104 0
6557.62 -0.00751708 0
6557.66 -0.00472956 0
6557.7 -0.00241931 0
6557.73 -0.000850387 0
6557.77 0.00012146 0
6557.81 -0.000101007 0
6557.85 -0.000917524 0
6557.89 -0.00235738 0
6557.92 -0.00378287 0
6557.96 -0.00438697 0
6558 -0.00403066 0
6558.03 -0.00186919 0
6558.07 0.00163347 0
6558.11 0.00634133 0
6558.15 0.0120345 0
6558.18 0.0185852 0
6558.22 0.0258935 0
6558.26 0.0337345 0
6558.3 0.0420322 0
6558.33 0.050473 0
6558.37 0.0589184 0
6558.41 0.0667694 0
6558.44 0.0740141 0
6558.48 0.0812851 0
6558.52 0.0887142 0
6558.56 0.0968943 0
6558.59 0.106071 0
6558.63 0.115238 0
6558.67 0.124396 0
6558.71 0.133497 0
6558.74 0.142504 0
6558.78 0.15168 0
6558.82 0.161173 0
6558.85 0.170607 0
6558.89 0.179928 0
6558.93 0.188974 0
6558.97 0.197398 0
6559 0.205966 0
6559.04 0.214917 0
6559.08 0.22415 0
6559.12 0.234074 0
6559.15 0.24426 0
6559.19 0.255023 0
6559.23 0.265502 0
6559.27 0.275068 0
6559.3 0.284161 0
6559.34 0.292378 0
6559.38 0.300644 0
6559.41 0.309621 0
6559.45 0.319131 0
6559.49 0.329606 0
6559.53 0.340342 0
6559.56 0.350815 0
6559.6 0.360256 0
6559.64 0.366836 0
6559.68 0.37245 0
6559.71 0.379589 0
6559.75 0.389391 0
6559.79 0.405215 0
6559.82 0.424932 0
6559.86 0.444134 0
6559.9 0.462499 0
6559.94 0.479162 0
6559.97 0.494158 0
6560.01 0.508364 0
6560.05 0.521323 0
6560.09 0.53219 0
6560.12 0.540402 0
6560.16 0.546812 0
6560.2 0.550931 0
6560.23 0.554597 0
6560.27 0.557843 0
6560.31 0.562372 0
6560.35 0.5691 0
6560.39 0.577627 0
6560.42 0.589293 0
6560.46 0.601688 0
6560.5 0.61549 0
6560.53 0.629454 0
6560.57 0.643789 0
6560.61 0.658979 0
6560.65 0.676205 0
6560.68 0.693428 0
6560.72 0.710658 0
6560.76 0.7269 0
6560.8 0.740635 0
6560.83 0.753258 0
6560.87 0.763499 0
6560.91 0.773174 0
6560.94 0.782174 0
6560.98 0.791604 0
6561.02 0.802558 0
6561.06 0.814465 0
6561.09 0.828019 0
6561.13 0.842563 0
6561.17 0.85854 0
6561.21 0.875052 0
6561.24 0.891582 0
6561.28 0.907277 0
6561.32 0.920348 0
6561.35 0.931444 0
6561.39 0.940513 0
6561.43 0.94797 0
6561.47 0.954039 0
6561.5 0.958447 0
6561.54 0.96027 0
6561.58 0.959782 0
6561.62 0.9581 0
6561.65 0.955242 0
6561.69 0.951835 0
6561.73 0.947499 0
6561.77 0.941423 0
6561.8 0.933241 0
6561.84 0.924114 0
6561.88 0.913939 0
6561.91 0.904391 0
6561.95 0.89571 0
6561.99 0.887061 0
6562.03 0.878393 0
6562.06 0.869172 0
6562.1 0.859032 0
6562.14 0.849121 0
6562.18 0.8397 0
6562.21 0.831174 0
6562.25 0.824552 0
6562.29 0.818654 0
6562.32 0.814462 0
6562.36 0.811164 0
6562.4 0.810101 0
6562.44 0.810527 0
6562.47 0.814614 0
6562.51 0.82025 0
6562.55 0.829253 0
6562.59 0.839337 0
6562.62 0.851214 0
6562.66 0.86432 0
6562.7 0.879925 0
6562.74 0.896209 0
6562.77 0.912797 0
6562.81 0.92854 0
6562.85 0.941594 0
6562.89 0.953146 0
6562.92 0.96304 0
6562.96 0.972118 0
6563 0.980822 0
6563.03 0.988622 0
6563.07 0.994095 0
6563.11 0.997285 0
6563.15 0.997265 0
6563.18 0.994542 0
6563.22 0.989653 0
6563.26 0.982655 0
6563.3 0.973736 0
6563.33 0.962758 0
6563.37 0.949969 0
6563.41 0.93547 0
6563.44 0.920925 0
6563.48 0.906569 0
6563.52 0.893286 0
6563.56 0.881252 0
6563.59 0.869201 0
6563.63 0.856809 0
6563.67 0.842541 0
6563.71 0.825247 0
6563.74 0.805833 0
6563.78 0.782848 0
6563.82 0.75856 0
6563.85 0.731808 0
6563.89 0.703263 0
6563.93 0.671168 0
6563.97 0.639615 0
6564 0.609255 0
6564.04 0.581923 0
6564.08 0.562061 0
6564.12 0.544277 0
6564.15 0.53172 0
6564.19 0.520812 0
6564.23 0.513549 0
6564.27 0.508301 0
6564.3 0.507467 0
6564.34 0.508079 0
6564.38 0.5109 0
6564.41 0.51417 0
6564.45 0.517526 0
6564.49 0.520004 0
6564.53 0.51994 0
6564.56 0.518814 0
6564.6 0.516855 0
6564.64 0.514301 0
6564.68 0.51091 0
6564.71 0.506106 0
6564.75 0.498043 0
6564.79 0.48759 0
6564.82 0.474741 0
6564.86 0.460198 0
6564.9 0.4447 0
6564.94 0.428508 0
6564.97 0.412139 0
6565.01 0.395898 0
6565.05 0.380678 0
6565.09 0.366255 0
6565.12 0.351559 0
6565.16 0.3365 0
6565.2 0.320946 0
6565.24 0.305004 0
6565.27 0.289757 0
6565.31 0.275429 0
6565.35 0.261638 0
6565.39 0.248588 0
6565.42 0.235655 0
6565.46 0.222954 0
6565.5 0.210765 0
6565.53 0.199467 0
6565.57 0.188795 0
6565.61 0.179288 0
6565.65 0.170046 0
6565.68 0.161327 0
6565.72 0.152474 0
6565.76 0.143348 0
6565.8 0.134233 0
6565.83 0.12514 0
6565.87 0.1165 0
6565.91 0.108986 0
6565.94 0.101588 0
6565.98 0.0944022 0
6566.02 0.087198 0
6566.06 0.0798916 0
6566.09 0.0728592 0
6566.13 0.0665738 0
6566.17 0.060719 0
6566.21 0.0556939 0
6566.24 0.0506204 0
6566.28 0.0448573 0
6566.32 0.0387444 0
6566.35 0.032244 0
6566.39 0.0259107 0
6566.43 0.0204915 0
6566.47 0.0159274 0
6566.5 0.0127758 0
6566.54 0.0104734 0
6566.58 0.008702 0
6566.62 0.00714677 0
6566.65 0.00531837 0
6566.69 0.00341394 0
6566.73 0.00181274 0
6566.77 0.000461189 0
6566.8 -0.000743668 0
6566.84 -0.00183934 0
6566.88 -0.00295969 0
6566.91 -0.00399161 0
6566.95 -0.0046257 0
6566.99 -0.0048762 0
6567.03 -0.00524115 0
6567.06 -0.00573282 0
6567.1 -0.00630464 0
6567.14 -0.00702336 0
6567.18 -0.00794667 0
6567.21 -0.00921738 0
6567.25 -0.0108287 0
6567.29 -0.0129203 0
6567.32 -0.0148379 0
6567.36 -0.0164679 0
6567.4 -0.0181035 0
6567.44 -0.0197575 0
6567.48 -0.0212963 0
6567.51 -0.0225593 0
6567.55 -0.0235945 0
6567.59 -0.024111 0
6567.62 -0.0242988 0
6567.66 -0.02369 0
6567.7 -0.0231031 0
6567.74 -0.0226081 0
6567.77 -0.0225503 0
6567.81 -0.0236316 0
6567.85 -0.0248304 0
6567.89 -0.0259904 0
6567.92 -0.0266011 0
6567.96 -0.0257516 0
6568 -0.0245652 0
6568.03 -0.0233006 0
6568.07 -0.0224198 0
6568.11 -0.022646 0
6568.15 -0.0232924 0
6568.18 -0.0241465 0
6568.22 -0.0249552 0
6568.26 -0.0254319 0
6568.3 -0.0261465 0
6568.33 -0.0280661 0
6568.37 -0.0308239 0
6568.41 -0.0343586 0
6568.44 -0.0384131 0
6568.48 -0.0426544 0
6568.52 -0.0470213 0
6568.56 -0.0513848 0
6568.59 -0.0556411 0
6568.63 -0.0595722 0
6568.67 -0.0630486 0
6568.71 -0.065746 0
6568.74 -0.0675532 0
6568.78 -0.0686216 0
6568.82 -0.0686667 0
6568.85 -0.0676067 0
6568.89 -0.0651177 0
6568.93 -0.0617358 0
6568.97 -0.0572508 0
6569 -0.0528523 0
6569.04 -0.0486464 0
6569.08 -0.0448369 0
6569.12 -0.0417032 0
6569.15 -0.0389664 0
6569.19 -0.0368992 0
6569.23 -0.0350633 0
6569.27 -0.0336622 0
6569.3 -0.0321104 0
6569.34 -0.0302727 0
6569.38 -0.028657 0
6569.41 -0.0275147 0
6569.45 -0.0267072 0
6569.49 -0.0267406 0
6569.53 -0.0267289 0
6569.56 -0.0266079 0
6569.6 -0.0262926 0
6569.64 -0.0254535 0
6569.68 -0.0240966 0
6569.71 -0.0215091 0
6569.75 -0.0186899 0
6569.79 -0.0156837 0
6569.82 -0.0131304 0
6569.86 -0.011924 0
6569.9 -0.0115735 0
6569.94 -0.0127387 0
6569.98 -0.0140495 0
6570.01 -0.0144223 0
6570.05 -0.0141618 0
6570.09 -0.0130164 0
6570.12 -0.0119812 0
6570.16 -0.0124777 0
6570.2 -0.013813 0
6570.24 -0.0154037 0
6570.27 -0.016926 0
6570.31 -0.0177414 0
6570.35 -0.0180396 0
6570.39 -0.01815 0
6570.42 -0.0181559 0
6570.46 -0.018277 0
6570.5 -0.0186525 0
6570.53 -0.0197294 0
6570.57 -0.0214087 0
6570.61 -0.022957 0
6570.65 -0.024184 0
6570.68 -0.0245261 0
6570.72 -0.0238719 0
6570.76 -0.0231704 0
6570.8 -0.0224106 0
6570.83 -0.0215775 0
6570.87 -0.020614 0
6570.91 -0.0193766 0
6570.94 -0.0176899 0
6570.98 -0.0158455 0
6571.02 -0.0137737 0
6571.06 -0.0119466 0
6571.09 -0.0106013 0
6571.13 -0.0101673 0
6571.17 -0.0115056 0
6571.21 -0.0125509 0
6571.24 -0.0129785 0
6571.28 -0.0127293 0
6571.32 -0.0108426 0
6571.35 -0.009315 0
6571.39 -0.00869441 0
6571.43 -0.00872958 0
6571.47 -0.010406 0
6571.51 -0.0123876 0
6571.54 -0.0148471 0
6571.58 -0.0180333 0
6571.62 -0.0230086 0
6571.65 -0.0292453 0
6571.69 -0.0381689 0
6571.73 -0.0484484 0
6571.77 -0.0609691 0
6571.8 -0.0738143 0
6571.84 -0.0859979 0
6571.88 -0.0968614 0
6571.91 -0.104448 0
6571.95 -0.109828 0
6571.99 -0.112207 0
6572.03 -0.11282 0
6572.06 -0.111992 0
6572.1 -0.110447 0
6572.14 -0.108837 0
6572.18 -0.106962 0
6572.21 -0.104315 0
6572.25 -0.100476 0
6572.29 -0.0942575 0
6572.33 -0.0858624 0
6572.36 -0.0756561 0
6572.4 -0.0642067 0
6572.44 -0.0534733 0
6572.48 -0.043634 0
6572.51 -0.0348173 0
6572.55 -0.0272351 0
6572.59 -0.0206531 0
6572.62 -0.0154733 0
6572.66 -0.0119308 0
6572.7 -0.0104941 0
6572.74 -0.00982038 0
6572.77 -0.0101654 0
6572.81 -0.0105555 0
6572.85 -0.0109157 0
6572.89 -0.0107876 0
6572.92 -0.00984324 0
6572.96 -0.00843675 0
6573 -0.00628389 0
6573.03 -0.0045434 0
6573.07 -0.00363466 0
6573.11 -0.00328827 0
6573.15 -0.00414701 0
6573.18 -0.00524609 0
6573.22 -0.00686787 0
6573.26 -0.00840042 0
6573.3 -0.0097225 0
6573.33 -0.0110546 0
6573.37 -0.0124433 0
6573.41 -0.0138556 0
6573.44 -0.0152894 0
6573.48 -0.016603 0
6573.52 -0.017605 0
6573.56 -0.018757 0
6573.59 -0.0204533 0
6573.63 -0.0217539 0
6573.67 -0.0216684 0
6573.71 -0.0203611 0
6573.74 -0.0165343 0
6573.78 -0.0121508 0
6573.82 -0.00818878 0
6573.85 -0.00511698 0
6573.89 -0.00424773 0
6573.93 -0.00428672 0
6573.97 -0.0044742 0
6574.01 -0.00451185 0
6574.04 -0.00383083 0
6574.08 -0.00290487 0
6574.12 -0.00239372 0
6574.15 -0.00251295 0
6574.19 -0.00398375 0
6574.23 -0.00663501 0
6574.27 -0.0102556 0
6574.3 -0.0146435 0
6574.34 -0.0192039 0
6574.38 -0.0245094 0
6574.41 -0.0322371 0
6574.45 -0.0429182 0
6574.49 -0.056726 0
6574.53 -0.0737781 0
6574.56 -0.09136 0
6574.6 -0.109064 0
6574.64 -0.124453 0
6574.68 -0.136501 0
6574.71 -0.145664 0
6574.75 -0.150698 0
6574.79 -0.154142 0
6574.83 -0.155079 0
6574.86 -0.154653 0
6574.9 -0.151862 0
6574.94 -0.147418 0
6574.98 -0.139975 0
6575.01 -0.131691 0
6575.05 -0.121776 0
6575.09 -0.111647 0
6575.12 -0.101034 0
6575.16 -0.0900523 0
6575.2 -0.0782236 0
6575.24 -0.0662632 0
6575.27 -0.0539933 0
6575.31 -0.0426218 0
6575.35 -0.0334987 0
6575.39 -0.0256409 0
6575.42 -0.0207524 0
6575.46 -0.0168003 0
6575.5 -0.0146141 0
6575.53 -0.0133519 0
6575.57 -0.0138984 0
6575.61 -0.0152234 0
6575.65 -0.0177922 0
6575.68 -0.0197787 0
6575.72 -0.0193854 0
6575.76 -0.0177552 0
6575.8 -0.0144803 0
6575.83 -0.011011 0
6575.87 -0.008584 0
6575.91 -0.00672479 0
6575.94 -0.00534342 0
6575.98 -0.00428373 0
6576.02 -0.00356419 0
6576.06 -0.0033561 0
6576.09 -0.00427401 0
6576.13 -0.00591629 0
6576.17 -0.00780646 0
6576.21 -0.00969945 0
6576.24 -0.0110432 0
6576.28 -0.0118395 0
6576.32 -0.0121096 0
6576.36 -0.0119427 0
6576.39 -0.0116653 0
6576.43 -0.0113254 0
6576.47 -0.0111 0
6576.51 -0.0109691 0
6576.54 -0.0107331 0
6576.58 -0.0103889 0
6576.62 -0.0100307 0
6576.65 -0.00972459 0
6576.69 -0.00983105 0
6576.73 -0.0105134 0
6576.77 -0.0114341 0
6576.8 -0.0126162 0
6576.84 -0.013287 0
6576.88 -0.0131634 0
6576.91 -0.0130347 0
6576.95 -0.0128884 0
6576.99 -0.0125928 0
6577.03 -0.0120314 0
6577.06 -0.0114002 0
6577.1 -0.0106572 0
6577.14 -0.0103243 0
6577.18 -0.0108951 0
6577.21 -0.0113967 0
6577.25 -0.0117169 0
6577.29 -0.0115839 0
6577.33 -0.0103274 0
6577.36 -0.00886816 0
6577.4 -0.0069708 0
6577.44 -0.00552059 0
6577.48 -0.00527269 0
6577.51 -0.00523288 0
6577.55 -0.00542878 0
6577.59 -0.00568245 0
6577.62 -0.00601893 0
6577.66 -0.00661999 0
6577.7 -0.0078832 0
6577.74 -0.00936466 0
6577.77 -0.0110219 0
6577.81 -0.0126193 0
6577.85 -0.0138857 0
6577.89 -0.014865 0
6577.92 -0.0153273 0
6577.96 -0.0152018 0
6578 -0.0139297 0
6578.03 -0.0119498 0
6578.07 -0.00933326 0
6578.11 -0.00675501 0
6578.15 -0.00532691 0
6578.18 -0.00478985 0
6578.22 -0.00507081 0
6578.26 -0.00577275 0
6578.3 -0.00611294 0
6578.33 -0.00609564 0
6578.37 -0.00570101 0
6578.41 -0.00516206 0
6578.44 -0.00522645 0
6578.48 -0.00591076 0
6578.52 -0.0069994 0
6578.56 -0.0084617 0
6578.59 -0.00991986 0
6578.63 -0.0112601 0
6578.67 -0.0120551 0
6578.71 -0.0122036 0
6578.74 -0.012203 0
6578.78 -0.0121291 0
6578.82 -0.0127216 0
6578.86 -0.0142344 0
6578.89 -0.0158089 0
6578.93 -0.0174157 0
6578.97 -0.0185558 0
6579.01 -0.0189234 0
6579.04 -0.0192096 0
6579.08 -0.0193215 0
6579.12 -0.0190855 0
6579.15 -0.0181437 0
6579.19 -0.0167472 0
6579.23 -0.0144099 0
6579.27 -0.0122015 0
6579.3 -0.0102967 0
6579.34 -0.00882671 0
6579.38 -0.00842137 0
6579.41 -0.00844635 0
6579.45 -0.00955197 0
6579.49 -0.0107277 0
6579.53 -0.0119866 0
6579.56 -0.0126711 0
6579.6 -0.0118357 0
6579.64 -0.0109712 0
6579.68 -0.0105048 0
6579.71 -0.0104884 0
6579.75 -0.0115263 0
6579.79 -0.0125228 0
6579.83 -0.012822 0
6579.86 -0.0130164 0
6579.9 -0.0134164 0
6579.94 -0.0141808 0
6579.98 -0.0158073 0
6580.01 -0.017499 0
6580.05 -0.018501 0
6580.09 -0.018759 0
6580.12 -0.0176114 0
6580.16 -0.0160866 0
6580.2 -0.0153725 0
6580.24 -0.0157907 0
6580.27 -0.0185141 0
6580.31 -0.0227162 0
6580.35 -0.0274336 0
6580.39 -0.0325352 0
6580.42 -0.0378093 0
6580.46 -0.0431292 0
6580.5 -0.0481631 0
6580.53 -0.0526773 0
6580.57 -0.0560567 0
6580.61 -0.0581299 0
6580.65 -0.0588887 0
6580.68 -0.0583386 0
6580.72 -0.0575394 0
6580.76 -0.0565248 0
6580.8 -0.055688 0
6580.83 -0.0550835 0
6580.87 -0.0546191 0
6580.91 -0.05427 0
6580.94 -0.053642 0
6580.98 -0.0525928 0
6581.02 -0.0512419 0
6581.06 -0.0493885 0
6581.09 -0.0470775 0
6581.13 -0.0439404 0
6581.17 -0.0399618 0
6581.21 -0.0345614 0
6581.24 -0.0294168 0
6581.28 -0.0248168 0
6581.32 -0.0212282 0
6581.36 -0.0197105 0
6581.39 -0.0183875 0
6581.43 -0.0174973 0
6581.47 -0.0161926 0
6581.51 -0.0138807 0
6581.54 -0.0116357 0
6581.58 -0.0095603 0
6581.62 -0.00808312 0
6581.65 -0.00811889 0
6581.69 -0.00846305 0
6581.73 -0.00935697 0
6581.77 -0.0101118 0
6581.8 -0.0103599 0
6581.84 -0.0103112 0
6581.88 -0.00965204 0
6581.91 -0.00907513 0
6581.95 -0.00902235 0
6581.99 -0.00959737 0
6582.03 -0.0115968 0
6582.06 -0.0139298 0
6582.1 -0.0161169 0
6582.14 -0.0180417 0
6582.18 -0.0193397 0
6582.21 -0.0204711 0
6582.25 -0.0217978 0
6582.29 -0.023042 0
6582.33 -0.0237775 0
6582.36 -0.0238755 0
6582.4 -0.0227241 0
6582.44 -0.021062 0
6582.48 -0.0199062 0
6582.51 -0.0192176 0
6582.55 -0.0190948 0
6582.59 -0.0193032 0
6582.62 -0.0193796 0
6582.66 -0.0193648 0
6582.7 -0.0193587 0
6582.74 -0.0193849 0
6582.77 -0.0195056 0
6582.81 -0.0198533 0
6582.85 -0.0207927 0
6582.89 -0.0223429 0
6582.92 -0.024083 0
6582.96 -0.0259943 0
6583 -0.0277793 0
6583.03 -0.0295362 0
6583.07 -0.0318683 0
6583.11 -0.0349684 0
6583.15 -0.0383828 0
6583.18 -0.0421246 0
6583.22 -0.0453018 0
6583.26 -0.0475134 0
6583.3 -0.0487123 0
6583.33 -0.0483095 0
6583.37 -0.0477992 0
6583.41 -0.0471413 0
6583.44 -0.0468482 0
6583.48 -0.0472139 0
6583.52 -0.0473675 0
6583.56 -0.0470832 0
6583.6 -0.0464655 0
6583.63 -0.0451158 0
6583.67 -0.0434495 0
6583.71 -0.0410394 0
6583.74 -0.0385261 0
6583.78 -0.0357591 0
6583.82 -0.0329438 0
6583.86 -0.0300166 0
6583.89 -0.0271296 0
6583.93 -0.0243625 0
6583.97 -0.0218052 0
6584.01 -0.0197656 0
6584.04 -0.0179806 0
6584.08 -0.0167028 0
6584.12 -0.0157425 0
6584.15 -0.0154201 0
6584.19 -0.0152337 0
6584.23 -0.0150648 0
6584.27 -0.0148496 0
6584.3 -0.0144941 0
6584.34 -0.014095 0
6584.38 -0.0136899 0
6584.42 -0.0131246 0
6584.45 -0.012094 0
6584.49 -0.0109796 0
6584.53 -0.0101511 0
6584.56 -0.00965465 0
6584.6 -0.00979573 0
6584.64 -0.0100922 0
6584.68 -0.00988921 0
6584.71 -0.00948831 0
6584.75 -0.00933663 0
6584.79 -0.00968119 0
6584.83 -0.011194 0
6584.86 -0.01344 0
6584.9 -0.0155114 0
6584.94 -0.0171659 0
6584.98 -0.017763 0
6585.01 -0.0174813 0
6585.05 -0.0170942 0
6585.09 -0.0166744 0
6585.12 -0.0164948 0
6585.16 -0.0165669 0
6585.2 -0.0167301 0
6585.24 -0.0171001 0
6585.27 -0.0179767 0
6585.31 -0.0194603 0
6585.35 -0.0211095 0
6585.39 -0.0230322 0
6585.42 -0.0253293 0
6585.46 -0.0280597 0
6585.5 -0.0304127 0
6585.53 -0.0320626 0
6585.57 -0.0326408 0
6585.61 -0.0315717 0
6585.65 -0.0306226 0
6585.68 -0.0299135 0
6585.72 -0.0295607 0
6585.76 -0.0298261 0
6585.8 -0.0297576 0
6585.83 -0.0290332 0
6585.87 -0.0282644 0
6585.91 -0.0274083 0
6585.94 -0.026745 0
6585.98 -0.0265237 0
6586.02 -0.0268334 0
6586.06 -0.0284574 0
6586.1 -0.0314597 0
6586.13 -0.0379182 0
6586.17 -0.0448729 0
6586.21 -0.0527922 0
6586.24 -0.0597311 0
6586.28 -0.0639701 0
6586.32 -0.067783 0
6586.36 -0.0712171 0
6586.39 -0.0748801 0
6586.43 -0.079297 0
6586.47 -0.0836147 0
6586.51 -0.0872959 0
6586.54 -0.0900505 0
6586.58 -0.0906299 0
6586.62 -0.0904523 0
6586.65 -0.0897443 0
6586.69 -0.0886497 0
6586.73 -0.0869096 0
6586.77 -0.0842389 0
6586.8 -0.0794912 0
6586.84 -0.0735809 0
6586.88 -0.0666596 0
6586.92 -0.0591739 0
6586.95 -0.0513474 0
6586.99 -0.0432896 0
6587.03 -0.0350389 0
6587.06 -0.0270761 0
6587.1 -0.0204122 0
6587.14 -0.0151686 0
6587.18 -0.0120443 0
6587.21 -0.0106562 0
6587.25 -0.0103433 0
6587.29 -0.0107683 0
6587.33 -0.0109851 0
6587.36 -0.0109537 0
6587.4 -0.0106162 0
6587.44 -0.0099449 0
6587.48 -0.00900734 0
6587.51 -0.00774886 0
6587.55 -0.00620858 0
6587.59 -0.00444772 0
6587.62 -0.00300988 0
6587.66 -0.0020568 0
6587.7 -0.00169318 0
6587.74 -0.00208396 0
6587.77 -0.00269539 0
6587.81 -0.00364379 0
6587.85 -0.00487899 0
6587.89 -0.00647279 0
6587.92 -0.00778137 0
6587.96 -0.00864098 0
6588 -0.00939212 0
6588.03 -0.00994927 0
6588.07 -0.0103438 0
6588.11 -0.0104363 0
6588.15 -0.0103674 0
6588.18 -0.0100244 0
6588.22 -0.0101591 0
6588.26 -0.0112907 0
6588.3 -0.0127884 0
6588.33 -0.0150886 0
6588.37 -0.0170336 0
6588.41 -0.0181316 0
6588.45 -0.0186838 0
6588.48 -0.017881 0
6588.52 -0.0174572 0
6588.56 -0.0180434 0
6588.6 -0.0191133 0
6588.63 -0.0212999 0
6588.67 -0.0231625 0
6588.71 -0.0239482 0
6588.74 -0.0240698 0
6588.78 -0.0227679 0
6588.82 -0.0210777 0
6588.86 -0.0189318 0
6588.89 -0.0166933 0
6588.93 -0.0144381 0
6588.97 -0.01221 0
6589.01 -0.010064 0
6589.04 -0.00819977 0
6589.08 -0.00707456 0
6589.12 -0.00616449 0
6589.15 -0.00521051 0
6589.19 -0.00427461 0
6589.23 -0.00343393 0
6589.27 -0.00270469 0
6589.3 -0.00219603 0
6589.34 -0.00180768 0
6589.38 -0.00147914 0
6589.42 -0.00131433 0
6589.45 -0.00158026 0
6589.49 -0.00205122 0
6589.53 -0.00241326 0
6589.56 -0.00251346 0
6589.6 -0.00194562 0
6589.64 -0.00109539 0
6589.68 -0.000822242 0
6589.71 -0.00107517 0
6589.75 -0.0017159 0
6589.79 -0.00265085 0
6589.83 -0.00352824 0
6589.86 -0.0042719 0
6589.9 -0.00467951 0
6589.94 -0.00471178 0
6589.98 -0.00447478 0
6590.01 -0.00400068 0
6590.05 -0.00368352 0
6590.09 -0.00343686 0
6590.12 -0.00272491 0
6590.16 -0.00145147 0
6590.2 -7.99696e-05 0
6590.24 0.00129382 0
6590.27 0.00199645 0
6590.31 0.00178671 0
6590.35 0.00155518 0
6590.39 0.00123303 0
6590.42 0.000534934 0
6590.46 -0.00080686 0
6590.5 -0.00258048 0
6590.53 -0.0050369 0
6590.57 -0.00710667 0
6590.61 -0.00844781 0
6590.65 -0.00945608 0
6590.68 -0.00979985 0
6590.72 -0.00989003 0
6590.76 -0.0094515 0
6590.8 -0.00891245 0
6590.83 -0.00814592 0
6590.87 -0.00729749 0
6590.91 -0.00624795 0
6590.95 -0.005193 0
6590.98 -0.00412867 0
6591.02 -0.00316435 0
6591.06 -0.00245188 0
6591.1 -0.00187774 0
6591.13 -0.0016213 0
6591.17 -0.0013703 0
6591.21 -0.00106954 0
6591.24 -0.000917212 0
6591.28 -0.00117129 0
6591.32 -0.00168628 0
6591.36 -0.00274066 0
6591.39 -0.00344615 0
6591.43 -0.00292815 0
6591.47 -0.00177702 0
6591.51 0.000372683 0
6591.54 0.00235517 0
6591.58 0.0031216 0
6591.62 0.00308583 0
6591.65 0.00180327 0
6591.69 0.000130762 0
6591.73 -0.00141926 0
6591.77 -0.0025066 0
6591.8 -0.00235396 0
6591.84 -0.00177855 0
6591.88 -0.00155905 0
6591.92 -0.00160168 0
6591.95 -0.00193642 0
6591.99 -0.00223488 0
6592.03 -0.00191523 0
6592.06 -0.00122526 0
6592.1 -0.000494364 0
6592.14 0.000129837 0
6592.18 0.000291673 0
6592.21 -2.8434e-05 0
6592.25 -0.000924447 0
6592.29 -0.0020437 0
6592.33 -0.00237497 0
6592.36 -0.00190744 0
6592.4 -0.000847764 0
6592.44 0.00060256 0
6592.48 0.00151988 0
6592.51 0.00177047 0
6592.55 0.00135837 0
6592.59 0.000172836 0
6592.62 -0.00143367 0
6592.66 -0.0034425 0
6592.7 -0.00514474 0
6592.74 -0.00637365 0
6592.77 -0.00704837 0
6592.81 -0.00700201 0
6592.85 -0.00686881 0
6592.89 -0.00662058 0
6592.92 -0.00637299 0
6592.96 -0.0061312 0
6593 -0.00593483 0
6593.03 -0.00581434 0
6593.07 -0.0057459 0
6593.11 -0.00580624 0
6593.15 -0.00620483 0
6593.19 -0.00724677 0
6593.22 -0.00871157 0
6593.26 -0.0109424 0
6593.3 -0.0125489 0
6593.33 -0.0128228 0
6593.37 -0.0120062 0
6593.41 -0.0087827 0
6593.45 -0.00544126 0
6593.48 -0.00182507 0
6593.52 0.000719941 0
6593.56 0.000607261 0
6593.6 -5.67974e-05 0
6593.63 -0.00204048 0
6593.67 -0.00373049 0
6593.71 -0.00454851 0
6593.74 -0.0052832 0
6593.78 -0.00595633 0
6593.82 -0.00689855 0
6593.86 -0.0085565 0
6593.89 -0.0103198 0
6593.93 -0.0121097 0
6593.97 -0.0137089 0
6594.01 -0.0147787 0
6594.04 -0.0158369 0
6594.08 -0.0171593 0
6594.12 -0.018404 0
6594.15 -0.0192581 0
6594.19 -0.0196174 0
6594.23 -0.0188738 0
6594.27 -0.0178426 0
6594.3 -0.016982 0
6594.34 -0.0165852 0
6594.38 -0.0173761 0
6594.42 -0.0187422 0
6594.45 -0.0204219 0
6594.49 -0.0216356 0
6594.53 -0.0209977 0
6594.56 -0.0190532 0
6594.6 -0.0158179 0
6594.64 -0.0119705 0
6594.68 -0.00836658 0
6594.71 -0.00517438 0
6594.75 -0.00288057 0
6594.79 -0.00141718 0
6594.83 -0.000844596 0
6594.86 -0.00076261 0
6594.9 -0.000258748 0
6594.94 0.000584176 0
6594.98 0.00152013 0
6595.01 0.00243427 0
6595.05 0.00299104 0
6595.09 0.00337486 0
6595.12 0.00429119 0
6595.16 0.00554908 0
6595.2 0.00617002 0
6595.24 0.00594983 0
6595.27 0.00484369 0
6595.31 0.00297175 0
6595.35 0.00193601 0
6595.39 0.00196616 0
6595.42 0.0025405 0
6595.46 0.00370057 0
6595.5 0.00442845 0
6595.53 0.00458734 0
6595.57 0.00471933 0
6595.61 0.00489169 0
6595.65 0.00556509 0
6595.69 0.00692122 0
6595.72 0.0078104 0
6595.76 0.00787799 0
6595.8 0.00731723 0
6595.83 0.00572793 0
6595.87 0.00453597 0
6595.91 0.00407618 0
6595.95 0.00372549 0
6595.98 0.00358462 0
6596.02 0.00338964 0
6596.06 0.00308507 0
6596.1 0.00279807 0
6596.13 0.00254506 0
6596.17 0.00189718 0
6596.21 0.000314176 0
6596.24 -0.0013699 0
6596.28 -0.00330439 0
6596.32 -0.00493063 0
6596.36 -0.00577603 0
6596.39 -0.00625602 0
6596.43 -0.00588129 0
6596.47 -0.00522603 0
6596.51 -0.0039889 0
6596.54 -0.00292651 0
6596.58 -0.00245801 0
6596.62 -0.00245892 0
6596.65 -0.00350292 0
6596.69 -0.00495661 0
6596.73 -0.00706914 0
6596.77 -0.00902385 0
6596.8 -0.0102156 0
6596.84 -0.0106749 0
6596.88 -0.00957952 0
6596.92 -0.00779963 0
6596.95 -0.00521612 0
6596.99 -0.00259941 0
6597.03 -0.0005629 0
6597.06 0.00112316 0
6597.1 0.00234877 0
6597.14 0.00327326 0
6597.18 0.00381345 0
6597.22 0.00399093 0
6597.25 0.00354412 0
6597.29 0.00278335 0
6597.33 0.00192213 0
6597.36 0.00120159 0
6597.4 0.00108095 0
6597.44 0.00128353 0
6597.48 0.00148242 0
6597.51 0.00145166 0
6597.55 0.000666819 0
6597.59 -0.000575676 0
6597.62 -0.00174537 0
6597.66 -0.00258887 0
6597.7 -0.00245845 0
6597.74 -0.00166608 0
6597.77 -0.00108884 0
6597.81 -0.000696773 0
6597.85 -0.000360018 0
6597.89 -6.85168e-05 0
6597.92 0.000229015 0
6597.96 0.000428453 0
6598 0.000208797 0
6598.03 -0.0003049 0
6598.07 -0.000315482 0
6598.11 0.000262869 0
6598.15 0.00112546 0
6598.19 0.00223462 0
6598.22 0.0029973 0
6598.26 0.00332038 0
6598.3 0.00350544 0
6598.33 0.00347612 0
6598.37 0.00324134 0
6598.41 0.00271272 0
6598.45 0.00208596 0
6598.48 0.00134982 0
6598.52 0.000815505 0
6598.56 0.000585996 0
6598.6 0.000334371 0
6598.63 -1.10131e-05 0
6598.67 -0.00083194 0
6598.71 -0.00248589 0
6598.74 -0.00420642 0
6598.78 -0.00602902 0
6598.82 -0.00761293 0
6598.86 -0.00877061 0
6598.89 -0.0106004 0
6598.93 -0.013863 0
6598.97 -0.0178184 0
6599.01 -0.0232991 0
6599.04 -0.0281134 0
6599.08 -0.0313536 0
6599.12 -0.0336029 0
6599.15 -0.0333967 0
6599.19 -0.032962 0
6599.23 -0.0319951 0
6599.27 -0.0316223 0
6599.3 -0.0327979 0
6599.34 -0.034312 0
6599.38 -0.0364564 0
6599.42 -0.0383535 0
6599.45 -0.0394642 0
6599.49 -0.0397785 0
6599.53 -0.0382411 0
6599.56 -0.0362279 0
6599.6 -0.0336644 0
6599.64 -0.0308602 0
6599.68 -0.0276648 0
6599.72 -0.0241884 0
6599.75 -0.020165 0
6599.79 -0.0159856 0
6599.83 -0.0117361 0
6599.86 -0.00785262 0
6599.9 -0.00505558 0
6599.94 -0.00296059 0
6599.98 -0.00192363 0
6600.01 -0.00115004 0
6600.05 -8.38264e-05 0
6600.09 0.00123113 0
6600.12 0.0029534 0
6600.16 0.00480021 0
6600.2 0.00650642 0
6600.24 0.00765853 0
6600.27 0.00729474 0
6600.31 0.00604039 0
6600.35 0.00436536 0
6600.39 0.00273118 0
6600.42 0.00197098 0
6600.46 0.00166819 0
6600.5 0.00118132 0
6600.54 0.000554885 0
6600.57 -0.000152103 0
6600.61 -0.000750159 0
6600.65 -0.000773413 0
6600.69 -0.000223843 0
6600.72 0.000875686 0
6600.76 0.00234128 0
6600.8 0.00356252 0
6600.83 0.00439197 0
6600.87 0.00449959 0
6600.91 0.00399328 0
6600.95 0.00361473 0
6600.98 0.00345251 0
6601.02 0.00368524 0
6601.06 0.00423455 0
6601.1 0.00441346 0
6601.13 0.00426644 0
6601.17 0.00446046 0
6601.21 0.00511974 0
6601.24 0.00613531 0
6601.28 0.00740324 0
6601.32 0.00772762 0
6601.36 0.00673568 0
6601.39 0.00521846 0
6601.43 0.00307553 0
6601.47 0.00151421 0
6601.51 0.000877554 0
6601.54 0.00075078 0
6601.58 0.0013259 0
6601.62 0.00127536 0
6601.65 6.22126e-05 0
6601.69 -0.00229714 0
6601.73 -0.00667405 0
6601.77 -0.0113526 0
6601.8 -0.0165295 0
6601.84 -0.0210634 0
6601.88 -0.0243113 0
6601.92 -0.0270122 0
6601.95 -0.0285629 0
6601.99 -0.0296365 0
6602.03 -0.0296608 0
6602.06 -0.0294409 0
6602.1 -0.028655 0
6602.14 -0.0279704 0
6602.18 -0.0275333 0
6602.22 -0.0268668 0
6602.25 -0.0256278 0
6602.29 -0.0240112 0
6602.33 -0.0214721 0
6602.36 -0.0188915 0
6602.4 -0.0163127 0
6602.44 -0.0138093 0
6602.48 -0.0114999 0
6602.51 -0.00918943 0
6602.55 -0.00682555 0
6602.59 -0.0049857 0
6602.62 -0.00454404 0
6602.66 -0.00428762 0
6602.7 -0.00395372 0
6602.74 -0.00317252 0
6602.77 -0.001219 0
6602.81 0.000696367 0
6602.85 0.00182642 0
6602.89 0.00221453 0
6602.92 0.00106745 0
6602.96 -0.000278191 0
6603 -0.000999272 0
6603.04 -0.00113708 0
6603.07 -0.000150813 0
6603.11 0.000953854 0
6603.15 0.00129257 0
6603.19 0.0010464 0
6603.22 -8.36836e-05 0
6603.26 -0.00133707 0
6603.3 -0.00187046 0
6603.33 -0.00191401 0
6603.37 -0.00143944 0
6603.41 -0.000831518 0
6603.45 -0.000593649 0
6603.48 -0.000569018 0
6603.52 -0.000606066 0
6603.56 -0.000625012 0
6603.6 -0.000469643 0
6603.63 -0.000241013 0
6603.67 -0.000123017 0
6603.71 -8.74825e-05 0
6603.74 -8.89604e-05 0
6603.78 -0.000110225 0
6603.82 -0.000110356 0
6603.86 5.87272e-05 0
6603.89 0.000785602 0
6603.93 0.00202738 0
6603.97 0.00354231 0
6604.01 0.00490087 0
6604.04 0.00475897 0
6604.08 0.00319018 0
6604.12 0.00129646 0
6604.15 -0.000704864 0
6604.19 -0.00186 0
6604.23 -0.00214666 0
6604.27 -0.00237248 0
6604.3 -0.0026351 0
6604.34 -0.0033633 0
6604.38 -0.0044026 0
6604.42 -0.00440175 0
6604.45 -0.00314417 0
6604.49 -0.00183383 0
6604.53 -0.000586633 0
6604.57 -3.9402e-05 0
6604.6 -0.000416574 0
6604.64 -0.000720622 0
6604.68 -0.000940817 0
6604.72 -0.00128282 0
6604.75 -0.00182061 0
6604.79 -0.00244906 0
6604.83 -0.00317847 0
6604.86 -0.00359033 0
6604.9 -0.00348728 0
6604.94 -0.00349603 0
6604.98 -0.00371045 0
6605.01 -0.00401481 0
6605.05 -0.00449332 0
6605.09 -0.00505817 0
6605.12 -0.0058125 0
6605.16 -0.00686829 0
6605.2 -0.00854995 0
6605.24 -0.0103016 0
6605.27 -0.0121865 0
6605.31 -0.0133862 0
6605.35 -0.0130071 0
6605.39 -0.0120667 0
6605.42 -0.00976267 0
6605.46 -0.00770347 0
6605.5 -0.00625241 0
6605.54 -0.00508364 0
6605.57 -0.00460127 0
6605.61 -0.00424757 0
6605.65 -0.00415411 0
6605.69 -0.00394966 0
6605.72 -0.00341981 0
6605.76 -0.00280782 0
6605.8 -0.00205539 0
6605.83 -0.00133913 0
6605.87 -0.000757461 0
6605.91 -0.000471998 0
6605.95 -0.000922104 0
6605.98 -0.00161814 0
6606.02 -0.00265366 0
6606.06 -0.00347059 0
6606.1 -0.00352141 0
6606.13 -0.00307107 0
6606.17 -0.0017004 0
6606.21 4.37045e-05 0
6606.24 0.00220003 0
6606.28 0.00419559 0
6606.32 0.0054197 0
6606.36 0.00605384 0
6606.39 0.00567141 0
6606.43 0.00490438 0
6606.47 0.00400966 0
6606.51 0.00330371 0
6606.54 0.00329282 0
6606.58 0.00346349 0
6606.62 0.00334537 0
6606.65 0.00274179 0
6606.69 0.00103848 0
6606.73 -0.00082089 0
6606.77 -0.00156439 0
6606.8 -0.00153867 0
6606.84 -0.000858861 0
6606.88 -1.87617e-05 0
6606.92 0.000194626 0
6606.95 -5.25051e-05 0
6606.99 -0.000620114 0
6607.03 -0.00122029 0
6607.07 -0.00126008 0
6607.1 -0.000735457 0
6607.14 0.000461009 0
6607.18 0.00186918 0
6607.22 0.00235368 0
6607.25 0.00198557 0
6607.29 0.00102402 0
6607.33 -0.000121848 0
6607.36 -0.00019772 0
6607.4 0.000883435 0
6607.44 0.00296474 0
6607.48 0.00558628 0
6607.51 0.00682021 0
6607.55 0.0064554 0
6607.59 0.0048682 0
6607.62 0.00219607 0
6607.66 6.79893e-05 0
6607.7 -0.00143736 0
6607.74 -0.00270275 0
6607.77 -0.00350932 0
6607.81 -0.00340979 0
6607.85 -0.00212438 0
6607.89 -0.000188214 0
6607.92 0.00229117 0
6607.96 0.00346521 0
6608 0.00277576 0
6608.04 0.00108554 0
6608.07 -0.00185698 0
6608.11 -0.00419715 0
6608.15 -0.0055157 0
6608.19 -0.00580571 0
6608.22 -0.00451741 0
6608.26 -0.00296899 0
6608.3 -0.00109024 0
6608.33 0.000195436 0
6608.37 0.000486546 0
6608.41 0.00066393 0
6608.45 0.00069683 0
6608.48 0.00123458 0
6608.52 0.00265603 0
6608.56 0.00365858 0
6608.6 0.00381284 0
6608.63 0.00337463 0
6608.67 0.00176007 0
6608.71 0.00047179 0
6608.74 -0.000104571 0
6608.78 -0.00017667 0
6608.82 0.000869896 0
6608.86 0.00168044 0
6608.89 0.00193702 0
6608.93 0.00155643 0
6608.97 -0.000394011 0
6609.01 -0.00204845 0
6609.04 -0.00296592 0
6609.08 -0.00366178 0
6609.12 -0.00383596 0
6609.15 -0.00393193 0
6609.19 -0.0038828 0
6609.23 -0.00352981 0
6609.27 -0.00242148 0
6609.31 -0.00143354 0
6609.34 -0.000920279 0
6609.38 -0.000794313 0
6609.42 -0.0015475 0
6609.45 -0.00250308 0
6609.49 -0.00369146 0
6609.53 -0.00499045 0
6609.57 -0.00648944 0
6609.6 -0.00785527 0
6609.64 -0.00876665 0
6609.68 -0.00899278 0
6609.72 -0.00760254 0
6609.75 -0.0058326 0
6609.79 -0.00403413 0
6609.83 -0.00312971 0
6609.86 -0.00474154 0
6609.9 -0.0071928 0
6609.94 -0.0100125 0
6609.98 -0.0123473 0
6610.01 -0.0129662 0
6610.05 -0.0128839 0
6610.09 -0.0124496 0
6610.12 -0.0117928 0
6610.16 -0.0108613 0
6610.2 -0.00977172 0
6610.24 -0.008535 0
6610.27 -0.00721501 0
6610.31 -0.00583325 0
6610.35 -0.00449176 0
6610.39 -0.0033624 0
6610.42 -0.00271833 0
6610.46 -0.00327025 0
6610.5 -0.00448884 0
6610.54 -0.0058289 0
6610.57 -0.00693085 0
6610.61 -0.00703484 0
6610.65 -0.00618872 0
6610.69 -0.00415917 0
6610.72 -0.00167738 0
6610.76 -0.000198854 0
6610.8 0.000240213 0
6610.83 -0.00059419 0
6610.87 -0.00233164 0
6610.91 -0.0040704 0
6610.95 -0.00576345 0
6610.98 -0.00728678 0
6611.02 -0.00840038 0
6611.06 -0.00848552 0
6611.1 -0.0074792 0
6611.13 -0.00557381 0
6611.17 -0.0031622 0
6611.21 -0.00186641 0
6611.24 -0.00186678 0
6611.28 -0.00295059 0
6611.32 -0.005003 0
6611.36 -0.00670802 0
6611.39 -0.00786344 0
6611.43 -0.00816694 0
6611.47 -0.00758793 0
6611.51 -0.00713946 0
6611.54 -0.00696798 0
6611.58 -0.00741388 0
6611.62 -0.00848242 0
6611.65 -0.00903997 0
6611.69 -0.00892827 0
6611.73 -0.00861404 0
6611.77 -0.00811152 0
6611.81 -0.00800905 0
6611.84 -0.0084484 0
6611.88 -0.0088921 0
6611.92 -0.00932349 0
6611.95 -0.00964118 0
6611.99 -0.00984376 0
6612.03 -0.0103991 0
6612.07 -0.0115077 0
6612.1 -0.0126632 0
6612.14 -0.013897 0
6612.18 -0.0151488 0
6612.22 -0.0164492 0
6612.25 -0.0179064 0
6612.29 -0.0195828 0
6612.33 -0.0206769 0
6612.36 -0.0206754 0
6612.4 -0.0204937 0
6612.44 -0.0199902 0
6612.48 -0.0198623 0
6612.51 -0.0205144 0
6612.55 -0.0214879 0
6612.59 -0.0231257 0
6612.63 -0.0243395 0
6612.66 -0.0245983 0
6612.7 -0.0242549 0
6612.74 -0.0225116 0
6612.77 -0.0206437 0
6612.81 -0.0184723 0
6612.85 -0.0166937 0
6612.89 -0.0158914 0
6612.92 -0.0153149 0
6612.96 -0.015276 0
6613 -0.0148304 0
6613.04 -0.0133174 0
6613.07 -0.0114601 0
6613.11 -0.00886081 0
6613.15 -0.00643702 0
6613.19 -0.00459453 0
6613.22 -0.00333354 0
6613.26 -0.003444 0
6613.3 -0.00416126 0
6613.34 -0.00606989 0
6613.37 -0.00811568 0
6613.41 -0.010112 0
6613.45 -0.0113675 0
6613.48 -0.0106721 0
6613.52 -0.00929875 0
6613.56 -0.00701667 0
6613.6 -0.00510016 0
6613.63 -0.00466146 0
6613.67 -0.00484959 0
6613.71 -0.00586772 0
6613.74 -0.0068875 0
6613.78 -0.00735273 0
6613.82 -0.00701718 0
6613.86 -0.00485187 0
6613.89 -0.00198562 0
6613.93 0.00135788 0
6613.97 0.00368622 0
6614.01 0.00266798 0
6614.04 0.000135018 0
6614.08 -0.00347582 0
6614.12 -0.00692729 0
6614.15 -0.00874215 0
6614.19 -0.00974714 0
6614.23 -0.010265 0
6614.27 -0.0104771 0
6614.31 -0.0103863 0
6614.34 -0.00996223 0
6614.38 -0.00893355 0
6614.42 -0.00760173 0
6614.45 -0.00622999 0
6614.49 -0.00504457 0
6614.53 -0.00451386 0
6614.57 -0.00458385 0
6614.6 -0.0054485 0
6614.64 -0.00674158 0
6614.68 -0.0079529 0
6614.72 -0.00887121 0
6614.75 -0.00897888 0
6614.79 -0.00844093 0
6614.83 -0.00745965 0
6614.86 -0.00635666 0
6614.9 -0.00585898 0
6614.94 -0.00576831 0
6614.98 -0.00560839 0
6615.01 -0.00532897 0
6615.05 -0.00480414 0
6615.09 -0.004211 0
6615.13 -0.00406878 0
6615.16 -0.0043244 0
6615.2 -0.00469578 0
6615.24 -0.00524148 0
6615.27 -0.00608217 0
6615.31 -0.00714065 0
6615.35 -0.00801952 0
6615.39 -0.00857623 0
6615.42 -0.00849957 0
6615.46 -0.00778907 0
6615.5 -0.00701124 0
6615.54 -0.00611738 0
6615.57 -0.00501322 0
6615.61 -0.00371439 0
6615.65 -0.00254834 0
6615.69 -0.00167385 0
6615.72 -0.0014698 0
6615.76 -0.00206049 0
6615.8 -0.0027333 0
6615.84 -0.00342039 0
6615.87 -0.00368237 0
6615.91 -0.00343782 0
6615.95 -0.00334737 0
6615.98 -0.00358331 0
6616.02 -0.00450229 0
6616.06 -0.00629218 0
6616.1 -0.00772134 0
6616.13 -0.00854252 0
6616.17 -0.00878169 0
6616.21 -0.00815582 0
6616.24 -0.00751208 0
6616.28 -0.00682099 0
6616.32 -0.00599453 0
6616.36 -0.0049932 0
6616.39 -0.00430705 0
6616.43 -0.0041601 0
6616.47 -0.00412453 0
6616.51 -0.00426834 0
6616.54 -0.00428807 0
6616.58 -0.00409696 0
6616.62 -0.00402742 0
6616.66 -0.00419558 0
6616.69 -0.00447323 0
6616.73 -0.00491631 0
6616.77 -0.0046862 0
6616.81 -0.00311815 0
6616.84 -0.00207746 0
6616.88 -0.00218685 0
6616.92 -0.00305653 0
6616.95 -0.00558962 0
6616.99 -0.00765453 0
6617.03 -0.00864139 0
6617.07 -0.00929324 0
6617.1 -0.0091448 0
6617.14 -0.00887362 0
6617.18 -0.00830024 0
6617.22 -0.00756886 0
6617.25 -0.00644437 0
6617.29 -0.00541107 0
6617.33 -0.00462317 0
6617.36 -0.00390302 0
6617.4 -0.00333438 0
6617.44 -0.00276248 0
6617.48 -0.00216252 0
6617.51 -0.00230785 0
6617.55 -0.00437117 0
6617.59 -0.00682557 0
6617.63 -0.00985978 0
6617.66 -0.0121773 0
6617.7 -0.0124703 0
6617.74 -0.0121948 0
6617.77 -0.0110843 0
6617.81 -0.0102764 0
6617.85 -0.0105814 0
6617.89 -0.0112363 0
6617.92 -0.0123454 0
6617.96 -0.0131779 0
6618 -0.013048 0
6618.04 -0.0122371 0
6618.07 -0.0100987 0
6618.11 -0.00749813 0
6618.15 -0.00442828 0
6618.19 -0.00181077 0
6618.22 -0.000755176 0
6618.26 -0.000745742 0
6618.3 -0.002517 0
6618.34 -0.00436088 0
6618.37 -0.00499502 0
6618.41 -0.00483851 0
6618.45 -0.00347668 0
6618.48 -0.00207969 0
6618.52 -0.0017106 0
6618.56 -0.00202385 0
6618.6 -0.00328389 0
6618.63 -0.00506686 0
6618.67 -0.00735453 0
6618.71 -0.00980176 0
6618.74 -0.0121286 0
6618.78 -0.0138822 0
6618.82 -0.0140635 0
6618.86 -0.013191 0
6618.89 -0.0112307 0
6618.93 -0.00890562 0
6618.97 -0.00702951 0
6619.01 -0.00559266 0
6619.04 -0.00483761 0
6619.08 -0.0044081 0
6619.12 -0.00388438 0
6619.16 -0.00325222 0
6619.19 -0.00244004 0
6619.23 -0.00179234 0
6619.27 -0.00202002 0
6619.31 -0.00286342 0
6619.34 -0.00400075 0
6619.38 -0.00490589 0
6619.42 -0.00440783 0
6619.45 -0.00308791 0
6619.49 -0.00211668 0
6619.53 -0.00177086 0
6619.57 -0.0027648 0
6619.6 -0.00462393 0
6619.64 -0.00613865 0
6619.68 -0.00719495 0
6619.72 -0.00752178 0
6619.75 -0.00718924 0
6619.79 -0.00653037 0
6619.83 -0.00561768 0
6619.86 -0.00475097 0
6619.9 -0.00398007 0
6619.94 -0.00342134 0
6619.98 -0.00306093 0
6620.01 -0.00274925 0
6620.05 -0.0025372 0
6620.09 -0.00254755 0
6620.13 -0.00276281 0
6620.16 -0.00294288 0
6620.2 -0.00317608 0
6620.24 -0.00377913 0
6620.27 -0.00489145 0
6620.31 -0.00655962 0
6620.35 -0.00873269 0
6620.39 -0.0105225 0
6620.42 -0.0117983 0
6620.46 -0.012659 0
6620.5 -0.0129941 0
6620.54 -0.0130801 0
6620.57 -0.0127592 0
6620.61 -0.0118956 0
6620.65 -0.0103275 0
6620.69 -0.00857853 0
6620.72 -0.00676243 0
6620.76 -0.00580212 0
6620.8 -0.0060401 0
6620.84 -0.00666524 0
6620.87 -0.0077958 0
6620.91 -0.00879938 0
6620.95 -0.00964883 0
6620.98 -0.0106599 0
6621.02 -0.0118393 0
6621.06 -0.0125879 0
6621.1 -0.0126708 0
6621.13 -0.0126452 0
6621.17 -0.012495 0
6621.21 -0.0126773 0
6621.24 -0.0133109 0
6621.28 -0.0132781 0
6621.32 -0.0120778 0
6621.36 -0.0104378 0
6621.4 -0.00811425 0
6621.43 -0.0065153 0
6621.47 -0.00630655 0
6621.51 -0.00700828 0
6621.54 -0.00941759 0
6621.58 -0.0119934 0
6621.62 -0.0148239 0
6621.66 -0.016836 0
6621.69 -0.017167 0
6621.73 -0.0166129 0
6621.77 -0.0142653 0
6621.81 -0.0123348 0
6621.84 -0.0113241 0
6621.88 -0.0111177 0
6621.92 -0.0126639 0
6621.95 -0.0137372 0
6621.99 -0.0137214 0
6622.03 -0.0129484 0
6622.07 -0.0103949 0
6622.1 -0.0078173 0
6622.14 -0.00518445 0
6622.18 -0.00301914 0
6622.22 -0.00201338 0
6622.25 -0.0016299 0
6622.29 -0.00278433 0
6622.33 -0.00440619 0
6622.36 -0.00712322 0
6622.4 -0.00994694 0
6622.44 -0.0129435 0
6622.48 -0.0161051 0
6622.51 -0.0196688 0
6622.55 -0.0228382 0
6622.59 -0.0249357 0
6622.63 -0.0259981 0
6622.66 -0.0246115 0
6622.7 -0.0225256 0
6622.74 -0.0192211 0
6622.77 -0.0160534 0
6622.81 -0.0135822 0
6622.85 -0.0113835 0
6622.89 -0.00967042 0
6622.92 -0.00805368 0
6622.96 -0.00651165 0
6623 -0.00533672 0
6623.04 -0.00510296 0
6623.07 -0.00522428 0
6623.11 -0.00587114 0
6623.15 -0.00638378 0
6623.19 -0.00627029 0
6623.22 -0.00577981 0
6623.26 -0.00460735 0
6623.3 -0.00338035 0
6623.34 -0.00241773 0
6623.37 -0.00181895 0
6623.41 -0.00205063 0
6623.45 -0.0023481 0
6623.48 -0.00223813 0
6623.52 -0.00206848 0
6623.56 -0.00204592 0
6623.6 -0.00238112 0
6623.63 -0.00360792 0
6623.67 -0.0050585 0
6623.71 -0.00637117 0
6623.74 -0.00727973 0
6623.78 -0.00715585 0
6623.82 -0.00669605 0
6623.86 -0.00628754 0
6623.9 -0.00590038 0
6623.93 -0.00552577 0
6623.97 -0.00506987 0
6624.01 -0.00436008 0
6624.04 -0.00357737 0
6624.08 -0.00287621 0
6624.12 -0.00244842 0
6624.16 -0.00274534 0
6624.19 -0.00347739 0
6624.23 -0.00456162 0
6624.27 -0.00566112 0
6624.31 -0.00631279 0
6624.34 -0.00677853 0
6624.38 -0.00733915 0
6624.42 -0.00782318 0
6624.45 -0.00791099 0
6624.49 -0.00750301 0
6624.53 -0.00618636 0
6624.57 -0.00459377 0
6624.6 -0.00371308 0
6624.64 -0.0033986 0
6624.68 -0.0036014 0
6624.72 -0.00390682 0
6624.75 -0.00354761 0
6624.79 -0.00303835 0
6624.83 -0.00339275 0
6624.86 -0.00456 0
6624.9 -0.00660443 0
6624.94 -0.0087885 0
6624.98 -0.00946191 0
6625.01 -0.00870563 0
6625.05 -0.00657753 0
6625.09 -0.00365248 0
6625.13 -0.00136018 0
6625.16 0.000220631 0
6625.2 0.000919813 0
6625.24 0.000750317 0
6625.27 -0.000128516 0
6625.31 -0.001505 0
6625.35 -0.00266275 0
6625.39 -0.0036701 0
6625.43 -0.00478373 0
6625.46 -0.00583396 0
6625.5 -0.00629391 0
6625.54 -0.0061053 0
6625.57 -0.00539363 0
6625.61 -0.0042519 0
6625.65 -0.00326626 0
6625.69 -0.00257012 0
6625.72 -0.0024641 0
6625.76 -0.00300448 0
6625.8 -0.00389312 0
6625.84 -0.00509819 0
6625.87 -0.00618254 0
6625.91 -0.00695653 0
6625.95 -0.00693174 0
6625.98 -0.00617173 0
6626.02 -0.00584794 0
6626.06 -0.00603645 0
6626.1 -0.00640669 0
6626.13 -0.00693636 0
6626.17 -0.00728262 0
6626.21 -0.00747624 0
6626.24 -0.00794373 0
6626.28 -0.00873038 0
6626.32 -0.00951579 0
6626.36 -0.0103308 0
6626.4 -0.0113048 0
6626.43 -0.0125287 0
6626.47 -0.0140041 0
6626.51 -0.0156752 0
6626.54 -0.016693 0
6626.58 -0.0167751 0
6626.62 -0.0164413 0
6626.66 -0.0155401 0
6626.69 -0.0145875 0
6626.73 -0.0135427 0
6626.77 -0.0123852 0
6626.81 -0.0110678 0
6626.84 -0.00976559 0
6626.88 -0.00851222 0
6626.92 -0.00740863 0
6626.95 -0.00659622 0
6626.99 -0.00621667 0
6627.03 -0.00653521 0
6627.07 -0.00702654 0
6627.1 -0.00769945 0
6627.14 -0.00770847 0
6627.18 -0.00659736 0
6627.22 -0.0052197 0
6627.25 -0.00351494 0
6627.29 -0.00275438 0
6627.33 -0.00362247 0
6627.36 -0.00454158 0
6627.4 -0.00552288 0
6627.44 -0.00626755 0
6627.48 -0.00660037 0
6627.51 -0.00706654 0
6627.55 -0.00774013 0
6627.59 -0.00798686 0
6627.63 -0.00740539 0
6627.66 -0.00670908 0
6627.7 -0.00583014 0
6627.74 -0.00554633 0
6627.77 -0.00645241 0
6627.81 -0.00727123 0
6627.85 -0.00790495 0
6627.89 -0.00838199 0
6627.93 -0.00853144 0
6627.96 -0.00880765 0
6628 -0.00936502 0
6628.04 -0.0101272 0
6628.07 -0.0113549 0
6628.11 -0.0126767 0
6628.15 -0.0142077 0
6628.19 -0.0154618 0
6628.22 -0.0160545 0
6628.26 -0.0160151 0
6628.3 -0.0144458 0
6628.34 -0.0126822 0
6628.37 -0.010433 0
6628.41 -0.00868173 0
6628.45 -0.00817435 0
6628.48 -0.00820909 0
6628.52 -0.00955918 0
6628.56 -0.0112152 0
6628.6 -0.0135606 0
6628.63 -0.0157132 0
6628.67 -0.0173276 0
6628.71 -0.0183727 0
6628.75 -0.0180369 0
6628.78 -0.0170722 0
6628.82 -0.0146996 0
6628.86 -0.0124701 0
6628.9 -0.0108509 0
6628.93 -0.00953958 0
6628.97 -0.00889693 0
6629.01 -0.0080522 0
6629.04 -0.00653736 0
6629.08 -0.00489088 0
6629.12 -0.00307642 0
6629.16 -0.00173233 0
6629.19 -0.00165743 0
6629.23 -0.00244189 0
6629.27 -0.0050687 0
6629.31 -0.00768857 0
6629.34 -0.00963239 0
6629.38 -0.0109175 0
6629.42 -0.0107201 0
6629.45 -0.0101299 0
6629.49 -0.00912905 0
6629.53 -0.00816929 0
6629.57 -0.00750682 0
6629.6 -0.00710456 0
6629.64 -0.00724981 0
6629.68 -0.00746896 0
6629.72 -0.00759641 0
6629.75 -0.00766054 0
6629.79 -0.00759973 0
6629.83 -0.00744901 0
6629.86 -0.00713305 0
6629.9 -0.00653336 0
6629.94 -0.00525977 0
6629.98 -0.00392309 0
6630.01 -0.00286595 0
6630.05 -0.00218764 0
6630.09 -0.00236608 0
6630.13 -0.00283465 0
6630.16 -0.00346117 0
6630.2 -0.00406467 0
6630.24 -0.00447134 0
6630.27 -0.0047222 0
6630.31 -0.00469683 0
6630.35 -0.00435591 0
6630.39 -0.00335587 0
6630.43 -0.00214911 0
6630.46 -0.000971075 0
6630.5 -9.48715e-05 0
6630.54 -6.19397e-05 0
6630.57 -0.000174205 0
6630.61 0.000162836 0
6630.65 0.00056474 0
6630.69 0.000668619 0
6630.72 0.000258829 0
6630.76 -0.00132909 0
6630.8 -0.0034655 0
6630.84 -0.00584056 0
6630.87 -0.00792963 0
6630.91 -0.00887847 0
6630.95 -0.00884621 0
6630.98 -0.0073205 0
6631.02 -0.00523831 0
6631.06 -0.00346237 0
6631.1 -0.00204526 0
6631.13 -0.0013 0
6631.17 -0.000889135 0
6631.21 -0.000531318 0
6631.25 -0.000112222 0
6631.28 0.000570196 0
6631.32 0.00128897 0
6631.36 0.00170985 0
6631.4 0.00168415 0
6631.43 0.000741849 0
6631.47 -0.000583707 0
6631.51 -0.00158944 0
6631.54 -0.00227641 0
6631.58 -0.00250276 0
6631.62 -0.00251406 0
6631.66 -0.00265865 0
6631.69 -0.00302748 0
6631.73 -0.00387447 0
6631.77 -0.00493926 0
6631.81 -0.00578067 0
6631.84 -0.00642335 0
6631.88 -0.00686591 0
6631.92 -0.00700162 0
6631.95 -0.00653224 0
6631.99 -0.00549663 0
6632.03 -0.00385581 0
6632.07 -0.00209687 0
6632.1 -0.00130174 0
6632.14 -0.00149464 0
6632.18 -0.0028434 0
6632.22 -0.00496108 0
6632.25 -0.00695492 0
6632.29 -0.00856146 0
6632.33 -0.00912518 0
6632.36 -0.00884551 0
6632.4 -0.00827356 0
6632.44 -0.00761352 0
6632.48 -0.0074263 0
6632.51 -0.0076413 0
6632.55 -0.0080076 0
6632.59 -0.00840145 0
6632.63 -0.00845415 0
6632.66 -0.00804912 0
6632.7 -0.00696735 0
6632.74 -0.0053296 0
6632.78 -0.0036876 0
6632.81 -0.00216566 0
6632.85 -0.00110186 0
6632.89 -0.000439232 0
6632.93 0.000181534 0
6632.96 0.000664947 0
6633 0.000753036 0
6633.04 0.000255055 0
6633.07 -0.00116181 0
6633.11 -0.00340804 0
6633.15 -0.00561652 0
6633.19 -0.00748753 0
6633.22 -0.00813119 0
6633.26 -0.00762787 0
6633.3 -0.00722625 0
6633.34 -0.00692956 0
6633.37 -0.00666237 0
6633.41 -0.00629159 0
6633.45 -0.00535007 0
6633.48 -0.00379874 0
6633.52 -0.0021226 0
6633.56 -0.000458296 0
6633.6 0.000591665 0
6633.63 0.000833256 0
6633.67 0.000387093 0
6633.71 -0.000669694 0
6633.75 -0.00114671 0
6633.78 -0.000948535 0
6633.82 -0.000562045 0
6633.86 2.29795e-05 0
6633.9 0.000543146 0
6633.93 0.000902223 0
6633.97 0.000849717 0
6634.01 0.000311546 0
6634.04 -0.000245023 0
6634.08 -0.000730858 0
6634.12 -0.000777054 0
6634.16 -0.000284824 0
6634.19 0.000236532 0
6634.23 0.000722121 0
6634.27 0.000864822 0
6634.31 0.000579595 0
6634.34 0.000296392 0
6634.38 2.51861e-05 0
6634.42 -0.000206249 0
6634.45 -0.000378173 0
6634.49 -0.000516716 0
6634.53 -0.000574124 0
6634.57 -0.000438751 0
6634.6 -4.11127e-05 0
6634.64 0.00038783 0
6634.68 0.000809277 0
6634.72 0.0009339 0
6634.75 0.000575437 0
6634.79 -0.000191069 0
6634.83 -0.00147207 0
6634.86 -0.0023421 0
6634.9 -0.00257983 0
6634.94 -0.00259534 0
6634.98 -0.00230693 0
6635.01 -0.00217711 0
6635.05 -0.00226187 0
6635.09 -0.00220786 0
6635.13 -0.00194589 0
6635.16 -0.00172088 0
6635.2 -0.00161255 0
6635.24 -0.00188635 0
6635.28 -0.00278852 0
6635.31 -0.0038833 0
6635.35 -0.00513491 0
6635.39 -0.00529946 0
6635.43 -0.00362388 0
6635.46 -0.00141061 0
6635.5 0.00159658 0
6635.54 0.00383489 0
6635.57 0.00471439 0
6635.61 0.00506647 0
6635.65 0.00446885 0
6635.69 0.00351175 0
6635.72 0.00191097 0
6635.76 0.00015697 0
6635.8 -0.00182886 0
6635.84 -0.00342017 0
6635.87 -0.00426719 0
6635.91 -0.00479838 0
6635.95 -0.00471392 0
6635.98 -0.00427165 0
6636.02 -0.00314735 0
6636.06 -0.00179887 0
6636.1 -9.61736e-05 0
6636.13 0.000828136 0
6636.17 0.000240922 0
6636.21 -0.000595748 0
6636.25 -0.00189001 0
6636.28 -0.00278189 0
6636.32 -0.00286776 0
6636.36 -0.00284855 0
6636.4 -0.00259958 0
6636.43 -0.00213312 0
6636.47 -0.00121685 0
6636.51 -0.00023245 0
6636.54 0.000912449 0
6636.58 0.00233561 0
6636.62 0.00434319 0
6636.66 0.00639124 0
6636.69 0.00850653 0
6636.73 0.010198 0
6636.77 0.0109412 0
6636.81 0.0109767 0
6636.84 0.0094262 0
6636.88 0.00731386 0
6636.92 0.0039596 0
6636.95 0.0010645 0
6636.99 -0.000763875 0
6637.03 -0.00184714 0
6637.07 -0.00120439 0
6637.1 -0.000338855 0
6637.14 0.00104743 0
6637.18 0.00214855 0
6637.22 0.00256337 0
6637.25 0.0025685 0
6637.29 0.00158538 0
6637.33 0.000508065 0
6637.36 -0.000797133 0
6637.4 -0.00163374 0
6637.44 -0.00131438 0
6637.48 -0.000532926 0
6637.52 0.00139077 0
6637.55 0.00285908 0
6637.59 0.0031748 0
6637.63 0.0033441 0
6637.66 0.00318475 0
6637.7 0.00324609 0
6637.74 0.00387576 0
6637.78 0.00426362 0
6637.81 0.00400407 0
6637.85 0.00341746 0
6637.89 0.00206262 0
6637.93 0.00093525 0
6637.96 0.000457853 0
6638 0.000325874 0
6638.04 0.000989283 0
6638.07 0.00143757 0
6638.11 0.00124159 0
6638.15 0.0010274 0
6638.19 0.000862487 0
6638.22 0.000976704 0
6638.26 0.00178893 0
6638.3 0.00254207 0
6638.34 0.00302454 0
6638.37 0.00301841 0
6638.41 0.0018181 0
6638.45 0.000475255 0
6638.48 -0.000986397 0
6638.52 -0.00235966 0
6638.56 -0.00347634 0
6638.6 -0.00437435 0
6638.63 -0.00477425 0
6638.67 -0.00454551 0
6638.71 -0.0028184 0
6638.75 -0.000891306 0
6638.78 0.00115278 0
6638.82 0.00296789 0
6638.86 0.00415174 0
6638.9 0.00510473 0
6638.93 0.00564933 0
6638.97 0.0058446 0
6639.01 0.00526232 0
6639.04 0.00461738 0
6639.08 0.00407057 0
6639.12 0.00352837 0
6639.16 0.00296715 0
6639.19 0.00256329 0
6639.23 0.00257616 0
6639.27 0.00314769 0
6639.31 0.0050322 0
6639.34 0.00706832 0
6639.38 0.00898086 0
6639.42 0.0100085 0
6639.45 0.00873923 0
6639.49 0.00697683 0
6639.53 0.00490745 0
6639.57 0.003565 0
6639.6 0.00430114 0
6639.64 0.00549228 0
6639.68 0.00691623 0
6639.72 0.00774562 0
6639.75 0.00686906 0
6639.79 0.00578147 0
6639.83 0.00498512 0
6639.86 0.00475732 0
6639.9 0.0059084 0
6639.94 0.00716045 0
6639.98 0.00794406 0
6640.02 0.00821933 0
6640.05 0.00737596 0
6640.09 0.00617108 0
6640.13 0.00462868 0
6640.16 0.00313231 0
6640.2 0.00196418 0
6640.24 0.00112288 0
6640.28 0.00096909 0
6640.31 0.000869589 0
6640.35 0.000487516 0
6640.39 1.3921e-05 0
6640.43 -0.000524828 0
6640.46 -0.000993191 0
6640.5 -0.00122402 0
6640.54 -0.00122546 0
6640.57 -0.000752861 0
6640.61 3.82041e-05 0
6640.65 0.00137362 0
6640.69 0.00268132 0
6640.72 0.00352308 0
6640.76 0.00379257 0
6640.8 0.00281876 0
6640.84 0.00164724 0
6640.87 0.000856878 0
6640.91 0.000255401 0
6640.95 -0.000112022 0
6640.98 -0.000644727 0
6641.02 -0.00182099 0
6641.06 -0.00282899 0
6641.1 -0.00284561 0
6641.13 -0.00225634 0
6641.17 -0.000776161 0
6641.21 0.000871421 0
6641.25 0.00223691 0
6641.28 0.00330097 0
6641.32 0.00375602 0
6641.36 0.00387951 0
6641.4 0.00360264 0
6641.43 0.00304528 0
6641.47 0.00204575 0
6641.51 0.00108382 0
6641.55 0.00063404 0
6641.58 0.000629831 0
6641.62 0.00142462 0
6641.66 0.00251769 0
6641.69 0.00370073 0
6641.73 0.00462407 0
6641.77 0.00471325 0
6641.81 0.00419291 0
6641.84 0.00273856 0
6641.88 0.00107111 0
6641.92 -0.00027029 0
6641.95 -0.00118315 0
6641.99 -0.00118614 0
6642.03 -0.000966812 0
6642.07 -0.00105672 0
6642.1 -0.00126971 0
6642.14 -0.00151215 0
6642.18 -0.0017261 0
6642.22 -0.00182066 0
6642.25 -0.00200417 0
6642.29 -0.00258237 0
6642.33 -0.00346473 0
6642.37 -0.00479713 0
6642.4 -0.00614978 0
6642.44 -0.00704657 0
6642.48 -0.00756345 0
6642.52 -0.00748627 0
6642.55 -0.00704459 0
6642.59 -0.00621882 0
6642.63 -0.00526707 0
6642.66 -0.00440339 0
6642.7 -0.00381407 0
6642.74 -0.00393277 0
6642.78 -0.00423002 0
6642.81 -0.00418543 0
6642.85 -0.00404897 0
6642.89 -0.0040681 0
6642.93 -0.00446256 0
6642.96 -0.00578302 0
6643 -0.0072816 0
6643.04 -0.00812269 0
6643.07 -0.00834835 0
6643.11 -0.00757789 0
6643.15 -0.00637459 0
6643.19 -0.00517654 0
6643.22 -0.00406246 0
6643.26 -0.0031982 0
6643.3 -0.00263201 0
6643.34 -0.00262992 0
6643.37 -0.00285207 0
6643.41 -0.00297604 0
6643.45 -0.00286458 0
6643.48 -0.0021771 0
6643.52 -0.00124899 0
6643.56 -0.000399329 0
6643.6 0.000144151 0
6643.63 -0.000131633 0
6643.67 -0.00109699 0
6643.71 -0.00299497 0
6643.75 -0.00527669 0
6643.78 -0.007375 0
6643.82 -0.00905347 0
6643.86 -0.00971506 0
6643.9 -0.00980463 0
6643.93 -0.00965192 0
6643.97 -0.00920534 0
6644.01 -0.0082132 0
6644.05 -0.00679026 0
6644.08 -0.00487209 0
6644.12 -0.0029963 0
6644.16 -0.00201926 0
6644.19 -0.00153375 0
6644.23 -0.0011669 0
6644.27 -0.000753236 0
6644.31 -9.68337e-06 0
6644.34 0.000670453 0
6644.38 0.000624033 0
6644.42 0.000193503 0
6644.45 -0.000261998 0
6644.49 -0.000553583 0
6644.53 -0.000289276 0
6644.57 0.000269764 0
6644.6 0.00084365 0
6644.64 0.00130049 0
6644.68 0.00136059 0
6644.72 0.00158002 0
6644.75 0.00296914 0
6644.79 0.00496241 0
6644.83 0.00688708 0
6644.87 0.00826875 0
6644.9 0.00804218 0
6644.94 0.00696142 0
6644.98 0.00594599 0
6645.02 0.00544018 0
6645.05 0.00644756 0
6645.09 0.00842471 0
6645.13 0.010829 0
6645.16 0.0129914 0
6645.2 0.0136215 0
6645.24 0.0129746 0
6645.28 0.010978 0
6645.31 0.00847195 0
6645.35 0.00676586 0
6645.39 0.00571901 0
6645.43 0.00533969 0
6645.46 0.00519626 0
6645.5 0.00458366 0
6645.54 0.00371982 0
6645.57 0.00291164 0
6645.61 0.00208585 0
6645.65 0.00110336 0
6645.69 4.34223e-05 0
6645.72 -0.000977259 0
6645.76 -0.00176387 0
6645.8 -0.00186769 0
6645.84 -0.001413 0
6645.87 -0.000448159 0
6645.91 0.000729773 0
6645.95 0.00162145 0
6645.98 0.00212908 0
6646.02 0.00194286 0
6646.06 0.0015456 0
6646.1 0.00180584 0
6646.13 0.00275195 0
6646.17 0.00465361 0
6646.21 0.0069921 0
6646.25 0.00888363 0
6646.28 0.0101267 0
6646.32 0.0101268 0
6646.36 0.00925166 0
6646.4 0.00798155 0
6646.43 0.00653353 0
6646.47 0.00529789 0
6646.51 0.00431635 0
6646.55 0.00374424 0
6646.58 0.00352304 0
6646.62 0.00363235 0
6646.66 0.003839 0
6646.69 0.00368929 0
6646.73 0.00318297 0
6646.77 0.00222813 0
6646.81 0.00102082 0
6646.84 -9.24212e-05 0
6646.88 -0.000992285 0
6646.92 -0.00138322 0
6646.95 -0.00146515 0
6646.99 -0.00158256 0
6647.03 -0.00142045 0
6647.07 -0.000251254 0
6647.1 0.0015616 0
6647.14 0.00339547 0
6647.18 0.0048064 0
6647.22 0.0047622 0
6647.25 0.00377976 0
6647.29 0.00274961 0
6647.33 0.00203865 0
6647.37 0.00249348 0
6647.4 0.00376642 0
6647.44 0.00528608 0
6647.48 0.00674093 0
6647.52 0.00744665 0
6647.55 0.00749655 0
6647.59 0.00696355 0
6647.63 0.0061988 0
6647.66 0.00592062 0
6647.7 0.0060585 0
6647.74 0.00653314 0
6647.78 0.0072117 0
6647.81 0.00784146 0
6647.85 0.00794398 0
6647.89 0.00637877 0
6647.93 0.00361509 0
6647.96 0.000470621 0
6648 -0.00226323 0
6648.04 -0.0027775 0
6648.07 -0.00166152 0
6648.11 5.65404e-05 0
6648.15 0.0018369 0
6648.19 0.00249957 0
6648.22 0.00223617 0
6648.26 0.00132602 0
6648.3 -3.48599e-05 0
6648.34 -0.00148673 0
6648.37 -0.00289472 0
6648.41 -0.0039542 0
6648.45 -0.00444289 0
6648.48 -0.00377606 0
6648.52 -0.00230133 0
6648.56 -0.000670805 0
6648.6 0.000589846 0
6648.63 0.00025883 0
6648.67 -0.00123687 0
6648.71 -0.00311752 0
6648.75 -0.00495512 0
6648.78 -0.00578851 0
6648.82 -0.00579312 0
6648.86 -0.00523927 0
6648.9 -0.00439469 0
6648.93 -0.00382073 0
6648.97 -0.00350872 0
6649.01 -0.00347705 0
6649.05 -0.00373709 0
6649.08 -0.00435118 0
6649.12 -0.00509164 0
6649.16 -0.00546888 0
6649.19 -0.00529881 0
6649.23 -0.00409519 0
6649.27 -0.00223129 0
6649.31 -0.000456855 0
6649.34 0.00101635 0
6649.38 0.00167098 0
6649.42 0.00185902 0
6649.45 0.00230993 0
6649.49 0.00299977 0
6649.53 0.00390467 0
6649.57 0.00481828 0
6649.6 0.00527851 0
6649.64 0.00541861 0
6649.68 0.00549632 0
6649.72 0.00546862 0
6649.75 0.0052214 0
6649.79 0.00476361 0
6649.83 0.00408417 0
6649.87 0.00336046 0
6649.9 0.00297908 0
6649.94 0.00277749 0
6649.98 0.00241819 0
6650.02 0.00205415 0
6650.05 0.00202892 0
6650.09 0.00243273 0
6650.13 0.00352661 0
6650.16 0.00506493 0
6650.2 0.00656754 0
6650.24 0.00779738 0
6650.28 0.00819127 0
6650.31 0.00817146 0
6650.35 0.00860533 0
6650.39 0.00938487 0
6650.43 0.0103247 0
6650.46 0.0111857 0
6650.5 0.0114322 0
6650.54 0.0111826 0
6650.57 0.0106175 0
6650.61 0.00993071 0
6650.65 0.00953086 0
6650.69 0.00923204 0
6650.72 0.00864221 0
6650.76 0.00788569 0
6650.8 0.00720396 0
6650.84 0.00674228 0
6650.87 0.00685825 0
6650.91 0.00746911 0
6650.95 0.00848229 0
6650.98 0.00972753 0
6651.02 0.01088 0
6651.06 0.0116987 0
6651.1 0.0116064 0
6651.14 0.0109422 0
6651.17 0.0103197 0
6651.21 0.00991892 0
6651.25 0.0101668 0
6651.28 0.0108487 0
6651.32 0.0115934 0
6651.36 0.0121769 0
6651.4 0.0120905 0
6651.43 0.0114327 0
6651.47 0.0102933 0
6651.51 0.00878134 0
6651.55 0.00704195 0
6651.58 0.00527511 0
6651.62 0.00389204 0
6651.66 0.00289646 0
6651.69 0.00238901 0
6651.73 0.00224006 0
6651.77 0.00226289 0
6651.81 0.00239012 0
6651.84 0.00250658 0
6651.88 0.00238126 0
6651.92 0.00147727 0
6651.95 4.56892e-05 0
6651.99 -0.00153631 0
6652.03 -0.00284327 0
6652.07 -0.00293612 0
6652.1 -0.00219664 0
6652.14 -0.00117424 0
6652.18 9.88181e-05 0
6652.22 0.00162593 0
6652.25 0.00338386 0
6652.29 0.00539471 0
6652.33 0.0071168 0
6652.37 0.00739017 0
6652.4 0.00661839 0
6652.44 0.00528581 0
6652.48 0.00396274 0
6652.52 0.00377194 0
6652.55 0.00427634 0
6652.59 0.00484255 0
6652.63 0.00510041 0
6652.66 0.00423958 0
6652.7 0.00277084 0
6652.74 0.00147268 0
6652.78 0.000370877 0
6652.81 -0.000420557 0
6652.85 -0.00104941 0
6652.89 -0.00173634 0
6652.93 -0.00232833 0
6652.96 -0.00250738 0
6653 -0.00218532 0
6653.04 -0.00101877 0
6653.07 0.000681642 0
6653.11 0.00254051 0
6653.15 0.00416281 0
6653.19 0.00473147 0
6653.22 0.00463395 0
6653.26 0.00431885 0
6653.3 0.00404534 0
6653.34 0.0042954 0
6653.37 0.0047693 0
6653.41 0.00501979 0
6653.45 0.00502281 0
6653.48 0.00463705 0
6653.52 0.00390635 0
6653.56 0.00276045 0
6653.6 0.00156302 0
6653.64 0.000926631 0
6653.67 0.000924862 0
6653.71 0.0019662 0
6653.75 0.00375062 0
6653.78 0.00609366 0
6653.82 0.00851779 0
6653.86 0.0102477 0
6653.9 0.0110837 0
6653.93 0.0102701 0
6653.97 0.00838949 0
6654.01 0.00590485 0
6654.05 0.00342554 0
6654.08 0.00196298 0
6654.12 0.00129732 0
6654.16 0.00146132 0
6654.19 0.00212197 0
6654.23 0.00299103 0
6654.27 0.00407928 0
6654.31 0.00551965 0
6654.34 0.00692882 0
6654.38 0.00768057 0
6654.42 0.00775637 0
6654.46 0.006766 0
6654.49 0.00523825 0
6654.53 0.00370345 0
6654.57 0.00225081 0
6654.6 0.00106296 0
6654.64 -1.19053e-05 0
6654.68 -0.00113782 0
6654.72 -0.002106 0
6654.75 -0.00251517 0
6654.79 -0.00266277 0
6654.83 -0.00283657 0
6654.87 -0.00289297 0
6654.9 -0.00254862 0
6654.94 -0.0018214 0
6654.98 -0.000507639 0
6655.02 0.00107896 0
6655.05 0.0026576 0
6655.09 0.00402445 0
6655.13 0.00476178 0
6655.16 0.00525874 0
6655.2 0.00590303 0
6655.24 0.00663485 0
6655.28 0.00742833 0
6655.31 0.00800791 0
6655.35 0.00785648 0
6655.39 0.00730669 0
6655.43 0.00653805 0
6655.46 0.00591137 0
6655.5 0.00600338 0
6655.54 0.0064355 0
6655.57 0.00694623 0
6655.61 0.00737498 0
6655.65 0.00745768 0
6655.69 0.00737914 0
6655.72 0.00726177 0
6655.76 0.00717224 0
6655.8 0.00721182 0
6655.84 0.00754361 0
6655.87 0.00858252 0
6655.91 0.00972849 0
6655.95 0.0103301 0
6655.98 0.010312 0
6656.02 0.00911615 0
6656.06 0.00722477 0
6656.1 0.00467604 0
6656.14 0.00207659 0
6656.17 8.86229e-05 0
6656.21 -0.00134546 0
6656.25 -0.00185561 0
6656.28 -0.00189631 0
6656.32 -0.00160139 0
6656.36 -0.00126107 0
6656.4 -0.00116177 0
6656.43 -0.00111 0
6656.47 -0.000934437 0
6656.51 -0.000248824 0
6656.55 0.00178621 0
6656.58 0.00441507 0
6656.62 0.00734384 0
6656.66 0.00984039 0
6656.69 0.0107822 0
6656.73 0.0108119 0
6656.77 0.00979239 0
6656.81 0.00838908 0
6656.84 0.00693021 0
6656.88 0.0060345 0
6656.92 0.00680752 0
6656.96 0.00831754 0
6656.99 0.010328 0
6657.03 0.012097 0
6657.07 0.0127068 0
6657.1 0.0126035 0
6657.14 0.0115474 0
6657.18 0.0102419 0
6657.22 0.00909084 0
6657.25 0.00817576 0
6657.29 0.0077903 0
6657.33 0.00739326 0
6657.37 0.00650124 0
6657.4 0.00565186 0
6657.44 0.00534374 0
6657.48 0.00538666 0
6657.52 0.00596505 0
6657.55 0.00666244 0
6657.59 0.00725407 0
6657.63 0.00798819 0
6657.66 0.00920431 0
6657.7 0.0102555 0
6657.74 0.0104741 0
6657.78 0.0101282 0
6657.81 0.00884761 0
6657.85 0.00720921 0
6657.89 0.00527568 0
6657.93 0.00337515 0
6657.96 0.00178175 0
6658 0.000800276 0
6658.04 0.0012869 0
6658.07 0.00229451 0
6658.11 0.003721 0
6658.15 0.00464785 0
6658.19 0.00392197 0
6658.22 0.00256581 0
6658.26 0.00057048 0
6658.3 -0.00118651 0
6658.34 -0.00188476 0
6658.37 -0.00221224 0
6658.41 -0.00219058 0
6658.45 -0.00234536 0
6658.49 -0.00318879 0
6658.52 -0.00404028 0
6658.56 -0.00450859 0
6658.6 -0.00464313 0
6658.64 -0.00409447 0
6658.67 -0.00344406 0
6658.71 -0.00289447 0
6658.75 -0.00225349 0
6658.78 -0.00131508 0
6658.82 -0.000451254 0
6658.86 5.94896e-05 0
6658.9 0.000364237 0
6658.93 0.00029709 0
6658.97 0.000215358 0
6659.01 0.000272444 0
6659.05 0.000497535 0
6659.08 0.00110477 0
6659.12 0.00156311 0
6659.16 0.00145739 0
6659.19 0.00121966 0
6659.23 0.000874709 0
6659.27 0.000854044 0
6659.31 0.0017322 0
6659.34 0.00256906 0
6659.38 0.00293791 0
6659.42 0.00287085 0
6659.46 0.00183981 0
6659.49 0.000642189 0
6659.53 -0.000637648 0
6659.57 -0.00169205 0
6659.6 -0.00213156 0
6659.64 -0.00200616 0
6659.68 -0.000614868 0
6659.72 0.00115338 0
6659.75 0.00350215 0
6659.79 0.005668 0
6659.83 0.00718489 0
6659.87 0.0079905 0
6659.9 0.00714417 0
6659.94 0.00575951 0
6659.98 0.00343063 0
6660.02 0.00131864 0
6660.05 1.23181e-06 0
6660.09 -0.00120094 0
6660.13 -0.00229334 0
6660.16 -0.00312681 0
6660.2 -0.0033244 0
6660.24 -0.00288264 0
6660.28 -0.000939607 0
6660.31 0.000888347 0
6660.35 0.00214342 0
6660.39 0.00253864 0
6660.43 0.000849029 0
6660.46 -0.00113552 0
6660.5 -0.00354029 0
6660.54 -0.00539626 0
6660.57 -0.00580629 0
6660.61 -0.00560504 0
6660.65 -0.00404552 0
6660.69 -0.00212685 0
6660.72 0.000545792 0
6660.76 0.00295623 0
6660.8 0.0046366 0
6660.84 0.0057224 0
6660.87 0.00538101 0
6660.91 0.00482132 0
6660.95 0.00381101 0
6660.99 0.00316272 0
6661.02 0.00343584 0
6661.06 0.00388841 0
6661.1 0.00475486 0
6661.14 0.00506905 0
6661.17 0.00400748 0
6661.21 0.00259233 0
6661.25 0.000318318 0
6661.28 -0.00170091 0
6661.32 -0.0030949 0
6661.36 -0.00381477 0
6661.4 -0.00292641 0
6661.43 -0.00175125 0
6661.47 6.89926e-05 0
6661.51 0.00085758 0
6661.55 -0.000741433 0
6661.58 -0.00252905 0
6661.62 -0.00472122 0
6661.66 -0.00621556 0
6661.69 -0.00611662 0
6661.73 -0.00534775 0
6661.77 -0.00310582 0
6661.81 -0.00100416 0
6661.84 0.000736402 0
6661.88 0.00146504 0
6661.92 1.74901e-05 0
6661.96 -0.00159297 0
6661.99 -0.00351268 0
6662.03 -0.00491241 0
6662.07 -0.00517014 0
6662.1 -0.00454335 0
6662.14 -0.00209386 0
6662.18 0.00052536 0
6662.22 0.00340462 0
6662.25 0.00527459 0
6662.29 0.00509133 0
6662.33 0.00428441 0
6662.37 0.00230786 0
6662.4 0.000848713 0
6662.44 0.000454752 0
6662.48 0.000822762 0
6662.52 0.00263187 0
6662.55 0.00443161 0
6662.59 0.00616452 0
6662.63 0.00741217 0
6662.66 0.00773426 0
6662.7 0.00771564 0
6662.74 0.00703569 0
6662.78 0.00593795 0
6662.81 0.00402601 0
6662.85 0.00151269 0
6662.89 -0.00200606 0
6662.93 -0.00516486 0
6662.96 -0.00758565 0
6663 -0.00907354 0
6663.04 -0.00887199 0
6663.07 -0.00781114 0
6663.11 -0.00531557 0
6663.15 -0.00278365 0
6663.19 -0.000278263 0
6663.23 0.00161013 0
6663.26 0.00253316 0
6663.3 0.00365013 0
6663.34 0.00504616 0
6663.37 0.00625613 0
6663.41 0.00709035 0
6663.45 0.00737161 0
6663.49 0.00682648 0
6663.52 0.00640032 0
6663.56 0.00614938 0
6663.6 0.00587148 0
6663.64 0.00548056 0
6663.67 0.00465762 0
6663.71 0.00325487 0
6663.75 0.00213191 0
6663.78 0.00151832 0
6663.82 0.00152935 0
6663.86 0.00235787 0
6663.9 0.00286022 0
6663.93 0.00294625 0
6663.97 0.00321283 0
6664.01 0.00375287 0
6664.05 0.00444429 0
6664.08 0.0052277 0
6664.12 0.00543272 0
6664.16 0.00486901 0
6664.19 0.00424005 0
6664.23 0.00363804 0
6664.27 0.0036009 0
6664.31 0.00421996 0
6664.34 0.00455669 0
6664.38 0.00442152 0
6664.42 0.00368901 0
6664.46 0.00223511 0
6664.49 0.000810357 0
6664.53 -0.000554955 0
6664.57 -0.00180641 0
6664.6 -0.00277075 0
6664.64 -0.00302719 0
6664.68 -0.00238566 0
6664.72 -0.00136289 0
6664.75 -0.000136397 0
6664.79 7.51642e-05 0
6664.83 -0.000873103 0
6664.87 -0.00197987 0
6664.9 -0.00315487 0
6664.94 -0.0038815 0
6664.98 -0.00424968 0
6665.02 -0.00512735 0
6665.05 -0.00656564 0
6665.09 -0.00812225 0
6665.13 -0.00951082 0
6665.16 -0.00969852 0
6665.2 -0.0085878 0
6665.24 -0.00709083 0
6665.28 -0.00533515 0
6665.31 -0.00406591 0
6665.35 -0.00331412 0
6665.39 -0.00275936 0
6665.43 -0.0025296 0
6665.46 -0.00284697 0
6665.5 -0.00384149 0
6665.54 -0.00550886 0
6665.57 -0.00762376 0
6665.61 -0.00912048 0
6665.65 -0.00974713 0
6665.69 -0.0091408 0
6665.73 -0.00735882 0
6665.76 -0.00517276 0
6665.8 -0.00280384 0
6665.84 -0.00102934 0
6665.87 0.000160876 0
6665.91 0.00101629 0
6665.95 0.00157821 0
6665.99 0.00205762 0
6666.02 0.00239902 0
6666.06 0.00247775 0
6666.1 0.00223706 0
6666.14 0.00158095 0
6666.17 0.000721884 0
6666.21 0.000254904 0
6666.25 0.000374704 0
6666.28 0.00153519 0
6666.32 0.00325323 0
6666.36 0.00430182 0
6666.4 0.00472414 0
6666.43 0.00461496 0
6666.47 0.00412865 0
6666.51 0.00360424 0
6666.55 0.00300497 0
6666.58 0.00223783 0
6666.62 0.00122469 0
6666.66 -0.000243421 0
6666.69 -0.00192008 0
6666.73 -0.00333057 0
6666.77 -0.00438296 0
6666.81 -0.0048042 0
6666.84 -0.00476388 0
6666.88 -0.00446059 0
6666.92 -0.00404065 0
6666.96 -0.00374483 0
6666.99 -0.00364839 0
6667.03 -0.00396239 0
6667.07 -0.00440069 0
6667.1 -0.00450788 0
6667.14 -0.00399483 0
6667.18 -0.00209784 0
6667.22 0.000463791 0
6667.26 0.00283183 0
6667.29 0.00430871 0
6667.33 0.00333743 0
6667.37 0.00106498 0
6667.4 -0.00148356 0
6667.44 -0.00359766 0
6667.48 -0.00398276 0
6667.52 -0.00309744 0
6667.55 -0.000801829 0
6667.59 0.00217559 0
6667.63 0.00529493 0
6667.66 0.00793133 0
6667.7 0.00894559 0
6667.74 0.00917826 0
6667.78 0.00911717 0
6667.81 0.00919514 0
6667.85 0.0100335 0
6667.89 0.0109258 0
6667.93 0.0111056 0
6667.96 0.0108109 0
6668 0.00992076 0
6668.04 0.00871385 0
6668.07 0.00721939 0
6668.11 0.00551621 0
6668.15 0.00350247 0
6668.19 0.00164286 0
6668.23 0.000520142 0
6668.26 0.000223949 0
6668.3 0.00159263 0
6668.34 0.00349483 0
6668.37 0.00544285 0
6668.41 0.00701983 0
6668.45 0.00752178 0
6668.49 0.00742123 0
6668.52 0.00649623 0
6668.56 0.00557933 0
6668.6 0.00529989 0
6668.64 0.00509227 0
6668.67 0.00462941 0
6668.71 0.00366463 0
6668.75 0.00149868 0
6668.78 -0.000687896 0
6668.82 -0.00217138 0
6668.86 -0.00299058 0
6668.9 -0.00243226 0
6668.93 -0.00181195 0
6668.97 -0.00179533 0
6669.01 -0.00185292 0
6669.05 -0.00179339 0
6669.08 -0.00155839 0
6669.12 -0.000912717 0
6669.16 -4.80031e-05 0
6669.19 0.0012086 0
6669.23 0.00248076 0
6669.27 0.00363037 0
6669.31 0.00392155 0
6669.34 0.00201432 0
6669.38 -0.000259117 0
6669.42 -0.00270947 0
6669.46 -0.00448301 0
6669.49 -0.00444458 0
6669.53 -0.00400353 0
6669.57 -0.00305172 0
6669.6 -0.00259828 0
6669.64 -0.00355634 0
6669.68 -0.00475866 0
6669.72 -0.00626008 0
6669.76 -0.00736543 0
6669.79 -0.00740553 0
6669.83 -0.00688732 0
6669.87 -0.00513744 0
6669.9 -0.00310612 0
6669.94 -0.000539186 0
6669.98 0.00132453 0
6670.02 0.00136141 0
6670.05 0.000973549 0
6670.09 -0.00031667 0
6670.13 -0.00171663 0
6670.16 -0.00333748 0
6670.2 -0.00472916 0
6670.24 -0.00554404 0
6670.28 -0.00611628 0
6670.31 -0.0061041 0
6670.35 -0.0061852 0
6670.39 -0.00648625 0
6670.43 -0.00670445 0
6670.46 -0.00671749 0
6670.5 -0.00636492 0
6670.54 -0.00517282 0
6670.58 -0.00361583 0
6670.61 -0.00128022 0
6670.65 0.000701811 0
6670.69 0.00189348 0
6670.73 0.00251604 0
6670.76 0.00195766 0
6670.8 0.00142704 0
6670.84 0.000919495 0
6670.87 7.91835e-07 0
6670.91 -0.00174666 0
6670.95 -0.00368478 0
6670.99 -0.00589614 0
6671.02 -0.00713213 0
6671.06 -0.00648234 0
6671.1 -0.00530447 0
6671.14 -0.00323115 0
6671.17 -0.00178303 0
6671.21 -0.00151436 0
6671.25 -0.00178512 0
6671.28 -0.00300116 0
6671.32 -0.00429253 0
6671.36 -0.00567915 0
6671.4 -0.00683201 0
6671.43 -0.0075271 0
6671.47 -0.00771168 0
6671.51 -0.00700613 0
6671.55 -0.00582505 0
6671.58 -0.00395882 0
6671.62 -0.00245659 0
6671.66 -0.001537 0
6671.69 -0.000801053 0
6671.73 -0.000385778 0
6671.77 -0.000264238 0
6671.81 -0.000702024 0
6671.84 -0.00191223 0
6671.88 -0.00412862 0
6671.92 -0.00591824 0
6671.96 -0.00700446 0
6671.99 -0.00744821 0
6672.03 -0.00702548 0
6672.07 -0.00653235 0
6672.1 -0.00592931 0
6672.14 -0.00523114 0
6672.18 -0.00446669 0
6672.22 -0.00395919 0
6672.26 -0.00370781 0
6672.29 -0.00318195 0
6672.33 -0.00229184 0
6672.37 -0.00122804 0
6672.4 6.05809e-06 0
6672.44 0.00110503 0
6672.48 0.00185324 0
6672.52 0.00171752 0
6672.55 0.000377842 0
6672.59 -0.0019974 0
6672.63 -0.00537089 0
6672.66 -0.00831541 0
6672.7 -0.0103778 0
6672.74 -0.0106132 0
6672.78 -0.0088321 0
6672.81 -0.00628092 0
6672.85 -0.00308654 0
6672.89 -0.000310763 0
6672.93 0.00181647 0
6672.96 0.00294455 0
6673 0.00295196 0
6673.04 0.00215989 0
6673.08 0.000670048 0
6673.11 -0.00078367 0
6673.15 -0.00204063 0
6673.19 -0.00268025 0
6673.23 -0.00274432 0
6673.26 -0.00257634 0
6673.3 -0.0021741 0
6673.34 -0.0016021 0
6673.37 -0.000699939 0
6673.41 0.000905445 0
6673.45 0.00281489 0
6673.49 0.00393058 0
6673.52 0.00405506 0
6673.56 0.00275053 0
6673.6 0.000495021 0
6673.64 -0.0015713 0
6673.67 -0.00334148 0
6673.71 -0.00454976 0
6673.75 -0.0053129 0
6673.78 -0.00582205 0
6673.82 -0.00610327 0
6673.86 -0.00616101 0
6673.9 -0.00594712 0
6673.93 -0.00529584 0
6673.97 -0.00432101 0
6674.01 -0.00313248 0
6674.05 -0.00194037 0
6674.08 -0.00111785 0
6674.12 -0.000758861 0
6674.16 -0.00122358 0
6674.19 -0.00207317 0
6674.23 -0.00278225 0
6674.27 -0.00302663 0
6674.31 -0.00206252 0
6674.34 -0.000732778 0
6674.38 -5.38909e-05 0
6674.42 -0.000185027 0
6674.46 -0.00185144 0
6674.49 -0.00415888 0
6674.53 -0.00636933 0
6674.57 -0.00822124 0
6674.61 -0.0091356 0
6674.64 -0.00975641 0
6674.68 -0.0106135 0
6674.72 -0.0117336 0
6674.76 -0.0133571 0
6674.79 -0.0148499 0
6674.83 -0.0154453 0
6674.87 -0.0156494 0
6674.9 -0.0156178 0
6674.94 -0.0156707 0
6674.98 -0.0161785 0
6675.02 -0.0165172 0
6675.05 -0.0159895 0
6675.09 -0.0150054 0
6675.13 -0.0134506 0
6675.16 -0.011762 0
6675.2 -0.0101318 0
6675.24 -0.00881572 0
6675.28 -0.0083174 0
6675.31 -0.0081939 0
6675.35 -0.00856238 0
6675.39 -0.00904426 0
6675.43 -0.00953971 0
6675.46 -0.0103377 0
6675.5 -0.0119401 0
6675.54 -0.0140659 0
6675.58 -0.0171816 0
6675.61 -0.0197216 0
6675.65 -0.0202912 0
6675.69 -0.0201699 0
6675.73 -0.019046 0
6675.76 -0.018262 0
6675.8 -0.0187307 0
6675.84 -0.0193473 0
6675.87 -0.0199386 0
6675.91 -0.0202108 0
6675.95 -0.0196708 0
6675.99 -0.0193386 0
6676.02 -0.0197354 0
6676.06 -0.020664 0
6676.1 -0.0227943 0
6676.14 -0.024978 0
6676.17 -0.0270956 0
6676.21 -0.0283408 0
6676.25 -0.0274025 0
6676.28 -0.0260465 0
6676.32 -0.023854 0
6676.36 -0.0223901 0
6676.4 -0.0227848 0
6676.43 -0.0233428 0
6676.47 -0.0242486 0
6676.51 -0.0247981 0
6676.55 -0.0245092 0
6676.58 -0.0244029 0
6676.62 -0.0247117 0
6676.66 -0.0249413 0
6676.69 -0.0249829 0
6676.73 -0.0248168 0
6676.77 -0.0242305 0
6676.81 -0.0240155 0
6676.84 -0.0245572 0
6676.88 -0.0249007 0
6676.92 -0.0247904 0
6676.96 -0.0240223 0
6676.99 -0.0220405 0
6677.03 -0.0207418 0
6677.07 -0.0208846 0
6677.11 -0.0225018 0
6677.14 -0.0267603 0
6677.18 -0.0306406 0
6677.22 -0.0336763 0
6677.26 -0.0352904 0
6677.29 -0.0344053 0
6677.33 -0.032949 0
6677.37 -0.0305361 0
6677.4 -0.0280095 0
6677.44 -0.0253939 0
6677.48 -0.0233849 0
6677.52 -0.0225114 0
6677.55 -0.0228797 0
6677.59 -0.0250892 0
6677.63 -0.0272441 0
6677.66 -0.0291396 0
6677.7 -0.0300143 0
6677.74 -0.0294471 0
6677.78 -0.028765 0
6677.81 -0.0279831 0
6677.85 -0.0274922 0
6677.89 -0.0274284 0
6677.93 -0.0276113 0
6677.96 -0.0281494 0
6678 -0.0289011 0
6678.04 -0.0298424 0
6678.08 -0.0304585 0
6678.11 -0.0305374 0
6678.15 -0.0299078 0
6678.19 -0.0284463 0
6678.23 -0.0268525 0
6678.26 -0.0252323 0
6678.3 -0.0241235 0
6678.34 -0.0236091 0
6678.37 -0.0233254 0
6678.41 -0.0233034 0
6678.45 -0.0233969 0
6678.49 -0.0235012 0
6678.52 -0.0231989 0
6678.56 -0.0226479 0
6678.6 -0.0226186 0
6678.64 -0.0232179 0
6678.67 -0.0244142 0
6678.71 -0.0259163 0
6678.75 -0.0266134 0
6678.78 -0.0265876 0
6678.82 -0.026387 0
6678.86 -0.0261162 0
6678.9 -0.0261007 0
6678.93 -0.0262061 0
6678.97 -0.026036 0
6679.01 -0.025624 0
6679.05 -0.0250866 0
6679.08 -0.0243757 0
6679.12 -0.0233788 0
6679.16 -0.0221046 0
6679.19 -0.0205523 0
6679.23 -0.0190015 0
6679.27 -0.0180613 0
6679.31 -0.0177045 0
6679.35 -0.0180037 0
6679.38 -0.0186546 0
6679.42 -0.0191707 0
6679.46 -0.0195626 0
6679.49 -0.0198039 0
6679.53 -0.0200553 0
6679.57 -0.0205918 0
6679.61 -0.0210594 0
6679.64 -0.0208595 0
6679.68 -0.0201171 0
6679.72 -0.0187242 0
6679.76 -0.0170616 0
6679.79 -0.0155014 0
6679.83 -0.0141352 0
6679.87 -0.013214 0
6679.9 -0.0126362 0
6679.94 -0.0125197 0
6679.98 -0.0127015 0
6680.02 -0.0132176 0
6680.05 -0.013661 0
6680.09 -0.0135368 0
6680.13 -0.013075 0
6680.16 -0.012218 0
6680.2 -0.0113664 0
6680.24 -0.0108982 0
6680.28 -0.0107413 0
6680.31 -0.0111258 0
6680.35 -0.011698 0
6680.39 -0.0123608 0
6680.43 -0.0125332 0
6680.46 -0.0112961 0
6680.5 -0.00955666 0
6680.54 -0.00738507 0
6680.58 -0.00574717 0
6680.61 -0.00580671 0
6680.65 -0.0063981 0
6680.69 -0.00748773 0
6680.73 -0.00875784 0
6680.76 -0.0102628 0
6680.8 -0.0115893 0
6680.84 -0.0123426 0
6680.87 -0.0124114 0
6680.91 -0.0109132 0
6680.95 -0.00894549 0
6680.99 -0.00628142 0
6681.02 -0.00386912 0
6681.06 -0.00230315 0
6681.1 -0.00106311 0
6681.14 -0.000453961 0
6681.17 2.77916e-05 0
6681.21 0.000308914 0
6681.25 0.000435203 0
6681.28 0.000199194 0
6681.32 1.34908e-05 0
6681.36 -8.45345e-06 0
6681.4 -0.000323915 0
6681.43 -0.00137675 0
6681.47 -0.00247169 0
6681.51 -0.00364325 0
6681.55 -0.00425202 0
6681.58 -0.00355271 0
6681.62 -0.00300858 0
6681.66 -0.00283325 0
6681.69 -0.00301459 0
6681.73 -0.0039751 0
6681.77 -0.00508753 0
6681.81 -0.00648992 0
6681.85 -0.00757607 0
6681.88 -0.00798962 0
6681.92 -0.00792651 0
6681.96 -0.00690037 0
6681.99 -0.00541782 0
6682.03 -0.00306111 0
6682.07 -0.000446611 0
6682.11 0.00253035 0
6682.14 0.0047513 0
6682.18 0.00554513 0
6682.22 0.00534566 0
6682.26 0.0034821 0
6682.29 0.00142118 0
6682.33 -0.000932734 0
6682.37 -0.00316619 0
6682.4 -0.00507951 0
6682.44 -0.00616793 0
6682.48 -0.0059717 0
6682.52 -0.00531455 0
6682.55 -0.00414041 0
6682.59 -0.00368327 0
6682.63 -0.00418755 0
6682.67 -0.00466074 0
6682.7 -0.00499793 0
6682.74 -0.00484957 0
6682.78 -0.00410793 0
6682.81 -0.00342585 0
6682.85 -0.00299011 0
6682.89 -0.00336672 0
6682.93 -0.00457553 0
6682.96 -0.00533818 0
6683 -0.00544635 0
6683.04 -0.004854 0
6683.08 -0.00347376 0
6683.11 -0.0018877 0
6683.15 -6.60251e-05 0
6683.19 0.00186278 0
6683.23 0.00367394 0
6683.26 0.00460523 0
6683.3 0.00453469 0
6683.34 0.00375678 0
6683.38 0.00237265 0
6683.41 0.00106917 0
6683.45 -0.0001471 0
6683.49 -0.00129576 0
6683.52 -0.00237473 0
6683.56 -0.00339558 0
6683.6 -0.00444884 0
6683.64 -0.00577412 0
6683.67 -0.00736678 0
6683.71 -0.0091845 0
6683.75 -0.0109034 0
6683.78 -0.0117528 0
6683.82 -0.0115551 0
6683.86 -0.00981056 0
6683.9 -0.00698968 0
6683.93 -0.00386677 0
6683.97 -0.000941403 0
6684.01 0.000756678 0
6684.05 0.00139917 0
6684.08 0.000925611 0
6684.12 -0.00010659 0
6684.16 -0.0009884 0
6684.19 -0.00151281 0
6684.23 -0.00117505 0
6684.27 -0.000145015 0
6684.31 0.00172325 0
6684.35 0.00394342 0
6684.38 0.00607169 0
6684.42 0.00741057 0
6684.46 0.0065355 0
6684.49 0.00447097 0
6684.53 0.00152596 0
6684.57 -0.00120767 0
6684.61 -0.00238854 0
6684.64 -0.00290917 0
6684.68 -0.0030889 0
6684.72 -0.00316295 0
6684.76 -0.00324647 0
6684.79 -0.00309715 0
6684.83 -0.00229524 0
6684.87 -0.00140617 0
6684.9 -0.00077006 0
6684.94 -0.000321858 0
6684.98 -0.000215919 0
6685.02 -0.000147288 0
6685.05 3.09272e-05 0
6685.09 0.000302345 0
6685.13 0.000765217 0
6685.17 0.00102404 0
6685.2 0.00064733 0
6685.24 -3.49675e-05 0
6685.28 -0.00125009 0
6685.31 -0.00253152 0
6685.35 -0.00378953 0
6685.39 -0.00476353 0
6685.43 -0.00501612 0
6685.46 -0.00487579 0
6685.5 -0.00391322 0
6685.54 -0.00285771 0
6685.58 -0.00172853 0
6685.61 -0.000962808 0
6685.65 -0.00112115 0
6685.69 -0.00160623 0
6685.73 -0.00281198 0
6685.76 -0.00395098 0
6685.8 -0.00488446 0
6685.84 -0.0054696 0
6685.88 -0.00522183 0
6685.91 -0.00486772 0
6685.95 -0.00427781 0
6685.99 -0.00387208 0
6686.02 -0.00386415 0
6686.06 -0.00374934 0
6686.1 -0.00342472 0
6686.14 -0.0032813 0
6686.17 -0.0034768 0
6686.21 -0.00343745 0
6686.25 -0.00289085 0
6686.28 -0.00179918 0
6686.32 0.000224113 0
6686.36 0.00167499 0
6686.4 0.00205033 0
6686.43 0.00188386 0
6686.47 0.000873604 0
6686.51 0.000311781 0
6686.55 0.000559509 0
6686.58 0.00138919 0
6686.62 0.00297915 0
6686.66 0.00377244 0
6686.7 0.00328015 0
6686.73 0.00211858 0
6686.77 0.000181199 0
6686.81 -0.00087322 0
6686.85 -0.000769028 0
6686.88 -0.000792929 0
6686.92 -0.00108452 0
6686.96 -0.00188258 0
6686.99 -0.00318012 0
6687.03 -0.0038961 0
6687.07 -0.00390571 0
6687.11 -0.00380678 0
6687.14 -0.00362184 0
6687.18 -0.00359426 0
6687.22 -0.00381565 0
6687.26 -0.00436917 0
6687.29 -0.00518047 0
6687.33 -0.00566848 0
6687.37 -0.00559217 0
6687.4 -0.00452796 0
6687.44 -0.00258959 0
6687.48 -0.000793277 0
6687.52 0.00054481 0
6687.55 0.000632553 0
6687.59 -0.000363559 0
6687.63 -0.00150321 0
6687.67 -0.0024096 0
6687.7 -0.00208489 0
6687.74 -0.000914276 0
6687.78 -2.89099e-05 0
6687.81 0.000496177 0
6687.85 0.000493638 0
6687.89 0.000187794 0
6687.93 5.57231e-05 0
6687.96 -9.23877e-05 0
6688 -0.000656989 0
6688.04 -0.00151834 0
6688.08 -0.00252204 0
6688.11 -0.00349703 0
6688.15 -0.00413041 0
6688.19 -0.00446459 0
6688.23 -0.00443804 0
6688.26 -0.00398523 0
6688.3 -0.00278693 0
6688.34 -0.00120294 0
6688.38 0.00048993 0
6688.41 0.002014 0
6688.45 0.00290137 0
6688.49 0.00361409 0
6688.52 0.00456963 0
6688.56 0.00547378 0
6688.6 0.005966 0
6688.64 0.00586216 0
6688.67 0.0044761 0
6688.71 0.00274188 0
6688.75 0.00118068 0
6688.78 -3.01668e-05 0
6688.82 -0.000410252 0
6688.86 -0.000434809 0
6688.9 -8.89926e-05 0
6688.93 0.000109352 0
6688.97 -0.000332577 0
6689.01 -0.00108572 0
6689.05 -0.00230057 0
6689.08 -0.00314164 0
6689.12 -0.00276173 0
6689.16 -0.0019345 0
6689.2 -0.000465617 0
6689.23 0.00085655 0
6689.27 0.0015621 0
6689.31 0.00205075 0
6689.35 0.0021678 0
6689.38 0.00193919 0
6689.42 0.000921661 0
6689.46 -3.14679e-05 0
6689.49 -0.000668824 0
6689.53 -0.000794338 0
6689.57 0.000317142 0
6689.61 0.00129206 0
6689.64 0.00182302 0
6689.68 0.00193606 0
6689.72 0.00105091 0
6689.76 0.000404468 0
6689.79 0.000337645 0
6689.83 0.000878857 0
6689.87 0.00273726 0
6689.9 0.00422137 0
6689.94 0.00485225 0
6689.98 0.00463637 0
6690.02 0.00275737 0
6690.05 0.00116537 0
6690.09 0.000204807 0
6690.13 2.2834e-05 0
6690.17 0.00123137 0
6690.2 0.00229291 0
6690.24 0.00296188 0
6690.28 0.00260635 0
6690.31 0.000518452 0
6690.35 -0.00186432 0
6690.39 -0.00453822 0
6690.43 -0.00614819 0
6690.46 -0.00601039 0
6690.5 -0.00495327 0
6690.54 -0.00266765 0
6690.58 -0.000798855 0
6690.61 0.000325282 0
6690.65 0.000511222 0
6690.69 -0.000515749 0
6690.73 -0.00156985 0
6690.76 -0.00242758 0
6690.8 -0.00220088 0
6690.84 -0.000722839 0
6690.88 0.000694133 0
6690.91 0.00200338 0
6690.95 0.00313493 0
6690.99 0.00414226 0
6691.02 0.00540414 0
6691.06 0.00696669 0
6691.1 0.00871265 0
6691.14 0.0103837 0
6691.17 0.0110978 0
6691.21 0.0107177 0
6691.25 0.00944368 0
6691.28 0.00759972 0
6691.32 0.00644551 0
6691.36 0.0059788 0
6691.4 0.00599695 0
6691.44 0.00613885 0
6691.47 0.00542842 0
6691.51 0.00383009 0
6691.55 0.00128246 0
6691.58 -0.00162989 0
6691.62 -0.0036262 0
6691.66 -0.00471624 0
6691.7 -0.00474124 0
6691.73 -0.00412788 0
6691.77 -0.00348873 0
6691.81 -0.00275777 0
6691.85 -0.00178863 0
6691.88 -0.000512189 0
6691.92 0.00132855 0
6691.96 0.00325726 0
6691.99 0.00463306 0
6692.03 0.00542094 0
6692.07 0.00519434 0
6692.11 0.00477346 0
6692.14 0.00501649 0
6692.18 0.00557929 0
6692.22 0.00633566 0
6692.26 0.00681133 0
6692.29 0.00629712 0
6692.33 0.00514786 0
6692.37 0.00311166 0
6692.4 0.000881901 0
6692.44 -0.00117443 0
6692.48 -0.00279084 0
6692.52 -0.00332975 0
6692.55 -0.00317536 0
6692.59 -0.00182603 0
6692.63 -0.000358356 0
6692.67 0.000763945 0
6692.7 0.00138971 0
6692.74 0.000869863 0
6692.78 -0.000116067 0
6692.81 -0.00185578 0
6692.85 -0.00346897 0
6692.89 -0.00450981 0
6692.93 -0.0048818 0
6692.96 -0.0036964 0
6693 -0.00226305 0
6693.04 -0.000519565 0
6693.08 0.000620757 0
6693.11 0.000205983 0
6693.15 -0.000310278 0
6693.19 -0.000942021 0
6693.23 -0.00108913 0
6693.26 -7.24956e-05 0
6693.3 0.000840873 0
6693.34 0.00149084 0
6693.38 0.00156832 0
6693.41 0.000394076 0
6693.45 -0.000984082 0
6693.49 -0.00274322 0
6693.52 -0.00401459 0
6693.56 -0.00429395 0
6693.6 -0.00417736 0
6693.64 -0.0033605 0
6693.67 -0.0028349 0
6693.71 -0.00283143 0
6693.75 -0.00292005 0
6693.78 -0.00317034 0
6693.82 -0.00348847 0
6693.86 -0.00391221 0
6693.9 -0.00430779 0
6693.94 -0.00463071 0
6693.97 -0.00478256 0
6694.01 -0.00467981 0
6694.05 -0.0045224 0
6694.08 -0.00419954 0
6694.12 -0.00339372 0
6694.16 -0.00191532 0
6694.2 -0.000174788 0
6694.23 0.00165798 0
6694.27 0.00244756 0
6694.31 0.0020451 0
6694.35 0.00166835 0
6694.38 0.00145584 0
6694.42 0.0018202 0
6694.46 0.00271801 0
6694.49 0.00338964 0
6694.53 0.00377716 0
6694.57 0.00390329 0
6694.61 0.00380336 0
6694.64 0.00374971 0
6694.68 0.00364138 0
6694.72 0.00319285 0
6694.76 0.00255056 0
6694.79 0.00219656 0
6694.83 0.0023956 0
6694.87 0.00375296 0
6694.9 0.0056869 0
6694.94 0.00677085 0
6694.98 0.00696642 0
6695.02 0.00610802 0
6695.05 0.00476119 0
6695.09 0.00397944 0
6695.13 0.00377177 0
6695.17 0.00433147 0
6695.2 0.00519494 0
6695.24 0.00570242 0
6695.28 0.00596382 0
6695.31 0.00602849 0
6695.35 0.00582652 0
6695.39 0.00509676 0
6695.43 0.00400881 0
6695.47 0.00253549 0
6695.5 0.00116029 0
6695.54 0.000515392 0
6695.58 0.000149177 0
6695.61 -0.000179231 0
6695.65 -0.000511251 0
6695.69 -0.000889382 0
6695.73 -0.00127267 0
6695.76 -0.00163627 0
6695.8 -0.00214117 0
6695.84 -0.00304616 0
6695.88 -0.00382746 0
6695.91 -0.00401895 0
6695.95 -0.0038151 0
6695.99 -0.00288407 0
6696.02 -0.00203599 0
6696.06 -0.00174237 0
6696.1 -0.00115698 0
6696.14 0.000404933 0
6696.17 0.00225883 0
6696.21 0.00455535 0
6696.25 0.00633733 0
6696.29 0.00670392 0
6696.32 0.00661156 0
6696.36 0.00561394 0
6696.4 0.00484987 0
6696.44 0.00476945 0
6696.47 0.00450634 0
6696.51 0.00375223 0
6696.55 0.00255911 0
6696.58 0.000359925 0
6696.62 -0.00151058 0
6696.66 -0.0026339 0
6696.7 -0.00335143 0
6696.73 -0.00326339 0
6696.77 -0.00360011 0
6696.81 -0.00477254 0
6696.85 -0.00596177 0
6696.88 -0.00708944 0
6696.92 -0.00744542 0
6696.96 -0.00640496 0
6696.99 -0.00502056 0
6697.03 -0.00309866 0
6697.07 -0.00139201 0
6697.11 -5.98276e-05 0
6697.14 0.00102498 0
6697.18 0.00178034 0
6697.22 0.00275268 0
6697.26 0.00404371 0
6697.29 0.00541347 0
6697.33 0.00686675 0
6697.37 0.00821309 0
6697.4 0.00936797 0
6697.44 0.0102598 0
6697.48 0.0106416 0
6697.52 0.0101143 0
6697.55 0.00853646 0
6697.59 0.00675956 0
6697.63 0.00478797 0
6697.67 0.00287785 0
6697.7 0.00110037 0
6697.74 -0.000390365 0
6697.78 -0.00131589 0
6697.81 -0.00108692 0
6697.85 0.00023681 0
6697.89 0.00190974 0
6697.93 0.00391962 0
6697.97 0.00611964 0
6698 0.00857492 0
6698.04 0.0114225 0
6698.08 0.0141156 0
6698.11 0.0153415 0
6698.15 0.0147212 0
6698.19 0.0112152 0
6698.23 0.00614878 0
6698.26 0.00178139 0
6698.3 -0.00158589 0
6698.34 -0.00306791 0
6698.38 -0.00336843 0
6698.41 -0.00310079 0
6698.45 -0.00261136 0
6698.49 -0.0022932 0
6698.52 -0.0020533 0
6698.56 -0.00181834 0
6698.6 -0.00143947 0
6698.64 -0.000630604 0
6698.67 0.000470206 0
6698.71 0.00194435 0
6698.75 0.003515 0
6698.79 0.00500417 0
6698.82 0.00598124 0
6698.86 0.00560983 0
6698.9 0.00520307 0
6698.94 0.00568468 0
6698.97 0.00662341 0
6699.01 0.00822907 0
6699.05 0.00921066 0
6699.08 0.00816417 0
6699.12 0.00645411 0
6699.16 0.00392842 0
6699.2 0.00175991 0
6699.23 0.0008276 0
6699.27 0.000441093 0
6699.31 0.00108296 0
6699.35 0.00165957 0
6699.38 0.00184173 0
6699.42 0.00184269 0
6699.46 0.00145284 0
6699.49 0.00110633 0
6699.53 0.00089525 0
6699.57 0.000561216 0
6699.61 -7.1376e-05 0
6699.64 -0.000799261 0
6699.68 -0.00170291 0
6699.72 -0.00201146 0
6699.76 -0.00102242 0
6699.79 0.000478047 0
6699.83 0.00295693 0
6699.87 0.00502508 0
6699.9 0.00626736 0
6699.94 0.00704551 0
6699.98 0.00702561 0
6700.02 0.00714746 0
6700.05 0.00750392 0
6700.09 0.00784227 0
6700.13 0.00803775 0
6700.17 0.00755083 0
6700.2 0.00600116 0
6700.24 0.00412146 0
6700.28 0.0018665 0
6700.32 3.67081e-05 0
6700.35 -0.00111979 0
6700.39 -0.00168106 0
6700.43 -0.00143809 0
6700.47 -0.000852803 0
6700.5 0.000138159 0
6700.54 0.00118694 0
6700.58 0.00226762 0
6700.61 0.00321198 0
6700.65 0.00397342 0
6700.69 0.00455296 0
6700.73 0.00478685 0
6700.76 0.00436354 0
6700.8 0.00332535 0
6700.84 0.00217464 0
6700.88 0.00105117 0
6700.91 0.000362571 0
6700.95 -5.23152e-05 0
6700.99 -0.000684815 0
6701.02 -0.00132047 0
6701.06 -0.00143005 0
6701.1 -0.0010653 0
6701.14 -0.000295829 0
6701.17 0.000605966 0
6701.21 0.00111521 0
6701.25 0.00114982 0
6701.29 0.000401228 0
6701.32 -0.000667797 0
6701.36 -0.00143713 0
6701.4 -0.00173326 0
6701.44 -0.00104728 0
6701.47 0.000142839 0
6701.51 0.00152995 0
6701.55 0.00273312 0
6701.58 0.00317586 0
6701.62 0.00290143 0
6701.66 0.00137065 0
6701.7 -0.000241837 0
6701.73 -0.000927416 0
6701.77 -0.00117913 0
6701.81 -0.000984949 0
6701.85 -0.00102459 0
6701.88 -0.00201136 0
6701.92 -0.00313599 0
6701.96 -0.00405987 0
6701.99 -0.00449303 0
6702.03 -0.00373457 0
6702.07 -0.00278031 0
6702.11 -0.00180776 0
6702.14 -0.00114408 0
6702.18 -0.0012788 0
6702.22 -0.00144488 0
6702.26 -0.00149521 0
6702.29 -0.00112992 0
6702.33 0.000261945 0
6702.37 0.00170506 0
6702.4 0.00316809 0
6702.44 0.00422258 0
6702.48 0.0042893 0
6702.52 0.00416093 0
6702.55 0.00361616 0
6702.59 0.00341977 0
6702.63 0.00394556 0
6702.67 0.0043405 0
6702.7 0.00446215 0
6702.74 0.00443432 0
6702.78 0.00415906 0
6702.82 0.00412996 0
6702.85 0.00449508 0
6702.89 0.00461672 0
6702.93 0.00435389 0
6702.97 0.00418256 0
6703 0.00417776 0
6703.04 0.00431374 0
6703.08 0.00462113 0
6703.11 0.00474321 0
6703.15 0.00465733 0
6703.19 0.00478506 0
6703.23 0.00521826 0
6703.26 0.00582484 0
6703.3 0.00647445 0
6703.34 0.00637894 0
6703.38 0.00560453 0
6703.41 0.00548098 0
6703.45 0.00630032 0
6703.49 0.00820476 0
6703.52 0.0110155 0
6703.56 0.0132225 0
6703.6 0.0144784 0
6703.64 0.0142206 0
6703.67 0.0125829 0
6703.71 0.0106055 0
6703.75 0.00850811 0
6703.79 0.00693181 0
6703.82 0.00585219 0
6703.86 0.00517239 0
6703.9 0.00466198 0
6703.94 0.00380949 0
6703.97 0.00273246 0
6704.01 0.00162066 0
6704.05 0.000644464 0
6704.08 0.00016387 0
6704.12 0.000183819 0
6704.16 0.000932374 0
6704.2 0.00214393 0
6704.23 0.00368991 0
6704.27 0.00536034 0
6704.31 0.00697073 0
6704.35 0.00820268 0
6704.38 0.00840568 0
6704.42 0.00810613 0
6704.46 0.0074182 0
6704.49 0.00664387 0
6704.53 0.00596699 0
6704.57 0.00543596 0
6704.61 0.00523041 0
6704.64 0.0050183 0
6704.68 0.00457902 0
6704.72 0.00410742 0
6704.76 0.00367074 0
6704.79 0.00345179 0
6704.83 0.00378881 0
6704.87 0.00446927 0
6704.9 0.00583958 0
6704.94 0.00743224 0
6704.98 0.00939696 0
6705.02 0.0109505 0
6705.05 0.0113926 0
6705.09 0.0112915 0
6705.13 0.00996576 0
6705.17 0.00847526 0
6705.2 0.0066467 0
6705.24 0.00484336 0
6705.28 0.0031144 0
6705.32 0.00164492 0
6705.35 0.000770599 0
6705.39 0.000503097 0
6705.43 0.0014509 0
6705.47 0.00249056 0
6705.5 0.00365376 0
6705.54 0.00440441 0
6705.58 0.00444016 0
6705.61 0.0045159 0
6705.65 0.00469077 0
6705.69 0.00507517 0
6705.73 0.00582963 0
6705.76 0.0068709 0
6705.8 0.00825283 0
6705.84 0.00926217 0
6705.88 0.0096869 0
6705.91 0.00966521 0
6705.95 0.00909433 0
6705.99 0.00856724 0
6706.02 0.00801173 0
6706.06 0.0071004 0
6706.1 0.00567693 0
6706.14 0.00372185 0
6706.17 0.00126122 0
6706.21 -0.00106203 0
6706.25 -0.0030776 0
6706.29 -0.00441551 0
6706.32 -0.0048087 0
6706.36 -0.00390793 0
6706.4 -0.00192991 0
6706.44 0.000155564 0
6706.47 0.00219637 0
6706.51 0.00380804 0
6706.55 0.00510667 0
6706.58 0.00635951 0
6706.62 0.00731499 0
6706.66 0.00739667 0
6706.7 0.00670634 0
6706.73 0.00519168 0
6706.77 0.0036377 0
6706.81 0.0033258 0
6706.85 0.0039047 0
6706.88 0.00534102 0
6706.92 0.00693516 0
6706.96 0.00788175 0
6706.99 0.00862475 0
6707.03 0.00952544 0
6707.07 0.0101499 0
6707.11 0.00982994 0
6707.14 0.00902969 0
6707.18 0.00771373 0
6707.22 0.00637463 0
6707.26 0.00535306 0
6707.29 0.00416113 0
6707.33 0.00231014 0
6707.37 0.000674464 0
6707.4 -3.99246e-05 0
6707.44 -0.000594105 0
6707.48 -0.00112865 0
6707.52 -0.0017624 0
6707.56 -0.00265747 0
6707.59 -0.00323798 0
6707.63 -0.00295115 0
6707.67 -0.0022707 0
6707.7 -0.000749558 0
6707.74 0.00110803 0
6707.78 0.00372072 0
6707.82 0.00606243 0
6707.85 0.00772283 0
6707.89 0.00866343 0
6707.93 0.00802257 0
6707.97 0.00717056 0
6708 0.00593241 0
6708.04 0.00512387 0
6708.08 0.00517742 0
6708.11 0.00567548 0
6708.15 0.00693848 0
6708.19 0.00803337 0
6708.23 0.00876536 0
6708.26 0.00892512 0
6708.3 0.00823227 0
6708.34 0.00772393 0
6708.38 0.00749881 0
6708.41 0.00736473 0
6708.45 0.0072624 0
6708.49 0.00670139 0
6708.52 0.00547331 0
6708.56 0.00379728 0
6708.6 0.0017264 0
6708.64 0.000202234 0
6708.67 -0.000546311 0
6708.71 -0.000514718 0
6708.75 0.000363461 0
6708.79 0.00148892 0
6708.82 0.00275407 0
6708.86 0.00367299 0
6708.9 0.00416942 0
6708.94 0.00422058 0
6708.97 0.00404073 0
6709.01 0.00429061 0
6709.05 0.00489469 0
6709.09 0.0056292 0
6709.12 0.00631435 0
6709.16 0.00655249 0
6709.2 0.00628772 0
6709.23 0.00529745 0
6709.27 0.00392612 0
6709.31 0.00264804 0
6709.35 0.0017121 0
6709.38 0.00166778 0
6709.42 0.00236277 0
6709.46 0.00402782 0
6709.49 0.00625542 0
6709.53 0.00895047 0
6709.57 0.0115892 0
6709.61 0.0135692 0
6709.64 0.0146939 0
6709.68 0.0140304 0
6709.72 -0.950685 0
6709.76 -0.950644 0
6709.79 -0.950603 0
6709.83 -0.950562 0
