6510.004    	 0
6510.042    	 0
6510.079    	 0
6510.116    	 0
6510.154    	 0
6510.191    	 0
6510.228    	 0
6510.265    	 1.02106702327728
6510.303    	 1.02059376239777
6510.340    	 1.02030646800995
6510.377    	 1.02033317089081
6510.415    	 1.02061259746552
6510.452    	 1.02135515213013
6510.489    	 1.02203059196472
6510.527    	 1.02256107330322
6510.564    	 1.02275538444519
6510.601    	 1.0221563577652
6510.639    	 1.02146685123444
6510.676    	 1.020636677742
6510.713    	 1.02009701728821
6510.751    	 1.0203378200531
6510.788    	 1.02070808410645
6510.825    	 1.02100217342377
6510.863    	 1.02080082893372
6510.900    	 1.01927721500397
6510.937    	 1.01715755462646
6510.975    	 1.01481950283051
6511.012    	 1.01269316673279
6511.049    	 1.01159238815308
6511.087    	 1.01141452789307
6511.124    	 1.01219797134399
6511.161    	 1.01381361484528
6511.198    	 1.0157972574234
6511.236    	 1.01781690120697
6511.273    	 1.01850843429565
6511.310    	 1.01768100261688
6511.348    	 1.01650547981262
6511.385    	 1.01497507095337
6511.422    	 1.01408171653748
6511.460    	 1.0140620470047
6511.497    	 1.01311302185059
6511.534    	 1.01050961017609
6511.572    	 1.0079437494278
6511.609    	 1.00545477867126
6511.646    	 1.00391602516174
6511.684    	 1.00460386276245
6511.721    	 1.00483620166779
6511.758    	 1.00382840633392
6511.796    	 1.00214195251465
6511.833    	 .999059915542603
6511.870    	 .995758712291718
6511.908    	 .992547035217285
6511.945    	 .989012241363525
6511.982    	 .984517693519592
6512.020    	 .979645550251007
6512.057    	 .974701523780823
6512.094    	 .969620287418365
6512.131    	 .964216709136963
6512.169    	 .958944737911224
6512.206    	 .954763948917389
6512.243    	 .951971650123596
6512.281    	 .951397776603699
6512.318    	 .953141152858734
6512.355    	 .956477344036102
6512.393    	 .961568236351013
6512.430    	 .967142164707184
6512.467    	 .973364293575287
6512.505    	 .97991818189621
6512.542    	 .986908197402954
6512.579    	 .993515908718109
6512.617    	 .999433219432831
6512.654    	 1.0046226978302
6512.691    	 1.00837135314941
6512.729    	 1.01145541667938
6512.766    	 1.01299917697906
6512.803    	 1.01442646980286
6512.841    	 1.015580534935
6512.878    	 1.0157778263092
6512.915    	 1.01365029811859
6512.953    	 1.0090047121048
6512.990    	 .998763799667358
6513.027    	 .984308779239655
6513.064    	 .962044835090637
6513.102    	 .938695251941681
6513.139    	 .919618904590607
6513.176    	 .908695757389069
6513.214    	 .916888952255249
6513.251    	 .936238646507263
6513.288    	 .957878112792969
6513.326    	 .97865092754364
6513.363    	 .990835547447205
6513.400    	 .995108902454376
6513.438    	 .995649814605713
6513.475    	 .992752730846405
6513.512    	 .990672945976257
6513.550    	 .989687025547028
6513.587    	 .989574134349823
6513.624    	 .990519762039185
6513.662    	 .99061131477356
6513.699    	 .989378392696381
6513.736    	 .98841804265976
6513.774    	 .98799991607666
6513.811    	 .988931834697723
6513.848    	 .992783188819885
6513.886    	 .997032999992371
6513.923    	 1.00222516059875
6513.960    	 1.00618839263916
6513.997    	 1.00706589221954
6514.035    	 1.00651407241821
6514.072    	 1.0032354593277
6514.109    	 .999096214771271
6514.147    	 .994090974330902
6514.184    	 .989112615585327
6514.221    	 .984890520572662
6514.259    	 .981226801872253
6514.296    	 .978354215621948
6514.333    	 .976109325885773
6514.371    	 .974621832370758
6514.408    	 .973654747009277
6514.445    	 .972895741462708
6514.483    	 .972108423709869
6514.520    	 .970640122890472
6514.557    	 .967760264873505
6514.595    	 .96145361661911
6514.632    	 .950382113456726
6514.669    	 .93349027633667
6514.707    	 .909376859664917
6514.744    	 .885019600391388
6514.781    	 .861304223537445
6514.819    	 .846145331859589
6514.856    	 .845913052558899
6514.893    	 .853029847145081
6514.930    	 .874662816524506
6514.968    	 .896571457386017
6515.005    	 .919129550457001
6515.042    	 .938810050487518
6515.080    	 .951623558998108
6515.117    	 .961736977100372
6515.154    	 .966351389884949
6515.192    	 .969576358795166
6515.229    	 .971294403076172
6515.266    	 .972934246063232
6515.304    	 .97529548406601
6515.341    	 .978264212608337
6515.378    	 .982300162315369
6515.416    	 .986760675907135
6515.453    	 .991150796413422
6515.490    	 .995156347751617
6515.528    	 .998043477535248
6515.565    	 .999458432197571
6515.602    	 .998263716697693
6515.640    	 .994724035263062
6515.677    	 .990042209625244
6515.714    	 .984042763710022
6515.752    	 .976946175098419
6515.789    	 .968382835388184
6515.826    	 .958491265773773
6515.863    	 .947149991989136
6515.901    	 .937671840190887
6515.938    	 .931387841701508
6515.975    	 .928719460964203
6516.013    	 .932537436485291
6516.050    	 .938059568405151
6516.087    	 .947109222412109
6516.125    	 .955612599849701
6516.162    	 .962843775749207
6516.199    	 .968713998794556
6516.237    	 .97135990858078
6516.274    	 .971846461296082
6516.311    	 .967660844326019
6516.349    	 .960423290729523
6516.386    	 .947281241416931
6516.423    	 .930046319961548
6516.461    	 .905716061592102
6516.498    	 .877458035945892
6516.535    	 .844938635826111
6516.573    	 .812242865562439
6516.610    	 .784803986549377
6516.647    	 .764291822910309
6516.685    	 .75689435005188
6516.722    	 .761380314826965
6516.759    	 .776460111141205
6516.797    	 .800749838352203
6516.834    	 .82722806930542
6516.871    	 .855201661586761
6516.908    	 .88028872013092
6516.946    	 .90105128288269
6516.983    	 .916169404983521
6517.020    	 .923044860363007
6517.058    	 .925010502338409
6517.095    	 .919370055198669
6517.132    	 .914409399032593
6517.170    	 .910854876041412
6517.207    	 .911956965923309
6517.244    	 .922941207885742
6517.282    	 .934968531131744
6517.319    	 .949452579021454
6517.356    	 .962211012840271
6517.394    	 .970618963241577
6517.431    	 .977244198322296
6517.468    	 .980498194694519
6517.506    	 .982718884944916
6517.543    	 .983817756175995
6517.580    	 .984950363636017
6517.618    	 .986987769603729
6517.655    	 .989271521568298
6517.692    	 .991334974765778
6517.730    	 .992857933044434
6517.767    	 .993029594421387
6517.804    	 .991949796676636
6517.841    	 .989276051521301
6517.879    	 .985258936882019
6517.916    	 .980378448963165
6517.953    	 .974563837051392
6517.991    	 .967874109745026
6518.028    	 .960593283176422
6518.065    	 .954559087753296
6518.103    	 .950745105743408
6518.140    	 .951267838478088
6518.177    	 .957742929458618
6518.215    	 .964904367923737
6518.252    	 .972925126552582
6518.289    	 .978486478328705
6518.327    	 .979524672031403
6518.364    	 .979964375495911
6518.401    	 .979128241539001
6518.439    	 .978948771953583
6518.476    	 .980312466621399
6518.513    	 .982264280319214
6518.551    	 .985529601573944
6518.588    	 .988897681236267
6518.625    	 .992188572883606
6518.663    	 .994139075279236
6518.700    	 .992619574069977
6518.737    	 .989344894886017
6518.774    	 .983767092227936
6518.812    	 .978249251842499
6518.849    	 .975264191627502
6518.886    	 .974355340003967
6518.924    	 .976276159286499
6518.961    	 .979244410991669
6518.998    	 .980387806892395
6519.036    	 .979805648326874
6519.073    	 .97752970457077
6519.110    	 .973955631256104
6519.148    	 .970761954784393
6519.185    	 .968158066272736
6519.222    	 .966559112071991
6519.260    	 .965946853160858
6519.297    	 .96445244550705
6519.334    	 .961460828781128
6519.372    	 .956224501132965
6519.409    	 .947368383407593
6519.446    	 .937133371829987
6519.484    	 .924529850482941
6519.521    	 .914949834346771
6519.558    	 .911709189414978
6519.596    	 .912831962108612
6519.633    	 .924174427986145
6519.670    	 .936453938484192
6519.707    	 .950442254543304
6519.745    	 .963210463523865
6519.782    	 .972536146640778
6519.819    	 .980057299137115
6519.857    	 .984400510787964
6519.894    	 .987244784832001
6519.931    	 .988185584545136
6519.969    	 .988670229911804
6520.006    	 .989706158638
6520.043    	 .991237282752991
6520.081    	 .993537545204163
6520.118    	 .996171712875366
6520.155    	 .998526096343994
6520.193    	 1.00077545642853
6520.230    	 1.00331079959869
6520.267    	 1.00586175918579
6520.305    	 1.00758385658264
6520.342    	 1.00845241546631
6520.379    	 1.00899851322174
6520.417    	 1.00922393798828
6520.454    	 1.00963842868805
6520.491    	 1.01024925708771
6520.529    	 1.01054537296295
6520.566    	 1.01041853427887
6520.603    	 1.01075255870819
6520.640    	 1.01194095611572
6520.678    	 1.01405870914459
6520.715    	 1.01805663108826
6520.752    	 1.02102971076965
6520.790    	 1.02162146568298
6520.827    	 1.02081501483917
6520.864    	 1.01669120788574
6520.902    	 1.01270174980164
6520.939    	 1.00965118408203
6520.976    	 1.007448554039
6521.014    	 1.00706911087036
6521.051    	 1.0068519115448
6521.088    	 1.00595831871033
6521.126    	 1.00457334518433
6521.163    	 1.00240254402161
6521.200    	 1.00080740451813
6521.238    	 1.00188028812408
6521.275    	 1.00444531440735
6521.312    	 1.00741147994995
6521.350    	 1.01023554801941
6521.387    	 1.01171135902405
6521.424    	 1.01223087310791
6521.462    	 1.01296389102936
6521.499    	 1.01391220092773
6521.536    	 1.01496577262878
6521.573    	 1.01617252826691
6521.611    	 1.01758873462677
6521.648    	 1.01919102668762
6521.685    	 1.02037441730499
6521.723    	 1.02086901664734
6521.760    	 1.02061212062836
6521.797    	 1.01902663707733
6521.835    	 1.0162593126297
6521.872    	 1.01122224330902
6521.909    	 1.00557851791382
6521.947    	 .998589038848877
6521.984    	 .99282044172287
6522.021    	 .98993718624115
6522.059    	 .988035321235657
6522.096    	 .988205850124359
6522.133    	 .988246738910675
6522.171    	 .987348794937134
6522.208    	 .986252546310425
6522.245    	 .985110342502594
6522.283    	 .984780251979828
6522.320    	 .986720860004425
6522.357    	 .989976763725281
6522.395    	 .994639933109283
6522.432    	 .999796271324158
6522.469    	 1.00446176528931
6522.506    	 1.00855779647827
6522.544    	 1.01170027256012
6522.581    	 1.01418709754944
6522.618    	 1.01668453216553
6522.656    	 1.01917147636414
6522.693    	 1.02158212661743
6522.730    	 1.02382159233093
6522.768    	 1.02561974525452
6522.805    	 1.02683544158936
6522.842    	 1.02760541439056
6522.880    	 1.02769660949707
6522.917    	 1.02716326713562
6522.954    	 1.0256085395813
6522.992    	 1.02339422702789
6523.029    	 1.02001166343689
6523.066    	 1.01659083366394
6523.104    	 1.01309037208557
6523.141    	 1.00924944877625
6523.178    	 1.00461423397064
6523.216    	 1.00005257129669
6523.253    	 .995682716369629
6523.290    	 .991771757602692
6523.328    	 .988959610462189
6523.365    	 .986851274967194
6523.402    	 .986130714416504
6523.439    	 .986120462417603
6523.477    	 .987169146537781
6523.514    	 .988324761390686
6523.551    	 .988853633403778
6523.589    	 .988143384456635
6523.626    	 .984509944915771
6523.663    	 .978594183921814
6523.701    	 .970133721828461
6523.738    	 .959582030773163
6523.775    	 .947247803211212
6523.813    	 .934148788452148
6523.850    	 .92310094833374
6523.887    	 .915100753307343
6523.925    	 .912320137023926
6523.962    	 .915896534919739
6523.999    	 .92430305480957
6524.037    	 .938629984855652
6524.074    	 .953852534294128
6524.111    	 .969907820224762
6524.149    	 .982893764972687
6524.186    	 .990783095359802
6524.223    	 .996530771255493
6524.261    	 .998302340507507
6524.298    	 .999573171138763
6524.335    	 .999773919582367
6524.372    	 .999817192554474
6524.410    	 .999490559101105
6524.447    	 .99959272146225
6524.484    	 1.00075817108154
6524.522    	 1.00231993198395
6524.559    	 1.00461709499359
6524.596    	 1.00660884380341
6524.634    	 1.00748360157013
6524.671    	 1.00757658481598
6524.708    	 1.0063042640686
6524.746    	 1.00497126579285
6524.783    	 1.00476574897766
6524.820    	 1.00542593002319
6524.858    	 1.00723695755005
6524.895    	 1.00980067253113
6524.932    	 1.01282072067261
6524.970    	 1.016037940979
6525.007    	 1.018923163414
6525.044    	 1.02127051353455
6525.082    	 1.02254104614258
6525.119    	 1.02245390415192
6525.156    	 1.0207279920578
6525.194    	 1.01742160320282
6525.231    	 1.01485645771027
6525.268    	 1.01331388950348
6525.305    	 1.01245200634003
6525.343    	 1.01260888576508
6525.380    	 1.01318073272705
6525.417    	 1.01445865631104
6525.455    	 1.01605784893036
6525.492    	 1.01826238632202
6525.529    	 1.02032732963562
6525.567    	 1.02208828926086
6525.604    	 1.02329528331757
6525.641    	 1.02319645881653
6525.679    	 1.02226567268372
6525.716    	 1.01943242549896
6525.753    	 1.01609933376312
6525.791    	 1.01201295852661
6525.828    	 1.00868189334869
6525.865    	 1.00767135620117
6525.903    	 1.00794553756714
6525.940    	 1.01008939743042
6525.977    	 1.01215279102325
6526.015    	 1.01215171813965
6526.052    	 1.01111876964569
6526.089    	 1.00969290733337
6526.127    	 1.00845623016357
6526.164    	 1.00851190090179
6526.201    	 1.00961661338806
6526.238    	 1.01144671440125
6526.276    	 1.01352608203888
6526.313    	 1.01441478729248
6526.350    	 1.01395857334137
6526.388    	 1.01238322257996
6526.425    	 1.00929343700409
6526.462    	 1.00459015369415
6526.500    	 .997963190078735
6526.537    	 .991721391677856
6526.574    	 .986452877521515
6526.612    	 .98456746339798
6526.649    	 .988327920436859
6526.686    	 .993279337882996
6526.724    	 1.00046479701996
6526.761    	 1.00691485404968
6526.798    	 1.01176476478577
6526.836    	 1.01544833183289
6526.873    	 1.01638615131378
6526.910    	 1.01652705669403
6526.948    	 1.0149735212326
6526.985    	 1.01348960399628
6527.022    	 1.01261699199677
6527.060    	 1.01245427131653
6527.097    	 1.01386070251465
6527.134    	 1.01525890827179
6527.172    	 1.01555716991425
6527.209    	 1.01499485969543
6527.246    	 1.01304006576538
6527.283    	 1.01031374931335
6527.321    	 1.00706470012665
6527.358    	 1.0034773349762
6527.395    	 .999692559242249
6527.433    	 .996014356613159
6527.470    	 .993138790130615
6527.507    	 .991097688674927
6527.545    	 .989904761314392
6527.582    	 .989758014678955
6527.619    	 .990827977657318
6527.657    	 .993419408798218
6527.694    	 .997242748737335
6527.731    	 1.00241255760193
6527.769    	 1.00676488876343
6527.806    	 1.00979626178741
6527.843    	 1.01144731044769
6527.881    	 1.01087057590485
6527.918    	 1.01013541221619
6527.955    	 1.00913047790527
6527.993    	 1.00875854492188
6528.030    	 1.00973057746887
6528.067    	 1.01097548007965
6528.105    	 1.01286017894745
6528.142    	 1.01420927047729
6528.179    	 1.01423025131226
6528.216    	 1.01402318477631
6528.254    	 1.01354217529297
6528.291    	 1.01333844661713
6528.328    	 1.0139627456665
6528.366    	 1.01503109931946
6528.403    	 1.01676976680756
6528.440    	 1.01834642887115
6528.478    	 1.01887035369873
6528.515    	 1.01864922046661
6528.552    	 1.01748752593994
6528.590    	 1.01610481739044
6528.627    	 1.01551520824432
6528.664    	 1.0156831741333
6528.702    	 1.01677751541138
6528.739    	 1.01822888851166
6528.776    	 1.01852381229401
6528.814    	 1.01771891117096
6528.851    	 1.01645445823669
6528.888    	 1.01473915576935
6528.926    	 1.01305413246155
6528.963    	 1.01147651672363
6529.000    	 1.01029431819916
6529.038    	 1.00975799560547
6529.075    	 1.01004099845886
6529.112    	 1.01154291629791
6529.149    	 1.01269721984863
6529.187    	 1.0132155418396
6529.224    	 1.01328647136688
6529.261    	 1.01245307922363
6529.299    	 1.0119686126709
6529.336    	 1.01229393482208
6529.373    	 1.01210141181946
6529.411    	 1.01067161560059
6529.448    	 1.00884747505188
6529.485    	 1.00624823570251
6529.523    	 1.00429570674896
6529.560    	 1.00424706935883
6529.597    	 1.00442278385162
6529.635    	 1.00416100025177
6529.672    	 1.00361108779907
6529.709    	 1.0026079416275
6529.747    	 1.00184261798859
6529.784    	 1.00224936008453
6529.821    	 1.00326931476593
6529.859    	 1.00451242923737
6529.896    	 1.00581359863281
6529.933    	 1.00689518451691
6529.971    	 1.00782215595245
6530.008    	 1.00872552394867
6530.045    	 1.009725689888
6530.082    	 1.01117289066315
6530.120    	 1.01288175582886
6530.157    	 1.01392984390259
6530.194    	 1.01418387889862
6530.232    	 1.01402425765991
6530.269    	 1.01333451271057
6530.306    	 1.01254630088806
6530.344    	 1.01150751113892
6530.381    	 1.00960028171539
6530.418    	 1.00625860691071
6530.456    	 1.00279176235199
6530.493    	 .999105632305145
6530.530    	 .995993971824646
6530.568    	 .994120597839355
6530.605    	 .992374956607819
6530.642    	 .990928649902344
6530.680    	 .989716053009033
6530.717    	 .989046633243561
6530.754    	 .989353120326996
6530.792    	 .991967082023621
6530.829    	 .995091140270233
6530.866    	 .998563528060913
6530.904    	 1.00163805484772
6530.941    	 1.00342214107513
6530.978    	 1.00428628921509
6531.015    	 1.00371766090393
6531.053    	 1.00272512435913
6531.090    	 1.00219309329987
6531.127    	 1.00192081928253
6531.165    	 1.00174236297607
6531.202    	 1.00160384178162
6531.239    	 1.00140976905823
6531.277    	 1.00112247467041
6531.314    	 1.00064170360565
6531.351    	 1.00006568431854
6531.389    	 .999759793281555
6531.426    	 .999756932258606
6531.463    	 .999931633472443
6531.501    	 1.00036799907684
6531.538    	 1.00112760066986
6531.575    	 1.00237321853638
6531.613    	 1.0040465593338
6531.650    	 1.00633454322815
6531.687    	 1.0084125995636
6531.725    	 1.01006317138672
6531.762    	 1.01068222522736
6531.799    	 1.00928640365601
6531.837    	 1.00814664363861
6531.874    	 1.00758099555969
6531.911    	 1.00704669952393
6531.948    	 1.0065860748291
6531.986    	 1.00523471832275
6532.023    	 1.00170493125916
6532.060    	 .997555017471313
6532.098    	 .992452442646027
6532.135    	 .986589729785919
6532.172    	 .979191839694977
6532.210    	 .969730615615845
6532.247    	 .955732524394989
6532.284    	 .939601302146912
6532.322    	 .921744406223297
6532.359    	 .905304551124573
6532.396    	 .895283579826355
6532.434    	 .891522824764252
6532.471    	 .897042632102966
6532.508    	 .909166574478149
6532.546    	 .924079716205597
6532.583    	 .940513372421265
6532.620    	 .954971551895142
6532.658    	 .96701318025589
6532.695    	 .976141333580017
6532.732    	 .982221662998199
6532.770    	 .98767876625061
6532.807    	 .992209076881409
6532.844    	 .99561083316803
6532.881    	 .997336268424988
6532.919    	 .997839748859406
6532.956    	 .996548712253571
6532.993    	 .995803534984589
6533.031    	 .996019601821899
6533.068    	 .99646520614624
6533.105    	 .99736875295639
6533.143    	 .998543620109558
6533.180    	 1.00033509731293
6533.217    	 1.00219166278839
6533.255    	 1.00420379638672
6533.292    	 1.00601184368134
6533..329    	 1.00730335712433
6533.367    	 1.00798690319061
6533.404    	 1.00728929042816
6533.441    	 1.00615406036377
6533.479    	 1.00454139709473
6533.516    	 1.00370383262634
6533.553    	 1.00530743598938
6533.591    	 1.00795149803162
6533.628    	 1.01119911670685
6533.665    	 1.01371669769287
6533.703    	 1.01328349113464
6533.740    	 1.01047194004059
6533.777    	 1.00498747825623
6533.814    	 .997780203819275
6533.852    	 .990376949310303
6533.889    	 .982730090618134
6533.926    	 .974716782569885
6533.964    	 .966455519199371
6534.001    	 .958466291427612
6534.038    	 .951362550258636
6534.076    	 .947080254554749
6534.113    	 .946666896343231
6534.150    	 .949663758277893
6534.188    	 .957322776317596
6534.225    	 .966176152229309
6534.262    	 .976626396179199
6534.300    	 .985293626785278
6534.337    	 .990743219852448
6534.374    	 .993796050548553
6534.412    	 .992140531539917
6534.449    	 .989586174488068
6534.486    	 .98501843214035
6534.524    	 .98105001449585
6534.561    	 .978496432304382
6534.598    	 .976287305355072
6534.636    	 .9747633934021
6534.673    	 .973884880542755
6534.710    	 .974440813064575
6534.747    	 .976035714149475
6534.785    	 .979677975177765
6534.822    	 .983799159526825
6534.859    	 .987847208976746
6534.897    	 .99110621213913
6534.934    	 .992209911346436
6534.971    	 .992013812065125
6535.009    	 .990588009357452
6535.046    	 .988732993602753
6535.083    	 .9874666929245
6535.121    	 .986965239048004
6535.158    	 .987836301326752
6535.195    	 .989873290061951
6535.233    	 .992597639560699
6535.270    	 .995892584323883
6535.307    	 .999187290668488
6535.345    	 1.00237345695496
6535.382    	 1.00507795810699
6535.419    	 1.00715887546539
6535.457    	 1.00877439975739
6535.494    	 1.00969779491425
6535.531    	 1.00998950004578
6535.569    	 1.00935351848602
6535.606    	 1.00861740112305
6535.643    	 1.00770449638367
6535.680    	 1.00665140151978
6535.718    	 1.00533306598663
6535.755    	 1.0039871931076
6535.792    	 1.0025817155838
6535.830    	 1.00090944766998
6535.867    	 .998610436916351
6535.904    	 .995712339878082
6535.942    	 .991407454013824
6535.979    	 .987325072288513
6536.016    	 .984092175960541
6536.054    	 .981876254081726
6536.091    	 .981937408447266
6536.128    	 .982972204685211
6536.166    	 .985257506370544
6536.203    	 .987366020679474
6536.240    	 .987958133220673
6536.278    	 .987737715244293
6536.315    	 .986821591854095
6536.352    	 .985913872718811
6536.390    	 .986022353172302
6536.427    	 .986869692802429
6536.464    	 .988265991210938
6536.502    	 .989456713199615
6536.539    	 .988656222820282
6536.576    	 .985765635967255
6536.614    	 .980821549892426
6536.651    	 .974048852920532
6536.688    	 .96738201379776
6536.725    	 .961350619792938
6536.763    	 .957829713821411
6536.800    	 .957767188549042
6536.837    	 .960325121879578
6536.875    	 .966392278671265
6536.912    	 .97204715013504
6536.949    	 .976973056793213
6536.987    	 .981019556522369
6537.024    	 .983525991439819
6537.061    	 .986240088939667
6537.099    	 .989368557929993
6537.136    	 .991746068000793
6537.173    	 .992404818534851
6537.211    	 .992711901664734
6537.248    	 .992184579372406
6537.285    	 .992032647132874
6537.323    	 .992904245853424
6537.360    	 .992814898490906
6537.397    	 .990011870861053
6537.435    	 .983361124992371
6537.472    	 .967973649501801
6537.509    	 .950247704982758
6537.547    	 .932166576385498
6537.584    	 .919652760028839
6537.621    	 .923172235488892
6537.658    	 .935019612312317
6537.696    	 .951943218708038
6537.733    	 .969515264034271
6537.770    	 .981145977973938
6537.808    	 .988416016101837
6537.845    	 .993022203445435
6537.882    	 .995459377765656
6537.920    	 .996854782104492
6537.957    	 .997366011142731
6537.994    	 .997764885425568
6538.032    	 .998246490955353
6538.069    	 .999555587768555
6538.106    	 1.00169503688812
6538.144    	 1.0034806728363
6538.181    	 1.00456643104553
6538.218    	 1.00410306453705
6538.256    	 1.00135111808777
6538.293    	 .997894942760468
6538.330    	 .993383407592773
6538.368    	 .989763200283051
6538.405    	 .987780928611755
6538.442    	 .985949575901031
6538.480    	 .984431505203247
6538.517    	 .983153939247131
6538.554    	 .982435643672943
6538.591    	 .982205331325531
6538.629    	 .983128309249878
6538.666    	 .984849691390991
6538.703    	 .988341689109802
6538.741    	 .991377532482147
6538.778    	 .992675364017487
6538.815    	 .993326723575592
6538.853    	 .9931800365448
6538.890    	 .993293106555939
6538.927    	 .994697749614716
6538.965    	 .996281743049622
6539.002    	 .99710738658905
6539.039    	 .997339904308319
6539.077    	 .996771037578583
6539.114    	 .995927214622498
6539.151    	 .995525598526001
6539.189    	 .995145380496979
6539.226    	 .9939204454422
6539.263    	 .992149651050568
6539.301    	 .990609586238861
6539.338    	 .989437699317932
6539.375    	 .988960325717926
6539.413    	 .989143490791321
6539.450    	 .989285886287689
6539.487    	 .989367008209229
6539.524    	 .989365518093109
6539.562    	 .989246308803558
6539.599    	 .98904412984848
6539.636    	 .988673031330109
6539.674    	 .987914621829987
6539.711    	 .986553490161896
6539.748    	 .985502183437347
6539.786    	 .985032677650452
6539.823    	 .984817683696747
6539.860    	 .985135197639465
6539.898    	 .98554515838623
6539.935    	 .986170470714569
6539.972    	 .987400352954865
6540.010    	 .990070164203644
6540.047    	 .991987943649292
6540.084    	 .991815328598022
6540.122    	 .990524113178253
6540.159    	 .987088620662689
6540.196    	 .983729422092438
6540.234    	 .981671631336212
6540.271    	 .980690360069275
6540.308    	 .981693506240845
6540.346    	 .983141362667084
6540.383    	 .983921885490417
6540.420    	 .984152019023895
6540.457    	 .98358678817749
6540.495    	 .982509434223175
6540.532    	 .981103479862213
6540.569    	 .979673445224762
6540.607    	 .978831589221954
6540.644    	 .978731632232666
6540.681    	 .97979474067688
6540.719    	 .982001304626465
6540.756    	 .984927713871002
6540.793    	 .988296687602997
6540.831    	 .990612864494324
6540.868    	 .991430222988129
6540.905    	 .990480780601501
6540.943    	 .987322747707367
6540.980    	 .98403662443161
6541.017    	 .980597376823425
6541.055    	 .977363228797913
6541.092    	 .974550485610962
6541.129    	 .97273325920105
6541.167    	 .972699701786041
6541.204    	 .972428739070892
6541.241    	 .971672058105469
6541.279    	 .970232248306274
6541.316    	 .967208445072174
6541.353    	 .965270102024078
6541.390    	 .965910673141479
6541.428    	 .967518508434296
6541.465    	 .971135497093201
6541.502    	 .974378943443298
6541.540    	 .976098537445068
6541.577    	 .977014183998108
6541.614    	 .976554095745087
6541.652    	 .975919723510742
6541.689    	 .975736439228058
6541.726    	 .976011753082275
6541.764    	 .977165937423706
6541.801    	 .978613317012787
6541.838    	 .979887783527374
6541.876    	 .980581521987915
6541.913    	 .979740858078003
6541.950    	 .977642297744751
6541.988    	 .97432816028595
6542.025    	 .969844281673431
6542.062    	 .9641472697258
6542.100    	 .957412123680115
6542.137    	 .95035845041275
6542.174    	 .943251073360443
6542.212    	 .937128663063049
6542.249    	 .932222068309784
6542.286    	 .928240597248077
6542.323    	 .925604403018951
6542.361    	 .924364745616913
6542.398    	 .925234615802765
6542.435    	 .927714109420776
6542.473    	 .932580888271332
6542.510    	 .936977565288544
6542.547    	 .940507471561432
6542.585    	 .943162441253662
6542.622    	 .944138586521149
6542.659    	 .945806741714478
6542.697    	 .948992848396301
6542.734    	 .952529311180115
6542.771    	 .956890523433685
6542.809    	 .960538148880005
6542.846    	 .962407648563385
6542.883    	 .963220953941345
6542.921    	 .961803078651428
6542.958    	 .959885776042938
6542.995    	 .957539677619934
6543.033    	 .955608785152435
6543.070    	 .955017149448395
6543.107    	 .955203711986542
6543.145    	 .956482231616974
6543.182    	 .958019733428955
6543.219    	 .959176957607269
6543.256    	 .959774792194366
6543.294    	 .959196031093597
6543.331    	 .958057940006256
6543.368    	 .957111120223999
6543.406    	 .956547439098358
6543.443    	 .956874549388886
6543.480    	 .957599639892578
6543.518    	 .957433521747589
6543.555    	 .955920159816742
6543.592    	 .952024281024933
6543.630    	 .945403933525085
6543.667    	 .936827659606934
6543.704    	 .92552387714386
6543.742    	 .911258459091187
6543.779    	 .893274128437042
6543.816    	 .8749680519104
6543.854    	 .856771409511566
6543.891    	 .842677652835846
6543.928    	 .835557341575623
6543.966    	 .833361983299255
6544.003    	 .840119779109955
6544.040    	 .849760293960571
6544.078    	 .865214943885803
6544.115    	 .88095498085022
6544.152    	 .897351503372192
6544.189    	 .91236400604248
6544.227    	 .924108028411865
6544.264    	 .934183955192566
6544.301    	 .940581500530243
6544.339    	 .945663154125214
6544.376    	 .94841605424881
6544.413    	 .949841320514679
6544.451    	 .948839724063873
6544.488    	 .94718998670578
6544.525    	 .945306062698364
6544.563    	 .944181323051453
6544.600    	 .945353388786316
6544.637    	 .947317957878113
6544.675    	 .949076056480408
6544.712    	 .950478732585907
6544.749    	 .951090574264526
6544.787    	 .951259732246399
6544.824    	 .951389670372009
6544.861    	 .951560497283936
6544.899    	 .951955676078796
6544.936    	 .952334702014923
6544.973    	 .952045381069183
6545.011    	 .951246440410614
6545.048    	 .950686454772949
6545.085    	 .950393319129944
6545.122    	 .950252234935761
6545.160    	 .950233340263367
6545.197    	 .949982583522797
6545.234    	 .949484944343567
6545.272    	 .949247479438782
6545.309    	 .949409067630768
6545.346    	 .949799120426178
6545.384    	 .950561940670013
6545.421    	 .951404690742493
6545.458    	 .952345430850983
6545.496    	 .95243376493454
6545.533    	 .950787961483002
6545.570    	 .948168873786926
6545.608    	 .943322360515594
6545.645    	 .938076436519623
6545.682    	 .931882560253143
6545.720    	 .92607456445694
6545.757    	 .921310663223267
6545.794    	 .91815710067749
6545.832    	 .918750524520874
6545.869    	 .920574367046356
6545.906    	 .923973619937897
6545.944    	 .926941096782684
6545.981    	 .92779678106308
6546.018    	 .927714765071869
6546.055    	 .92678439617157
6546.093    	 .92601078748703
6546.130    	 .926599144935608
6546.167    	 .92789489030838
6546.205    	 .929468035697937
6546.242    	 .930863440036774
6546.279    	 .931218445301056
6546.317    	 .930737733840942
6546.354    	 .929645776748657
6546.391    	 .928466022014618
6546.429    	 .928587079048157
6546.466    	 .929849803447723
6546.503    	 .931315660476685
6546.541    	 .93282824754715
6546.578    	 .933696985244751
6546.615    	 .933895885944366
6546.653    	 .934239566326141
6546.690    	 .934660673141479
6546.727    	 .934503555297852
6546.765    	 .933589994907379
6546.802    	 .932995319366455
6546.839    	 .932975471019745
6546.877    	 .933695733547211
6546.914    	 .935671448707581
6546.951    	 .93695604801178
6546.989    	 .936864495277405
6547.026    	 .936113595962524
6547.063    	 .933896422386169
6547.100    	 .932133734226227
6547.138    	 .931440114974976
6547.175    	 .931478679180145
6547.212    	 .933195531368256
6547.250    	 .93518477678299
6547.287    	 .93747866153717
6547.324    	 .938555836677551
6547.362    	 .936415016651154
6547.399    	 .932674109935761
6547.436    	 .926499903202057
6547.474    	 .919521927833557
6547.511    	 .912187278270721
6547.548    	 .90466833114624
6547.586    	 .89697676897049
6547.623    	 .889795422554016
6547.660    	 .884344339370728
6547.698    	 .880706608295441
6547.735    	 .879990816116333
6547.772    	 .881435394287109
6547.810    	 .884272992610931
6547.847    	 .888191342353821
6547.884    	 .892528533935547
6547.922    	 .896795094013214
6547.959    	 .899524867534637
6547.996    	 .900855004787445
6548.033    	 .902157843112946
6548.071    	 .90362161397934
6548.108    	 .905965089797974
6548.145    	 .909198820590973
6548.183    	 .911715388298035
6548.220    	 .913033664226532
6548.257    	 .912708938121796
6548.295    	 .9097039103508
6548.332    	 .904625356197357
6548.369    	 .896001636981964
6548.407    	 .886143505573273
6548.444    	 .873954176902771
6548.481    	 .861072599887848
6548.519    	 .846738398075104
6548.556    	 .83372300863266
6548.593    	 .823768734931946
6548.631    	 .817022502422333
6548.668    	 .817862510681152
6548.705    	 .821718573570251
6548.743    	 .831847488880157
6548.780    	 .84307986497879
6548.817    	 .85528039932251
6548.855    	 .866934061050415
6548.892    	 .876743614673615
6548.929    	 .885061919689178
6548.966    	 .89056921005249
6549.004    	 .894063949584961
6549.041    	 .894358277320862
6549.078    	 .893435716629028
6549.116    	 .892480790615082
6549.153    	 .892297804355621
6549.190    	 .894489407539368
6549.228    	 .898047029972076
6549.265    	 .901894271373749
6549.302    	 .905516684055328
6549.340    	 .907770395278931
6549.377    	 .908887386322021
6549.414    	 .909473240375519
6549.452    	 .909550964832306
6549.489    	 .909360706806183
6549.526    	 .909064054489136
6549.564    	 .909393012523651
6549.601    	 .910302758216858
6549.638    	 .910799920558929
6549.676    	 .910706877708435
6549.713    	 .910087823867798
6549.750    	 .908852934837341
6549.788    	 .908254206180573
6549.825    	 .908665955066681
6549.862    	 .909477472305298
6549.899    	 .910910129547119
6549.937    	 .911578714847565
6549.974    	 .910769820213318
6550.011    	 .9093217253685
6550.049    	 .906507134437561
6550.086    	 .904799282550812
6550.123    	 .905673682689667
6550.161    	 .907276213169098
6550.198    	 .910527586936951
6550.235    	 .913194477558136
6550.273    	 .914160490036011
6550.310    	 .914120376110077
6550.347    	 .912073075771332
6550.385    	 .909332752227783
6550.422    	 .90573912858963
6550.459    	 .90212881565094
6550.497    	 .899030387401581
6550.534    	 .89664900302887
6550.571    	 .895816206932068
6550.609    	 .895904421806335
6550.646    	 .896943390369415
6550.683    	 .898619055747986
6550.721    	 .90090137720108
6550.758    	 .90325003862381
6550.795    	 .904765844345093
6550.832    	 .905279695987701
6550.870    	 .904181122779846
6550.907    	 .901896238327026
6550.944    	 .899543821811676
6550.982    	 .897205471992493
6551.019    	 .895140051841736
6551.056    	 .893256843090057
6551.094    	 .89105749130249
6551.131    	 .888745605945587
6551.168    	 .887499928474426
6551.206    	 .887631237506866
6551.243    	 .888333559036255
6551.280    	 .88978785276413
6551.318    	 .891152918338776
6551.355    	 .892286956310272
6551.392    	 .892599880695343
6551.430    	 .891501784324646
6551.467    	 .890028297901154
6551.504    	 .887861967086792
6551.542    	 .886044025421143
6551.579    	 .884958863258362
6551.616    	 .883893549442291
6551.654    	 .882874190807343
6551.691    	 .881568014621735
6551.728    	 .879578053951263
6551.765    	 .877459764480591
6551.803    	 .875124990940094
6551.840    	 .873012185096741
6551.877    	 .871514916419983
6551.915    	 .870082378387451
6551.952    	 .868546605110168
6551.989    	 .866701662540436
6552.027    	 .864097535610199
6552.064    	 .861385107040405
6552.101    	 .858991384506226
6552.139    	 .857182204723358
6552.176    	 .856712222099304
6552.213    	 .856733381748199
6552.251    	 .856466889381409
6552.288    	 .855090022087097
6552.325    	 .8507000207901
6552.363    	 .843346834182739
6552.400    	 .832196354866028
6552.437    	 .818178415298462
6552.475    	 .803346395492554
6552.512    	 .788695394992828
6552.549    	 .777179658412933
6552.587    	 .769496440887451
6552.624    	 .765986621379852
6552.661    	 .767512738704681
6552.698    	 .772670030593872
6552.736    	 .782157480716705
6552.773    	 .79256546497345
6552.810    	 .804011464118958
6552.848    	 .814581096172333
6552.885    	 .823862791061401
6552.922    	 .832903146743774
6552.960    	 .841426134109497
6552.997    	 .848601162433624
6553.034    	 .853258550167084
6553.072    	 .856149196624756
6553.109    	 .855503857135773
6553.146    	 .854770600795746
6553.184    	 .853840470314026
6553.221    	 .852480888366699
6553.258    	 .850110411643982
6553.296    	 .847336709499359
6553.333    	 .843672573566437
6553.370    	 .84027773141861
6553.408    	 .837733387947083
6553.445    	 .835470855236053
6553.482    	 .833620488643646
6553.520    	 .831488311290741
6553.557    	 .82840633392334
6553.594    	 .824998199939728
6553.631    	 .821373641490936
6553.669    	 .817924082279205
6553.706    	 .815159440040588
6553.743    	 .813311100006104
6553.781    	 .813340783119202
6553.818    	 .814829349517822
6553.855    	 .818071365356445
6553.893    	 .822087168693542
6553.930    	 .825495481491089
6553.967    	 .828368663787842
6554.005    	 .830738842487335
6554.042    	 .832584023475647
6554.079    	 .833856999874115
6554.117    	 .834699392318726
6554.154    	 .835709989070892
6554.191    	 .836709201335907
6554.229    	 .836989760398865
6554.266    	 .836303234100342
6554.303    	 .834622979164124
6554.341    	 .831876277923584
6554.378    	 .82971316576004
6554.415    	 .828411817550659
6554.453    	 .827688872814178
6554.490    	 .827815115451813
6554.527    	 .827905416488647
6554.564    	 .827896237373352
6554.602    	 .827440083026886
6554.639    	 .826160848140717
6554.676    	 .824829518795013
6554.714    	 .823392748832703
6554.751    	 .82219535112381
6554.788    	 .821544170379639
6554.826    	 .820876002311707
6554.863    	 .820167541503906
6554.900    	 .819317638874054
6554.938    	 .818129539489746
6554.975    	 .817091643810272
6555.012    	 .81650310754776
6555.050    	 .816206336021423
6555.087    	 .81648313999176
6555.124    	 .816895127296448
6555.162    	 .817353665828705
6555.199    	 .817354321479797
6555.236    	 .816082894802094
6555.274    	 .814383685588837
6555.311    	 .812664210796356
6555.348    	 .8113734126091
6555.386    	 .811355471611023
6555.423    	 .812089502811432
6555.460    	 .813278377056122
6555.497    	 .814260900020599
6555.535    	 .81378036737442
6555.572    	 .812493026256561
6555.609    	 .811628639698029
6555.647    	 .811102211475372
6555.684    	 .810684442520142
6555.721    	 .810190439224243
6555.759    	 .80905282497406
6555.796    	 .807551920413971
6555.833    	 .80705189704895
6555.871    	 .807574987411499
6555.908    	 .807981312274933
6555.945    	 .808044791221619
6555.983    	 .807011306285858
6556.020    	 .804560720920563
6556.057    	 .802229106426239
6556.095    	 .800153911113739
6556.132    	 .798724293708801
6556.169    	 .798354685306549
6556.207    	 .798105537891388
6556.244    	 .798054575920105
6556.281    	 .79766583442688
6556.319    	 .796592473983765
6556.356    	 .79519248008728
6556.393    	 .79306024312973
6556.430    	 .790860772132874
6556.468    	 .788502335548401
6556.505    	 .786186218261719
6556.542    	 .78398323059082
6556.580    	 .781515717506409
6556.617    	 .778373301029205
6556.654    	 .775367975234985
6556.692    	 .772937655448914
6556.729    	 .770887315273285
6556.766    	 .769538938999176
6556.804    	 .768116176128387
6556.841    	 .766024112701416
6556.878    	 .763039827346802
6556.916    	 .758160293102264
6556.953    	 .752126097679138
6556.990    	 .744832634925842
6557.028    	 .736988306045532
6557.065    	 .729188203811646
6557.102    	 .722349941730499
6557.140    	 .718458712100983
6557.177    	 .717202961444855
6557.214    	 .718753337860107
6557.252    	 .722293436527252
6557.289    	 .725986123085022
6557.326    	 .729474782943726
6557.364    	 .731744110584259
6557.401    	 .732787072658539
6557.438    	 .733245313167572
6557.475    	 .733158707618713
6557.513    	 .733242750167847
6557.550    	 .733471751213074
6557.587    	 .733472347259521
6557.625    	 .733039796352386
6557.662    	 .731750071048737
6557.699    	 .729182064533234
6557.737    	 .725991547107697
6557.774    	 .721856355667114
6557.811    	 .717853844165802
6557.849    	 .71410471200943
6557.886    	 .710706830024719
6557.923    	 .707973420619965
6557.961    	 .7051882147789
6557.998    	 .702292799949646
6558.035    	 .699845969676971
6558.073    	 .698440968990326
6558.110    	 .697166562080383
6558.147    	 .696188628673553
6558.185    	 .695299327373505
6558.222    	 .694586753845215
6558.259    	 .694068312644959
6558.297    	 .693987250328064
6558.334    	 .693735003471375
6558.371    	 .692872107028961
6558.408    	 .691222131252289
6558.446    	 .687843561172485
6558.483    	 .684203028678894
6558.520    	 .681118071079254
6558.558    	 .678867816925049
6558.595    	 .67843759059906
6558.632    	 .678359746932983
6558.670    	 .677188992500305
6558.707    	 .675327956676483
6558.744    	 .672933578491211
6558.782    	 .670474112033844
6558.819    	 .668734669685364
6558.856    	 .667591691017151
6558.894    	 .666932582855225
6558.931    	 .666595876216888
6558.968    	 .666175305843353
6559.006    	 .665409922599792
6559.043    	 .663587689399719
6559.080    	 .660860419273376
6559.118    	 .658362090587616
6559.155    	 .656347990036011
6559.192    	 .655476570129395
6559.230    	 .655909180641174
6559.267    	 .656375169754028
6559.304    	 .656677186489105
6559.341    	 .655767202377319
6559.379    	 .653150022029877
6559.416    	 .650493502616882
6559.453    	 .647847414016724
6559.491    	 .645855963230133
6559.528    	 .644976675510406
6559.565    	 .643864154815674
6559.603    	 .642307639122009
6559.640    	 .640827000141144
6559.677    	 .639506995677948
6559.715    	 .638018608093262
6559.752    	 .636137843132019
6559.789    	 .634060740470886
6559.827    	 .631522595882416
6559.864    	 .629277348518372
6559.901    	 .627801120281219
6559.939    	 .625954329967499
6559.976    	 .622990787029266
6560.013    	 .618245899677277
6560.051    	 .60939747095108
6560.088    	 .600335717201233
6560.125    	 .592955410480499
6560.163    	 .588467299938202
6560.200    	 .590579509735107
6560.237    	 .594537794589996
6560.274    	 .597610414028168
6560.312    	 .599464893341064
6560.349    	 .598799109458923
6560.386    	 .597335159778595
6560.424    	 .596976280212402
6560.461    	 .597389698028564
6560.498    	 .598372220993042
6560.536    	 .599397718906403
6560.573    	 .59940505027771
6560.610    	 .598513185977936
6560.648    	 .596960604190826
6560.685    	 .594933867454529
6560.722    	 .59308385848999
6560.760    	 .591674387454987
6560.797    	 .591415286064148
6560.834    	 .592431843280792
6560.872    	 .594048798084259
6560.909    	 .596153438091278
6560.946    	 .597392380237579
6560.984    	 .597406089305878
6561.021    	 .596506059169769
6561.058    	 .594501078128815
6561.096    	 .593418657779694
6561.133    	 .593853175640106
6561.170    	 .595331072807312
6561.207    	 .598533153533936
6561.245    	 .601542532444
6561.282    	 .604141891002655
6561.319    	 .605671226978302
6561.357    	 .605009615421295
6561.394    	 .60374253988266
6561.431    	 .601106405258179
6561.469    	 .598607003688812
6561.506    	 .596428275108337
6561.543    	 .595010340213776
6561.581    	 .595393836498261
6561.618    	 .595715522766113
6561.655    	 .595527648925781
6561.693    	 .594925999641418
6561.730    	 .593449592590332
6561.767    	 .591922461986542
6561.805    	 .590676486492157
6561.842    	 .589837253093719
6561.879    	 .589901626110077
6561.917    	 .589860796928406
6561.954    	 .588797152042389
6561.991    	 .587367236614227
6562.029    	 .585936784744263
6562.066    	 .584801852703094
6562..103    	 .584538042545319
6562.140    	 .584741771221161
6562.178    	 .585061192512512
6562.215    	 .585221290588379
6562.252    	 .584657847881317
6562.290    	 .583592176437378
6562.327    	 .582411229610443
6562.364    	 .581265330314636
6562.402    	 .580548822879791
6562.439    	 .580472826957703
6562.476    	 .581501364707947
6562.514    	 .583642184734344
6562.551    	 .586180686950684
6562.588    	 .588955819606781
6562.626    	 .590948522090912
6562.663    	 .591780245304108
6562.700    	 .591238975524902
6562.738    	 .588897228240967
6562.775    	 .586168766021729
6562.812    	 .583106160163879
6562.850    	 .581477344036102
6562.887    	 .582135617733002
6562.924    	 .583436727523804
6562.962    	 .585811674594879
6562.999    	 .587909936904907
6563.036    	 .589452862739563
6563.073    	 .590213477611542
6563.111    	 .589348018169403
6563.148    	 .588315606117249
6563.185    	 .58689945936203
6563.223    	 .585299551486969
6563.260    	 .58326518535614
6563.297    	 .58110648393631
6563.335    	 .578689217567444
6563.372    	 .576313495635986
6563.409    	 .574094355106354
6563.447    	 .572002768516541
6563.484    	 .570178866386414
6563.521    	 .569200873374939
6563.559    	 .570282638072968
6563.596    	 .572136580944061
6563.633    	 .574726223945618
6563.671    	 .577361702919006
6563.708    	 .579521894454956
6563.745    	 .580728590488434
6563.783    	 .579714238643646
6563.820    	 .577364861965179
6563.857    	 .573851227760315
6563.895    	 .569830596446991
6563.932    	 .566008567810059
6563.969    	 .562476515769959
6564.006    	 .559514939785004
6564.044    	 .557179987430573
6564.081    	 .555724322795868
6564.118    	 .555365741252899
6564.156    	 .556651949882507
6564.193    	 .559532463550568
6564.230    	 .56339693069458
6564.268    	 .56823742389679
6564.305    	 .573419272899628
6564.342    	 .578775882720947
6564.380    	 .583369731903076
6564.417    	 .587062001228333
6564.454    	 .590514302253723
6564.492    	 .593742787837982
6564.529    	 .5973841547966
6564.566    	 .601591289043427
6564.604    	 .6058030128479
6564.641    	 .609981179237366
6564.678    	 .613822638988495
6564.716    	 .617045104503632
6564.753    	 .619605481624603
6564.790    	 .620923161506653
6564.828    	 .621692001819611
6564.865    	 .621347308158875
6564.902    	 .620638430118561
6564.939    	 .619119465351105
6564.977    	 .618219792842865
6565.014    	 .618771553039551
6565.051    	 .620480120182037
6565.089    	 .624869644641876
6565.126    	 .628954172134399
6565.163    	 .631842076778412
6565.201    	 .633991897106171
6565.238    	 .634646058082581
6565.275    	 .634670555591583
6565.313    	 .633717179298401
6565.350    	 .632685661315918
6565.387    	 .63200706243515
6565.425    	 .632216811180115
6565.462    	 .634569227695465
6565.499    	 .637743353843689
6565.537    	 .64123809337616
6565.574    	 .644462287425995
6565.611    	 .64654403924942
6565.649    	 .648160636425018
6565.686    	 .649944663047791
6565.723    	 .651662826538086
6565.761    	 .652900338172913
6565.798    	 .653906762599945
6565.835    	 .655097484588623
6565.872    	 .656363368034363
6565.910    	 .657459676265717
6565.947    	 .658349752426147
6565.984    	 .65895676612854
6566.022    	 .659327685832977
6566.059    	 .659713745117188
6566.096    	 .660150587558746
6566.134    	 .66074138879776
6566.171    	 .661723375320435
6566.208    	 .663769423961639
6566.246    	 .667101263999939
6566.283    	 .670718193054199
6566.320    	 .674595534801483
6566.358    	 .677862226963043
6566.395    	 .680175542831421
6566.432    	 .681822121143341
6566.470    	 .682391941547394
6566.507    	 .682560622692108
6566.544    	 .682105541229248
6566.582    	 .682346045970917
6566.619    	 .683898389339447
6566.656    	 .685694336891174
6566.694    	 .687986075878143
6566.731    	 .689809322357178
6566.768    	 .690574049949646
6566.806    	 .691398084163666
6566.843    	 .692361950874329
6566.880    	 .693822085857391
6566.917    	 .696461975574493
6566.955    	 .699405431747437
6566.992    	 .702876567840576
6567.029    	 .706275880336761
6567.067    	 .709336996078491
6567.104    	 .71265059709549
6567.141    	 .716759264469147
6567.179    	 .721214830875397
6567.216    	 .726123154163361
6567.253    	 .730731070041656
6567.291    	 .73419177532196
6567.328    	 .736900985240936
6567.365    	 .738572955131531
6567.403    	 .739527881145477
6567.440    	 .739583373069763
6567.477    	 .73940521478653
6567.515    	 .739749133586884
6567.552    	 .740568518638611
6567.589    	 .742021799087524
6567.627    	 .743905663490295
6567.664    	 .745969533920288
6567.701    	 .748138189315796
6567.739    	 .750254034996033
6567.776    	 .75217068195343
6567.813    	 .753508508205414
6567.850    	 .754459321498871
6567.888    	 .755780696868896
6567.925    	 .757295370101929
6567.962    	 .758184731006622
6568.000    	 .758564829826355
6568.037    	 .759543776512146
6568.074    	 .761244475841522
6568.112    	 .763164281845093
6568.149    	 .765255212783813
6568.186    	 .766765236854553
6568.224    	 .767454087734222
6568.261    	 .767976939678192
6568.298    	 .768201768398285
6568.336    	 .768037438392639
6568.373    	 .767225623130798
6568.410    	 .766366124153137
6568.448    	 .765440285205841
6568.485    	 .764847457408905
6568.522    	 .764917552471161
6568.560    	 .765027463436127
6568.597    	 .765224397182465
6568.634    	 .765445947647095
6568.672    	 .765724956989288
6568.709    	 .766260862350464
6568.746    	 .767405807971954
6568.783    	 .768669366836548
6568.821    	 .770137667655945
6568.858    	 .771567046642303
6568.895    	 .772849500179291
6568.933    	 .774788498878479
6568.970    	 .778445839881897
6569.007    	 .782732129096985
6569.045    	 .787780344486237
6569.082    	 .792391300201416
6569.119    	 .795338094234467
6569.157    	 .797193586826324
6569.194    	 .797427713871002
6569.231    	 .797061562538147
6569.269    	 .796634674072266
6569.306    	 .796571850776672
6569.343    	 .797648072242737
6569.381    	 .799572706222534
6569.418    	 .802412748336792
6569.455    	 .805867910385132
6569.493    	 .809685051441193
6569.530    	 .813422620296478
6569.567    	 .816156923770905
6569.605    	 .817590832710266
6569.642    	 .816920876502991
6569.679    	 .814502060413361
6569.716    	 .811641573905945
6569.754    	 .808545589447021
6569.791    	 .806017875671387
6569.828    	 .804258167743683
6569.866    	 .803462207317352
6569.903    	 .803852081298828
6569.940    	 .80504584312439
6569.978    	 .807221412658691
6570.015    	 .809666633605957
6570.052    	 .812463164329529
6570.090    	 .815311133861542
6570.127    	 .818235516548157
6570.164    	 .821189343929291
6570.202    	 .824109971523285
6570.239    	 .826377987861633
6570.276    	 .827464580535889
6570.314    	 .827544569969177
6570.351    	 .825774371623993
6570.388    	 .823830485343933
6570.426    	 .821560442447662
6570.463    	 .820210337638855
6570.500    	 .820875763893127
6570.538    	 .821910500526428
6570.575    	 .823807656764984
6570.612    	 .825415015220642
6570.649    	 .826302945613861
6570.687    	 .827065169811249
6570.724    	 .827621102333069
6570.761    	 .828125059604645
6570.799    	 .828551173210144
6570.836    	 .829296827316284
6570.873    	 .830879032611847
6570.911    	 .832706391811371
6570.948    	 .834753930568695
6570.985    	 .836303293704987
6571.023    	 .836389064788818
6571.060    	 .83607017993927
6571.097    	 .83581954240799
6571.135    	 .835815191268921
6571.172    	 .836436688899994
6571.209    	 .837472498416901
6571.247    	 .838973045349121
6571.284    	 .84095299243927
6571.321    	 .8437220454216
6571.359    	 .846623659133911
6571.396    	 .84862607717514
6571.433    	 .849665403366089
6571.471    	 .849322140216827
6571.508    	 .84789502620697
6571.545    	 .845942676067352
6571.582    	 .843564569950104
6571.620    	 .841071784496307
6571.657    	 .838373899459839

6571.694    	 .835254728794098
6571.732    	 .831776082515717
6571.769    	 .828413367271423
6571.806    	 .825072944164276
6571.844    	 .821308434009552
6571.881    	 .816945433616638
6571.918    	 .811964988708496
6571.956    	 .806493520736694
6571.993    	 .802464783191681
6572.030    	 .800729393959045
6572.068    	 .801284313201904
6572.105    	 .805281400680542
6572.142    	 .809974491596222
6572.180    	 .815709948539734
6572.217    	 .820786118507385
6572.254    	 .824730098247528
6572.292    	 .828895628452301
6572.329    	 .83350133895874
6572.366    	 .838490724563599
6572.404    	 .844276309013367
6572.441    	 .849616289138794
6572.478    	 .853944301605225
6572.515    	 .857719480991364
6572.553    	 .86019641160965
6572.590    	 .862104535102844
6572.627    	 .862747550010681
6572.665    	 .863431990146637
6572.702    	 .864438593387604
6572.739    	 .865611910820007
6572.777    	 .86710911989212
6572.814    	 .867946684360504
6572.851    	 .866974949836731
6572.889    	 .865796804428101
6572.926    	 .865049362182617
6572.963    	 .865011215209961
6573.001    	 .866575300693512
6573.038    	 .868164837360382
6573.075    	 .868477582931519
6573.113    	 .868102610111237
6573.150    	 .867083311080933
6573.187    	 .866156935691834
6573.225    	 .866286993026733
6573.262    	 .867354154586792
6573.299    	 .869730710983276
6573.337    	 .872704029083252
6573.374    	 .875327169895172
6573.411    	 .877231478691101
6573.448    	 .877476751804352
6573.486    	 .876711308956146
6573.523    	 .876344323158264
6573.560    	 .876527547836304
6573.598    	 .877614676952362
6573.635    	 .879149675369263
6573.672    	 .879505336284637
6573.710    	 .878551721572876
6573.747    	 .876674950122833
6573.784    	 .874129414558411
6573.822    	 .872760236263275
6573.859    	 .872800409793854
6573.896    	 .873355031013489
6573.934    	 .874440550804138
6573.971    	 .875023066997528
6574.008    	 .874988734722137
6574.046    	 .87525874376297
6574.083    	 .876051306724548
6574.120    	 .877442121505737
6574.158    	 .879755795001984
6574.195    	 .881888091564178
6574.232    	 .883656919002533
6574.270    	 .884795904159546
6574.307    	 .884728729724884
6574.344    	 .884126007556915
6574.381    	 .882422685623169
6574.419    	 .880248367786407
6574.456    	 .877026081085205
6574.493    	 .872387528419495
6574.531    	 .864434480667114
6574.568    	 .85498434305191
6574.605    	 .842121779918671
6574.643    	 .829448044300079
6574.680    	 .817712306976318
6574.717    	 .808255791664124
6574.755    	 .804197371006012
6574.792    	 .802914500236511
6574.829    	 .806695878505707
6574.867    	 .812499761581421
6574.904    	 .821079730987549
6574.941    	 .830527901649475
6574.979    	 .840557515621185
6575.016    	 .849976122379303
6575.053    	 .857295274734497
6575.091    	 .863219201564789
6575.128    	 .867213129997253
6575.165    	 .870506823062897
6575.203    	 .873943567276001
6575.240    	 .877520740032196
6575.277    	 .881326079368591
6575.314    	 .885004580020905
6575.352    	 .88793933391571
6575.389    	 .890362858772278
6575.426    	 .892504334449768
6575.464    	 .894370853900909
6575.501    	 .895918428897858
6575.538    	 .897218585014343
6575.576    	 .898441553115845
6575.613    	 .899596154689789
6575.650    	 .900720834732056
6575.688    	 .901745975017548
6575.725    	 .902482151985168
6575.762    	 .903061747550964
6575.800    	 .904129147529602
6575.837    	 .905997931957245
6575.874    	 .909208118915558
6575.912    	 .913707256317139
6575.949    	 .917067408561707
6575.986    	 .918573558330536
6576.024    	 .917605340480804
6576.061    	 .91343480348587
6576.098    	 .910063743591309
6576.136    	 .908058047294617
6576.173    	 .907497942447662
6576.210    	 .90919029712677
6576.247    	 .910428941249847
6576.285    	 .910847306251526
6576.322    	 .910835564136505
6576.359    	 .910041451454163
6576.397    	 .909782230854034
6576.434    	 .910625338554382
6576.471    	 .911935210227966
6576.509    	 .914284348487854
6576.546    	 .916549265384674
6576.583    	 .918618083000183
6576.621    	 .920476675033569
6576.658    	 .921844840049744
6576.695    	 .92277455329895
6576.733    	 .92271101474762
6576.770    	 .922491014003754
6576.807    	 .922121405601501
6576.845    	 .922321438789368
6576.882    	 .924006700515747
6576.919    	 .925771236419678
6576.957    	 .927048683166504
6576.994    	 .927365005016327
6577.031    	 .925443887710571
6577.069    	 .923117876052856
6577.106    	 .921350538730621
6577.143    	 .920285582542419
6577.181    	 .920664250850677
6577.218    	 .921480894088745
6577.255    	 .922002196311951
6577.292    	 .922096133232117
6577.330    	 .921308040618896
6577.367    	 .920321345329285
6577.404    	 .920036435127258
6577.442    	 .920409560203552
6577.479    	 .921644747257233
6577.516    	 .923287391662598
6577.554    	 .924538254737854
6577.591    	 .925282418727875
6577.628    	 .925201237201691
6577.666    	 .92456716299057
6577.703    	 .924170613288879
6577.740    	 .924286127090454
6577.778    	 .925603687763214
6577.815    	 .927926957607269
6577.852    	 .929917216300964
6577.890    	 .931337356567383
6577.927    	 .931712031364441
6577.964    	 .93103164434433
6578.002    	 .930701494216919
6578.039    	 .93076354265213
6578.076    	 .930722236633301
6578.114    	 .93034964799881
6578.151    	 .928824961185455
6578.188    	 .925812244415283
6578.225    	 .923556923866272
6578.263    	 .922606408596039
6578.300    	 .922935664653778
6578.337    	 .925339341163635
6578.375    	 .927537977695465
6578.412    	 .929363667964935
6578.449    	 .931059777736664
6578.487    	 .932495296001434
6578.524    	 .933658123016357
6578.561    	 .934247076511383
6578.599    	 .934345841407776
6578.636    	 .933334290981293
6578.673    	 .932437419891357
6578.711    	 .931809484958649
6578.748    	 .931361496448517
6578.785    	 .93132621049881
6578.823    	 .931189715862274
6578.860    	 .930744826793671
6578.897    	 .930536866188049
6578.935    	 .93099170923233
6578.972    	 .931705057621002
6579.009    	 .932833135128021
6579.047    	 .933994054794312
6579.084    	 .935043632984161
6579.121    	 .935647368431091
6579.158    	 .935145497322083
6579.196    	 .934473037719727
6579.233    	 .934156537055969
6579.270    	 .934700012207031
6579.308    	 .937303185462952
6579.345    	 .9403395652771
6579.382    	 .942429006099701
6579.420    	 .94333803653717
6579.457    	 .941971361637115
6579.494    	 .939771592617035
6579.532    	 .938358247280121
6579.569    	 .937741696834564
6579.606    	 .938292384147644
6579.644    	 .939462900161743
6579.681    	 .940371930599213
6579.718    	 .941019952297211
6579.756    	 .941371977329254
6579.793    	 .941399991512299
6579.830    	 .941047012805939
6579.868    	 .940368115901947
6579.905    	 .939616501331329
6579.942    	 .939043998718262
6579.980    	 .939435303211212
6580.017    	 .940634429454803
6580.054    	 .941330313682556
6580.091    	 .941275179386139
6580.129    	 .940199851989746
6580.166    	 .938085436820984
6580.203    	 .936578929424286
6580.241    	 .935870349407196
6580.278    	 .935418307781219
6580.315    	 .935229182243347
6580.353    	 .93453973531723
6580.390    	 .933077275753021
6580.427    	 .931277751922607
6580.465    	 .928942143917084
6580.502    	 .926550388336182
6580.539    	 .924074113368988
6580.577    	 .921722590923309
6580.614    	 .919604063034058
6580.651    	 .917550921440125
6580.689    	 .915652513504028
6580.726    	 .914559125900269
6580.763    	 .915196716785431
6580.801    	 .916284322738647
6580.838    	 .918416619300842
6580.875    	 .920474231243134
6580.913    	 .922352373600006
6580.950    	 .924688458442688
6580.987    	 .928137838840485
6581.024    	 .931749761104584
6581.062    	 .935560822486877
6581.099    	 .938588678836823
6581.136    	 .939620077610016
6581.174    	 .940552055835724
6581.211    	 .941992402076721
6581.248    	 .943437457084656
6581.286    	 .94464373588562
6581.323    	 .945773422718048
6581.360    	 .946849048137665
6581.398    	 .947811186313629
6581.435    	 .94850766658783
6581.472    	 .948921501636505
6581.510    	 .948792994022369
6581.547    	 .948394775390625
6581.584    	 .947807967662811
6581.622    	 .947280585765839
6581.659    	 .947161674499512
6581.696    	 .947242736816406
6581.734    	 .947335720062256
6581.771    	 .947415173053741
6581.808    	 .947432398796082
6581.846    	 .947598695755005
6581.883    	 .948367774486542
6581.920    	 .949491560459137
6581.957    	 .950475871562958
6581.995    	 .951320052146912
6582.032    	 .952025532722473
6582.069    	 .952489674091339
6582.107    	 .952466666698456
6582.144    	 .952027678489685
6582.181    	 .951609075069427
6582.219    	 .95102071762085
6582.256    	 .949647724628448
6582.293    	 .947465717792511
6582.331    	 .945257842540741
6582.368    	 .943235754966736
6582.405    	 .942248523235321
6582.443    	 .942602753639221
6582.480    	 .943470060825348
6582.517    	 .94499671459198
6582.555    	 .946475625038147
6582.592    	 .947907745838165
6582.629    	 .949474990367889
6582.667    	 .951222598552704
6582.704    	 .952772557735443
6582.741    	 .954012811183929
6582.779    	 .955384135246277
6582.816    	 .95693975687027
6582.853    	 .957877218723297
6582.890    	 .957593441009521
6582.928    	 .956428945064545
6582.965    	 .953454613685608
6583.002    	 .950589656829834
6583.040    	 .947966277599335
6583.077    	 .945302665233612
6583.114    	 .942544281482697
6583.152    	 .939959049224854
6583.189    	 .937786519527435
6583.226    	 .936287343502045
6583.264    	 .936359941959381
6583.301    	 .937116980552673
6583.338    	 .939224720001221
6583.376    	 .94129490852356
6583.413    	 .942863404750824
6583.450    	 .943831861019135
6583.488    	 .94348132610321
6583.525    	 .942797541618347
6583.562    	 .941934406757355
6583.600    	 .941511332988739
6583.637    	 .942366778850555
6583.674    	 .94342166185379
6583.712    	 .944029569625854
6583.749    	 .944393575191498
6583.786    	 .944491386413574
6583.823    	 .945077419281006
6583.861    	 .947338402271271
6583.898    	 .950034439563751
6583.935    	 .951907515525818
6583.973    	 .953083753585815
6584.010    	 .953349769115448
6584.047    	 .953199982643127
6584.085    	 .953268885612488
6584.122    	 .953423142433167
6584.159    	 .953435719013214
6584.197    	 .952995598316193
6584.234    	 .951347172260284
6584.271    	 .948828935623169
6584.309    	 .94628381729126
6584.346    	 .944061756134033
6584.383    	 .943098723888397
6584.421    	 .943548321723938
6584.458    	 .945320427417755
6584.495    	 .9481041431427
6584.533    	 .950035750865936
6584.570    	 .950964331626892
6584.607    	 .951238214969635
6584.645    	 .950825810432434
6584.682    	 .950518488883972
6584.719    	 .950251877307892
6584.756    	 .949566006660461
6584.794    	 .948352515697479
6584.831    	 .947148680686951
6584.868    	 .946065068244934
6584.906    	 .945658445358276
6584.943    	 .946302235126495
6584.980    	 .94736635684967
6585.018    	 .949078619480133
6585.055    	 .950658023357391
6585.092    	 .951975286006927
6585.130    	 .952889323234558
6585.167    	 .953081905841827
6585.204    	 .953505158424377
6585.242    	 .954395651817322
6585.279    	 .955648124217987
6585.316    	 .957662105560303
6585.354    	 .95902156829834
6585.391    	 .958890199661255
6585.428    	 .957688868045807
6585.466    	 .953978538513184
6585.503    	 .950198292732239
6585.540    	 .946397721767426
6585.578    	 .943483889102936
6585.615    	 .942714393138886
6585.652    	 .942930936813354
6585.689    	 .945079922676086
6585.727    	 .947536826133728
6585.764    	 .950141489505768
6585.801    	 .952383279800415
6585.839    	 .953639805316925
6585.876    	 .954708397388458
6585.913    	 .955814301967621
6585.951    	 .957335948944092
6585.988    	 .95993447303772
6586.025    	 .962068796157837
6586.063    	 .962108492851257
6586.100    	 .960640966892242
6586.137    	 .956922054290771
6586.175    	 .951812326908112
6586.212    	 .945164084434509
6586.249    	 .937618374824524
6586.287    	 .929360747337341
6586.324    	 .921317577362061
6586.361    	 .914931058883667
6586.399    	 .910601675510406
6586.436    	 .909937620162964
6586.473    	 .911833226680756
6586.511    	 .91510146856308
6586.548    	 .919294536113739
6586.585    	 .923648655414581
6586.623    	 .928392469882965
6586.660    	 .934093534946442
6586.697    	 .940221071243286
6586.734    	 .945258796215057
6586.772    	 .949036002159119
6586.809    	 .951454520225525
6586.846    	 .952526569366455
6586.884    	 .953087091445923
6586.921    	 .953268945217133
6586.958    	 .953946948051453
6586.996    	 .955106258392334
6587.033    	 .956091046333313
6587.070    	 .956688463687897
6587.108    	 .956357598304749
6587.145    	 .954844057559967
6587.182    	 .953043580055237
6587.220    	 .951075792312622
6587.257    	 .950332403182983
6587.294    	 .951427280902863
6587.332    	 .953304588794708
6587.369    	 .956308007240295
6587.406    	 .958890616893768
6587.444    	 .960681617259979
6587.481    	 .961450040340424
6587.518    	 .960411012172699
6587.556    	 .959014654159546
6587.593    	 .956995904445648
6587.630    	 .955727994441986
6587.667    	 .95596832036972
6587.705    	 .9563969373703
6587.742    	 .957229852676392
6587.779    	 .957947075366974
6587.817    	 .958397805690765
6587.854    	 .958994507789612
6587.891    	 .959934055805206
6587.929    	 .960810840129852
6587.966    	 .961514830589294
6588.003    	 .961681187152863
6588.041    	 .960573375225067
6588.078    	 .959717690944672
6588.115    	 .959777057170868
6588.153    	 .960332155227661
6588.190    	 .961830496788025
6588.227    	 .96271800994873
6588.265    	 .961657643318176
6588.302    	 .95965439081192
6588.339    	 .956230938434601
6588.377    	 .952921509742737
6588.414    	 .950816690921783
6588.451    	 .949257850646973
6588.489    	 .948255896568298
6588.526    	 .947835683822632
6588.563    	 .948521912097931
6588.600    	 .950104832649231
6588.638    	 .953072369098663
6588.675    	 .956376731395721
6588.712    	 .959004938602448
6588.750    	 .961113214492798
6588.787    	 .96260005235672
6588.824    	 .963511228561401
6588.862    	 .963629066944122
6588.899    	 .962988197803497
6588.936    	 .961356043815613
6588.974    	 .959259569644928
6589.011    	 .957634389400482
6589.048    	 .956463277339935
6589.086    	 .955759584903717
6589.123    	 .955556511878967
6589.160    	 .955915451049805
6589.198    	 .956813335418701
6589.235    	 .958057522773743
6589.272    	 .959690034389496
6589.310    	 .961676061153412
6589.347    	 .963614404201508
6589.384    	 .964029610157013
6589.422    	 .9627326130867
6589.459    	 .960594654083252
6589.496    	 .957932770252228
6589.533    	 .957008957862854
6589.571    	 .958145678043365
6589.608    	 .95957738161087
6589.645    	 .961264073848724
6589.683    	 .962357342243195
6589.720    	 .962639570236206
6589.757    	 .962773263454437
6589.795    	 .96269965171814
6589.832    	 .962651669979095
6589.869    	 .962705433368683
6589.907    	 .963247179985046
6589.944    	 .964567840099335
6589.981    	 .965748429298401
6590.019    	 .966627240180969
6590.056    	 .966821193695068
6590.093    	 .965732753276825
6590.131    	 .964525938034058
6590.168    	 .963101506233215
6590.205    	 .962210178375244
6590.243    	 .962459921836853
6590.280    	 .963410139083862
6590.317    	 .965959310531616
6590.355    	 .968315184116364
6590.392    	 .970219075679779
6590.429    	 .972013235092163
6590.466    	 .973572015762329
6590.504    	 .974923133850098
6590.541    	 .97580498456955
6590.578    	 .975894212722778
6590.616    	 .974143922328949
6590.653    	 .972429394721985
6590.690    	 .971343517303467
6590.728    	 .971042215824127
6590.765    	 .972478926181793
6590.802    	 .973378658294678
6590.840    	 .972062230110168
6590.877    	 .969566881656647
6590.914    	 .965287148952484
6590.952    	 .960934817790985
6590.989    	 .957634687423706
6591.026    	 .955671668052673
6591.064    	 .956483662128448
6591.101    	 .958819568157196
6591.138    	 .962752521038055
6591.176    	 .966854631900787
6591.213    	 .96969085931778
6591.250    	 .971458315849304
6591.288    	 .971692085266113
6591.325    	 .971341371536255
6591.362    	 .971420407295227
6591.399    	 .971613824367523
6591.437    	 .971468210220337
6591.474    	 .97100305557251
6591.511    	 .970139682292938
6591.549    	 .969084858894348
6591.586    	 .968217670917511
6591.623    	 .967760324478149
6591.661    	 .96826297044754
6591.698    	 .969385266304016
6591.735    	 .970203280448914
6591.773    	 .970433056354523
6591.810    	 .969388365745544
6591.847    	 .967413127422333
6591.885    	 .966060340404511
6591.922    	 .965546369552612
6591.959    	 .96610552072525
6591.997    	 .967611074447632
6592.034    	 .968618094921112
6592.071    	 .968930006027222
6592.109    	 .968487858772278
6592.146    	 .96726655960083
6592.183    	 .966431677341461
6592.221    	 .966102838516235
6592.258    	 .965961217880249
6592.295    	 .96614271402359
6592.332    	 .966784298419952
6592.370    	 .96809995174408
6592.407    	 .96963369846344
6592.444    	 .97144889831543
6592.482    	 .972951352596283
6592.519    	 .973981559276581
6592.556    	 .97521185874939
6592.594    	 .976736843585968
6592.631    	 .977801978588104
6592.668    	 .977962017059326
6592.706    	 .977088332176209
6592.743    	 .97418338060379
6592.780    	 .970433592796326
6592.818    	 .964975595474243
6592.855    	 .960651457309723
6592.892    	 .958809971809387
6592.930    	 .958845198154449
6592.967    	 .963239967823029
6593.004    	 .96747362613678
6593.042    	 .971294522285461
6593.079    	 .97407591342926
6593.116    	 .974412739276886
6593.154    	 .974602460861206
6593.191    	 .974802374839783
6593.228    	 .974928796291351
6593.265    	 .974873006343842
6593.303    	 .974639177322388
6593.340    	 .974018752574921
6593.377    	 .973688900470734
6593.415    	 .974246561527252
6593.452    	 .975195646286011
6593.489    	 .976716101169586
6593.527    	 .978677749633789
6593.564    	 .981456577777863
6593.601    	 .984345316886902
6593.639    	 .986958026885986
6593.676    	 .989228188991547
6593.713    	 .990792989730835
6593.751    	 .991920232772827
6593.788    	 .992495954036713
6593.825    	 .992623925209045
6593.863    	 .99207478761673
6593.900    	 .991034328937531
6593.937    	 .989393830299377
6593.975    	 .987031400203705
6594.012    	 .983349680900574
6594.049    	 .979080379009247
6594.087    	 .975064694881439
6594.124    	 .971652150154114
6594.161    	 .969689071178436
6594.198    	 .968838572502136
6594.236    	 .968752861022949
6594.273    	 .969256043434143
6594.310    	 .970052301883698
6594.348    	 .970817983150482
6594.385    	 .970759749412537
6594.422    	 .970224678516388
6594.460    	 .970236361026764
6594.497    	 .970878481864929
6594.534    	 .972198843955994
6594.572    	 .974016487598419
6594.609    	 .975439310073853
6594.646    	 .976301670074463
6594.684    	 .97639274597168
6594.721    	 .975747883319855
6594.758    	 .975294232368469
6594.796    	 .975148677825928
6594.833    	 .975472092628479
6594.870    	 .976342737674713
6594.908    	 .977243959903717
6594.945    	 .978430807590485
6594.982    	 .980940401554108
6595.020    	 .985174000263214
6595.057    	 .989346563816071
6595.094    	 .993139803409576
6595.131    	 .995030522346497
6595.169    	 .994025468826294
6595.206    	 .992514550685883
6595.243    	 .990270793437958
6595.281    	 .98859167098999
6595.318    	 .987748980522156
6595.355    	 .985766351222992
6595.393    	 .981719613075256
6595.430    	 .97734123468399
6595.467    	 .972413718700409
6595.505    	 .968970477581024
6595.542    	 .968563854694366
6595.579    	 .969335198402405
6595.617    	 .972640812397003
6595.654    	 .976193964481354
6595.691    	 .980314552783966
6595.729    	 .983802676200867
6595.766    	 .985811471939087
6595.803    	 .986191868782043
6595.841    	 .982787609100342
6595.878    	 .979006469249725
6595.915    	 .974763691425323
6595.953    	 .971810936927795
6595.990    	 .972081482410431
6596.027    	 .97348964214325
6596.064    	 .97685182094574
6596.102    	 .980370938777924
6596.139    	 .983611047267914
6596.176    	 .986473083496094
6596.214    	 .988495469093323
6596.251    	 .990134477615356
6596.288    	 .991221189498901
6596.326    	 .991522908210754
6596.363    	 .990105152130127
6596.400    	 .98809689283371
6596.438    	 .985749840736389
6596.475    	 .983514130115509
6596.512    	 .981862723827362
6596.550    	 .981033682823181
6596.587    	 .981931507587433
6596.624    	 .983887672424316
6596.662    	 .986978948116302
6596.699    	 .989822447299957
6596.736    	 .990565538406372
6596.774    	 .990137696266174
6596.811    	 .989114820957184
6596.848    	 .987825095653534
6596.886    	 .986636698246002
6596.923    	 .985459387302399
6596.960    	 .9841428399086
6596.998    	 .98283851146698
6597.035    	 .981838822364807
6597.072    	 .981151282787323
6597.109    	 .980848610401154
6597.147    	 .980924367904663
6597.184    	 .981381893157959
6597.221    	 .98228520154953
6597.259    	 .983759522438049
6597.296    	 .985976338386536
6597.333    	 .989246070384979
6597.371    	 .993313074111938
6597.408    	 .996988236904144
6597.445    	 .999854266643524
6597.483    	 1.00091457366943
6597.520    	 1.00011122226715
6597.557    	 .998868703842163
6597.595    	 .997179329395294
6597.632    	 .995529353618622
6597.669    	 .994009733200073
6597.707    	 .992899358272552
6597.744    	 .992389500141144
6597.781    	 .992480218410492
6597.819    	 .993202984333038
6597.856    	 .993286192417145
6597.893    	 .992472350597382
6597.931    	 .99137157201767
6597.968    	 .989962518215179
6598.005    	 .989176750183105
6598.042    	 .989467024803162
6598.080    	 .990820407867432
6598.117    	 .99383407831192
6598.154    	 .996655166149139
6598.192    	 .999034881591797
6598.229    	 1.00023281574249
6598.266    	 .999268352985382
6598.304    	 .997557640075684
6598.341    	 .99444979429245
6598.378    	 .991513669490814
6598.416    	 .988951146602631
6598.453    	 .987222671508789
6598.490    	 .987265110015869
6598.528    	 .987648606300354
6598.565    	 .988798022270203
6598.602    	 .989747166633606
6598.640    	 .990229487419128
6598.677    	 .989803373813629
6598.714    	 .987248182296753
6598.752    	 .984838962554932
6598.789    	 .982967615127563
6598.826    	 .981821238994598
6598.864    	 .982342064380646
6598.901    	 .983133137226105
6598.938    	 .984211325645447
6598.975    	 .984882891178131
6599.013    	 .984461188316345
6599.050    	 .98324191570282
6599.087    	 .98042768239975
6599.125    	 .976895987987518
6599.162    	 .972262978553772
6599.199    	 .968291640281677
6599.237    	 .966633260250092
6599.274    	 .966456413269043
6599.311    	 .968703925609589
6599.349    	 .971863031387329
6599.386    	 .975677013397217
6599.423    	 .979416191577911
6599.461    	 .982400894165039
6599.498    	 .984383404254913
6599.535    	 .98430609703064
6599.573    	 .983458697795868
6599.610    	 .982649743556976
6599.647    	 .982059359550476
6599.685    	 .982053756713867
6599.722    	 .982076227664948
6599.759    	 .981393337249756
6599.797    	 .98052179813385
6599.834    	 .980138421058655
6599.871    	 .980615079402924
6599.908    	 .98294073343277
6599.946    	 .986463248729706
6599.983    	 .990374982357025
6600.020    	 .994218111038208
6600.058    	 .997042238712311
6600.095    	 .998756885528564
6600.132    	 .999041974544525
6600.170    	 .998283326625824
6600.207    	 .997473001480103
6600.244    	 .996629297733307
6600.282    	 .995808720588684
6600.319    	 .995121896266937
6600.356    	 .994862914085388
6600.394    	 .995068430900574
6600.431    	 .995623171329498
6600.468    	 .996463298797607
6600.506    	 .99714207649231
6600.543    	 .99773371219635
6600.580    	 .998632669448853
6600.618    	 .999725461006165
6600.655    	 1.00024259090424
6600.692    	 .999993979930878
6600.730    	 .999156832695007
6600.767    	 .997737526893616
6600.804    	 .996884942054749
6600.841    	 .996912062168121
6600.879    	 .997865438461304
6600.916    	 .999946713447571
6600.953    	 1.00146186351776
6600.991    	 1.00206363201141
6601.028    	 1.00188529491425
6601.065    	 1.00067377090454
6601.103    	 1.00031352043152
6601.140    	 1.00131738185883
6601.177    	 1.00259757041931
6601.215    	 1.00431907176971
6601.252    	 1.00589990615845
6601.289    	 1.00719034671783
6601.327    	 1.00797271728516
6601.364    	 1.00779020786285
6601.401    	 1.0071839094162
6601.439    	 1.00575470924377
6601.476    	 1.00436019897461
6601.513    	 1.00304090976715
6601.551    	 1.00188016891479
6601.588    	 1.00106203556061
6601.625    	 1.00003576278687
6601.663    	 .998531877994537
6601.700    	 .996565997600555
6601.737    	 .993518888950348
6601.774    	 .990669190883636
6601.812    	 .988333523273468
6601.849    	 .986042678356171
6601.886    	 .9838045835495
6601.924    	 .981759667396545
6601.961    	 .980172455310822
6601.998    	 .978940546512604
6602.036    	 .978471457958221
6602.073    	 .978479444980621
6602.110    	 .979440331459045
6602.148    	 .981126666069031
6602.185    	 .984279274940491
6602.222    	 .987656831741333
6602.260    	 .990947663784027
6602.297    	 .993389844894409
6602.334    	 .993687808513641
6602.372    	 .993241727352142
6602.409    	 .992170095443726
6602.446    	 .990999817848206
6602.484    	 .990010142326355
6602.521    	 .989561915397644
6602.558    	 .990432441234589
6602.596    	 .992068350315094
6602.633    	 .994611620903015
6602.670    	 .997101128101349
6602.707    	 .998515963554382
6602.745    	 .99886155128479
6602.782    	 .997377693653107
6602.819    	 .995094895362854
6602.857    	 .992797017097473
6602.894    	 .991340696811676
6602.931    	 .992405772209167
6602.969    	 .99428790807724
6603.006    	 .994756698608398
6603.043    	 .994433760643005
6603.081    	 .994056284427643
6603.118    	 .9942946434021
6603.155    	 .99659675359726
6603.193    	 1.00014472007751
6603.230    	 1.00351405143738
6603.267    	 1.00603067874908
6603.305    	 1.00608551502228
6603.342    	 1.00416386127472
6603.379    	 1.00152063369751
6603.417    	 .998723745346069
6603.454    	 .997348189353943
6603.491    	 .997170269489288
6603.529    	 .997148871421814
6603.566    	 .99710613489151
6603.603    	 .996465265750885
6603.640    	 .995326101779938
6603.678    	 .994381010532379
6603.715    	 .993613958358765
6603.752    	 .992805659770966
6603.790    	 .992012083530426
6603.827    	 .991466403007507
6603.864    	 .991503179073334
6603.902    	 .992976129055023
6603.939    	 .99612945318222
6603.976    	 .999468266963959
6604.014    	 1.00272166728973
6604.051    	 1.00438511371613
6604.088    	 1.00391101837158
6604.126    	 1.00280356407166
6604.163    	 1.00085318088531
6604.200    	 .998942494392395
6604.238    	 .997081935405731
6604.275    	 .995185852050781
6604.312    	 .993331015110016
6604.350    	 .992150902748108
6604.387    	 .992078065872192
6604.424    	 .992413520812988
6604.462    	 .993362605571747
6604.499    	 .993766665458679
6604.536    	 .993207216262817
6604.573    	 .992449402809143
6604.611    	 .991422891616821
6604.648    	 .991658866405487
6604.685    	 .994310557842255
6604.723    	 .996805846691132
6604.760    	 .99895977973938
6604.797    	 1.0003924369812
6604.835    	 1.0002863407135
6604.872    	 .999816238880157
6604.909    	 .998531639575958
6604.947    	 .997759521007538
6604.984    	 .998179256916046
6605.021    	 .998654305934906
6605.059    	 .999240458011627
6605.096    	 .999509632587433
6605.133    	 .999019086360931
6605.171    	 .99841845035553
6605.208    	 .997649073600769
6605.245    	 .996558010578156
6605.283    	 .994717597961426
6605.320    	 .992551982402802
6605.357    	 .989773035049438
6605.395    	 .987633168697357
6605.432    	 .987269163131714
6605.469    	 .987299084663391
6605.506    	 .987644970417023
6605.544    	 .987988471984863
6605.581    	 .988183498382568
6605.618    	 .98858380317688
6605.656    	 .989591062068939
6605.693    	 .991267919540405
6605.730    	 .994326829910278
6605.768    	 .997645676136017
6605.805    	 1.00070178508759
6605.842    	 1.00284230709076
6605.880    	 1.00272512435913
6605.917    	 1.00200092792511
6605.954    	 1.00158560276031
6605.992    	 1.00200033187866
6606.029    	 1.0044196844101
6606.066    	 1.00728845596313
6606.104    	 1.00926911830902
6606.141    	 1.00991570949554
6606.178    	 1.00778484344482
6606.216    	 1.00438678264618
6606.253    	 1.00091481208801
6606.290    	 .998018264770508
6606.328    	 .996945023536682
6606.365    	 .997034907341003
6606.402    	 .99779611825943
6606.439    	 .998828232288361
6606.477    	 .999546408653259
6606.514    	 .999782800674438
6606.551    	 .999075472354889
6606.589    	 .997711658477783
6606.626    	 .996145606040955
6606.663    	 .994458079338074
6606.701    	 .992817163467407
6606.738    	 .991560459136963
6606.775    	 .991510033607483
6606.813    	 .992491483688354
6606.850    	 .993904650211334
6606.887    	 .995736062526703
6606.925    	 .997835993766785
6606.962    	 1.00015163421631
6606.999    	 1.00242650508881
6607.037    	 1.00422501564026
6607.074    	 1.00430679321289
6607.111    	 1.00267803668976
6607.149    	 1.00065755844116
6607.186    	 .998450458049774
6607.223    	 .997093379497528
6607.261    	 .996659338474274
6607.298    	 .996385812759399
6607.335    	 .996437788009644
6607.373    	 .997179090976715
6607.410    	 .998685121536255
6607.447    	 1.00004100799561
6607.484    	 1.00106620788574
6607.522    	 1.00132727622986
6607.559    	 1.00050437450409
6607.596    	 .999074161052704
6607.634    	 .996949434280396
6607.671    	 .995512366294861
6607.708    	 .995246231555939
6607.746    	 .996289849281311
6607.783    	 .999115884304047
6607.820    	 1.00093805789948
6607.858    	 1.00104570388794
6607.895    	 .999883234500885
6607.932    	 .99674916267395
6607.970    	 .994332611560822
6608.007    	 .99322384595871
6608.044    	 .993022978305817
6608.082    	 .994450747966766
6608.119    	 .996056258678436
6608.156    	 .998019456863403
6608.194    	 1.00036633014679
6608.231    	 1.0034304857254
6608.268    	 1.0058605670929
6608.306    	 1.00697982311249
6608.343    	 1.00764739513397
6608.380    	 1.00733971595764
6608.417    	 1.00652432441711
6608.455    	 1.00456750392914
6608.492    	 1.00241816043854
6608.529    	 .999820411205292
6608.567    	 .997305691242218
6608.604    	 .994992673397064
6608.641    	 .993292033672333
6608.679    	 .993028581142426
6608.716    	 .992965698242188
6608.753    	 .99321448802948
6608.791    	 .993662655353546
6608.828    	 .994539499282837
6608.865    	 .996023237705231
6608.903    	 .998891592025757
6608.940    	 1.00124609470367
6608.977    	 1.00193977355957
6609.015    	 1.0018173456192
6609.052    	 1.00023376941681
6609.089    	 .998594224452972
6609.127    	 .997411966323853
6609.164    	 .996380746364594
6609.201    	 .995517134666443
6609.239    	 .994786977767944
6609.276    	 .994309723377228
6609.313    	 .993884682655334
6609.350    	 .993439257144928
6609.388    	 .993092656135559
6609.425    	 .993022263050079
6609.462    	 .993142306804657
6609.500    	 .993558883666992
6609.537    	 .994266390800476
6609.574    	 .995510280132294
6609.612    	 .997202396392822
6609.649    	 .999622583389282
6609.686    	 1.00194215774536
6609.724    	 1.00321507453918
6609.761    	 1.00340604782104
6609.798    	 1.00171446800232
6609.836    	 .99938976764679
6609.873    	 .99759703874588
6609.910    	 .996360719203949
6609.948    	 .996036767959595
6609.985    	 .995842576026917
6610.022    	 .994675815105438
6610.060    	 .993213057518005
6610.097    	 .992421805858612
6610.134    	 .992542147636414
6610.172    	 .994329452514648
6610.209    	 .996843814849854
6610.246    	 .998497009277344
6610.283    	 .999373376369476
6610.321    	 .999495923519135
6610.358    	 .999217689037323
6610.395    	 .999288260936737
6610.433    	 .999493956565857
6610.470    	 .999316871166229
6610.507    	 .99888414144516
6610.545    	 .998557329177856
6610.582    	 .998401284217834
6610.619    	 .998561024665833
6610.657    	 .999068260192871
6610.694    	 .999894797801971
6610.731    	 1.00098168849945
6610.769    	 1.00200140476227
6610.806    	 1.00279343128204
6610.843    	 1.00292885303497
6610.881    	 1.00225055217743
6610.918    	 1.00081992149353
6610.955    	 .998797118663788
6610.993    	 .997476577758789
6611.030    	 .997037351131439
6611.067    	 .997221767902374
6611.105    	 .997926831245422
6611.142    	 .997853875160217
6611.179    	 .99707967042923
6611.216    	 .997265517711639
6611.254    	 .998755574226379
6611.291    	 1.0009753704071
6611.328    	 1.00395214557648
6611.366    	 1.00603342056274
6611.403    	 1.00671052932739
6611.440    	 1.00612127780914
6611.478    	 1.00373196601868
6611.515    	 1.00102877616882
6611.552    	 .997941017150879
6611.590    	 .995305061340332
6611.627    	 .993383824825287
6611.664    	 .991710603237152
6611.702    	 .990490794181824
6611.739    	 .989774763584137
6611.776    	 .989937722682953
6611.814    	 .990561783313751
6611.851    	 .991991698741913
6611.888    	 .993581175804138
6611.926    	 .995488047599792
6611.963    	 .997772574424744
6612.000    	 1.00075101852417
6612.038    	 1.00357449054718
6612.075    	 1.00605738162994
6612.112    	 1.00780880451202
6612.149    	 1.00802958011627
6612.187    	 1.00703513622284
6612.224    	 1.003462433815
6612.261    	 .999750196933746
6612.299    	 .995729506015778
6612.336    	 .992339968681335
6612.373    	 .990406155586243
6612.411    	 .989168405532837
6612.448    	 .989556491374969
6612.485    	 .99072527885437
6612.523    	 .993670105934143
6612.560    	 .996876955032349
6612.597    	 1.0005578994751
6612.635    	 1.00326263904572
6612.672    	 1.00356674194336
6612.709    	 1.00347983837128
6612.747    	 1.0028795003891
6612.784    	 1.00260150432587
6612.821    	 1.00322842597961
6612.859    	 1.00386583805084
6612.896    	 1.00427234172821
6612.933    	 1.00459086894989
6612.971    	 1.0047687292099
6613.008    	 1.00503611564636
6613.045    	 1.00558423995972
6613.082    	 1.00656676292419
6613.120    	 1.0085254907608
6613.157    	 1.01027870178223
6613.194    	 1.01100015640259
6613.232    	 1.0106600522995
6613.269    	 1.00816404819489
6613.306    	 1.00523841381073
6613.344    	 1.00258386135101
6613.381    	 1.00068402290344
6613.418    	 1.0005943775177
6613.456    	 1.00103616714478
6613.493    	 1.00147008895874
6613.530    	 1.0020843744278
6613.568    	 1.00319731235504
6613.605    	 1.00453794002533
6613.642    	 1.00603199005127
6613.680    	 1.00748646259308
6613.717    	 1.00867068767548
6613.754    	 1.00975275039673
6613.792    	 1.01085007190704
6613.829    	 1.01170182228088
6613.866    	 1.01182734966278
6613.904    	 1.01084542274475
6613.941    	 1.00758397579193
6613.978    	 1.00325167179108
6614.015    	 .998992443084717
6614.053    	 .995790183544159
6614.090    	 .995669722557068
6614.127    	 .997905135154724
6614.165    	 1.00227391719818
6614.202    	 1.00824177265167
6614.239    	 1.01541090011597
6614.277    	 1.02280938625336
6614.314    	 1.02863669395447
6614.351    	 1.03157484531403
6614.389    	 1.02834928035736
6614.426    	 1.02115094661713
6614.463    	 1.01438641548157
6614.501    	 1.0088187456131
6614.538    	 1.00628340244293
6614.575    	 1.00595235824585
6614.613    	 1.00554895401001
6614.650    	 1.00504302978516
6614.687    	 1.00437033176422
6614.725    	 1.00372290611267
6614.762    	 1.00365710258484
6614.799    	 1.00402700901031
6614.837    	 1.00419390201569
6614.874    	 1.00409638881683
6614.911    	 1.00367033481598
6614.948    	 1.00285005569458
6614.986    	 1.00166594982147
6615.023    	 1.00010931491852
6615.060    	 .998459935188293
6615.098    	 .997070968151093
6615.135    	 .997175633907318
6615.172    	 .998845875263214
6615.210    	 1.00053441524506
6615.247    	 1.00195896625519
6615.284    	 1.00209307670593
6615.322    	 1.00076341629028
6615.359    	 .999438226222992
6615.396    	 .998185217380524
6615.434    	 .99726277589798
6615.471    	 .996780335903168
6615.508    	 .996471762657166
6615.546    	 .996471464633942
6615.583    	 .996938467025757
6615.620    	 .998075425624847
6615.658    	 .999488890171051
6615.695    	 1.00143778324127
6615.732    	 1.00431895256042
6615.770    	 1.00853037834167
6615.807    	 1.0126701593399
6615.844    	 1.01643800735474
6615.881    	 1.01834213733673
6615.919    	 1.01727294921875
6615.956    	 1.01560032367706
6615.993    	 1.01304709911346
6616.031    	 1.01126909255981
6616.068    	 1.01082694530487
6616.105    	 1.01072919368744
6616.143    	 1.0111802816391
6616.180    	 1.01110172271729
6616.217    	 1.01010394096375
6616.255    	 1.00957131385803
6616.292    	 1.00993680953979
6616.329    	 1.01066637039185
6616.367    	 1.01207268238068
6616.404    	 1.0128778219223
6616.441    	 1.01245033740997
6616.479    	 1.01161861419678
6616.516    	 1.00994348526001
6616.553    	 1.0084935426712
6616.591    	 1.00753557682037
6616.628    	 1.00662302970886
6616.665    	 1.00581312179565
6616.703    	 1.00560414791107
6616.740    	 1.00679266452789
6616.777    	 1.00822246074677
6616.815    	 1.01019728183746
6616.852    	 1.01146793365479
6616.889    	 1.01104807853699
6616.926    	 1.00973057746887
6616.964    	 1.00643682479858
6617.001    	 1.00341010093689
6617.038    	 1.0012903213501
6617.076    	 1.00023639202118
6617.113    	 1.00159394741058
6617.150    	 1.00353682041168
6617.188    	 1.00636720657349
6617.225    	 1.00848507881165
6617.262    	 1.00861549377441
6617.300    	 1.00766956806183
6617.337    	 1.00468802452087
6617.374    	 1.00162172317505
6617.412    	 .999088525772095
6617.449    	 .997616469860077
6617.486    	 .998595893383026
6617.524    	 1.00095367431641
6617.561    	 1.0056654214859
6617.598    	 1.01023197174072
6617.636    	 1.01319086551666
6617.673    	 1.01478910446167
6617.710    	 1.01379501819611
6617.748    	 1.0120644569397
6617.785    	 1.01006615161896
6617.822    	 1.00844478607178
6617.859    	 1.0080087184906
6617.897    	 1.00833892822266
6617.934    	 1.00980997085571
6617.971    	 1.01127409934998
6618.009    	 1.01176929473877
6618.046    	 1.01191008090973
6618.083    	 1.01195573806763
6618.121    	 1.01215875148773
6618.158    	 1.01288974285126
6618.195    	 1.01370918750763
6618.233    	 1.01422250270844
6618.270    	 1.01406955718994
6618.307    	 1.01237332820892
6618.345    	 1.00999927520752
6618.382    	 1.00754845142365
6618.419    	 1.00569653511047
6618.457    	 1.00568723678589
6618.494    	 1.00679063796997
6618.531    	 1.00862002372742
6618.569    	 1.01051354408264
6618.606    	 1.01152300834656
6618.643    	 1.0119411945343
6618.681    	 1.01196300983429
6618.718    	 1.01216244697571
6618.755    	 1.01357781887054
6618.792    	 1.01578640937805
6618.830    	 1.0182945728302
6618.867    	 1.02020168304443
6618.904    	 1.01962292194366
6618.942    	 1.01720666885376
6618.979    	 1.01390039920807
6619.016    	 1.01033008098602
6619.054    	 1.00781548023224
6619.091    	 1.00601196289063
6619.128    	 1.00416493415833
6619.166    	 1.00243365764618
6619.203    	 1.00120532512665
6619.240    	 1.00099146366119
6619.278    	 1.0030083656311
6619.315    	 1.00681757926941
6619.352    	 1.01083981990814
6619.390    	 1.01444351673126
6619.427    	 1.01589703559875
6619.464    	 1.01546192169189
6619.502    	 1.01472234725952
6619.539    	 1.01373088359833
6619.576    	 1.01279294490814
6619.614    	 1.01184570789337
6619.651    	 1.01067280769348
6619.688    	 1.00946438312531
6619.725    	 1.00896596908569
6619.763    	 1.00940370559692
6619.800    	 1.01083993911743
6619.837    	 1.01325047016144
6619.875    	 1.01549971103668
6619.912    	 1.01722145080566
6619.949    	 1.01737797260284
6619.987    	 1.01572668552399
6620.024    	 1.01360738277435
6620.061    	 1.01093852519989
6620.099    	 1.00816917419434
6620.136    	 1.00539863109589
6620.173    	 1.00319254398346
6620.211    	 1.00172650814056
6620.248    	 1.00055158138275
6620.285    	 .999780714511871
6620.323    	 .999220371246338
6620.360    	 .999072074890137
6620.397    	 .999690473079681
6620.435    	 1.00144946575165
6620.472    	 1.00386774539948
6620.509    	 1.00715506076813
6620.547    	 1.01017963886261
6620.584    	 1.01277017593384
6620.621    	 1.01498651504517
6620.658    	 1.01663970947266
6620.696    	 1.01822447776794
6620.733    	 1.01968252658844
6620.770    	 1.02097797393799
6620.808    	 1.0219132900238
6620.845    	 1.02203905582428
6620.882    	 1.02078247070313
6620.920    	 1.01900005340576
6620.957    	 1.0163756608963
6620.994    	 1.01416230201721
6621.032    	 1.01268696784973
6621.069    	 1.01145470142365
6621.106    	 1.01062285900116
6621.144    	 1.00937628746033
6621.181    	 1.00736331939697
6621.218    	 1.00539886951447
6621.256    	 1.00356674194336
6621.293    	 1.00236594676971
6621.330    	 1.00239264965057
6621.368    	 1.00200760364532
6621.405    	 1.00080215930939
6621.442    	 1.00012838840485
6621.480    	 1.00056421756744
6621.517    	 1.00057017803192
6621.554    	 .999625504016876
6621.591    	 .997586131095886
6621.629    	 .993084609508514
6621.666    	 .98945027589798
6621.703    	 .987826645374298
6621.741    	 .987544178962708
6621.778    	 .990389764308929
6621.815    	 .992842197418213
6621.853    	 .99426680803299
6621.890    	 .995310604572296
6621.927    	 .995523869991302
6621.965    	 .996787846088409
6622.002    	 1.00063538551331
6622.039    	 1.00459051132202
6622.077    	 1.00844967365265
6622.114    	 1.01103711128235
6622.151    	 1.01057755947113
6622.189    	 1.00952434539795
6622.226    	 1.00767266750336
6622.263    	 1.00631034374237
6622.301    	 1.0063419342041
6622.338    	 1.00685906410217
6622.375    	 1.00816869735718
6622.413    	 1.00931441783905
6622.450    	 1.00979351997375
6622.487    	 1.00970232486725
6622.524    	 1.00843453407288
6622.562    	 1.00693821907043
6622.599    	 1.00535333156586
6622.636    	 1.0038822889328
6622.674    	 1.00273990631104
6622.711    	 1.00221598148346
6622.748    	 1.00310707092285
6622.786    	 1.00426208972931
6622.823    	 1.00531899929047
6622.860    	 1.0056004524231
6622.898    	 1.00392723083496
6622.935    	 1.00160074234009
6622.972    	 .998829543590546
6623.010    	 .996920108795166
6623.047    	 .997597396373749
6623.084    	 .999745309352875
6623.122    	 1.00386536121368
6623.159    	 1.00772297382355
6623.196    	 1.00928258895874
6623.234    	 1.00951814651489
6623.271    	 1.00814604759216
6623.308    	 1.00697493553162
6623.346    	 1.00783741474152
6623.383    	 1.00957822799683
6623.420    	 1.01174938678741
6623.457    	 1.01322758197784
6623.495    	 1.01231920719147
6623.532    	 1.01052117347717
6623.569    	 1.00886344909668
6623.607    	 1.00729870796204
6623.644    	 1.00583410263062
6623.681    	 1.00461578369141
6623.719    	 1.00398218631744
6623.756    	 1.00386011600494
6623.793    	 1.00445699691772
6623.831    	 1.00542366504669
6623.868    	 1.00647723674774
6623.905    	 1.00737583637238
6623.943    	 1.00768399238586
6623.980    	 1.00781655311584
6624.017    	 1.00833821296692
6624.055    	 1.0088996887207
6624.092    	 1.00894486904144
6624.129    	 1.00886833667755
6624.167    	 1.00930738449097
6624.204    	 1.01009333133698
6624.241    	 1.01102817058563
6624.279    	 1.01211369037628
6624.316    	 1.01339292526245
6624.353    	 1.01476955413818
6624.390    	 1.01606893539429
6624.428    	 1.01721239089966
6624.465    	 1.01801025867462
6624.502    	 1.01826822757721
6624.540    	 1.01750719547272
6624.577    	 1.01578557491302
6624.614    	 1.01322042942047
6624.652    	 1.01003074645996
6624.689    	 1.00678718090057
6624.726    	 1.00382089614868
6624.764    	 1.00195837020874
6624.801    	 1.00158393383026
6624.838    	 1.00345957279205
6624.876    	 1.00697410106659
6624.913    	 1.009929895401
6624.950    	 1.01192557811737
6624.988    	 1.01209044456482
6625.025    	 1.0107456445694
6625.062    	 1.00957500934601
6625.100    	 1.00878357887268
6625.137    	 1.00885367393494
6625.174    	 1.00954020023346
6625.212    	 1.00959396362305
6625.249    	 1.00916743278503
6625.286    	 1.00917613506317
6625.323    	 1.00985455513
6625.361    	 1.01154983043671
6625.398    	 1.01422476768494
6625.435    	 1.01678597927094
6625.473    	 1.0190281867981
6625.510    	 1.02040827274323
6625.547    	 1.02082574367523
6625.585    	 1.0209926366806
6625.622    	 1.0209367275238
6625.659    	 1.02109622955322
6625.697    	 1.02140045166016
6625.734    	 1.02127051353455
6625.771    	 1.02044773101807
6625.809    	 1.01870214939117
6625.846    	 1.01599502563477
6625.883    	 1.01389229297638
6625.921    	 1.01259064674377
6625.958    	 1.01163792610168
6625.995    	 1.01105904579163
6626.033    	 1.0101683139801
6626.070    	 1.00882017612457
6626.107    	 1.00715613365173
6626.145    	 1.00510740280151
6626.182    	 1.00322556495667
6626.219    	 1.00174605846405
6626.256    	 1.00128984451294
6626.294    	 1.00241231918335
6626.331    	 1.00449991226196
6626.368    	 1.00778210163116
6626.406    	 1.00994086265564
6626.443    	 1.01036047935486
6626.480    	 1.01013898849487
6626.518    	 1.00903141498566
6626.555    	 1.00845038890839
6626.592    	 1.00868475437164
6626.630    	 1.00895166397095
6626.667    	 1.00929188728333
6626.704    	 1.00980389118195
6626.742    	 1.01058447360992
6626.779    	 1.01128494739532
6626.816    	 1.0117769241333
6626.854    	 1.0116058588028
6626.891    	 1.01026904582977
6626.928    	 1.00861382484436
6626.966    	 1.00641977787018
6627.003    	 1.00442457199097
6627.040    	 1.00291872024536
6627.078    	 1.00291073322296
6627.115    	 1.00567388534546
6627.152    	 1.00855624675751
6627.190    	 1.01156914234161
6627.227    	 1.01323461532593
6627.264    	 1.01225817203522
6627.301    	 1.01082050800323
6627.339    	 1.00844955444336
6627.376    	 1.00578033924103
6627.413    	 1.0025235414505
6627.451    	 .999771296977997
6627.488    	 .998112142086029
6627.525    	 .997631430625916
6627.563    	 .999685943126678
6627.600    	 1.00205254554749
6627.637    	 1.00510704517365
6627.675    	 1.008225440979
6627.712    	 1.01148879528046
6627.749    	 1.01450729370117
6627.787    	 1.01696026325226
6627.824    	 1.01780045032501
6627.861    	 1.01488399505615
6627.899    	 1.01113390922546
6627.936    	 1.00551688671112
6627.973    	 1.00071835517883
6628.011    	 .997933864593506
6628.048    	 .995648682117462
6628.085    	 .994392216205597
6628.123    	 .993413269519806
6628.160    	 .992988467216492
6628.197    	 .993306517601013
6628.234    	 .995326578617096
6628.272    	 .997639775276184
6628.309    	 1.00039005279541
6628.346    	 1.00309872627258
6628.384    	 1.00562679767609
6628.421    	 1.00800478458405
6628.458    	 1.01005840301514
6628.496    	 1.0114973783493
6628.533    	 1.01151788234711
6628.570    	 1.01073050498962
6628.608    	 1.00835204124451
6628.645    	 1.00614953041077
6628.682    	 1.00486505031586
6628.720    	 1.00431072711945
6628.757    	 1.00525712966919
6628.794    	 1.00584757328033
6628.832    	 1.0049991607666
6628.869    	 1.00319004058838
6628.906    	 .999549925327301
6628.944    	 .995862543582916
6628.981    	 .992850065231323
6629.018    	 .990884065628052
6629.056    	 .991254508495331
6629.093    	 .992404222488403
6629.130    	 .994366109371185
6629.167    	 .996530473232269
6629.205    	 .998777508735657
6629.242    	 1.00063931941986
6629.279    	 1.00145971775055
6629.317    	 1.00195026397705
6629.354    	 1.00222170352936
6629.391    	 1.00234019756317
6629.429    	 1.00220119953156
6629.466    	 1.00173819065094
6629.503    	 1.00059998035431
6629.541    	 .998931050300598
6629.578    	 .996348440647125
6629.615    	 .993970990180969
6629.653    	 .992842853069305
6629.690    	 .992900907993317
6629.727    	 .995130896568298
6629.765    	 .998097062110901
6629.802    	 1.00120103359222
6629.839    	 1.00359666347504
6629.877    	 1.0039404630661
6629.914    	 1.00313103199005
6629.951    	 1.00109124183655
6629.989    	 .998957693576813
6630.026    	 .997779846191406
6630.063    	 .997162580490112
6630.100    	 .997117340564728
6630.138    	 .996796846389771
6630.175    	 .995085716247559
6630.212    	 .993211209774017
6630.250    	 .992446959018707
6630.287    	 .992389798164368
6630.324    	 .9930340051651
6630.362    	 .993848204612732
6630.399    	 .994285762310028
6630.436    	 .994973361492157
6630.474    	 .996868669986725
6630.511    	 .999366879463196
6630.548    	 1.00200521945953
6630.586    	 1.00417017936707
6630.623    	 1.00474774837494
6630.660    	 1.00380980968475
6630.698    	 1.00068366527557
6630.735    	 .996954381465912
6630.772    	 .994729340076447
6630.810    	 .993958234786987
6630.847    	 .995209634304047
6630.884    	 .997302412986755
6630.922    	 .998650670051575
6630.959    	 .99980217218399
6630.996    	 1.00161397457123
6631.033    	 1.00382518768311
6631.071    	 1.00611102581024
6631.108    	 1.00760042667389
6631.145    	 1.00645923614502
6631.183    	 1.00355112552643
6631.220    	 1.00005960464478
6631.257    	 .996634185314178
6631.295    	 .994572043418884
6631.332    	 .993452250957489
6631.369    	 .992580652236938
6631.407    	 .991861939430237
6631.444    	 .991114616394043
6631.481    	 .990556359291077
6631.519    	 .990684032440186
6631.556    	 .991701722145081
6631.593    	 .994116067886353
6631.631    	 .997407138347626
6631.668    	 1.00034213066101
6631.705    	 1.00283372402191
6631.743    	 1.00468933582306
6631.780    	 1.00564742088318
6631.817    	 1.00513339042664
6631.855    	 1.00315237045288
6631.892    	 .999941349029541
6631.929    	 .995759129524231
6631.966    	 .991513192653656
6632.004    	 .987486839294434
6632.041    	 .984425485134125
6632.078    	 .982729732990265
6632.116    	 .983138799667358
6632.153    	 .985643982887268
6632.190    	 .989423036575317
6632.228    	 .994088411331177
6632.265    	 .998027265071869
6632.302    	 1.00124335289001
6632.340    	 1.00411343574524
6632.377    	 1.00644719600677
6632.414    	 1.0079071521759
6632.452    	 1.00837707519531
6632.489    	 1.00808441638947
6632.526    	 1.00722110271454
6632.564    	 1.00689196586609
6632.601    	 1.00695705413818
6632.638    	 1.00657880306244
6632.676    	 1.00572443008423
6632.713    	 1.004678606987
6632.750    	 1.00348222255707
6632.788    	 1.0024436712265
6632.825    	 1.00136017799377
6632.862    	 .999425947666168
6632.899    	 .996676445007324
6632.937    	 .994179785251617
6632.974    	 .992085635662079
6633.011    	 .990582287311554
6633.049    	 .98997688293457
6633.086    	 .990535497665405
6633.123    	 .992605149745941
6633.161    	 .99574488401413
6633.198    	 .999881148338318
6633.235    	 1.00312781333923
6633.273    	 1.00506544113159
6633.310    	 1.00561940670013
6633.347    	 1.00450026988983
6633.385    	 1.00304639339447
6633.422    	 1.00135564804077
6633.459    	 1.00042700767517
6633.497    	 1.00036430358887
6633.534    	 1.00005197525024
6633.571    	 .999477922916412
6633.609    	 .999126315116882
6633.646    	 .999147057533264
6633.683    	 .999653160572052
6633.721    	 1.00078558921814
6633.758    	 1.00196373462677
6633.795    	 1.00319457054138
6633.832    	 1.00438821315765
6633.870    	 1.00537574291229
6633.907    	 1.00549602508545
6633.944    	 1.00450885295868
6633.982    	 1.00385093688965
6634.019    	 1.00373768806458
6634.056    	 1.00417244434357
6634.094    	 1.00537133216858
6634.131    	 1.0065746307373
6634.168    	 1.00772547721863
6634.206    	 1.00851321220398
6634.243    	 1.00870537757874
6634.280    	 1.00844347476959
6634.318    	 1.0074018239975
6634.355    	 1.00562620162964
6634.392    	 1.00276672840118
6634.430    	 .999994933605194
6634.467    	 .99761950969696
6634.504    	 .997078239917755
6634.542    	 .999361217021942
6634.579    	 1.00155758857727
6634.616    	 1.0034636259079
6634.654    	 1.00421571731567
6634.691    	 1.00302970409393
6634.728    	 1.00112867355347
6634.765    	 .998123288154602
6634.803    	 .995596647262573
6634.840    	 .993973672389984
6634.877    	 .993292808532715
6634.915    	 .994241774082184
6634.952    	 .995586574077606
6634.989    	 .997556567192078
6635.027    	 .999043822288513
6635.064    	 .999586999416351
6635.101    	 .999109625816345
6635.139    	 .996914684772491
6635.176    	 .995611488819122
6635.213    	 .995968043804169
6635.251    	 .996949672698975
6635.288    	 .998966455459595
6635.325    	 .99974399805069
6635.363    	 .998177349567413
6635.400    	 .9960657954216
6635.437    	 .99297833442688
6635.475    	 .990594625473022
6635.512    	 .989595830440521
6635.549    	 .989128768444061
6635.587    	 .989693343639374
6635.624    	 .990196526050568
6635.661    	 .990574479103088
6635.698    	 .99088579416275
6635.736    	 .99107837677002
6635.773    	 .991568803787231
6635.810    	 .992671251296997
6635.848    	 .993855953216553
6635.885    	 .995204567909241
6635.922    	 .996367812156677
6635.960    	 .997120440006256
6635.997    	 .99726414680481
6636.034    	 .996111690998077
6636.072    	 .995221078395844
6636.109    	 .994907200336456
6636.146    	 .994981229305267
6636.184    	 .995918095111847
6636.221    	 .99731969833374
6636.258    	 .999758541584015
6636.296    	 1.00164198875427
6636.333    	 1.00226140022278
6636.370    	 1.00261080265045
6636.408    	 1.00233626365662
6636.445    	 1.00230097770691
6636.482    	 1.00282192230225
6636.520    	 1.00273060798645
6636.557    	 1.00120544433594
6636.594    	 .999818623065948
6636.632    	 .998793601989746
6636.669    	 .9980748295784
6636.706    	 .998058676719666
6636.743    	 .998109817504883
6636.781    	 .998278319835663
6636.818    	 .998580574989319
6636.855    	 .999189674854279
6636.893    	 .999703943729401
6636.930    	 .999966502189636
6636.967    	 1.00046670436859
6637.005    	 1.00155711174011
6637.042    	 1.00279819965363
6637.079    	 1.00432574748993
6637.117    	 1.00533497333527
6637.154    	 1.00506794452667
6637.191    	 1.00395035743713
6637.229    	 1.00099384784698
6637.266    	 .998163044452667
6637.303    	 .995948076248169
6637.341    	 .995075464248657
6637.378    	 .997318685054779
6637.415    	 .999603152275085
6637.453    	 1.00135099887848
6637.490    	 1.00218307971954
6637.527    	 1.00091624259949
6637.565    	 .999495148658752
6637.602    	 .998198568820953
6637.639    	 .99710887670517
6637.676    	 .996491253376007
6637.714    	 .996010363101959
6637.751    	 .995735108852386
6637.788    	 .996240556240082
6637.826    	 .998600423336029
6637.863    	 1.00141513347626
6637.900    	 1.00477910041809
6637.938    	 1.00700902938843
6637.975    	 1.00626313686371
6638.012    	 1.00411140918732
6638.050    	 .999499440193176
6638.087    	 .995708048343658
6638.124    	 .994839131832123
6638.162    	 .995472431182861
6638.199    	 .998741149902344
6638.236    	 1.00232458114624
6638.274    	 1.005650639534
6638.311    	 1.00843286514282
6638.348    	 1.00996029376984
6638.386    	 1.01093685626984
6638.423    	 1.01107120513916
6638.460    	 1.01067805290222
6638.498    	 1.00933444499969
6638.535    	 1.00750041007996
6638.572    	 1.00487232208252
6638.609    	 1.00262832641602
6638.647    	 1.00174641609192
6638.684    	 1.00153660774231
6638.721    	 1.00234615802765
6638.759    	 1.00311529636383
6638.796    	 1.00324416160583
6638.833    	 1.00295650959015
6638.871    	 1.00195014476776
6638.908    	 1.00104117393494
6638.945    	 1.00078785419464
6638.983    	 1.00087070465088
6639.020    	 1.00143814086914
6639.057    	 1.00182723999023
6639.095    	 1.00146353244781
6639.132    	 1.00104629993439
6639.169    	 1.0009593963623
6639.207    	 1.00160539150238
6639.244    	 1.00394821166992
6639.281    	 1.00653159618378
6639.319    	 1.00862038135529
6639.356    	 1.01017189025879
6639.393    	 1.01065254211426
6639.431    	 1.01053357124329
6639.468    	 1.00958943367004
6639.505    	 1.00783348083496
6639.542    	 1.00453054904938
6639.580    	 1.00108623504639
6639.617    	 .998415410518646
6639.654    	 .997154831886292
6639.692    	 .999049365520477
6639.729    	 1.00192189216614
6639.766    	 1.00492930412292
6639.804    	 1.0073002576828
6639.841    	 1.00786149501801
6639.878    	 1.00771713256836
6639.916    	 1.00717270374298
6639.953    	 1.00645208358765
6639.990    	 1.00559520721436
6640.028    	 1.00440692901611
6640.065    	 1.00244188308716
6640.102    	 1.00024700164795
6640.140    	 .99811851978302
6640.177    	 .996602475643158
6640.214    	 .99669086933136
6640.252    	 .997763335704803
6640.289    	 1.0000284910202
6640.326    	 1.0025200843811
6640.364    	 1.00449681282043
6640.401    	 1.00616455078125
6640.438    	 1.00748455524445
6640.475    	 1.00845611095428
6640.513    	 1.00881397724152
6640.550    	 1.00899136066437
6640.587    	 1.00929367542267
6640.625    	 1.00971531867981
6640.662    	 1.01033854484558
6640.699    	 1.0107239484787
6640.737    	 1.01023328304291
6640.774    	 1.00919699668884
6640.811    	 1.00758469104767
6640.849    	 1.00550019741058
6640.886    	 1.00272846221924
6640.923    	 1.00009191036224
6640.961    	 .998609960079193
6640.998    	 .998067259788513
6641.035    	 .998848259449005
6641.073    	 1.00009143352509
6641.110    	 1.00109159946442
6641.147    	 1.00201487541199
6641.185    	 1.00301039218903
6641.222    	 1.00396966934204
6641.259    	 1.00473833084106
6641.297    	 1.00506675243378
6641.334    	 1.00437080860138
6641.371    	 1.00310575962067
6641.408    	 1.00150012969971
6641.446    	 1.00044429302216
6641.483    	 1.00141167640686
6641.520    	 1.00338447093964
6641.558    	 1.0056164264679
6641.595    	 1.00741446018219
6641.632    	 1.00760793685913
6641.670    	 1.00720608234406
6641.707    	 1.00724601745605
6641.744    	 1.00760459899902
6641.782    	 1.00828552246094
6641.819    	 1.00865125656128
6641.856    	 1.00764060020447
6641.894    	 1.00579011440277
6641.931    	 1.00343215465546
6641.968    	 1.00149440765381
6642.006    	 1.00153315067291
6642.043    	 1.00271391868591
6642.080    	 1.00436544418335
6642.118    	 1.00607788562775
6642.155    	 1.00726616382599
6642.192    	 1.00821018218994
6642.230    	 1.00922346115112
6642.267    	 1.01024532318115
6642.304    	 1.01118624210358
6642.341    	 1.01140332221985
6642.379    	 1.00957250595093
6642.416    	 1.0064377784729
6642.453    	 1.00263381004333
6642.491    	 .999230563640594
6642.528    	 .998120784759521
6642.565    	 .998778641223907
6642.603    	 1.00103807449341
6642.640    	 1.0036256313324
6642.677    	 1.00454580783844
6642.715    	 1.00413465499878
6642.752    	 1.00247120857239
6642.789    	 1.00058460235596
6642.827    	 1.00015902519226
6642.864    	 1.00066113471985
6642.901    	 1.00147819519043
6642.939    	 1.00199890136719
6642.976    	 1.00104951858521
6643.013    	 .999323964118958
6643.051    	 .997819542884827
6643.088    	 .9967400431633
6643.125    	 .996580839157104
6643.163    	 .99715667963028
6643.200    	 .998336315155029
6643.237    	 .999523162841797
6643.274    	 .999610543251038
6643.312    	 .99882036447525
6643.349    	 .997345626354218
6643.386    	 .995716094970703
6643.424    	 .994904637336731
6643.461    	 .994725406169891
6643.498    	 .994964182376862
6643.536    	 .995314538478851
6643.573    	 .995201408863068
6643.610    	 .994845390319824
6643.648    	 .99463427066803
6643.685    	 .994791030883789
6643.722    	 .995831310749054
6643.760    	 .997320413589478
6643.797    	 .998454809188843
6643.834    	 .999180376529694
6643.872    	 .999321103096008
6643.909    	 .999286830425262
6643.946    	 .99990314245224
6643.984    	 1.00122022628784
6644.021    	 1.00343608856201
6644.058    	 1.0059357881546
6644.096    	 1.00744676589966
6644.133    	 1.00729084014893
6644.170    	 1.00383675098419
6644.207    	 .998337507247925
6644.245    	 .993328750133514
6644.282    	 .989593803882599
6644.319    	 .988951921463013
6644.357    	 .990695178508759
6644.394    	 .993403911590576
6644.431    	 .996519505977631
6644.469    	 .998809337615967
6644.506    	 1.00039291381836
6644.543    	 1.00151455402374
6644.581    	 1.0025954246521
6644.618    	 1.00459921360016
6644.655    	 1.00706708431244
6644.693    	 1.00894129276276
6644.730    	 1.00973665714264
6644.767    	 1.00832152366638
6644.805    	 1.00514531135559
6644.842    	 1.00129747390747
6644.879    	 .997274518013
6644.917    	 .994264125823975
6644.954    	 .992425858974457
6644.991    	 .992093980312347
6645.029    	 .993061721324921
6645.066    	 .994754195213318
6645.103    	 .996851921081543
6645.140    	 .9985431432724
6645.178    	 .999725997447968
6645.215    	 1.00018990039825
6645.252    	 1.00036478042603
6645.290    	 1.00135111808777
6645.327    	 1.00305044651031
6645.364    	 1.00513744354248
6645.402    	 1.00744605064392
6645.439    	 1.00952744483948
6645.476    	 1.01097476482391
6645.514    	 1.01082956790924
6645.551    	 1.00911319255829
6645.588    	 1.00610899925232
6645.626    	 1.00234198570251
6645.663    	 .999300420284271
6645.700    	 .997480034828186
6645.738    	 .997976422309875
6645.775    	 1.00036382675171
6645.812    	 1.00317108631134
6645.850    	 1.00574123859406
6645.887    	 1.0063658952713
6645.924    	 1.00530219078064
6645.962    	 1.00358748435974
6645.999    	 1.00173282623291
6646.036    	 1.00115382671356
6646.073    	 1.00148785114288
6646.111    	 1.00153505802155
6646.148    	 1.00110220909119
6646.185    	 .999772310256958
6646.223    	 .997745454311371
6646.260    	 .995751202106476
6646.297    	 .994188606739044
6646.335    	 .994058132171631
6646.372    	 .994983196258545
6646.409    	 .995616972446442
6646.447    	 .996017396450043
6646.484    	 .996415257453918
6646.521    	 .99708104133606
6646.559    	 .998706102371216
6646.596    	 1.00103259086609
6646.633    	 1.00310719013214
6646.671    	 1.00463569164276
6646.708    	 1.00494205951691
6646.745    	 1.00423634052277
6646.783    	 1.00345718860626
6646.820    	 1.0025030374527
6646.857    	 1.00113546848297
6646.895    	 .999417781829834
6646.932    	 .997657179832459
6646.969    	 .996123373508453
6647.007    	 .995532274246216
6647.044    	 .996043145656586
6647.081    	 .997726261615753
6647.118    	 1.00023245811462
6647.156    	 1.00221073627472
6647.193    	 1.0036633014679
6647.230    	 1.00479769706726
6647.268    	 1.00556790828705
6647.305    	 1.00597751140594
6647.342    	 1.00614166259766
6647.380    	 1.00650787353516
6647.417    	 1.00691783428192
6647.454    	 1.00687086582184
6647.492    	 1.00654852390289
6647.529    	 1.00662064552307
6647.566    	 1.00708794593811
6647.604    	 1.00778448581696
6647.641    	 1.00833666324615
6647.678    	 1.00765430927277
6647.716    	 1.0059289932251
6647.753    	 1.00421464443207
6647.790    	 1.00264084339142
6647.828    	 1.00154793262482
6647.865    	 1.00102663040161
6647.902    	 1.00109994411469
6647.940    	 1.00156807899475
6647.977    	 1.00162208080292
6648.014    	 1.00123834609985
6648.051    	 1.00054800510406
6648.089    	 .999552309513092
6648.126    	 .998399794101715
6648.163    	 .997321426868439
6648.201    	 .997014224529266
6648.238    	 .997334897518158
6648.275    	 .997521281242371
6648.313    	 .997490763664246
6648.350    	 .997086584568024
6648.387    	 .996490597724915
6648.425    	 .996380269527435
6648.462    	 .996764481067657
6648.499    	 .997422754764557
6648.537    	 .998437166213989
6648.574    	 .999890744686127
6648.611    	 1.00157177448273
6648.649    	 1.00267946720123
6648.686    	 1.00312805175781
6648.723    	 1.00298047065735
6648.761    	 1.00241804122925
6648.798    	 1.0022451877594
6648.835    	 1.00287783145905
6648.873    	 1.00524270534515
6648.910    	 1.00896573066711
6648.947    	 1.01211094856262
6648.984    	 1.01415967941284
6649.022    	 1.01400566101074
6649.059    	 1.0118682384491
6649.096    	 1.00952661037445
6649.134    	 1.00720477104187
6649.171    	 1.00562453269958
6649.208    	 1.00482678413391
6649.246    	 1.00452220439911
6649.283    	 1.00455629825592
6649.320    	 1.00423872470856
6649.358    	 1.00360071659088
6649.395    	 1.0029194355011
6649.432    	 1.00224769115448
6649.470    	 1.00175368785858
6649.507    	 1.00141859054565
6649.544    	 1.00109338760376
6649.582    	 1.00090444087982
6649.619    	 1.00119173526764
6649.656    	 1.00188326835632
6649.694    	 1.00252044200897
6649.731    	 1.00303089618683
6649.768    	 1.00324773788452
6649.806    	 1.00303566455841
6649.843    	 1.00218629837036
6649.880    	 1.00087893009186
6649.917    	 .999954998493195
6649.955    	 .99956738948822
6649.992    	 .999923884868622
6650.029    	 1.00099229812622
6650.067    	 1.00227558612823
6650.104    	 1.00364077091217
6650.141    	 1.00460588932037
6650.179    	 1.0050755739212
6650.216    	 1.00500750541687
6650.253    	 1.00447559356689
6650.291    	 1.00397527217865
6650.328    	 1.00324189662933
6650.365    	 1.0015355348587
6650.403    	 .999197423458099
6650.440    	 .997687816619873
6650.477    	 .997361361980438
6650.515    	 .998737692832947
6650.552    	 1.00151300430298
6650.589    	 1.00394284725189
6650.627    	 1.00566232204437
6650.664    	 1.00586247444153
6650.701    	 1.00469100475311
6650.739    	 1.00335764884949
6650.776    	 1.00223278999329
6650.813    	 1.00240898132324
6650.850    	 1.00355339050293
6650.888    	 1.00407958030701
6650.925    	 1.003582239151
6650.962    	 1.0012845993042
6651.000    	 .99765682220459
6651.037    	 .994903206825256
6651.074    	 .993368804454803
6651.112    	 .993539154529572
6651.149    	 .995512902736664
6651.186    	 .998690724372864
6651.224    	 1.0027801990509
6651.261    	 1.00638675689697
6651.298    	 1.00902771949768
6651.336    	 1.0096435546875
6651.373    	 1.00826108455658
6651.410    	 1.00594925880432
6651.448    	 1.00305187702179
6651.485    	 1.00094258785248
6651.522    	 .999831974506378
6651.560    	 .999904572963715
6651.597    	 1.00099229812622
6651.634    	 1.00208282470703
6651.672    	 1.00310170650482
6651.709    	 1.00384795665741
6651.746    	 1.00421726703644
6651.783    	 1.00405704975128
6651.821    	 1.00346422195435
6651.858    	 1.00293743610382
6651.895    	 1.00204253196716
6651.933    	 .999597549438477
6651.970    	 .995839357376099
6652.007    	 .992077529430389
6652.045    	 .988880753517151
6652.082    	 .987753808498383
6652.119    	 .988874316215515
6652.157    	 .991831123828888
6652.194    	 .996095657348633
6652.231    	 .999511897563934
6652.269    	 1.00177240371704
6652.306    	 1.00241672992706
6652.343    	 1.00165438652039
6652.381    	 1.00067985057831
6652.418    	 .999591052532196
6652.455    	 .998726189136505
6652.493    	 .99795663356781
6652.530    	 .996862351894379
6652.567    	 .995805442333221
6652.605    	 .995847463607788
6652.642    	 .997222781181335
6652.679    	 1.00013756752014
6652.716    	 1.00384032726288
6652.754    	 1.00584447383881
6652.791    	 1.00586712360382
6652.828    	 1.00376677513123
6652.866    	 1.00015842914581
6652.903    	 .997332453727722
6652.940    	 .995499908924103
6652.978    	 .994945645332336
6653.015    	 .995476722717285
6653.052    	 .996197283267975
6653.090    	 .997128009796143
6653.127    	 .998263478279114
6653.164    	 .999420940876007
6653.202    	 1.00007665157318
6653.239    	 1.00022530555725
6653.276    	 .999996662139893
6653.314    	 .999564647674561
6653.351    	 .99947053194046
6653.388    	 .999807178974152
6653.426    	 1.00071918964386
6653.463    	 1.00186491012573
6653.500    	 1.00224602222443
6653.538    	 1.00169277191162
6653.575    	 .999966025352478
6653.612    	 .997350215911865
6653.649    	 .994819819927216
6653.687    	 .992640852928162
6653.724    	 .99145370721817
6653.761    	 .991422533988953
6653.799    	 .992748320102692
6653.836    	 .995154619216919
6653.873    	 .997699022293091
6653.911    	 1.00015592575073
6653.948    	 1.00194871425629
6653.985    	 1.00314378738403
6654.023    	 1.0040158033371
6654.060    	 1.00453567504883
6654.097    	 1.00468325614929
6654.135    	 1.00459110736847
6654.172    	 1.00463449954987
6654.209    	 1.00443112850189
6654.247    	 1.00304198265076
6654.284    	 1.00064790248871
6654.321    	 .997827351093292
6654.359    	 .994839668273926
6654.396    	 .992351353168488
6654.433    	 .990358531475067
6654.471    	 .988803446292877
6654.508    	 .98808890581131
6654.545    	 .98913311958313
6654.582    	 .991784632205963
6654.620    	 .995561182498932
6654.657    	 .999516904354095
6654.694    	 1.00136280059814
6654.732    	 1.00115859508514
6654.769    	 .999139606952667
6654.806    	 .996184229850769
6654.844    	 .99439936876297
6654.881    	 .993709087371826
6654.918    	 .993914842605591
6654.956    	 .99435031414032
6654.993    	 .993469536304474
6655.030    	 .991544365882874
6655.068    	 .989190995693207
6655.105    	 .987159132957459
6655.142    	 .987158477306366
6655.180    	 .988388538360596
6655.217    	 .989091694355011
6655.254    	 .989109933376312
6655.292    	 .98805958032608
6655.329    	 .986651062965393
6655.366    	 .98642635345459
6655.404    	 .987388014793396
6655.441    	 .989629805088043
6655.478    	 .992658257484436
6655.515    	 .995479643344879
6655.553    	 .998246014118195
6655.590    	 1.00127553939819
6655.627    	 1.00416970252991
6655.665    	 1.00607347488403
6655.702    	 1.00671100616455
6655.739    	 1.00534522533417
6655.777    	 1.0024436712265
6655.814    	 .998750805854797
6655.851    	 .994807302951813
6655.889    	 .991673350334167
6655.926    	 .989619672298431
6655.963    	 .989372491836548
6656.001    	 .990701735019684
6656.038    	 .993437945842743
6656.075    	 .996906280517578
6656.113    	 .999926209449768
6656.150    	 1.00221514701843
6656.187    	 1.00307190418243
6656.225    	 1.00301349163055
6656.262    	 1.00282526016235
6656.299    	 1.00283741950989
6656.337    	 1.00372159481049
6656.374    	 1.00487327575684
6656.411    	 1.00523042678833
6656.448    	 1.00474488735199
6656.486    	 1.00310516357422
6656.523    	 1.00119280815125
6656.560    	 1.00053477287292
6656.598    	 1.00081741809845
6656.635    	 1.00175309181213
6656.672    	 1.00254344940186
6656.710    	 1.00173103809357
6656.747    	 .999404788017273
6656.784    	 .99523663520813
6656.822    	 .990432441234589
6656.859    	 .986855983734131
6656.896    	 .984950006008148
6656.934    	 .98604416847229
6656.971    	 .989111244678497
6657.008    	 .993141829967499
6657.046    	 .997379183769226
6657.083    	 1.00065219402313
6657.120    	 1.00286173820496
6657.158    	 1.00343561172485
6657.195    	 1.00298821926117
6657.232    	 1.00209534168243
6657.270    	 1.00138652324677
6657.307    	 1.00193154811859
6657.344    	 1.00311315059662
6657.382    	 1.00424385070801
6657.419    	 1.00503695011139
6657.456    	 1.00490486621857
6657.493    	 1.0041401386261
6657.531    	 1.00289630889893
6657.568    	 1.00179839134216
6657.605    	 1.00184226036072
6657.643    	 1.00236642360687
6657.680    	 1.00263524055481
6657.717    	 1.00277709960938
6657.755    	 1.00291311740875
6657.792    	 1.00301444530487
6657.829    	 1.00302267074585
6657.867    	 1.00295281410217
6657.904    	 1.00278532505035
6657.941    	 1.00231826305389
6657.979    	 1.0011157989502
6658.016    	 .999718904495239
6658.053    	 .998748362064362
6658.091    	 .997966527938843
6658.128    	 .997164487838745
6658.165    	 .996281087398529
6658.203    	 .995190143585205
6658.240    	 .994111955165863
6658.277    	 .993334650993347
6658.315    	 .992624878883362
6658.352    	 .991730451583862
6658.389    	 .99098140001297
6658.426    	 .990872502326965
6658.464    	 .991463899612427
6658.501    	 .993265450000763
6658.538    	 .995312333106995
6658.576    	 .996617257595062
6658.613    	 .996903359889984
6658.650    	 .995186328887939
6658.688    	 .992602348327637
6658.725    	 .989872932434082
6658.762    	 .987516462802887
6658.800    	 .986364543437958
6658.837    	 .985937237739563
6658.874    	 .986206531524658
6658.912    	 .986587107181549
6658.949    	 .986527502536774
6658.986    	 .986248314380646
6659.024    	 .985825300216675
6659.061    	 .985915958881378
6659.098    	 .987570583820343
6659.136    	 .989834308624268
6659.173    	 .992192625999451
6659.210    	 .994197130203247
6659.248    	 .995139837265015
6659.285    	 .996126413345337
6659.322    	 .998259544372559
6659.359    	 1.0007688999176
6659.397    	 1.00321865081787
6659.434    	 1.00518417358398
6659.471    	 1.00589275360107
6659.509    	 1.0059586763382
6659.546    	 1.00542306900024
6659.583    	 1.00467276573181
6659.621    	 1.00387513637543
6659.658    	 1.00326251983643
6659.695    	 1.00318741798401
6659.733    	 1.00340831279755
6659.770    	 1.0039689540863
6659.807    	 1.00409460067749
6659.845    	 1.00278258323669
6659.882    	 1.0011066198349
6659.919    	 .999612748622894
6659.957    	 .998335361480713
6659.994    	 .997489333152771
6660.031    	 .996505379676819
6660.069    	 .994830429553986
6660.106    	 .993595898151398
6660.143    	 .994029939174652
6660.181    	 .995546817779541
6660.218    	 .998704016208649
6660.255    	 1.00201439857483
6660.292    	 1.00457978248596
6660.330    	 1.00633132457733
6660.367    	 1.00646889209747
6660.404    	 1.00580132007599
6660.442    	 1.00410747528076
6660.479    	 1.00225520133972
6660.516    	 1.00064873695374
6660.554    	 .999390125274658
6660.591    	 .998875975608826
6660.628    	 .99871426820755
6660.666    	 .999011397361755
6660.703    	 .99904590845108
6660.740    	 .998140513896942
6660.778    	 .996798932552338
6660.815    	 .994871497154236
6660.852    	 .993110001087189
6660.890    	 .992089033126831
6660.927    	 .991145193576813
6660.964    	 .990008056163788
6661.002    	 .988824903964996
6661.039    	 .987623333930969
6661.076    	 .987576484680176
6661.114    	 .990451455116272
6661.151    	 .99381148815155
6661.188    	 .997021555900574
6661.225    	 .998913824558258
6661.263    	 .9975705742836
6661.300    	 .99580192565918
6661.337    	 .994368970394135
6661.375    	 .993954837322235
6661.412    	 .9959397315979
6661.449    	 .998104572296143
6661.487    	 .999765932559967
6661.524    	 1.00014686584473
6661.561    	 .997548580169678
6661.599    	 .994154989719391
6661.636    	 .989872813224792
6661.673    	 .986447393894196
6661.711    	 .985434591770172
6661.748    	 .985776245594025
6661.785    	 .988654255867004
6661.823    	 .991754233837128
6661.860    	 .994615137577057
6661.897    	 .996399343013763
6661.935    	 .995628654956818
6661.972    	 .994196951389313
6662.009    	 .991858601570129
6662.047    	 .990168273448944
6662.084    	 .990281343460083
6662.121    	 .991368472576141
6662.158    	 .994376242160797
6662.196    	 .997270107269287
6662.233    	 .999461472034454
6662.270    	 1.00093531608582
6662.308    	 1.00083148479462
6662.345    	 1.0001106262207
6662.382    	 .998212575912476
6662.420    	 .996515274047852
6662.457    	 .995501577854156
6662.494    	 .995045125484467
6662.532    	 .995807588100433
6662.569    	 .997135877609253
6662.606    	 .999635338783264
6662.644    	 1.00146353244781
6662.681    	 1.00155627727509
6662.718    	 1.00162529945374
6662.756    	 1.00182831287384
6662.793    	 1.00279474258423
6662.830    	 1.00554549694061
6662.868    	 1.00732731819153
6662.905    	 1.00669658184052
6662.942    	 1.00510358810425
6662.980    	 1.0014089345932
6663.017    	 .998537242412567
6663.054    	 .997683048248291
6663.091    	 .997539639472961
6663.129    	 .99898624420166
6663.166    	 1.00061905384064
6663.203    	 1.00265216827393
6663.241    	 1.00360095500946
6663.278    	 1.00205934047699
6663.315    	 .999720931053162
6663.353    	 .995595693588257
6663.390    	 .991937875747681
6663.427    	 .989351749420166
6663.465    	 .988179504871368
6663.502    	 .990089476108551
6663.539    	 .991764903068542
6663.577    	 .992918908596039
6663.614    	 .993617415428162
6663.651    	 .993365705013275
6663.689    	 .993455946445465
6663.726    	 .99427056312561
6663.763    	 .995309352874756
6663.801    	 .996810972690582
6663.838    	 .998348712921143
6663.875    	 .99993234872818
6663.913    	 1.00106537342072
6663.950    	 1.00130534172058
6663.987    	 1.00160086154938
6664.024    	 1.00199902057648
6664.062    	 1.00230479240417
6664.099    	 1.00242137908936
6664.136    	 1.00239193439484
6664.174    	 1.00204753875732
6664.211    	 1.00125372409821
6664.248    	 .999620497226715
6664.286    	 .997995138168335
6664.323    	 .996414244174957
6664.360    	 .995155394077301
6664.398    	 .994564831256866
6664.435    	 .994829535484314
6664.472    	 .996597468852997
6664.510    	 .998174428939819
6664.547    	 .999294996261597
6664.584    	 .999313712120056
6664.622    	 .997446835041046
6664.659    	 .995695888996124
6664.696    	 .994169473648071
6664.734    	 .992876350879669
6664.771    	 .99192351102829
6664.808    	 .990585148334503
6664.846    	 .988632500171661
6664.883    	 .986819982528687
6664.920    	 .985308051109314
6664.957    	 .984343886375427
6664.995    	 .98433917760849
6665.032    	 .984976053237915
6665.069    	 .986586332321167
6665.107    	 .988008618354797
6665.144    	 .989067137241364
6665.181    	 .989624381065369
6665.219    	 .989399194717407
6665.256    	 .98900181055069
6665.293    	 .988454282283783
6665.331    	 .98856121301651
6665.368    	 .989494562149048
6665.405    	 .989658653736115
6665.443    	 .988548755645752
6665.480    	 .986420512199402
6665.517    	 .983063220977783
6665.555    	 .980874180793762
6665.592    	 .980631232261658
6665.629    	 .98224288225174
6665.667    	 .986426889896393
6665.704    	 .99090713262558
6665.741    	 .99539440870285
6665.779    	 .997811317443848
6665.816    	 .997126340866089
6665.853    	 .994410514831543
6665.890    	 .989256918430328
6665.928    	 .984994530677795
6665.965    	 .982258975505829
6666.002    	 .981524765491486
6666.040    	 .983323991298676
6666.077    	 .985375702381134
6666.114    	 .987703680992126
6666.152    	 .989882707595825
6666.189    	 .991837084293365
6666.226    	 .993572771549225
6666.264    	 .99479752779007
6666.301    	 .994851469993591
6666.338    	 .993489325046539
6666.376    	 .99181467294693
6666.413    	 .989813208580017
6666.450    	 .987926840782166
6666.488    	 .986297130584717
6666.525    	 .985231459140778
6666.562    	 .985132217407227
6666.600    	 .986550986766815
6666.637    	 .989495158195496
6666.674    	 .992057919502258
6666.712    	 .993855059146881
6666.749    	 .994125783443451
6666.786    	 .992686569690704
6666.824    	 .990639805793762
6666.861    	 .987974047660828
6666.898    	 .985267996788025
6666.935    	 .982794404029846
6666.973    	 .981399238109589
6667.010    	 .981181085109711
6667.047    	 .98150908946991
6667.085    	 .982605040073395
6667.122    	 .984677255153656
6667.159    	 .987617194652557
6667.197    	 .990432739257813
6667.234    	 .992670059204102
6667.271    	 .99316143989563
6667.309    	 .992088139057159
6667.346    	 .990932941436768
6667.383    	 .989892780780792
6667.421    	 .989530801773071
6667.458    	 .989768743515015
6667.495    	 .990102529525757
6667.533    	 .990640759468079
6667.570    	 .991624355316162
6667.607    	 .993249118328094
6667.645    	 .995862662792206
6667.682    	 .999119997024536
6667.719    	 1.00189971923828
6667.757    	 1.00379586219788
6667.794    	 1.00392317771912
6667.831    	 1.00250995159149
6667.868    	 1.00039505958557
6667.906    	 .997945427894592
6667.943    	 .996107459068298
6667.980    	 .995068073272705
6668.018    	 .995222389698029
6668.055    	 .996149480342865
6668.092    	 .996865451335907
6668.130    	 .997539401054382
6668.167    	 .998547196388245
6668.204    	 .999815762042999
6668.242    	 1.0012069940567
6668.279    	 1.00239133834839
6668.316    	 1.00266075134277
6668.354    	 1.0023045539856
6668.391    	 1.00180351734161
6668.428    	 1.00090181827545
6668.466    	 .999026596546173
6668.503    	 .99667352437973
6668.540    	 .994651615619659
6668.578    	 .993374049663544
6668.615    	 .993788719177246
6668.652    	 .995406031608582
6668.690    	 .997757315635681
6668.727    	 1.00042796134949
6668.764    	 1.00283896923065
6668.801    	 1.00479769706726
6668.839    	 1.00581967830658
6668.876    	 1.00596940517426
6668.913    	 1.00497889518738
6668.951    	 1.00317108631134
6668.988    	 1.00065386295319
6669.025    	 .997952342033386
6669.063    	 .995726704597473
6669.100    	 .993785679340363
6669.137    	 .992014288902283
6669.175    	 .990517675876617
6669.212    	 .989585995674133
6669.249    	 .988997220993042
6669.287    	 .988668501377106
6669.324    	 .988198459148407
6669.361    	 .987012505531311
6669.399    	 .98567134141922
6669.436    	 .984729886054993
6669.473    	 .984235942363739
6669.511    	 .984541833400726
6669.548    	 .985233724117279
6669.585    	 .986137390136719
6669.623    	 .987214505672455
6669.660    	 .988551139831543
6669.697    	 .989650011062622
6669.734    	 .989847302436829
6669.772    	 .989673972129822
6669.809    	 .989339232444763
6669.846    	 .989584863185883
6669.884    	 .991533815860748
6669.921    	 .993932962417603
6669.958    	 .996090352535248
6669.996    	 .99752402305603
6670.033    	 .997233748435974
6670.070    	 .996301114559174
6670.108    	 .994996070861816
6670.145    	 .993728399276733
6670.182    	 .992828905582428
6670.220    	 .992308795452118
6670.257    	 .992522358894348
6670.294    	 .992802977561951
6670.332    	 .99278050661087
6670.369    	 .992477715015411
6670.406    	 .991640448570251
6670.444    	 .990901708602905
6670.481    	 .990722298622131
6670.518    	 .990621566772461
6670.556    	 .990418195724487
6670.593    	 .990116596221924
6670.630    	 .989618718624115
6670.667    	 .989246904850006
6670.705    	 .989283740520477
6670.742    	 .989264607429504
6670.779    	 .988926827907562
6670.817    	 .988602459430695
6670.854    	 .988440454006195
6670.891    	 .988861918449402
6670.929    	 .990662336349487
6670.966    	 .99289458990097
6671.003    	 .995715379714966
6671.041    	 .998090386390686
6671.078    	 .999194264411926
6671.115    	 .999794125556946
6671.153    	 .999526798725128
6671.190    	 .999315559864044
6671.227    	 .999457597732544
6671.265    	 1.00017058849335
6671.302    	 1.00217747688293
6671.339    	 1.00351142883301
6671.377    	 1.0029855966568
6671.414    	 1.0016508102417
6671.451    	 .998699009418488
6671.489    	 .995824337005615
6671.526    	 .99335515499115
6671.563    	 .991808891296387
6671.600    	 .992392063140869
6671.638    	 .993785381317139
6671.675    	 .996898293495178
6671.712    	 .999793946743011
6671.750    	 1.002081990242
6671.787    	 1.00333333015442
6671.824    	 1.00219535827637
6671.862    	 1.00091850757599
6671.899    	 .999347507953644
6671.936    	 .997969925403595
6671.974    	 .996996819972992
6672.011    	 .995095551013947
6672.048    	 .991193532943726
6672.086    	 .987695693969727
6672.123    	 .985132098197937
6672.160    	 .984239757061005
6672.198    	 .986795604228973
6672.235    	 .98926705121994
6672.272    	 .99152797460556
6672.310    	 .993166029453278
6672.347    	 .993535161018372
6672.384    	 .993306577205658
6672.422    	 .991973876953125
6672.459    	 .991143643856049
6672.496    	 .991269409656525
6672.533    	 .991574168205261
6672.571    	 .992190003395081
6672.608    	 .992653429508209
6672.645    	 .992843151092529
6672.683    	 .993007063865662
6672.720    	 .993075430393219
6672.757    	 .992708325386047
6672.795    	 .991579592227936
6672.832    	 .990247070789337
6672.869    	 .988641917705536
6672.907    	 .987515866756439
6672.944    	 .987092196941376
6672.981    	 .986187696456909
6673.019    	 .984557211399078
6673.056    	 .983111023902893
6673.093    	 .982167780399323
6673.131    	 .982657611370087
6673.168    	 .985283017158508
6673.205    	 .987933993339539
6673.243    	 .990311980247498
6673.280    	 .990848958492279
6673.317    	 .988826334476471
6673.355    	 .987028062343597
6673.392    	 .985570013523102
6673.429    	 .98428738117218
6673.466    	 .983224332332611
6673.504    	 .98208212852478
6673.541    	 .980934262275696
6673.578    	 .980288028717041
6673.616    	 .980415344238281
6673.653    	 .981223404407501
6673.690    	 .982901453971863
6673.728    	 .984718203544617
6673.765    	 .986579179763794
6673.802    	 .987865090370178
6673.840    	 .988382041454315
6673.877    	 .988459527492523
6673.914    	 .987802743911743
6673.952    	 .986106634140015
6673.989    	 .983344972133636
6674.026    	 .980948507785797
6674.064    	 .979313552379608
6674.101    	 .979236245155334
6674.138    	 .980666041374207
6674.176    	 .98159646987915
6674.213    	 .981968760490417
6674.250    	 .982134699821472
6674.288    	 .98232102394104
6674.325    	 .983392059803009
6674.362    	 .985211908817291
6674.399    	 .986649513244629
6674.437    	 .987816691398621
6674.474    	 .989306092262268
6674.511    	 .990759551525116
6674.549    	 .990995228290558
6674.586    	 .989806532859802
6674.623    	 .987305343151093
6674.661    	 .983594834804535
6674.698    	 .979540050029755
6674.735    	 .975618660449982
6674.773    	 .973168849945068
6674.810    	 .972369611263275
6674.847    	 .973234355449677
6674.885    	 .975503087043762
6674.922    	 .978186547756195
6674.959    	 .980999231338501
6674.997    	 .983204782009125
6675.034    	 .984887361526489
6675.071    	 .986288011074066
6675.109    	 .987137019634247
6675.146    	 .986825466156006
6675.183    	 .985696017742157
6675.221    	 .98445075750351
6675.258    	 .983333647251129
6675.295    	 .982863664627075
6675.332    	 .983207941055298
6675.370    	 .984833359718323
6675.407    	 .987276613712311
6675.444    	 .989852666854858
6675.482    	 .992132782936096
6675.519    	 .993270993232727
6675.556    	 .993745923042297
6675.594    	 .994151592254639
6675.631    	 .994361579418182
6675.668    	 .994098663330078
6675.706    	 .993235170841217
6675.743    	 .991321802139282
6675.780    	 .988954842090607
6675.818    	 .986788392066956
6675.855    	 .984566152095795
6675.892    	 .981906414031982
6675.930    	 .978920519351959
6675.967    	 .975572645664215
6676.004    	 .972670435905457
6676.042    	 .971475303173065
6676.079    	 .971053004264832
6676.116    	 .970800936222076
6676.154    	 .970323741436005
6676.191    	 .969034969806671
6676.228    	 .967778265476227
6676.265    	 .967454075813293
6676.303    	 .968227982521057
6676.340    	 .97107595205307
6676.377    	 .974148094654083
6676.415    	 .975914776325226
6676.452    	 .976528644561768
6676.489    	 .975190758705139
6676.527    	 .973504424095154
6676.564    	 .97247451543808
6676.601    	 .972038388252258
6676.639    	 .972665369510651
6676.676    	 .973757386207581
6676.713    	 .975312113761902
6676.751    	 .977107167243958
6676.788    	 .979220628738403
6676.825    	 .981265068054199
6676.863    	 .982940495014191
6676.900    	 .984510004520416
6676.937    	 .986016511917114
6676.975    	 .987531304359436
6677.012    	 .989099621772766
6677.049    	 .990246474742889
6677.087    	 .990312993526459
6677.124    	 .98983770608902
6677.161    	 .988474547863007
6677.199    	 .98704993724823
6677.236    	 .985813498497009
6677.273    	 .984772145748138
6677.310    	 .984144032001495
6677.348    	 .983789205551147
6677.385    	 .983974397182465
6677.422    	 .984420478343964
6677.460    	 .985355079174042
6677.497    	 .985833585262299
6677.534    	 .985106289386749
6677.572    	 .98440957069397
6677.609    	 .984013795852661
6677.646    	 .984035730361938
6677.684    	 .985002100467682
6677.721    	 .98584520816803
6677.758    	 .986285924911499
6677.796    	 .98636668920517
6677.833    	 .985638439655304
6677.870    	 .984378337860107
6677.908    	 .981918096542358
6677.945    	 .97873055934906
6677.982    	 .973917126655579
6678.020    	 .970109879970551
6678.057    	 .9685879945755
6678.094    	 .968729317188263
6678.132    	 .972430050373077
6678.169    	 .975698292255402
6678.206    	 .978015303611755
6678.243    	 .979430437088013
6678.281    	 .979028701782227
6678.318    	 .978698372840881
6678.355    	 .97850501537323
6678.393    	 .978273808956146
6678.430    	 .978028059005737
6678.467    	 .978418469429016
6678.505    	 .980043768882751
6678.542    	 .982327699661255
6678.579    	 .985685527324677
6678.617    	 .988148748874664
6678.654    	 .988894879817963
6678.691    	 .988194823265076
6678.729    	 .985052168369293
6678.766    	 .981708109378815
6678.803    	 .978295624256134
6678.841    	 .976728141307831
6678.878    	 .978180110454559
6678.915    	 .980491697788239
6678.953    	 .983951926231384
6678.990    	 .986424207687378
6679.027    	 .987302005290985
6679.065    	 .987321317195892
6679.102    	 .986004531383514
6679.139    	 .984032213687897
6679.176    	 .981142580509186
6679.214    	 .978174209594727
6679.251    	 .975502252578735
6679.288    	 .97492641210556
6679.326    	 .977108716964722
6679.363    	 .979577422142029
6679.400    	 .982010066509247
6679.438    	 .982544839382172
6679.475    	 .980761706829071
6679.512    	 .978834986686707
6679.550    	 .976994395256042
6679.587    	 .976296007633209
6679.624    	 .976955115795136
6679.662    	 .977927982807159
6679.699    	 .979256093502045
6679.736    	 .98064398765564
6679.774    	 .98185259103775
6679.811    	 .982064723968506
6679.848    	 .981166243553162
6679.886    	 .979862749576569
6679.923    	 .978211343288422
6679.960    	 .976747512817383
6679.998    	 .975543916225433
6680.035    	 .974658489227295
6680.072    	 .974201560020447
6680.109    	 .974263310432434
6680.147    	 .974820971488953
6680.184    	 .975530564785004
6680.221    	 .976218819618225
6680.259    	 .976373612880707
6680.296    	 .976199567317963
6680.333    	 .976387679576874
6680.371    	 .977109670639038
6680.408    	 .978692531585693
6680.445    	 .981200575828552
6680.483    	 .98464971780777
6680.520    	 .98839145898819
6680.557    	 .990862607955933
6680.595    	 .992029666900635
6680.632    	 .99181067943573
6680.669    	 .990692317485809
6680.707    	 .989630877971649
6680.744    	 .988844096660614
6680.781    	 .988806664943695
6680.819    	 .989306807518005
6680.856    	 .990064024925232
6680.893    	 .99057537317276
6680.931    	 .989883542060852
6680.968    	 .987927854061127
6681.005    	 .984176158905029
6681.042    	 .979713678359985
6681.080    	 .975952088832855
6681.117    	 .973432183265686
6681.154    	 .973510384559631
6681.192    	 .975172996520996
6681.229    	 .977825999259949
6681.266    	 .980584144592285
6681.304    	 .982363522052765
6681.341    	 .983373582363129
6681.378    	 .983402490615845
6681.416    	 .983201444149017
6681.453    	 .98346871137619
6681.490    	 .984203279018402
6681.528    	 .985728740692139
6681.565    	 .98730880022049
6681.602    	 .988262295722961
6681.640    	 .988678216934204
6681.677    	 .988219857215881
6681.714    	 .987786114215851
6681.752    	 .988154768943787
6681.789    	 .988737642765045
6681.826    	 .989259719848633
6681.864    	 .989547610282898
6681.901    	 .989268779754639
6681.938    	 .988963723182678
6681.975    	 .988962769508362
6682.013    	 .988957643508911
6682.050    	 .988759577274323
6682.087    	 .988484740257263
6682.125    	 .988120436668396
6682.162    	 .9876669049263
6682.199    	 .987033247947693
6682.237    	 .986379861831665
6682.274    	 .985755980014801
6682.311    	 .985219299793243
6682.349    	 .984886467456818
6682.386    	 .98486453294754
6682.423    	 .985533952713013
6682.461    	 .986532032489777
6682.498    	 .988125681877136
6682.535    	 .989225268363953
6682.573    	 .988988399505615
6682.610    	 .988130986690521
6682.647    	 .986062228679657
6682.685    	 .984633982181549
6682.722    	 .984919369220734
6682.759    	 .984934151172638
6682.797    	 .984106838703156
6682.834    	 .983297824859619
6682.871    	 .982598483562469
6682.908    	 .982613801956177
6682.946    	 .98428612947464
6682.983    	 .986150145530701
6683.020    	 .988423645496368
6683.058    	 .990183115005493
6683.095    	 .990804612636566
6683.132    	 .990808963775635
6683.170    	 .989547729492188
6683.207    	 .988628566265106
6683.244    	 .988408505916595
6683.282    	 .98836487531662
6683.319    	 .9886554479599
6683.356    	 .988864779472351
6683.394    	 .9888955950737
6683.431    	 .988648951053619
6683.468    	 .987916767597198
6683.506    	 .987303853034973
6683.543    	 .986927568912506
6683.580    	 .986801981925964
6683.618    	 .987175285816193
6683.655    	 .988158702850342
6683.692    	 .990257263183594
6683.730    	 .993292510509491
6683.767    	 .997651040554047
6683.804    	 1.0011819601059
6683.841    	 1.00331330299377
6683.879    	 1.00443530082703
6683.916    	 1.00391697883606
6683.953    	 1.00230252742767
6683.991    	 .999119520187378
6684.028    	 .995647668838501
6684.065    	 .991936445236206
6684.103    	 .988978981971741
6684.140    	 .987183094024658
6684.177    	 .986360549926758
6684.215    	 .986817359924316
6684.252    	 .987656652927399
6684.289    	 .988993585109711
6684.327    	 .990533709526062
6684.364    	 .992200434207916
6684.401    	 .993406891822815
6684.439    	 .993800222873688
6684.476    	 .992880046367645
6684.513    	 .990581274032593
6684.551    	 .988286018371582
6684.588    	 .986230194568634
6684.625    	 .985112369060516
6684.663    	 .985188663005829
6684.700    	 .986374318599701
6684.737    	 .988648295402527
6684.774    	 .99114716053009
6684.812    	 .993674457073212
6684.849    	 .995573818683624
6684.886    	 .996732234954834
6684.924    	 .997151494026184
6684.961    	 .996896922588348
6684.998    	 .99638956785202
6685.036    	 .995617806911469
6685.073    	 .994615077972412
6685.110    	 .993364989757538
6685.148    	 .991861283779144
6685.185    	 .990387260913849
6685.222    	 .989598631858826
6685.260    	 .989525496959686
6685.297    	 .990262031555176
6685.334    	 .991379976272583
6685.372    	 .992058932781219
6685.409    	 .992630302906036
6685.446    	 .993699789047241
6685.484    	 .99510794878006
6685.521    	 .996666431427002
6685.558    	 .997826933860779
6685.596    	 .997548878192902
6685.633    	 .996786057949066
6685.670    	 .996804594993591
6685.707    	 .997373580932617
6685.745    	 .998422265052795
6685.782    	 .999273002147675
6685.819    	 .998920977115631
6685.857    	 .99754786491394
6685.894    	 .994778752326965
6685.931    	 .992116451263428
6685.969    	 .991343438625336
6686.006    	 .991997480392456
6686.043    	 .99457573890686
6686.081    	 .997173309326172
6686.118    	 .997954607009888
6686.155    	 .997656762599945
6686.193    	 .996091485023499
6686.230    	 .994611322879791
6686.267    	 .994391560554504
6686.305    	 .994852542877197
6686.342    	 .99615466594696
6686.379    	 .997064471244812
6686.417    	 .996391832828522
6686.454    	 .994914174079895
6686.491    	 .992341637611389
6686.529    	 .989823341369629
6686.566    	 .988039553165436
6686.603    	 .987050414085388
6686.641    	 .987695813179016
6686.678    	 .988963663578033
6686.715    	 .991078853607178
6686.752    	 .993483245372772
6686.790    	 .99628484249115
6686.827    	 .9986212849617
6686.864    	 .999700129032135
6686.902    	 .999732494354248
6686.939    	 .997572541236877
6686.976    	 .995307385921478
6687.014    	 .993260264396667
6687.051    	 .991674304008484
6687.088    	 .991145491600037
6687.126    	 .991196930408478
6687.163    	 .992487192153931
6687.200    	 .994004428386688
6687.238    	 .995957374572754
6687.275    	 .997531294822693
6687.312    	 .99820601940155
6687.350    	 .998129546642303
6687.387    	 .996392965316772
6687.424    	 .994465947151184
6687.462    	 .992147386074066
6687.499    	 .990017712116241
6687.536    	 .988273084163666
6687.574    	 .986569344997406
6687.611    	 .984940052032471
6687.648    	 .98325502872467
6687.685    	 .981507122516632
6687.723    	 .98017805814743
6687.760    	 .979748427867889
6687.797    	 .980664968490601
6687.835    	 .983860671520233
6687.872    	 .986839294433594
6687.909    	 .98933482170105
6687.947    	 .990914344787598
6687.984    	 .991001129150391
6688.021    	 .990756750106812
6688.059    	 .990190267562866
6688.096    	 .990723729133606
6688.133    	 .992821395397186
6688.171    	 .994753897190094
6688.208    	 .996243953704834
6688.245    	 .996573865413666
6688.283    	 .995362877845764
6688.320    	 .994158089160919
6688.357    	 .993008017539978
6688.395    	 .992087781429291
6688.432    	 .991615355014801
6688.469    	 .991926431655884
6688.507    	 .99322921037674
6688.544    	 .994881451129913
6688.581    	 .996722400188446
6688.618    	 .997699558734894
6688.656    	 .997625470161438
6688.693    	 .997011721134186
6688.730    	 .995629251003265
6688.768    	 .993371844291687
6688.805    	 .990275919437408
6688.842    	 .987228512763977
6688.880    	 .984517276287079
6688.917    	 .982897937297821
6688.954    	 .982218980789185
6688.992    	 .981447279453278
6689.029    	 .980616509914398
6689.066    	 .979853928089142
6689.104    	 .979354202747345
6689.141    	 .979574203491211
6689.178    	 .980223298072815
6689.216    	 .980469763278961
6689.253    	 .980655074119568
6689.290    	 .981598556041718
6689.328    	 .983727633953094
6689.365    	 .988000810146332
6689.402    	 .993063151836395
6689.440    	 .996217250823975
6689.477    	 .997217953205109
6689.514    	 .995185971260071
6689.551    	 .991759538650513
6689.589    	 .989443600177765
6689.626    	 .988314509391785
6689.663    	 .98891270160675
6689.701    	 .990330278873444
6689.738    	 .991545736789703
6689.775    	 .992673099040985
6689.813    	 .993828117847443
6689.850    	 .99508398771286
6689.887    	 .996590495109558
6689.925    	 .997814357280731
6689.962    	 .997954368591309
6689.999    	 .997183620929718
6690.037    	 .995077013969421
6690.074    	 .992118060588837
6690.111    	 .988164961338043
6690.149    	 .984139382839203
6690.186    	 .980812668800354
6690.223    	 .978832185268402
6690.261    	 .979836702346802
6690.298    	 .982149541378021
6690.335    	 .985679090023041
6690.373    	 .989052474498749
6690.410    	 .99122142791748
6690.447    	 .992531001567841
6690.484    	 .992360174655914
6690.522    	 .991601765155792
6690.559    	 .990131616592407
6690.596    	 .988759398460388
6690.634    	 .987952470779419
6690.671    	 .988081097602844
6690.708    	 .990293741226196
6690.746    	 .992740750312805
6690.783    	 .995073795318604
6690.820    	 .997175276279449
6690.858    	 .998749077320099
6690.895    	 .99959272146225
6690.932    	 .998805403709412
6690.970    	 .997538506984711
6691.007    	 .995400965213776
6691.044    	 .993162512779236
6691.082    	 .99078369140625
6691.119    	 .989022135734558
6691.156    	 .988710701465607
6691.194    	 .988856256008148
6691.231    	 .989985227584839
6691.268    	 .990385472774506
6691.306    	 .989201009273529
6691.343    	 .987610101699829
6691.380    	 .985246419906616
6691.417    	 .983788549900055
6691.455    	 .984169542789459
6691.492    	 .985329568386078
6691.529    	 .987907946109772
6691.567    	 .990088880062103
6691.604    	 .991500377655029
6691.641    	 .99238920211792
6691.679    	 .992491245269775
6691.716    	 .993414521217346
6691.753    	 .995545387268066
6691.791    	 .996748745441437
6691.828    	 .996347486972809
6691.865    	 .99490761756897
6691.903    	 .992038667201996
6691.940    	 .989854216575623
6691.977    	 .988532721996307
6692.015    	 .986610412597656
6692.052    	 .983814477920532
6692.089    	 .980702579021454
6692.127    	 .977593839168549
6692.164    	 .976518332958221
6692.201    	 .978248953819275
6692.239    	 .981405913829803
6692.276    	 .985831260681152
6692.313    	 .988445639610291
6692.350    	 .988760769367218
6692.388    	 .987891614437103
6692.425    	 .985825896263123
6692.462    	 .984017729759216
6692.500    	 .982512950897217
6692.537    	 .981178820133209
6692.574    	 .980325102806091
6692.612    	 .980681896209717
6692.649    	 .982388734817505
6692.686    	 .985004186630249
6692.724    	 .987868010997772
6692.761    	 .988800227642059
6692.798    	 .987886965274811
6692.836    	 .986065208911896
6692.873    	 .98388147354126
6692.910    	 .982864737510681
6692.948    	 .982991874217987
6692.985    	 .984068691730499
6693.022    	 .985770463943481
6693.060    	 .987364649772644
6693.097    	 .988580524921417
6693.134    	 .988824784755707
6693.172    	 .988342881202698
6693.209    	 .987462818622589
6693.246    	 .986554980278015
6693.283    	 .986258149147034
6693.321    	 .986508131027222
6693.358    	 .98740017414093
6693.395    	 .988535225391388
6693.433    	 .989433348178864
6693.470    	 .989991247653961
6693.507    	 .989895522594452
6693.545    	 .989882230758667
6693.582    	 .990905225276947
6693.619    	 .992475390434265
6693.657    	 .994396686553955
6693.694    	 .996025800704956
6693.731    	 .996501743793488
6693.769    	 .996272504329681
6693.806    	 .99521404504776
6693.843    	 .993726968765259
6693.881    	 .991794168949127
6693.918    	 .990322291851044
6693.955    	 .990382552146912
6693.993    	 .991072475910187
6694.030    	 .992372393608093
6694.067    	 .99319463968277
6694.105    	 .992448747158051
6694.142    	 .991414546966553
6694.179    	 .990451216697693
6694.216    	 .989719390869141
6694.254    	 .989530920982361
6694.291    	 .989935457706451
6694.328    	 .991594135761261
6694.366    	 .992913484573364
6694.403    	 .993029236793518
6694.440    	 .992528438568115
6694.478    	 .990839719772339
6694.515    	 .990106344223022
6694.552    	 .991859376430511
6694.590    	 .993809938430786
6694.627    	 .995909512042999
6694.664    	 .996628820896149
6694.702    	 .994128406047821
6694.739    	 .992054522037506
6694.776    	 .991037547588348
6694.814    	 .990888655185699
6694.851    	 .992574989795685
6694.888    	 .993759870529175
6694.926    	 .993859887123108
6694.963    	 .99307781457901
6695.000    	 .990646421909332
6695.038    	 .988932371139526
6695.075    	 .988635659217834
6695.112    	 .989224672317505
6695.149    	 .991284012794495
6695.187    	 .992623865604401
6695.224    	 .992716550827026
6695.261    	 .992484033107758
6695.299    	 .991827249526978
6695.336    	 .991792261600494
6695.373    	 .992820024490356
6695.411    	 .994591176509857
6695.448    	 .997214078903198
6695.485    	 .998602986335754
6695.523    	 .998366892337799
6695.560    	 .998464047908783
6695.597    	 .999007344245911
6695.635    	 .99961531162262
6695.672    	 1.00015270709991
6695.709    	 .999984323978424
6695.747    	 .998955011367798
6695.784    	 .997776329517365
6695.821    	 .996456444263458
6695.859    	 .995242476463318
6695.896    	 .994016885757446
6695.933    	 .992288947105408
6695.971    	 .990122318267822
6696.008    	 .988201200962067
6696.045    	 .98673290014267
6696.082    	 .986097276210785
6696.120    	 .986191987991333
6696.157    	 .986238420009613
6696.194    	 .986245512962341
6696.232    	 .98625785112381
6696.269    	 .986305832862854
6696.306    	 .986461758613586
6696.344    	 .986818492412567
6696.381    	 .987575113773346
6696.418    	 .988525032997131
6696.456    	 .989188849925995
6696.493    	 .98942244052887
6696.530    	 .988893091678619
6696.568    	 .987826228141785
6696.605    	 .98655778169632
6696.642    	 .985342562198639
6696.680    	 .984640717506409
6696.717    	 .984342217445374
6696.754    	 .984417736530304
6696.792    	 .984789669513702
6696.829    	 .985477209091187
6696.866    	 .986521005630493
6696.904    	 .988161623477936
6696.941    	 .989740371704102
6696.978    	 .990430533885956
6697.016    	 .990454494953156
6697.053    	 .989611625671387
6697.090    	 .988905966281891
6697.127    	 .989416658878326
6697.165    	 .990064978599548
6697.202    	 .990016400814056
6697.239    	 .98898309469223
6697.277    	 .985911309719086
6697.314    	 .982626736164093
6697.351    	 .980193495750427
6697.389    	 .978646397590637
6697.426    	 .978843569755554
6697.463    	 .979606986045837
6697.501    	 .980885088443756
6697.538    	 .982388079166412
6697.575    	 .984220683574677
6697.613    	 .985758602619171
6697.650    	 .986451864242554
6697.687    	 .986803710460663
6697.725    	 .986583590507507
6697.762    	 .986087620258331
6697.799    	 .985065996646881
6697.837    	 .984113395214081
6697.874    	 .983415603637695
6697.911    	 .982711255550385
6697.949    	 .981962203979492
6697.986    	 .981375455856323
6698.023    	 .981184661388397
6698.060    	 .981791198253632
6698.098    	 .98412811756134
6698.135    	 .985858857631683
6698.172    	 .986283838748932
6698.210    	 .986074030399323
6698.247    	 .984683275222778
6698.284    	 .9842209815979
6698.322    	 .985557496547699
6698.359    	 .987445116043091
6698.396    	 .990361273288727
6698.434    	 .993676722049713
6698.471    	 .99770975112915
6698.508    	 1.00206339359283
6698.546    	 1.00639832019806
6698.583    	 1.00716197490692
6698.620    	 1.00230503082275
6698.658    	 .996215581893921
6698.695    	 .988729953765869
6698.732    	 .983357906341553
6698.770    	 .981103718280792
6698.807    	 .980103671550751
6698.844    	 .980787456035614
6698.882    	 .981798589229584
6698.919    	 .983248174190521
6698.956    	 .98487788438797
6698.993    	 .986767053604126
6699.031    	 .988882064819336
6699.068    	 .991098046302795
6699.105    	 .992707490921021
6699.143    	 .993538975715637
6699.180    	 .993756711483002
6699.217    	 .993313848972321
6699.255    	 .992623031139374
6699.292    	 .991816282272339
6699.329    	 .991418778896332
6699.367    	 .991333544254303
6699.404    	 .991105854511261
6699.441    	 .990599095821381
6699.479    	 .989527940750122
6699.516    	 .988403260707855
6699.553    	 .988532364368439
6699.591    	 .989467561244965
6699.628    	 .990124940872192
6699.665    	 .990275144577026
6699.703    	 .989404439926147
6699.740    	 .988000094890594
6699.777    	 .986902177333832
6699.815    	 .986185967922211
6699.852    	 .986087799072266
6699.889    	 .986735105514526
6699.926    	 .988605320453644
6699.964    	 .990923166275024
6700.001    	 .9927858710289
6700.038    	 .993765890598297
6700.076    	 .992835283279419
6700.113    	 .990951180458069
6700.150    	 .988638758659363
6700.188    	 .986552596092224
6700.225    	 .985529184341431
6700.262    	 .9852135181427
6700.300    	 .985807716846466
6700.337    	 .986374616622925
6700.374    	 .9861199259758
6700.412    	 .985322296619415
6700.449    	 .983710706233978
6700.486    	 .981961727142334
6700.524    	 .98037576675415
6700.561    	 .97896283864975
6700.598    	 .977897047996521
6700.636    	 .976933479309082
6700.673    	 .97606348991394
6700.710    	 .975359201431274
6700.748    	 .97502589225769
6700.785    	 .974326610565186
6700.822    	 .97262567281723
6700.859    	 .971291422843933
6700.897    	 .97107470035553
6700.934    	 .973292589187622
6700.971    	 .981081366539001
6701.009    	 .98891818523407
6701.046    	 .996248960494995
6701.083    	 1.00030732154846
6701.121    	 .996850252151489
6701.158    	 .992784857749939
6701.195    	 .987450778484344
6701.233    	 .98318350315094
6701.270    	 .981129288673401
6701.307    	 .979427456855774
6701.345    	 .978421330451965
6701.382    	 .97755753993988
6701.419    	 .977053940296173
6701.457    	 .977458596229553
6701.494    	 .979414165019989
6701.531    	 .981194019317627
6701.569    	 .982591450214386
6701.606    	 .983327686786652
6701.643    	 .982998847961426
6701.681    	 .982403337955475
6701.718    	 .981505692005157
6701.755    	 .981108903884888
6701.792    	 .981512367725372
6701.830    	 .982494533061981
6701.867    	 .984170198440552
6701.904    	 .985550761222839
6701.942    	 .986393213272095
6701.979    	 .986421525478363
6702.016    	 .985424697399139
6702.054    	 .984063565731049
6702.091    	 .982441186904907
6702.128    	 .98138302564621
6702.166    	 .980899214744568
6702.203    	 .980399370193481
6702.240    	 .979835689067841
6702.278    	 .979088366031647
6702.315    	 .978483617305756
6702.352    	 .979008197784424
6702.390    	 .980359137058258
6702.427    	 .981248438358307
6702.464    	 .981549263000488
6702.502    	 .981092512607574
6702.539    	 .980047225952148
6702.576    	 .978912174701691
6702.614    	 .978075921535492
6702.651    	 .978397846221924
6702.688    	 .979815125465393
6702.725    	 .982328593730927
6702.763    	 .985486447811127
6702.800    	 .988616645336151
6702.837    	 .990928709506989
6702.875    	 .990855515003204
6702.912    	 .98885840177536
6702.949    	 .984794735908508
6702.987    	 .98018753528595
6703.024    	 .976776719093323
6703.061    	 .974514722824097
6703.099    	 .974031031131744
6703.136    	 .973958015441895
6703.173    	 .97312319278717
6703.211    	 .97203403711319
6703.248    	 .970978081226349
6703.285    	 .97072172164917
6703.323    	 .972545921802521
6703.360    	 .975338459014893
6703.397    	 .979138135910034
6703.435    	 .982663154602051
6703.472    	 .984857857227325
6703.509    	 .985884547233582
6703.547    	 .984683394432068
6703.584    	 .983218789100647
6703.621    	 .982095956802368
6703.658    	 .981527388095856
6703.696    	 .982189238071442
6703.733    	 .98301088809967
6703.770    	 .983863890171051
6703.808    	 .984550416469574
6703.845    	 .984833359718323
6703.882    	 .984968423843384
6703.920    	 .984814167022705
6703.957    	 .984678328037262
6703.994    	 .984607994556427
6704.032    	 .984515190124512
6704.069    	 .984366416931152
6704.106    	 .98410439491272
6704.144    	 .983616828918457
6704.181    	 .98331618309021
6704.218    	 .983394980430603
6704.256    	 .983597218990326
6704.293    	 .983924150466919
6704.330    	 .983255624771118
6704.368    	 .980743885040283
6704.405    	 .977434277534485
6704.442    	 .973001837730408
6704.480    	 .969935774803162
6704.517    	 .969221115112305
6704.554    	 .969936728477478
6704.591    	 .972833752632141
6704.629    	 .976231217384338
6704.666    	 .980279624462128
6704.703    	 .984123528003693
6704.741    	 .987423777580261
6704.778    	 .989360213279724
6704.815    	 .989357709884644
6704.853    	 .988085687160492
6704.890    	 .985290944576263
6704.927    	 .982196450233459
6704.965    	 .979063272476196
6705.002    	 .977092683315277
6705.039    	 .976366639137268
6705.077    	 .975929081439972
6705.114    	 .975715696811676
6705.151    	 .975323498249054
6705.189    	 .974813938140869
6705.226    	 .974449753761292
6705.263    	 .974346518516541
6705.301    	 .974733412265778
6705.338    	 .97567880153656
6705.375    	 .977235913276672
6705.413    	 .979133129119873
6705.450    	 .980718553066254
6705.487    	 .981598377227783
6705.524    	 .980904817581177
6705.562    	 .979446411132813
6705.599    	 .978594601154327
6705.636    	 .978093385696411
6705.674    	 .977617084980011
6705.711    	 .977141380310059
6705.748    	 .976629257202148
6705.786    	 .97630101442337
6705.823    	 .976546049118042
6705.860    	 .977221965789795
6705.898    	 .978409647941589
6705.935    	 .979344844818115
6705.972    	 .979043304920197
6706.010    	 .97813481092453
6706.047    	 .976763486862183
6706.084    	 .975599586963654
6706.122    	 .975363314151764
6706.159    	 .97574657201767
6706.196    	 .977070033550262
6706.234    	 .978515684604645
6706.271    	 .979696094989777
6706.308    	 .980285346508026
6706.346    	 .979530036449432
6706.383    	 .97847193479538
6706.420    	 .977240681648254
6706.457    	 .976464509963989
6706.495    	 .976855397224426
6706.532    	 .977455735206604
6706.569    	 .978251576423645
6706.607    	 .978506326675415
6706.644    	 .977441310882568
6706.681    	 .976907968521118
6706.719    	 .977778971195221
6706.756    	 .979439079761505
6706.793    	 .982806980609894
6706.831    	 .985275983810425
6706.868    	 .985776484012604
6706.905    	 .985609471797943
6706.943    	 .98409366607666
6706.980    	 .982559561729431
6707.017    	 .980996549129486
6707.055    	 .979496002197266
6707.092    	 .978103220462799
6707.129    	 .976685047149658
6707.167    	 .975192964076996
6707.204    	 .973478138446808
6707.241    	 .971433222293854
6707.279    	 .969516217708588
6707.316    	 .968023777008057
6707.353    	 .967890024185181
6707.391    	 .969821155071259
6707.428    	 .972722113132477
6707.465    	 .976687550544739
6707.502    	 .979701995849609
6707.540    	 .981200516223907
6707.577    	 .981062054634094
6707.614    	 .979108214378357
6707.652    	 .977370202541351
6707.689    	 .976079285144806
6707.726    	 .975670754909515
6707.764    	 .976024031639099
6707.801    	 .975922763347626
6707.838    	 .975214302539825
6707.876    	 .973821997642517
6707.913    	 .972115576267242
6707.950    	 .971398115158081
6707.988    	 .97187727689743
6708.025    	 .973725855350494
6708.062    	 .976566553115845
6708.100    	 .979303061962128
6708.137    	 .981626391410828
6708.174    	 .982858061790466
6708.212    	 .982910454273224
6708.249    	 .981465697288513
6708.286    	 .979372084140778
6708.324    	 .977977216243744
6708.361    	 .97687554359436
6708.398    	 .975528240203857
6708.435    	 .97426849603653
6708.473    	 .973607361316681
6708.510    	 .973832190036774
6708.547    	 .975793838500977
6708.585    	 .978334903717041
6708.622    	 .980542600154877
6708.659    	 .982471287250519
6708.697    	 .983973622322083
6708.734    	 .984932839870453
6708.771    	 .984819293022156
6708.809    	 .98421585559845
6708.846    	 .983127772808075
6708.883    	 .981550991535187
6708.921    	 .979030847549438
6708.958    	 .976143777370453
6708.995    	 .972830951213837
6709.033    	 .970602631568909
6709.070    	 .971234977245331
6709.107    	 .972452104091644
6709.145    	 .974114120006561
6709.182    	 .975248992443085
6709.219    	 .975004553794861
6709.257    	 .974753677845001
6709.294    	 .974736928939819
6709.331    	 .97490406036377
6709.368    	 .975476324558258
6709.406    	 .976109981536865
6709.443    	 .976866185665131
6709.480    	 .977590680122375
6709.518    	 .97818785905838
6709.555    	 .977836489677429
6709.592    	 .975617945194244
6709.630    	 .973485171794891
6709.667    	 .971558392047882
6709.704    	 .970069289207459
6709.742    	 .969454526901245
6709.779    	 .969732403755188
6709.816    	 .971435070037842
6709.854    	 .972967565059662
6709.891    	 .974162399768829
