6510.010    	 0
6510.047    	 0
6510.084    	 1.1129754781723
6510.122    	 1.11023843288422
6510.159    	 1.10737657546997
6510.196    	 1.10660791397095
6510.233    	 1.10609185695648
6510.271    	 1.10656702518463
6510.308    	 1.10724496841431
6510.345    	 1.10765469074249
6510.383    	 1.10797882080078
6510.420    	 1.10867035388947
6510.457    	 1.1095210313797
6510.495    	 1.11051297187805
6510.532    	 1.11158037185669
6510.569    	 1.11235666275024
6510.607    	 1.11290895938873
6510.644    	 1.11338102817535
6510.681    	 1.11378908157349
6510.719    	 1.1145761013031
6510.756    	 1.11586034297943
6510.793    	 1.11695301532745
6510.830    	 1.1176540851593
6510.868    	 1.11737048625946
6510.905    	 1.11484491825104
6510.942    	 1.11217200756073
6510.980    	 1.10956823825836
6511.017    	 1.10742080211639
6511.054    	 1.10765206813812
6511.092    	 1.10828518867493
6511.129    	 1.11118733882904
6511.166    	 1.11425197124481
6511.204    	 1.11663997173309
6511.241    	 1.11897528171539
6511.278    	 1.11804747581482
6511.316    	 1.11667609214783
6511.353    	 1.11486494541168
6511.390    	 1.11295902729034
6511.428    	 1.11202037334442
6511.465    	 1.11139929294586
6511.502    	 1.11114048957825
6511.539    	 1.11103630065918
6511.577    	 1.10985493659973
6511.614    	 1.10802054405212
6511.651    	 1.10449969768524
6511.689    	 1.09968483448029
6511.726    	 1.09279429912567
6511.763    	 1.0838634967804
6511.801    	 1.07412266731262
6511.838    	 1.06348824501038
6511.875    	 1.05319559574127
6511.913    	 1.04362893104553
6511.950    	 1.03461003303528
6511.987    	 1.02679443359375
6512.025    	 1.01967942714691
6512.062    	 1.01470291614532
6512.099    	 1.0106338262558
6512.137    	 1.01071739196777
6512.174    	 1.01145219802856
6512.211    	 1.01593863964081
6512.248    	 1.02075600624084
6512.286    	 1.02958762645721
6512.323    	 1.03872871398926
6512.360    	 1.05051743984222
6512.398    	 1.0626814365387
6512.435    	 1.07484292984009
6512.472    	 1.08699893951416
6512.510    	 1.09701812267303
6512.547    	 1.10632276535034
6512.584    	 1.10995817184448
6512.622    	 1.11101865768433
6512.659    	 1.1092277765274
6512.696    	 1.10580325126648
6512.734    	 1.10027551651001
6512.771    	 1.09316158294678
6512.808    	 1.07726681232452
6512.845    	 1.05238974094391
6512.883    	 1.02703630924225
6512.920    	 1.00190913677216
6512.957    	 .991363227367401
6512.995    	 1.00694930553436
6513.032    	 1.02711939811707
6513.069    	 1.05376315116882
6513.107    	 1.07732582092285
6513.144    	 1.08838653564453
6513.181    	 1.09738886356354
6513.219    	 1.10024213790894
6513.256    	 1.10249757766724
6513.293    	 1.10334610939026
6513.331    	 1.10406172275543
6513.368    	 1.10284805297852
6513.405    	 1.10148525238037
6513.443    	 1.09853386878967
6513.480    	 1.09536123275757
6513.517    	 1.091139793396
6513.554    	 1.08668351173401
6513.592    	 1.0841783285141
6513.629    	 1.08231747150421
6513.666    	 1.08302712440491
6513.704    	 1.08487510681152
6513.741    	 1.08876264095306
6513.778    	 1.0938241481781
6513.816    	 1.0975855588913
6513.853    	 1.10027074813843
6513.890    	 1.10107696056366
6513.928    	 1.10005557537079
6513.965    	 1.09762871265411
6514.002    	 1.09351897239685
6514.040    	 1.08834493160248
6514.077    	 1.08152985572815
6514.114    	 1.074551820755
6514.151    	 1.06747472286224
6514.189    	 1.06079792976379
6514.226    	 1.05548429489136
6514.263    	 1.0504823923111
6514.301    	 1.04655838012695
6514.338    	 1.04243290424347
6514.375    	 1.0355132818222
6514.413    	 1.02815079689026
6514.450    	 1.01086127758026
6514.487    	 .992806613445282
6514.525    	 .964788913726807
6514.562    	 .935503363609314
6514.599    	 .908029496669769
6514.637    	 .880951106548309
6514.674    	 .867445766925812
6514.711    	 .858139872550964
6514.749    	 .866514384746552
6514.786    	 .882324397563934
6514.823    	 .908117055892944
6514.860    	 .939306199550629
6514.898    	 .971218645572662
6514.935    	 1.00339782238007
6514.972    	 1.03056240081787
6515.010    	 1.05288672447205
6515.047    	 1.06970083713531
6515.084    	 1.08006799221039
6515.122    	 1.08738136291504
6515.159    	 1.09046232700348
6515.196    	 1.092937707901
6515.234    	 1.09477043151855
6515.271    	 1.09632098674774
6515.308    	 1.09715378284454
6515.346    	 1.09765994548798
6515.383    	 1.09691047668457
6515.420    	 1.09582531452179
6515.458    	 1.09279370307922
6515.495    	 1.08939206600189
6515.532    	 1.08078360557556
6515.569    	 1.07177424430847
6515.607    	 1.05848014354706
6515.644    	 1.04472839832306
6515.681    	 1.03116095066071
6515.719    	 1.01763200759888
6515.756    	 1.00817143917084
6515.793    	 .999851226806641
6515.831    	 .998314321041107
6515.868    	 .999398350715637
6515.905    	 1.00631594657898
6515.943    	 1.01619327068329
6515.980    	 1.02798068523407
6516.017    	 1.04093945026398
6516.055    	 1.05071115493774
6516.092    	 1.05758953094482
6516.129    	 1.05772185325623
6516.166    	 1.05036234855652
6516.204    	 1.0366997718811
6516.241    	 1.01443898677826
6516.278    	 .985869705677032
6516.316    	 .94606351852417
6516.353    	 .90291291475296
6516.390    	 .852954983711243
6516.428    	 .804565727710724
6516.465    	 .764340341091156
6516.502    	 .728746831417084
6516.540    	 .718785881996155
6516.577    	 .713007926940918
6516.614    	 .738140761852264
6516.652    	 .765652537345886
6516.689    	 .810284435749054
6516.726    	 .856269121170044
6516.764    	 .896698355674744
6516.801    	 .936264634132385
6516.838    	 .959007799625397
6516.875    	 .977707266807556
6516.913    	 .982246279716492
6516.950    	 .982010781764984
6516.987    	 .97999233007431
6517.025    	 .977280795574188
6517.062    	 .980299770832062
6517.099    	 .986840546131134
6517.137    	 .999423503875732
6517.174    	 1.01659619808197
6517.211    	 1.0343496799469
6517.249    	 1.05236804485321
6517.286    	 1.06753170490265
6517.323    	 1.07890093326569
6517.361    	 1.08906519412994
6517.398    	 1.09762513637543
6517.435    	 1.1056045293808
6517.472    	 1.11251330375671
6517.510    	 1.118612408638
6517.547    	 1.12233984470367
6517.584    	 1.12540817260742
6517.622    	 1.12611055374146
6517.659    	 1.12628960609436
6517.696    	 1.12342131137848
6517.734    	 1.12007069587708
6517.771    	 1.10946905612946
6517.808    	 1.09830856323242
6517.846    	 1.08246159553528
6517.883    	 1.06608211994171
6517.920    	 1.05390751361847
6517.958    	 1.04255080223083
6517.995    	 1.03813791275024
6518.032    	 1.03569960594177
6518.070    	 1.04042375087738
6518.107    	 1.04793107509613
6518.144    	 1.06109941005707
6518.181    	 1.07714927196503
6518.219    	 1.09152662754059
6518.256    	 1.10462784767151
6518.293    	 1.11279249191284
6518.331    	 1.11667680740356
6518.368    	 1.11671769618988
6518.405    	 1.11273419857025
6518.443    	 1.10160136222839
6518.480    	 1.080362200737
6518.517    	 1.04796135425568
6518.555    	 .995325326919556
6518.592    	 .946515738964081
6518.629    	 .911755383014679
6518.667    	 .89361298084259
6518.704    	 .934232234954834
6518.741    	 .979531228542328
6518.779    	 1.02616548538208
6518.816    	 1.07018673419952
6518.853    	 1.08135294914246
6518.890    	 1.08986878395081
6518.928    	 1.08478724956512
6518.965    	 1.07865309715271
6519.002    	 1.07095301151276
6519.040    	 1.06303381919861
6519.077    	 1.05457615852356
6519.114    	 1.04600131511688
6519.152    	 1.03534746170044
6519.189    	 1.02403128147125
6519.226    	 1.00796794891357
6519.264    	 .989860653877258
6519.301    	 .971302270889282
6519.338    	 .952561914920807
6519.376    	 .940474927425385
6519.413    	 .933323681354523
6519.450    	 .933742523193359
6519.487    	 .941037654876709
6519.525    	 .95354700088501
6519.562    	 .971837759017944
6519.599    	 .992734789848328
6519.637    	 1.0171058177948
6519.674    	 1.04028522968292
6519.711    	 1.06042635440826
6519.749    	 1.07781207561493
6519.786    	 1.08792626857758
6519.823    	 1.0960431098938
6519.861    	 1.09809422492981
6519.898    	 1.0994598865509
6519.935    	 1.09928596019745
6519.973    	 1.09911370277405
6520.010    	 1.10080397129059
6520.047    	 1.10263752937317
6520.085    	 1.10486149787903
6520.122    	 1.10711812973022
6520.159    	 1.10862791538239
6520.196    	 1.11001980304718
6520.234    	 1.11049056053162
6520.271    	 1.11073911190033
6520.308    	 1.11059260368347
6520.346    	 1.11031532287598
6520.383    	 1.10949647426605
6520.420    	 1.10843312740326
6520.458    	 1.10648190975189
6520.495    	 1.10400784015656
6520.532    	 1.10205507278442
6520.570    	 1.10053253173828
6520.607    	 1.09790813922882
6520.644    	 1.09416222572327
6520.682    	 1.09071385860443
6520.719    	 1.08774590492249
6520.756    	 1.08647298812866
6520.793    	 1.08794057369232
6520.831    	 1.08949756622314
6520.868    	 1.0908077955246
6520.905    	 1.09165906906128
6520.943    	 1.09118735790253
6520.980    	 1.09085476398468
6521.017    	 1.09157478809357
6521.055    	 1.09250342845917
6521.092    	 1.09437716007233
6521.129    	 1.09623754024506
6521.167    	 1.09659278392792
6521.204    	 1.09683191776276
6521.241    	 1.09640288352966
6521.279    	 1.09591341018677
6521.316    	 1.09543108940125
6521.353    	 1.0949501991272
6521.391    	 1.09512710571289
6521.428    	 1.09546768665314
6521.465    	 1.09587860107422
6521.502    	 1.09631097316742
6521.540    	 1.09525322914124
6521.577    	 1.09350180625916
6521.614    	 1.09039855003357
6521.652    	 1.08650267124176
6521.689    	 1.08301591873169
6521.726    	 1.07989013195038
6521.764    	 1.07766878604889
6521.801    	 1.07632374763489
6521.838    	 1.07452630996704
6521.876    	 1.07207107543945
6521.913    	 1.06924998760223
6521.950    	 1.06590330600739
6521.988    	 1.06271505355835
6522.025    	 1.0599570274353
6522.062    	 1.05723452568054
6522.100    	 1.05452108383179
6522.137    	 1.05248689651489
6522.174    	 1.05341112613678
6522.211    	 1.05513274669647
6522.249    	 1.06097877025604
6522.286    	 1.06721019744873
6522.323    	 1.07460999488831
6522.361    	 1.08209884166718
6522.398    	 1.08821725845337
6522.435    	 1.09421527385712
6522.473    	 1.0955855846405
6522.510    	 1.09621906280518
6522.547    	 1.09449303150177
6522.585    	 1.09220230579376
6522.622    	 1.09107434749603
6522.659    	 1.09035122394562
6522.697    	 1.09110713005066
6522.734    	 1.0925235748291
6522.771    	 1.09308314323425
6522.808    	 1.09311068058014
6522.846    	 1.09153187274933
6522.883    	 1.08876085281372
6522.920    	 1.08480310440063
6522.958    	 1.07977652549744
6522.995    	 1.07472157478333
6523.032    	 1.06972587108612
6523.070    	 1.06495809555054
6523.107    	 1.06054663658142
6523.144    	 1.05651533603668
6523.182    	 1.05322468280792
6523.219    	 1.05008494853973
6523.256    	 1.04721522331238
6523.294    	 1.04439985752106
6523.331    	 1.04172134399414
6523.368    	 1.03921270370483
6523.406    	 1.0377402305603
6523.443    	 1.0361156463623
6523.480    	 1.0313355922699
6523.517    	 1.02628421783447
6523.555    	 1.01242899894714
6523.592    	 .997893810272217
6523.629    	 .976514160633087
6523.667    	 .95415335893631
6523.704    	 .93551105260849
6523.741    	 .917711675167084
6523.779    	 .912058532238007
6523.816    	 .910239577293396
6523.853    	 .919307470321655
6523.891    	 .932915568351746
6523.928    	 .952081561088562
6523.965    	 .974176645278931
6524.003    	 .99631130695343
6524.040    	 1.01833319664001
6524.077    	 1.03666031360626
6524.114    	 1.05163276195526
6524.152    	 1.06266522407532
6524.189    	 1.06940984725952
6524.226    	 1.07397067546844
6524.264    	 1.07575047016144
6524.301    	 1.07755410671234
6524.338    	 1.07979917526245
6524.376    	 1.08208739757538
6524.413    	 1.08440279960632
6524.450    	 1.08631539344788
6524.488    	 1.0867635011673
6524.525    	 1.08691084384918
6524.562    	 1.08601200580597
6524.600    	 1.08500170707703
6524.637    	 1.08367168903351
6524.674    	 1.08234047889709
6524.712    	 1.08190429210663
6524.749    	 1.08153736591339
6524.786    	 1.08420622348785
6524.823    	 1.08723509311676
6524.861    	 1.09057307243347
6524.898    	 1.09396851062775
6524.935    	 1.0950516462326
6524.973    	 1.09548377990723
6525.010    	 1.09642839431763
6525.047    	 1.09758317470551
6525.085    	 1.09866106510162
6525.122    	 1.09969365596771
6525.159    	 1.09990954399109
6525.197    	 1.09959816932678
6525.234    	 1.09906828403473
6525.271    	 1.0983874797821
6525.309    	 1.09708058834076
6525.346    	 1.09512853622437
6525.383    	 1.09264898300171
6525.421    	 1.08952724933624
6525.458    	 1.08663022518158
6525.495    	 1.08419966697693
6525.532    	 1.08142852783203
6525.570    	 1.07780826091766
6525.607    	 1.07397186756134
6525.644    	 1.06966423988342
6525.682    	 1.06567072868347
6525.719    	 1.06323945522308
6525.756    	 1.06117641925812
6525.794    	 1.06094110012054
6525.831    	 1.06092464923859
6525.868    	 1.06222772598267
6525.906    	 1.06363236904144
6525.943    	 1.06726682186127
6525.980    	 1.07109069824219
6526.018    	 1.07568597793579
6526.055    	 1.08039963245392
6526.092    	 1.08424198627472
6526.129    	 1.08787786960602
6526.167    	 1.08759236335754
6526.204    	 1.0860253572464
6526.241    	 1.07503521442413
6526.279    	 1.05996596813202
6526.316    	 1.04584503173828
6526.353    	 1.03240919113159
6526.391    	 1.03228831291199
6526.428    	 1.04175794124603
6526.465    	 1.05326557159424
6526.503    	 1.06603193283081
6526.540    	 1.07494044303894
6526.577    	 1.079265832901
6526.615    	 1.08233022689819
6526.652    	 1.08401799201965
6526.689    	 1.08537638187408
6526.727    	 1.08629727363586
6526.764    	 1.08696746826172
6526.801    	 1.08708322048187
6526.838    	 1.08740603923798
6526.876    	 1.08860731124878
6526.913    	 1.08962619304657
6526.950    	 1.0893280506134
6526.988    	 1.0887553691864
6527.025    	 1.08655500411987
6527.062    	 1.08425319194794
6527.100    	 1.08262312412262
6527.137    	 1.08104515075684
6527.174    	 1.08038735389709
6527.212    	 1.07982957363129
6527.249    	 1.0779972076416
6527.286    	 1.0759345293045
6527.324    	 1.07466340065002
6527.361    	 1.07360398769379
6527.398    	 1.07375311851501
6527.435    	 1.07433342933655
6527.473    	 1.07527422904968
6527.510    	 1.07637333869934
6527.547    	 1.07770252227783
6527.585    	 1.07916557788849
6527.622    	 1.08008718490601
6527.659    	 1.08058261871338
6527.697    	 1.08026087284088
6527.734    	 1.07916867733002
6527.771    	 1.07922494411469
6527.809    	 1.08077085018158
6527.846    	 1.08321356773376
6527.883    	 1.08690214157104
6527.921    	 1.08984553813934
6527.958    	 1.09107434749603
6527.995    	 1.09179651737213
6528.033    	 1.09148240089417
6528.070    	 1.09089505672455
6528.107    	 1.08955931663513
6528.144    	 1.0881119966507
6528.182    	 1.08634185791016
6528.219    	 1.08484041690826
6528.256    	 1.08655118942261
6528.294    	 1.08849406242371
6528.331    	 1.08974432945251
6528.368    	 1.09094083309174
6528.406    	 1.09000742435455
6528.443    	 1.08881628513336
6528.480    	 1.08779096603394
6528.518    	 1.08679938316345
6528.555    	 1.08518195152283
6528.592    	 1.08338987827301
6528.630    	 1.08227777481079
6528.667    	 1.08142554759979
6528.704    	 1.08195698261261
6528.741    	 1.08316111564636
6528.779    	 1.08468770980835
6528.816    	 1.08638942241669
6528.853    	 1.08752048015594
6528.891    	 1.0881872177124
6528.928    	 1.08839476108551
6528.965    	 1.08817374706268
6529.003    	 1.08847689628601
6529.040    	 1.08948385715485
6529.077    	 1.09063351154327
6529.115    	 1.09193098545074
6529.152    	 1.09264433383942
6529.189    	 1.09211027622223
6529.227    	 1.09113359451294
6529.264    	 1.08917915821075
6529.301    	 1.08706033229828
6529.339    	 1.08458423614502
6529.376    	 1.08227849006653
6529.413    	 1.08116006851196
6529.450    	 1.08021652698517
6529.488    	 1.08022320270538
6529.525    	 1.08029198646545
6529.562    	 1.0798043012619
6529.600    	 1.07927370071411
6529.637    	 1.07751023769379
6529.674    	 1.07559621334076
6529.712    	 1.07444202899933
6529.749    	 1.07343709468842
6529.786    	 1.07589757442474
6529.824    	 1.07932090759277
6529.861    	 1.08342111110687
6529.898    	 1.08775460720062
6529.936    	 1.0891478061676
6529.973    	 1.08909595012665
6530.010    	 1.08801567554474
6530.048    	 1.08635210990906
6530.085    	 1.08615732192993
6530.122    	 1.08715212345123
6530.159    	 1.08773279190063
6530.197    	 1.08782029151917
6530.234    	 1.0863698720932
6530.271    	 1.08304238319397
6530.309    	 1.07846331596375
6530.346    	 1.07211518287659
6530.383    	 1.06541073322296
6530.421    	 1.05824279785156
6530.458    	 1.05233430862427
6530.495    	 1.0499370098114
6530.533    	 1.04877662658691
6530.570    	 1.05128169059753
6530.607    	 1.05402231216431
6530.645    	 1.05652165412903
6530.682    	 1.05886888504028
6530.719    	 1.0598531961441
6530.756    	 1.06077063083649
6530.794    	 1.0630145072937
6530.831    	 1.06536054611206
6530.868    	 1.06846272945404
6530.906    	 1.07164931297302
6530.943    	 1.07356095314026
6530.980    	 1.07523918151855
6531.018    	 1.07680261135101
6531.055    	 1.07833850383759
6531.092    	 1.07919096946716
6531.130    	 1.07980048656464
6531.167    	 1.0794050693512
6531.204    	 1.07854878902435
6531.242    	 1.07741546630859
6531.279    	 1.07613515853882
6531.316    	 1.0759003162384
6531.354    	 1.07645761966705
6531.391    	 1.07869255542755
6531.428    	 1.08245527744293
6531.465    	 1.08592796325684
6531.503    	 1.08892941474915
6531.540    	 1.09083223342896
6531.577    	 1.09114527702332
6531.615    	 1.09096539020538
6531.652    	 1.09006631374359
6531.689    	 1.08902192115784
6531.727    	 1.08774769306183
6531.764    	 1.08634984493256
6531.801    	 1.08458817005157
6531.839    	 1.08239912986755
6531.876    	 1.07821679115295
6531.913    	 1.07363069057465
6531.951    	 1.06694614887238
6531.988    	 1.05990040302277
6532.025    	 1.04878306388855
6532.062    	 1.03735303878784
6532.100    	 1.01788473129272
6532.137    	 .997685074806213
6532.174    	 .974705815315247
6532.212    	 .951292157173157
6532.249    	 .933881163597107
6532.286    	 .917882204055786
6532.324    	 .913135170936584
6532.361    	 .911984384059906
6532.398    	 .921714782714844
6532.436    	 .935961604118347
6532.473    	 .955306947231293
6532.510    	 .977264702320099
6532.548    	 .998541951179504
6532.585    	 1.01923143863678
6532.622    	 1.03672897815704
6532.660    	 1.05151474475861
6532.697    	 1.06231093406677
6532.734    	 1.06901919841766
6532.771    	 1.07286071777344
6532.809    	 1.07322537899017
6532.846    	 1.0737030506134
6532.883    	 1.07481098175049
6532.921    	 1.07701504230499
6532.958    	 1.08154487609863
6532.995    	 1.08587503433228
6533.033    	 1.08910477161407
6533.070    	 1.09132099151611
6533.107    	 1.08969342708588
6533.145    	 1.08757603168488
6533.182    	 1.08420240879059
6533.219    	 1.08070552349091
6533.257    	 1.07687592506409
6533.294    	 1.07307779788971
6533.331    	 1.07259213924408
6533.369    	 1.07236301898956
6533.406    	 1.0762494802475
6533.443    	 1.08064138889313
6533.480    	 1.08474278450012
6533.518    	 1.08878469467163
6533.555    	 1.08844840526581
6533.592    	 1.08691585063934
6533.630    	 1.08199667930603
6533.667    	 1.07586276531219
6533.704    	 1.0676394701004
6533.742    	 1.0584614276886
6533.779    	 1.04720914363861
6533.816    	 1.03474640846252
6533.854    	 1.02247488498688
6533.891    	 1.01041042804718
6533.928    	 1.00038754940033
6533.966    	 .992276787757874
6534.003    	 .987813651561737
6534.040    	 .987486660480499
6534.077    	 .990372836589813
6534.115    	 .997571587562561
6534.152    	 1.00576484203339
6534.189    	 1.01523566246033
6534.227    	 1.02447068691254
6534.264    	 1.03289747238159
6534.301    	 1.04041743278503
6534.339    	 1.04514825344086
6534.376    	 1.04891443252563
6534.413    	 1.04912483692169
6534.451    	 1.04913413524628
6534.488    	 1.04967713356018
6534.525    	 1.05043137073517
6534.563    	 1.0539790391922
6534.600    	 1.057741522789
6534.637    	 1.06037175655365
6534.675    	 1.06291151046753
6534.712    	 1.06240391731262
6534.749    	 1.06146085262299
6534.786    	 1.05984783172607
6534.824    	 1.05809426307678
6534.861    	 1.05763268470764
6534.898    	 1.05755770206451
6534.936    	 1.0575647354126
6534.973    	 1.05759525299072
6535.010    	 1.05863165855408
6535.048    	 1.06017446517944
6535.085    	 1.06251955032349
6535.122    	 1.06535387039185
6535.160    	 1.06769835948944
6535.197    	 1.06962692737579
6535.234    	 1.07184553146362
6535.272    	 1.07438004016876
6535.309    	 1.07742083072662
6535.346    	 1.08105838298798
6535.383    	 1.08348786830902
6535.421    	 1.08397901058197
6535.458    	 1.08321309089661
6535.495    	 1.08024954795837
6535.533    	 1.07783436775208
6535.570    	 1.0772488117218
6535.607    	 1.07771921157837
6535.645    	 1.08138358592987
6535.682    	 1.08493077754974
6535.719    	 1.08667743206024
6535.757    	 1.08781349658966
6535.794    	 1.08505833148956
6535.831    	 1.08198940753937
6535.869    	 1.07862865924835
6535.906    	 1.07524609565735
6535.943    	 1.07348895072937
6535.981    	 1.07187211513519
6536.018    	 1.071133852005
6536.055    	 1.07052719593048
6536.092    	 1.07229006290436
6536.130    	 1.07457768917084
6536.167    	 1.07832252979279
6536.204    	 1.0825023651123
6536.242    	 1.08532679080963
6536.279    	 1.08759891986847
6536.316    	 1.08728110790253
6536.354    	 1.085657954216
6536.391    	 1.08192265033722
6536.428    	 1.07688581943512
6536.466    	 1.0695686340332
6536.503    	 1.06049764156342
6536.540    	 1.05144929885864
6536.578    	 1.04254579544067
6536.615    	 1.03496587276459
6536.652    	 1.02900874614716
6536.690    	 1.02428424358368
6536.727    	 1.02128446102142
6536.764    	 1.02088093757629
6536.801    	 1.0253279209137
6536.839    	 1.03127610683441
6536.876    	 1.04013204574585
6536.913    	 1.04856979846954
6536.951    	 1.05482482910156
6536.988    	 1.06028687953949
6537.025    	 1.06266784667969
6537.063    	 1.06469941139221
6537.100    	 1.06582832336426
6537.137    	 1.06693720817566
6537.175    	 1.06890463829041
6537.212    	 1.07093811035156
6537.249    	 1.07252252101898
6537.287    	 1.0740704536438
6537.324    	 1.07500910758972
6537.361    	 1.07586061954498
6537.398    	 1.07702028751373
6537.436    	 1.07824647426605
6537.473    	 1.08144068717957
6537.510    	 1.08521151542664
6537.548    	 1.08894145488739
6537.585    	 1.09264230728149
6537.622    	 1.09512567520142
6537.660    	 1.09700894355774
6537.697    	 1.09766232967377
6537.734    	 1.09757721424103
6537.772    	 1.09698224067688
6537.809    	 1.09603261947632
6537.846    	 1.09516322612762
6537.884    	 1.09439444541931
6537.921    	 1.09297609329224
6537.958    	 1.09078049659729
6537.996    	 1.08884286880493
6538.033    	 1.08736896514893
6538.070    	 1.08607316017151
6538.107    	 1.08504557609558
6538.145    	 1.08388519287109
6538.182    	 1.08235883712769
6538.219    	 1.08066749572754
6538.257    	 1.07853841781616
6538.294    	 1.07662343978882
6538.331    	 1.07580661773682
6538.369    	 1.0752512216568
6538.406    	 1.07591390609741
6538.443    	 1.07670044898987
6538.481    	 1.07788729667664
6538.518    	 1.07911801338196
6538.555    	 1.08130943775177
6538.593    	 1.08357489109039
6538.630    	 1.08555126190186
6538.667    	 1.08749186992645
6538.704    	 1.08840179443359
6538.742    	 1.08911573886871
6538.779    	 1.08877003192902
6538.816    	 1.08814477920532
6538.854    	 1.08535134792328
6538.891    	 1.08179807662964
6538.928    	 1.07977199554443
6538.966    	 1.07845973968506
6539.003    	 1.07918620109558
6539.040    	 1.0810512304306
6539.078    	 1.08263528347015
6539.115    	 1.08396542072296
6539.152    	 1.08359324932098
6539.190    	 1.08174002170563
6539.227    	 1.07954728603363
6539.264    	 1.07709944248199
6539.302    	 1.07527780532837
6539.339    	 1.07432341575623
6539.376    	 1.07383263111115
6539.413    	 1.07401549816132
6539.451    	 1.07455348968506
6539.488    	 1.07574450969696
6539.525    	 1.0767068862915
6539.563    	 1.07689726352692
6539.600    	 1.0768575668335
6539.637    	 1.0761684179306
6539.675    	 1.07568883895874
6539.712    	 1.07662951946259
6539.749    	 1.0777200460434
6539.787    	 1.07919013500214
6539.824    	 1.08058571815491
6539.861    	 1.07963478565216
6539.899    	 1.0785026550293
6539.936    	 1.07713222503662
6539.973    	 1.07574021816254
6540.011    	 1.07601273059845
6540.048    	 1.07654166221619
6540.085    	 1.07733702659607
6540.122    	 1.07818973064423
6540.160    	 1.07748341560364
6540.197    	 1.07630288600922
6540.234    	 1.07456016540527
6540.272    	 1.07260632514954
6540.309    	 1.0711053609848
6540.346    	 1.06983828544617
6540.384    	 1.06849133968353
6540.421    	 1.06708490848541
6540.458    	 1.06582975387573
6540.496    	 1.06469476222992
6540.533    	 1.06368720531464
6540.570    	 1.06279289722443
6540.608    	 1.06298804283142
6540.645    	 1.06445443630219
6540.682    	 1.06712353229523
6540.719    	 1.0714111328125
6540.757    	 1.07536923885345
6540.794    	 1.07850980758667
6540.831    	 1.07995915412903
6540.869    	 1.0776139497757
6540.906    	 1.07505691051483
6540.943    	 1.0727207660675
6540.981    	 1.07109749317169
6541.018    	 1.07239663600922
6541.055    	 1.07383418083191
6541.093    	 1.0747457742691
6541.130    	 1.07561099529266
6541.167    	 1.07641053199768
6541.205    	 1.07723474502563
6541.242    	 1.07914328575134
6541.279    	 1.08113539218903
6541.317    	 1.08469808101654
6541.354    	 1.0884290933609
6541.391    	 1.09041333198547
6541.428    	 1.09209883213043
6541.466    	 1.09083139896393
6541.503    	 1.08885371685028
6541.540    	 1.08595383167267
6541.578    	 1.08276903629303
6541.615    	 1.07973885536194
6541.652    	 1.07678043842316
6541.690    	 1.07429885864258
6541.727    	 1.07206499576569
6541.764    	 1.07062697410583
6541.802    	 1.06969630718231
6541.839    	 1.06817185878754
6541.876    	 1.06614375114441
6541.914    	 1.06232905387878
6541.951    	 1.05678927898407
6541.988    	 1.05099368095398
6542.025    	 1.04503726959229
6542.063    	 1.0384761095047
6542.100    	 1.03102517127991
6542.137    	 1.02258467674255
6542.175    	 1.01240956783295
6542.212    	 1.00299394130707
6542.249    	 .995700120925903
6542.287    	 .990560710430145
6542.324    	 .991678297519684
6542.361    	 .994561195373535
6542.399    	 1.00302267074585
6542.436    	 1.01205110549927
6542.473    	 1.02200639247894
6542.511    	 1.03161990642548
6542.548    	 1.03647577762604
6542.585    	 1.04092729091644
6542.623    	 1.0439031124115
6542.660    	 1.04676425457001
6542.697    	 1.05014276504517
6542.734    	 1.05357718467712
6542.772    	 1.05759930610657
6542.809    	 1.06172132492065
6542.846    	 1.0641016960144
6542.884    	 1.06605982780457
6542.921    	 1.06425619125366
6542.958    	 1.06125044822693
6542.996    	 1.05796468257904
6543.033    	 1.05459272861481
6543.070    	 1.05407571792603
6543.108    	 1.05504381656647
6543.145    	 1.05781674385071
6543.182    	 1.06168794631958
6543.220    	 1.06515312194824
6543.257    	 1.06823766231537
6543.294    	 1.06919360160828
6543.332    	 1.06811237335205
6543.369    	 1.0650429725647
6543.406    	 1.05978345870972
6543.443    	 1.05301094055176
6543.481    	 1.04425394535065
6543.518    	 1.0342344045639
6543.555    	 1.02217578887939
6543.593    	 1.00827598571777
6543.630    	 .990467011928558
6543.667    	 .971069693565369
6543.705    	 .947769939899445
6543.742    	 .924601852893829
6543.779    	 .903163552284241
6543.817    	 .883590877056122
6543.854    	 .874357521533966
6543.891    	 .867292642593384
6543.929    	 .87417995929718
6543.966    	 .88248884677887
6544.003    	 .900236010551453
6544.040    	 .918709814548492
6544.078    	 .941198945045471
6544.115    	 .964072465896606
6544.152    	 .984939813613892
6544.190    	 1.00548887252808
6544.227    	 1.02036869525909
6544.264    	 1.03397929668427
6544.302    	 1.04313123226166
6544.339    	 1.05096244812012
6544.376    	 1.05667185783386
6544.414    	 1.06158816814423
6544.451    	 1.06378126144409
6544.488    	 1.06466996669769
6544.526    	 1.06482028961182
6544.563    	 1.06457567214966
6544.600    	 1.06501591205597
6544.638    	 1.06598448753357
6544.675    	 1.0670120716095
6544.712    	 1.06806004047394
6544.749    	 1.06928646564484
6544.787    	 1.0707094669342
6544.824    	 1.07215976715088
6544.861    	 1.07362794876099
6544.899    	 1.07457852363586
6544.936    	 1.07465589046478
6544.973    	 1.07427620887756
6545.011    	 1.07306814193726
6545.048    	 1.07185709476471
6545.085    	 1.07080471515656
6545.123    	 1.06994915008545
6545.160    	 1.06975615024567
6545.197    	 1.06979393959045
6545.235    	 1.07074081897736
6545.272    	 1.07184851169586
6545.309    	 1.07367491722107
6545.346    	 1.07539749145508
6545.384    	 1.07462430000305
6545.421    	 1.07364046573639
6545.458    	 1.06974422931671
6545.496    	 1.06562292575836
6545.533    	 1.05946731567383
6545.570    	 1.05305349826813
6545.608    	 1.04633700847626
6545.645    	 1.0395655632019
6545.682    	 1.03579914569855
6545.720    	 1.03281807899475
6545.757    	 1.03343033790588
6545.794    	 1.03525364398956
6545.832    	 1.03976249694824
6545.869    	 1.0454021692276
6545.906    	 1.05132246017456
6545.944    	 1.05735468864441
6545.981    	 1.06174635887146
6546.018    	 1.06504487991333
6546.055    	 1.0664005279541
6546.093    	 1.06624293327332
6546.130    	 1.06648528575897
6546.167    	 1.06722700595856
6546.205    	 1.06928241252899
6546.242    	 1.07287609577179
6546.279    	 1.07570922374725
6546.317    	 1.07725524902344
6546.354    	 1.07806539535522
6546.391    	 1.07770371437073
6546.429    	 1.07706034183502
6546.466    	 1.0759688615799
6546.503    	 1.07437646389008
6546.541    	 1.07139623165131
6546.578    	 1.06888544559479
6546.615    	 1.06866061687469
6546.653    	 1.06913244724274
6546.690    	 1.07259261608124
6546.727    	 1.07623946666718
6546.764    	 1.07949900627136
6546.802    	 1.08262097835541
6546.839    	 1.08343040943146
6546.876    	 1.08406090736389
6546.914    	 1.08379542827606
6546.951    	 1.08345282077789
6546.988    	 1.08354651927948
6547.026    	 1.08370280265808
6547.063    	 1.08406972885132
6547.100    	 1.08447980880737
6547.138    	 1.08355963230133
6547.175    	 1.08226847648621
6547.212    	 1.07857239246368
6547.250    	 1.07401823997498
6547.287    	 1.06841146945953
6547.324    	 1.06235158443451
6547.361    	 1.05401170253754
6547.399    	 1.04440927505493
6547.436    	 1.0327742099762
6547.473    	 1.01980125904083
6547.511    	 1.00837957859039
6547.548    	 .998332917690277
6547.585    	 .991374015808105
6547.623    	 .987454175949097
6547.660    	 .986391842365265
6547.697    	 .988593220710754
6547.735    	 .992496967315674
6547.772    	 .998617708683014
6547.809    	 1.00585114955902
6547.847    	 1.01486170291901
6547.884    	 1.0238049030304
6547.921    	 1.03228092193604
6547.959    	 1.04004633426666
6547.996    	 1.04576730728149
6548.033    	 1.05087959766388
6548.070    	 1.05414855480194
6548.108    	 1.05659759044647
6548.145    	 1.05508875846863
6548.182    	 1.05287230014801
6548.220    	 1.04680156707764
6548.257    	 1.04032719135284
6548.294    	 1.03146481513977
6548.332    	 1.02241933345795
6548.369    	 1.00827312469482
6548.406    	 .993688642978668
6548.444    	 .975148379802704
6548.481    	 .956047832965851
6548.518    	 .941595673561096
6548.556    	 .928103148937225
6548.593    	 .922735929489136
6548.630    	 .919595777988434
6548.667    	 .923810243606567
6548.705    	 .930593371391296
6548.742    	 .942886054515839
6548.779    	 .957567393779755
6548.817    	 .973828732967377
6548.854    	 .990875422954559
6548.891    	 1.0061981678009
6548.929    	 1.02032339572906
6548.966    	 1.03171348571777
6549.003    	 1.04093301296234
6549.041    	 1.04844272136688
6549.078    	 1.0544091463089
6549.115    	 1.05971145629883
6549.153    	 1.06434845924377
6549.190    	 1.06798946857452
6549.227    	 1.07024312019348
6549.265    	 1.07163000106812
6549.302    	 1.07163977622986
6549.339    	 1.07215356826782
6549.376    	 1.07403063774109
6549.414    	 1.07695698738098
6549.451    	 1.08260190486908
6549.488    	 1.08807194232941
6549.526    	 1.09210300445557
6549.563    	 1.09522938728333
6549.600    	 1.09413361549377
6549.638    	 1.09274542331696
6549.675    	 1.09160602092743
6549.712    	 1.09062492847443
6549.750    	 1.09194433689117
6549.787    	 1.09344136714935
6549.824    	 1.09501659870148
6549.862    	 1.09659767150879
6549.899    	 1.09903013706207
6549.936    	 1.10156905651093
6549.974    	 1.10311043262482
6550.011    	 1.10446631908417
6550.048    	 1.10435116291046
6550.085    	 1.10386776924133
6550.123    	 1.10158395767212
6550.160    	 1.09871757030487
6550.197    	 1.09690821170807
6550.235    	 1.09554958343506
6550.272    	 1.09717881679535
6550.309    	 1.10031986236572
6550.347    	 1.10452330112457
6550.384    	 1.10932755470276
6550.421    	 1.11245107650757
6550.459    	 1.11427056789398
6550.496    	 1.11452114582062
6550.533    	 1.11341905593872
6550.571    	 1.11177396774292
6550.608    	 1.10963475704193
6550.645    	 1.10791206359863
6550.682    	 1.10679507255554
6550.720    	 1.10696732997894
6550.757    	 1.10917544364929
6550.794    	 1.11142337322235
6550.832    	 1.11344850063324
6550.869    	 1.11505150794983
6550.906    	 1.11562597751617
6550.944    	 1.11621403694153
6550.981    	 1.1170996427536
6551.018    	 1.11823201179504
6551.056    	 1.1203556060791
6551.093    	 1.12259912490845
6551.130    	 1.12512993812561
6551.168    	 1.12743604183197
6551.205    	 1.12709474563599
6551.242    	 1.12655055522919
6551.280    	 1.12603306770325
6551.317    	 1.12551784515381
6551.354    	 1.12726330757141
6551.391    	 1.12921988964081
6551.429    	 1.13028013706207
6551.466    	 1.13120639324188
6551.503    	 1.13006198406219
6551.541    	 1.12848401069641
6551.578    	 1.12641191482544
6551.615    	 1.1242082118988
6551.653    	 1.12389969825745
6551.690    	 1.12426936626434
6551.727    	 1.12602055072784
6551.765    	 1.12836766242981
6551.802    	 1.12947702407837
6551.839    	 1.12988972663879
6551.877    	 1.12877547740936
6551.914    	 1.12667942047119
6551.951    	 1.12429332733154
6551.988    	 1.12172865867615
6552.026    	 1.1190459728241
6552.063    	 1.11626148223877
6552.100    	 1.1131751537323
6552.138    	 1.10974669456482
6552.175    	 1.10551679134369
6552.212    	 1.10019445419312
6552.250    	 1.09302151203156
6552.287    	 1.08281195163727
6552.324    	 1.0709456205368
6552.362    	 1.05604636669159
6552.399    	 1.0407909154892
6552.436    	 1.02518677711487
6552.474    	 1.01057612895966
6552.511    	 .999475657939911
6552.548    	 .990197479724884
6552.586    	 .988181829452515
6552.623    	 .987938523292542
6552.660    	 .996033072471619
6552.697    	 1.00528812408447
6552.735    	 1.0206925868988
6552.772    	 1.03659152984619
6552.809    	 1.05327332019806
6552.847    	 1.07001304626465
6552.884    	 1.08531808853149
6552.921    	 1.1004786491394
6552.959    	 1.11612319946289
6552.996    	 1.13184010982513
6553.033    	 1.14679849147797
6553.071    	 1.16159129142761
6553.108    	 1.17329299449921
6553.145    	 1.18412101268768
6553.183    	 1.19101548194885
6553.220    	 1.19651186466217
6553.257    	 1.19975197315216
6553.294    	 1.20202147960663
6553.332    	 1.20267367362976
6553.369    	 1.20247566699982
6553.406    	 1.20129024982452
6553.444    	 1.19948852062225
6553.481    	 1.19645977020264
6553.518    	 1.19248652458191
6553.556    	 1.18803024291992
6553.593    	 1.18317484855652
6553.630    	 1.17980456352234
6553.668    	 1.17817485332489
6553.705    	 1.17906820774078
6553.742    	 1.18328595161438
6553.780    	 1.18862020969391
6553.817    	 1.19542527198792
6553.854    	 1.2024405002594
6553.892    	 1.20966637134552
6553.929    	 1.21664571762085
6553.966    	 1.22294878959656
6554.003    	 1.22959721088409
6554.041    	 1.23756349086761
6554.078    	 1.24572014808655
6554.115    	 1.25428295135498
6554.153    	 1.26277542114258
6554.190    	 1.27063071727753
6554.227    	 1.27845430374146
6554.265    	 1.28646790981293
6554.302    	 1.29449653625488
6554.339    	 1.30256652832031
6554.377    	 1.31063830852509
6554.414    	 1.31525850296021
6554.451    	 1.31957519054413
6554.489    	 1.32202756404877
6554.526    	 1.32421815395355
6554.563    	 1.32827115058899
6554.601    	 1.3326952457428
6554.638    	 1.33925807476044
6554.675    	 1.3463796377182
6554.712    	 1.35434329509735
6554.750    	 1.36257934570313
6554.787    	 1.36969757080078
6554.824    	 1.3763393163681
6554.862    	 1.38114547729492
6554.899    	 1.38502407073975
6554.936    	 1.38970220088959
6554.974    	 1.39491498470306
6555.011    	 1.40045034885406
6555.048    	 1.40619945526123
6555.086    	 1.41134750843048
6555.123    	 1.41594445705414
6555.160    	 1.42109966278076
6555.198    	 1.42689490318298
6555.235    	 1.43405497074127
6555.272    	 1.44291019439697
6555.309    	 1.4522488117218
6555.347    	 1.46214628219604
6555.384    	 1.47260582447052
6555.421    	 1.48405027389526
6555.459    	 1.49444031715393
6555.496    	 1.50220286846161
6555.533    	 1.50861358642578
6555.571    	 1.51162946224213
6555.608    	 1.51561737060547
6555.645    	 1.52431321144104
6555.683    	 1.53375470638275
6555.720    	 1.54524028301239
6555.757    	 1.55660057067871
6555.795    	 1.56575775146484
6555.832    	 1.57486057281494
6555.869    	 1.58563327789307
6555.907    	 1.59654664993286
6555.944    	 1.60824465751648
6555.981    	 1.62000143527985
6556.018    	 1.63172733783722
6556.056    	 1.64344799518585
6556.093    	 1.65396332740784
6556.130    	 1.66427958011627
6556.168    	 1.67293238639832
6556.205    	 1.68121361732483
6556.242    	 1.68993759155273
6556.280    	 1.69879448413849
6556.317    	 1.70735561847687
6556.354    	 1.71580469608307
6556.392    	 1.72318768501282
6556.429    	 1.73009276390076
6556.466    	 1.7399570941925
6556.504    	 1.75145649909973
6556.541    	 1.76626634597778
6556.578    	 1.7831836938858
6556.615    	 1.79941344261169
6556.653    	 1.81498682498932
6556.690    	 1.82753503322601
6556.727    	 1.83728075027466
6556.765    	 1.84197616577148
6556.802    	 1.84122502803802
6556.839    	 1.83644461631775
6556.877    	 1.82677567005157
6556.914    	 1.81800425052643
6556.951    	 1.81126356124878
6556.989    	 1.80809807777405
6557.026    	 1.81167960166931
6557.063    	 1.8178973197937
6557.101    	 1.8293069601059
6557.138    	 1.84233665466309
6557.175    	 1.85914850234985
6557.213    	 1.87782919406891
6557.250    	 1.90286159515381
6557.287    	 1.92947638034821
6557.324    	 1.96217501163483
6557.362    	 1.99537587165833
6557.399    	 2.02892637252808
6557.436    	 2.06223034858704
6557.474    	 2.09134411811829
6557.511    	 2.12009310722351
6557.548    	 2.14604830741882
6557.586    	 2.17178225517273
6557.623    	 2.19616961479187
6557.660    	 2.22040033340454
6557.698    	 2.23966479301453
6557.735    	 2.2581000328064
6557.772    	 2.27294230461121
6557.810    	 2.28697919845581
6557.847    	 2.29996943473816
6557.884    	 2.31266498565674
6557.922    	 2.32513117790222
6557.959    	 2.33751797676086
6557.996    	 2.35420966148376
6558.033    	 2.37283253669739
6558.071    	 2.39467263221741
6558.108    	 2.41819095611572
6558.145    	 2.44346189498901
6558.183    	 2.4698007106781
6558.220    	 2.49892640113831
6558.257    	 2.53016138076782
6558.295    	 2.56334352493286
6558.332    	 2.59819102287292
6558.369    	 2.63438582420349
6558.407    	 2.67193460464478
6558.444    	 2.70887756347656
6558.481    	 2.74489784240723
6558.519    	 2.78103113174438
6558.556    	 2.81745219230652
6558.593    	 2.8528528213501
6558.630    	 2.88627290725708
6558.668    	 2.91920733451843
6558.705    	 2.95135760307312
6558.742    	 2.98453235626221
6558.780    	 3.02088713645935
6558.817    	 3.0580039024353
6558.854    	 3.09710335731506
6558.892    	 3.13717555999756
6558.929    	 3.18145513534546
6558.966    	 3.22627949714661
6559.004    	 3.27281093597412
6559.041    	 3.31918716430664
6559.078    	 3.36200833320618
6559.116    	 3.40435385704041
6559.153    	 3.43956828117371
6559.190    	 3.47422528266907
6559.228    	 3.50787043571472
6559.265    	 3.54141116142273
6559.302    	 3.57590270042419
6559.339    	 3.61053061485291
6559.377    	 3.64690899848938
6559.414    	 3.68363928794861
6559.451    	 3.72242426872253
6559.489    	 3.76174736022949
6559.526    	 3.79852271080017
6559.563    	 3.83442664146423
6559.601    	 3.86945462226868
6559.638    	 3.90413761138916
6559.675    	 3.94108510017395
6559.713    	 3.97917723655701
6559.750    	 4.0070104598999
6559.787    	 4.02861166000366
6559.825    	 4.02442502975464
6559.862    	 4.00201368331909
6559.899    	 3.98740315437317
6559.936    	 3.98052263259888
6559.974    	 4.01525259017944
6560.011    	 4.09151029586792
6560.048    	 4.16975831985474
6560.086    	 4.24682712554932
6560.123    	 4.3060622215271
6560.160    	 4.33991289138794
6560.198    	 4.36600494384766
6560.235    	 4.38198089599609
6560.272    	 4.39501571655273
6560.310    	 4.40349435806274
6560.347    	 4.41144132614136
6560.384    	 4.41889953613281
6560.422    	 4.42806816101074
6560.459    	 4.44287061691284
6560.496    	 4.460129737854
6560.534    	 4.48591423034668
6560.571    	 4.51260614395142
6560.608    	 4.54081058502197
6560.645    	 4.56860113143921
6560.683    	 4.59181785583496
6560.720    	 4.61428308486938
6560.757    	 4.63029527664185
6560.795    	 4.64574956893921
6560.832    	 4.65659523010254
6560.869    	 4.66708278656006
6560.907    	 4.67096376419067
6560.944    	 4.67410469055176
6560.981    	 4.67360639572144
6561.019    	 4.67251777648926
6561.056    	 4.67603921890259
6561.093    	 4.68057775497437
6561.131    	 4.68396043777466
6561.168    	 4.68700218200684
6561.205    	 4.68553972244263
6561.243    	 4.68249893188477
6561.280    	 4.68010711669922
6561.317    	 4.67803621292114
6561.354    	 4.67876291275024
6561.392    	 4.68093109130859
6561.429    	 4.6819429397583
6561.466    	 4.68217897415161
6561.504    	 4.67558622360229
6561.541    	 4.6640100479126
6561.578    	 4.64609146118164
6561.616    	 4.62295722961426
6561.653    	 4.59808158874512
6561.690    	 4.57179498672485
6561.728    	 4.54478740692139
6561.765    	 4.51702547073364
6561.802    	 4.48986387252808
6561.840    	 4.46364736557007
6561.877    	 4.43955612182617
6561.914    	 4.41901636123657
6561.951    	 4.40004205703735
6561.989    	 4.38378524780273
6562.026    	 4.3673357963562
6562.063    	 4.34987115859985
6562.101    	 4.33200883865356
6562.138    	 4.31310844421387
6562.175    	 4.29534912109375
6562.213    	 4.28264331817627
6562.250    	 4.27085208892822
6562.287    	 4.26204538345337
6562.325    	 4.2537522315979
6562.362    	 4.24784469604492
6562.399    	 4.24258089065552
6562.437    	 4.2442479133606
6562.474    	 4.24658060073853
6562.511    	 4.25622749328613
6562.549    	 4.26643896102905
6562.586    	 4.28349637985229
6562.623    	 4.30127191543579
6562.660    	 4.32720518112183
6562.698    	 4.35439538955688
6562.735    	 4.3895206451416
6562.772    	 4.42629146575928
6562.810    	 4.4649510383606
6562.847    	 4.5040922164917
6562.884    	 4.54434823989868
6562.922    	 4.58496522903442
6562.959    	 4.62821006774902
6562.996    	 4.67252206802368
6563.034    	 4.71325016021729
6563.071    	 4.75216627120972
6563.108    	 4.78634262084961
6563.146    	 4.81778573989868
6563.183    	 4.84988164901733
6563.220    	 4.88256072998047
6563.257    	 4.91672039031982
6563.295    	 4.95206832885742
6563.332    	 4.98876428604126
6563.369    	 5.02668905258179
6563.407    	 5.06531763076782
6563.444    	 5.104651927948
6563.481    	 5.14165353775024
6563.519    	 5.17542552947998
6563.556    	 5.20204305648804
6563.593    	 5.2175235748291
6563.631    	 5.22763586044312
6563.668    	 5.22898006439209
6563.705    	 5.22697019577026
6563.743    	 5.21863889694214
6563.780    	 5.20373630523682
6563.817    	 5.17121934890747
6563.855    	 5.1316556930542
6563.892    	 5.07116365432739
6563.929    	 5.00676441192627
6563.966    	 4.93116283416748
6564.004    	 4.85624980926514
6564.041    	 4.79168796539307
6564.078    	 4.72980976104736
6564.116    	 4.68798065185547
6564.153    	 4.64869928359985
6564.190    	 4.63201665878296
6564.228    	 4.61708307266235
6564.265    	 4.61810541152954
6564.302    	 4.6203875541687
6564.340    	 4.62306118011475
6564.377    	 4.62578344345093
6564.414    	 4.63228940963745
6564.452    	 4.63945722579956
6564.489    	 4.65152835845947
6564.526    	 4.66472196578979
6564.564    	 4.6715841293335
6564.601    	 4.67658090591431
6564.638    	 4.66642713546753
6564.675    	 4.6508617401123
6564.713    	 4.62212944030762
6564.750    	 4.58780574798584
6564.787    	 4.55447101593018
6564.825    	 4.52184009552002
6564.862    	 4.49043750762939
6564.899    	 4.45976781845093
6564.937    	 4.42491388320923
6564.974    	 4.38697624206543
6565.011    	 4.34626626968384
6565.049    	 4.30336666107178
6565.086    	 4.25703048706055
6565.123    	 4.20739603042603
6565.161    	 4.15536785125732
6565.198    	 4.10078811645508
6565.235    	 4.04742670059204
6565.272    	 3.99601435661316
6565.310    	 3.94289898872375
6565.347    	 3.88673233985901
6565.384    	 3.83046936988831
6565.422    	 3.77445316314697
6565.459    	 3.71999883651733
6565.496    	 3.66921734809875
6565.534    	 3.61841106414795
6565.571    	 3.56670498847961
6565.608    	 3.51490092277527
6565.646    	 3.46296238899231
6565.683    	 3.41219830513
6565.720    	 3.36717009544373
6565.758    	 3.32323431968689
6565.795    	 3.28370475769043
6565.832    	 3.24445009231567
6565.870    	 3.20446848869324
6565.907    	 3.16420364379883
6565.944    	 3.11879992485046
6565.981    	 3.07300615310669
6566.019    	 3.02636647224426
6566.056    	 2.97966885566711
6566.093    	 2.93597078323364
6566.131    	 2.89264440536499
6566.168    	 2.85156488418579
6566.205    	 2.81087279319763
6566.243    	 2.77029871940613
6566.280    	 2.72975325584412
6566.317    	 2.68797135353088
6566.355    	 2.64584422111511
6566.392    	 2.60424590110779
6566.429    	 2.56284379959106
6566.467    	 2.52530479431152
6566.504    	 2.48939418792725
6566.541    	 2.45805668830872
6566.578    	 2.42897319793701
6566.616    	 2.40068483352661
6566.653    	 2.37278437614441
6566.690    	 2.34468793869019
6566.728    	 2.31643795967102
6566.765    	 2.28855586051941
6566.802    	 2.26098608970642
6566.840    	 2.23554611206055
6566.877    	 2.2121319770813
6566.914    	 2.1900360584259
6566.952    	 2.16925954818726
6566.989    	 2.14767169952393
6567.026    	 2.12488698959351
6567.064    	 2.10101985931396
6567.101    	 2.07560396194458
6567.138    	 2.0512707233429
6567.176    	 2.029141664505
6567.213    	 2.00804972648621
6567.250    	 1.98888647556305
6567.287    	 1.96948909759521
6567.325    	 1.94906866550446
6567.362    	 1.92836236953735
6567.399    	 1.90695071220398
6567.437    	 1.88613057136536
6567.474    	 1.8680579662323
6567.511    	 1.85066795349121
6567.549    	 1.8359797000885
6567.586    	 1.82127583026886
6567.623    	 1.80470263957977
6567.661    	 1.78793144226074
6567.698    	 1.77034950256348
6567.735    	 1.75275528430939
6567.773    	 1.73708748817444
6567.810    	 1.7215713262558
6567.847    	 1.70935070514679
6567.885    	 1.69744789600372
6567.922    	 1.68641901016235
6567.959    	 1.67551457881927
6567.996    	 1.66289126873016
6568.034    	 1.64994084835052
6568.071    	 1.63547778129578
6568.108    	 1.62064957618713
6568.146    	 1.6080162525177
6568.183    	 1.59606051445007
6568.220    	 1.58576285839081
6568.258    	 1.57606792449951
6568.295    	 1.56352341175079
6568.332    	 1.54969418048859
6568.370    	 1.53422617912292
6568.407    	 1.517937541008
6568.444    	 1.50223648548126
6568.482    	 1.48693549633026
6568.519    	 1.4716112613678
6568.556    	 1.45625126361847
6568.593    	 1.44210851192474
6568.631    	 1.4290018081665
6568.668    	 1.4169248342514
6568.705    	 1.40579497814178
6568.743    	 1.3952409029007
6568.780    	 1.38527369499207
6568.817    	 1.37626767158508
6568.855    	 1.36850190162659
6568.892    	 1.36247134208679
6568.929    	 1.35904955863953
6568.967    	 1.35589945316315
6569.004    	 1.35289800167084
6569.041    	 1.34942984580994
6569.079    	 1.34488928318024
6569.116    	 1.34036684036255
6569.153    	 1.33611047267914
6569.191    	 1.33186900615692
6569.228    	 1.32760834693909
6569.265    	 1.32327330112457
6569.302    	 1.31862270832062
6569.340    	 1.31399583816528
6569.377    	 1.30963885784149
6569.414    	 1.305548787117
6569.452    	 1.3034735918045
6569.489    	 1.30150270462036
6569.526    	 1.29883718490601
6569.564    	 1.29602956771851
6569.601    	 1.29006457328796
6569.638    	 1.28385639190674
6569.676    	 1.27719461917877
6569.713    	 1.27049255371094
6569.750    	 1.26578092575073
6569.788    	 1.26133930683136
6569.825    	 1.25803196430206
6569.862    	 1.25493121147156
6569.899    	 1.25159668922424
6569.937    	 1.2482054233551
6569.974    	 1.24368762969971
6570.011    	 1.23884117603302
6570.049    	 1.23451888561249
6570.086    	 1.23039042949677
6570.123    	 1.22602260112762
6570.161    	 1.22154819965363
6570.198    	 1.21721744537354
6570.235    	 1.21296310424805
6570.273    	 1.21001255512238
6570.310    	 1.20783269405365
6570.347    	 1.20529973506927
6570.385    	 1.20248627662659
6570.422    	 1.19870150089264
6570.459    	 1.19414937496185
6570.497    	 1.18942189216614
6570.534    	 1.1845805644989
6570.571    	 1.18115723133087
6570.608    	 1.17928576469421
6570.646    	 1.17787182331085
6570.683    	 1.17689561843872
6570.720    	 1.17398202419281
6570.758    	 1.16815531253815
6570.795    	 1.1625143289566
6570.832    	 1.1575676202774
6570.870    	 1.1541485786438
6570.907    	 1.15376627445221
6570.944    	 1.1540150642395
6570.982    	 1.15526044368744
6571.019    	 1.15634953975677
6571.056    	 1.15674519538879
6571.094    	 1.15676438808441
6571.131    	 1.15557265281677
6571.168    	 1.15400397777557
6571.206    	 1.1510636806488
6571.243    	 1.14768028259277
6571.280    	 1.14208567142487
6571.317    	 1.13627684116364
6571.355    	 1.13002574443817
6571.392    	 1.12394428253174
6571.429    	 1.12143194675446
6571.467    	 1.11922442913055
6571.504    	 1.11907112598419
6571.541    	 1.11907684803009
6571.579    	 1.11802995204926
6571.616    	 1.11687350273132
6571.653    	 1.11124277114868
6571.691    	 1.1049497127533
6571.728    	 1.09315955638885
6571.765    	 1.08029770851135
6571.803    	 1.06632697582245
6571.840    	 1.05209529399872
6571.877    	 1.03958714008331
6571.914    	 1.0276118516922
6571.952    	 1.01850092411041
6571.989    	 1.01043629646301
6572.026    	 1.00694465637207
6572.064    	 1.00543189048767
6572.101    	 1.00734722614288
6572.138    	 1.0109680891037
6572.176    	 1.01506495475769
6572.213    	 1.01938116550446
6572.250    	 1.02421391010284
6572.288    	 1.02939856052399
6572.325    	 1.03542423248291
6572.362    	 1.04211413860321
6572.400    	 1.04953503608704
6572.437    	 1.05760025978088
6572.474    	 1.06503248214722
6572.512    	 1.07172441482544
6572.549    	 1.07717907428741
6572.586    	 1.08113670349121
6572.623    	 1.08440113067627
6572.661    	 1.08680605888367
6572.698    	 1.08895921707153
6572.735    	 1.09078788757324
6572.773    	 1.09223616123199
6572.810    	 1.09296214580536
6572.847    	 1.09329783916473
6572.885    	 1.09282112121582
6572.922    	 1.09204709529877
6572.959    	 1.09058356285095
6572.997    	 1.08877491950989
6573.034    	 1.08590972423553
6573.071    	 1.08333790302277
6573.109    	 1.08247447013855
6573.146    	 1.08192467689514
6573.183    	 1.08249151706696
6573.220    	 1.08299911022186
6573.258    	 1.08224201202393
6573.295    	 1.08125722408295
6573.332    	 1.07836091518402
6573.370    	 1.07535374164581
6573.407    	 1.07374119758606
6573.444    	 1.07223689556122
6573.482    	 1.07280910015106
6573.519    	 1.07357120513916
6573.556    	 1.07246446609497
6573.594    	 1.07110857963562
6573.631    	 1.06873822212219
6573.668    	 1.06618845462799
6573.706    	 1.06599342823029
6573.743    	 1.06633651256561
6573.780    	 1.06585288047791
6573.818    	 1.06512892246246
6573.855    	 1.06425130367279
6573.892    	 1.06332612037659
6573.929    	 1.064204454422
6573.967    	 1.06581521034241
6574.004    	 1.0692800283432
6574.041    	 1.07360792160034
6574.079    	 1.07664179801941
6574.116    	 1.07892227172852
6574.153    	 1.07868337631226
6574.191    	 1.07684540748596
6574.228    	 1.07433021068573
6574.265    	 1.07138979434967
6574.303    	 1.06711518764496
6574.340    	 1.06171321868896
6574.377    	 1.05351161956787
6574.415    	 1.04259967803955
6574.452    	 1.03033101558685
6574.489    	 1.01672530174255
6574.527    	 1.00308430194855
6574.564    	 .989524185657501
6574.601    	 .975655913352966
6574.638    	 .961302042007446
6574.676    	 .94816255569458
6574.713    	 .937271535396576
6574.750    	 .92923367023468
6574.788    	 .926881670951843
6574.825    	 .92654937505722
6574.862    	 .93023282289505
6574.900    	 .934365034103394
6574.937    	 .938945412635803
6574.974    	 .943672180175781
6575.012    	 .948822617530823
6575.049    	 .954922795295715
6575.086    	 .965394854545593
6575.124    	 .976640641689301
6575.161    	 .990684270858765
6575.198    	 1.00462079048157
6575.235    	 1.01564741134644
6575.273    	 1.0262508392334
6575.310    	 1.0338259935379
6575.347    	 1.04111421108246
6575.385    	 1.0462394952774
6575.422    	 1.05119657516479
6575.459    	 1.05410385131836
6575.497    	 1.05682182312012
6575.534    	 1.05844140052795
6575.571    	 1.05991518497467
6575.609    	 1.06064689159393
6575.646    	 1.06124806404114
6575.683    	 1.06149017810822
6575.721    	 1.06165301799774
6575.758    	 1.06055676937103
6575.795    	 1.05911374092102
6575.833    	 1.05809855461121
6575.870    	 1.0572327375412
6575.907    	 1.05627799034119
6575.944    	 1.05528450012207
6575.982    	 1.05405521392822
6576.019    	 1.05271744728088
6576.056    	 1.05249762535095
6576.094    	 1.05288684368134
6576.131    	 1.05490875244141
6576.168    	 1.05792832374573
6576.206    	 1.06018900871277
6576.243    	 1.06185221672058
6576.280    	 1.06157326698303
6576.318    	 1.05971503257751
6576.355    	 1.05721926689148
6576.392    	 1.05422103404999
6576.430    	 1.05173873901367
6576.467    	 1.04986119270325
6576.504    	 1.04847228527069
6576.541    	 1.04764461517334
6576.579    	 1.04761326313019
6576.616    	 1.04868113994598
6576.653    	 1.0500727891922
6576.691    	 1.05187463760376
6576.728    	 1.05333650112152
6576.765    	 1.05406951904297
6576.803    	 1.05414664745331
6576.840    	 1.05282986164093
6576.877    	 1.05134344100952
6576.915    	 1.04967701435089
6576.952    	 1.04837548732758
6576.989    	 1.04834008216858
6577.027    	 1.04901397228241
6577.064    	 1.05223572254181
6577.101    	 1.05546057224274
6577.139    	 1.05767107009888
6577.176    	 1.05958330631256
6577.213    	 1.05990362167358
6577.250    	 1.06011807918549
6577.288    	 1.060506939888
6577.325    	 1.06088173389435
6577.362    	 1.06071829795837
6577.400    	 1.06051075458527
6577.437    	 1.06008040904999
6577.474    	 1.05963277816772
6577.512    	 1.05929636955261
6577.549    	 1.0589714050293
6577.586    	 1.06049954891205
6577.624    	 1.0622935295105
6577.661    	 1.06465649604797
6577.698    	 1.0671238899231
6577.736    	 1.06720852851868
6577.773    	 1.06673359870911
6577.810    	 1.06463873386383
6577.847    	 1.0620893239975
6577.885    	 1.06017124652863
6577.922    	 1.05847775936127
6577.959    	 1.05881750583649
6577.997    	 1.05997169017792
6578.034    	 1.06228220462799
6578.071    	 1.06511306762695
6578.109    	 1.06649374961853
6578.146    	 1.06706440448761
6578.183    	 1.0653235912323
6578.221    	 1.06216263771057
6578.258    	 1.05950582027435
6578.295    	 1.05728316307068
6578.333    	 1.05696082115173
6578.370    	 1.05818557739258
6578.407    	 1.05975008010864
6578.445    	 1.06153345108032
6578.482    	 1.06359684467316
6578.519    	 1.06594681739807
6578.556    	 1.06785106658936
6578.594    	 1.06917703151703
6578.631    	 1.06892955303192
6578.668    	 1.06650006771088
6578.706    	 1.06391906738281
6578.743    	 1.06135189533234
6578.780    	 1.05906891822815
6578.818    	 1.05732548236847
6578.855    	 1.05564856529236
6578.892    	 1.05403053760529
6578.930    	 1.05277812480927
6578.967    	 1.05247747898102
6579.004    	 1.05260848999023
6579.042    	 1.05387675762177
6579.079    	 1.05508542060852
6579.116    	 1.05573117733002
6579.154    	 1.05583775043488
6579.191    	 1.0535306930542
6579.228    	 1.05133354663849
6579.265    	 1.05101156234741
6579.303    	 1.05113971233368
6579.340    	 1.05402326583862
6579.377    	 1.05689942836761
6579.415    	 1.05660772323608
6579.452    	 1.05604875087738
6579.489    	 1.05472099781036
6579.527    	 1.05333387851715
6579.564    	 1.05499231815338
6579.601    	 1.0569075345993
6579.639    	 1.05833327770233
6579.676    	 1.05969882011414
6579.713    	 1.05781972408295
6579.751    	 1.05541372299194
6579.788    	 1.05482649803162
6579.825    	 1.05461895465851
6579.862    	 1.05702984333038
6579.900    	 1.06010007858276
6579.937    	 1.06213891506195
6579.974    	 1.06385207176208
6580.012    	 1.06412100791931
6580.049    	 1.06387495994568
6580.086    	 1.06360852718353
6580.124    	 1.06334674358368
6580.161    	 1.0630339384079
6580.198    	 1.06269598007202
6580.236    	 1.0609415769577
6580.273    	 1.0583883523941
6580.310    	 1.05437445640564
6580.348    	 1.04945003986359
6580.385    	 1.0446172952652
6580.422    	 1.0398987531662
6580.460    	 1.03538382053375
6580.497    	 1.03103423118591
6580.534    	 1.02700114250183
6580.571    	 1.02326118946075
6580.609    	 1.01911866664886
6580.646    	 1.01451218128204
6580.683    	 1.01095104217529
6580.721    	 1.00873804092407
6580.758    	 1.00839638710022
6580.795    	 1.01058983802795
6580.833    	 1.01349461078644
6580.870    	 1.0172621011734
6580.907    	 1.02037084102631
6580.945    	 1.02211010456085
6580.982    	 1.02419888973236
6581.019    	 1.02728354930878
6581.057    	 1.03049576282501
6581.094    	 1.03384602069855
6581.131    	 1.03711867332458
6581.168    	 1.04012143611908
6581.206    	 1.04330956935883
6581.243    	 1.04726839065552
6581.280    	 1.050745844841
6581.318    	 1.05172061920166
6581.355    	 1.05237102508545
6581.392    	 1.05222249031067
6581.430    	 1.0521160364151
6581.467    	 1.05285346508026
6581.504    	 1.05354833602905
6581.542    	 1.05291843414307
6581.579    	 1.0522084236145
6581.616    	 1.05202186107635
6581.654    	 1.05188250541687
6581.691    	 1.05291831493378
6581.728    	 1.05404496192932
6581.766    	 1.0561683177948
6581.803    	 1.05839848518372
6581.840    	 1.06156516075134
6581.877    	 1.0648672580719
6581.915    	 1.066610455513
6581.952    	 1.06806170940399
6581.989    	 1.06761789321899
6582.027    	 1.06673979759216
6582.064    	 1.06535279750824
6582.101    	 1.0638302564621
6582.139    	 1.06352126598358
6582.176    	 1.06361567974091
6582.213    	 1.06270837783813
6582.251    	 1.06140434741974
6582.288    	 1.05838549137115
6582.325    	 1.05460858345032
6582.363    	 1.05176913738251
6582.400    	 1.04943954944611
6582.437    	 1.04867041110992
6582.475    	 1.04880440235138
6582.512    	 1.04871463775635
6582.549    	 1.04843306541443
6582.586    	 1.04928994178772
6582.624    	 1.051029920578
6582.661    	 1.053182721138
6582.698    	 1.0556412935257
6582.736    	 1.05695140361786
6582.773    	 1.05710649490356
6582.810    	 1.05591881275177
6582.848    	 1.05331909656525
6582.885    	 1.05117535591125
6582.922    	 1.04974246025085
6582.960    	 1.04869914054871
6582.997    	 1.04814577102661
6583.034    	 1.04695785045624
6583.072    	 1.04465675354004
6583.109    	 1.04243659973145
6583.146    	 1.04052770137787
6583.183    	 1.03927361965179
6583.221    	 1.03941452503204
6583.258    	 1.0395679473877
6583.295    	 1.03948450088501
6583.333    	 1.03892934322357
6583.370    	 1.03698885440826
6583.407    	 1.03477096557617
6583.445    	 1.03191840648651
6583.482    	 1.02966666221619
6583.519    	 1.03034126758575
6583.557    	 1.03147959709167
6583.594    	 1.03399860858917
6583.631    	 1.03638350963593
6583.669    	 1.03693532943726
6583.706    	 1.03742659091949
6583.743    	 1.03881347179413
6583.781    	 1.04044818878174
6583.818    	 1.04555892944336
6583.855    	 1.05090737342834
6583.892    	 1.05436432361603
6583.930    	 1.05767428874969
6583.967    	 1.05750215053558
6584.004    	 1.05699646472931
6584.042    	 1.05608534812927
6584.079    	 1.05512154102325
6584.116    	 1.05583930015564
6584.154    	 1.05684351921082
6584.191    	 1.05882024765015
6584.228    	 1.06100010871887
6584.266    	 1.06194877624512
6584.303    	 1.06257915496826
6584.340    	 1.06210577487946
6584.378    	 1.06130146980286
6584.415    	 1.06047809123993
6584.452    	 1.05965483188629
6584.489    	 1.05868208408356
6584.527    	 1.05764758586884
6584.564    	 1.05640363693237
6584.601    	 1.05506193637848
6584.639    	 1.05396842956543
6584.676    	 1.05301356315613
6584.713    	 1.05171287059784
6584.751    	 1.05019283294678
6584.788    	 1.04935956001282
6584.825    	 1.0490186214447
6584.863    	 1.04976308345795
6584.900    	 1.05134201049805
6584.937    	 1.0521000623703
6584.975    	 1.0520693063736
6585.012    	 1.05123722553253
6585.049    	 1.04964959621429
6585.087    	 1.04829859733582
6585.124    	 1.04728031158447
6585.161    	 1.04716432094574
6585.198    	 1.04818642139435
6585.236    	 1.04933774471283
6585.273    	 1.05055677890778
6585.310    	 1.05067002773285
6585.348    	 1.04892313480377
6585.385    	 1.04715025424957
6585.422    	 1.04559135437012
6585.460    	 1.04416716098785
6585.497    	 1.04300498962402
6585.534    	 1.04215037822723
6585.572    	 1.04203414916992
6585.609    	 1.04192328453064
6585.646    	 1.04166162014008
6585.684    	 1.04121923446655
6585.721    	 1.04016804695129
6585.758    	 1.03914654254913
6585.796    	 1.03845548629761
6585.833    	 1.03784966468811
6585.870    	 1.03757154941559
6585.907    	 1.03751516342163
6585.945    	 1.03886497020721
6585.982    	 1.04045701026917
6586.019    	 1.04339778423309
6586.057    	 1.04629075527191
6586.094    	 1.04675483703613
6586.131    	 1.04691159725189
6586.169    	 1.04264450073242
6586.206    	 1.0380357503891
6586.243    	 1.03184461593628
6586.281    	 1.02552235126495
6586.318    	 1.01653468608856
6586.355    	 1.00723576545715
6586.393    	 .997876048088074
6586.430    	 .988509654998779
6586.467    	 .985671162605286
6586.504    	 .984086930751801
6586.542    	 .985103368759155
6586.579    	 .986713469028473
6586.616    	 .987773776054382
6586.654    	 .988672494888306
6586.691    	 .989864230155945
6586.728    	 .991154372692108
6586.766    	 .992631137371063
6586.803    	 .994176089763641
6586.840    	 .998048543930054
6586.878    	 1.00293135643005
6586.915    	 1.01038980484009
6586.952    	 1.01909482479095
6586.990    	 1.02726984024048
6587.027    	 1.03509902954102
6587.064    	 1.04081165790558
6587.102    	 1.0451877117157
6587.139    	 1.04742217063904
6587.176    	 1.04818022251129
6587.213    	 1.0484436750412
6587.251    	 1.04838883876801
6587.288    	 1.0499769449234
6587.325    	 1.05308306217194
6587.363    	 1.05648934841156
6587.400    	 1.06009268760681
6587.437    	 1.06187117099762
6587.475    	 1.06152856349945
6587.512    	 1.06016039848328
6587.549    	 1.05765867233276
6587.587    	 1.05514860153198
6587.624    	 1.05274760723114
6587.661    	 1.05106639862061
6587.699    	 1.05056893825531
6587.736    	 1.05080437660217
6587.773    	 1.05226194858551
6587.810    	 1.05376350879669
6587.848    	 1.05516362190247
6587.885    	 1.05681133270264
6587.922    	 1.05909717082977
6587.960    	 1.0613100528717
6587.997    	 1.06317150592804
6588.034    	 1.06430006027222
6588.072    	 1.06300008296967
6588.109    	 1.06136083602905
6588.146    	 1.05908000469208
6588.184    	 1.05712139606476
6588.221    	 1.05704689025879
6588.258    	 1.05715048313141
6588.296    	 1.05747544765472
6588.333    	 1.05762159824371
6588.370    	 1.05606770515442
6588.408    	 1.05440974235535
6588.445    	 1.05309057235718
6588.482    	 1.05187225341797
6588.519    	 1.0523829460144
6588.557    	 1.05303752422333
6588.594    	 1.05467963218689
6588.631    	 1.05639779567719
6588.669    	 1.05637955665588
6588.706    	 1.0561900138855
6588.743    	 1.05450236797333
6588.781    	 1.05261754989624
6588.818    	 1.0532842874527
6588.855    	 1.05437994003296
6588.893    	 1.05704665184021
6588.930    	 1.06003260612488
6588.967    	 1.06150782108307
6589.005    	 1.06260645389557
6589.042    	 1.06168484687805
6589.079    	 1.06018233299255
6589.117    	 1.05875253677368
6589.154    	 1.05735850334167
6589.191    	 1.0569429397583
6589.228    	 1.05690658092499
6589.266    	 1.0574643611908
6589.303    	 1.0582754611969
6589.340    	 1.05960512161255
6589.378    	 1.06118774414063
6589.415    	 1.06209981441498
6589.452    	 1.06262099742889
6589.490    	 1.06103944778442
6589.527    	 1.05812859535217
6589.564    	 1.05515038967133
6589.602    	 1.05218899250031
6589.639    	 1.05078542232513
6589.676    	 1.05063581466675
6589.714    	 1.05157208442688
6589.751    	 1.05340826511383
6589.788    	 1.05553698539734
6589.825    	 1.05789649486542
6589.863    	 1.05969548225403
6589.900    	 1.06084251403809
6589.937    	 1.06147706508636
6589.975    	 1.0615222454071
6590.012    	 1.06190252304077
6590.049    	 1.06282091140747
6590.087    	 1.06341981887817
6590.124    	 1.06344354152679
6590.161    	 1.06269538402557
6590.199    	 1.06062543392181
6590.236    	 1.05867910385132
6590.273    	 1.05718886852264
6590.311    	 1.05682384967804
6590.348    	 1.05902767181396
6590.385    	 1.0612735748291
6590.423    	 1.06311106681824
6590.460    	 1.06407701969147
6590.497    	 1.06238496303558
6590.534    	 1.06057953834534
6590.572    	 1.05910050868988
6590.609    	 1.05759429931641
6590.646    	 1.05585372447968
6590.684    	 1.05394601821899
6590.721    	 1.05120921134949
6590.758    	 1.04842281341553
6590.796    	 1.04573154449463
6590.833    	 1.04313266277313
6590.870    	 1.0413498878479
6590.908    	 1.03985524177551
6590.945    	 1.04163479804993
6590.982    	 1.04371559619904
6591.020    	 1.04716122150421
6591.057    	 1.0507048368454
6591.094    	 1.05285000801086
6591.131    	 1.05488657951355
6591.169    	 1.05621480941772
6591.206    	 1.05746972560883
6591.243    	 1.05733811855316
6591.281    	 1.05701899528503
6591.318    	 1.05554509162903
6591.355    	 1.05387663841248
6591.393    	 1.05326783657074
6591.430    	 1.0528792142868
6591.467    	 1.05365359783173
6591.505    	 1.05471038818359
6591.542    	 1.05448114871979
6591.579    	 1.05387854576111
6591.617    	 1.05217206478119
6591.654    	 1.05010664463043
6591.691    	 1.04881644248962
6591.729    	 1.04782927036285
6591.766    	 1.04812455177307
6591.803    	 1.04896605014801
6591.840    	 1.04956638813019
6591.878    	 1.05003213882446
6591.915    	 1.04907941818237
6591.952    	 1.04735207557678
6591.990    	 1.04524755477905
6592.027    	 1.0429425239563
6592.064    	 1.04116630554199
6592.102    	 1.03976368904114
6592.139    	 1.03992128372192
6592.176    	 1.04125809669495
6592.214    	 1.04415726661682
6592.251    	 1.04832398891449
6592.288    	 1.05097937583923
6592.326    	 1.05210781097412
6592.363    	 1.05256068706512
6592.400    	 1.0524115562439
6592.438    	 1.05181515216827
6592.475    	 1.05074036121368
6592.512    	 1.0491863489151
6592.549    	 1.04704451560974
6592.587    	 1.04589557647705
6592.624    	 1.04627811908722
6592.661    	 1.0469810962677
6592.699    	 1.04802894592285
6592.736    	 1.04841792583466
6592.773    	 1.04752969741821
6592.811    	 1.0462087392807
6592.848    	 1.04417431354523
6592.885    	 1.04251539707184
6592.923    	 1.04188668727875
6592.960    	 1.04170322418213
6592.997    	 1.04253470897675
6593.035    	 1.04322171211243
6593.072    	 1.04320347309113
6593.109    	 1.04285085201263
6593.146    	 1.04144442081451
6593.184    	 1.04013538360596
6593.221    	 1.03961825370789
6593.258    	 1.03961646556854
6593.296    	 1.04209792613983
6593.333    	 1.04468476772308
6593.370    	 1.04669296741486
6593.408    	 1.04838716983795
6593.445    	 1.04762017726898
6593.482    	 1.04665470123291
6593.520    	 1.0455641746521
6593.557    	 1.04451644420624
6593.594    	 1.0446594953537
6593.632    	 1.04489755630493
6593.669    	 1.0453599691391
6593.706    	 1.04583954811096
6593.744    	 1.04508233070374
6593.781    	 1.04421103000641
6593.818    	 1.04484570026398
6593.855    	 1.04566502571106
6593.893    	 1.04475963115692
6593.930    	 1.04358720779419
6593.967    	 1.03855407238007
6594.005    	 1.03279614448547
6594.042    	 1.02834343910217
6594.079    	 1.02419185638428
6594.117    	 1.02313339710236
6594.154    	 1.02288424968719
6594.191    	 1.02352070808411
6594.229    	 1.0244128704071
6594.266    	 1.02516067028046
6594.303    	 1.02585315704346
6594.341    	 1.02672433853149
6594.378    	 1.02766740322113
6594.415    	 1.02931439876556
6594.452    	 1.03127288818359
6594.490    	 1.03307914733887
6594.527    	 1.03479909896851
6594.564    	 1.03564095497131
6594.602    	 1.03599488735199
6594.639    	 1.03533983230591
6594.676    	 1.03407621383667
6594.714    	 1.03417193889618
6594.751    	 1.03523862361908
6594.788    	 1.03773522377014
6594.826    	 1.04128050804138
6594.863    	 1.04456079006195
6594.900    	 1.04755210876465
6594.938    	 1.0491818189621
6594.975    	 1.04954314231873
6595.012    	 1.04926955699921
6595.050    	 1.04842531681061
6595.087    	 1.04802560806274
6595.124    	 1.04819023609161
6595.161    	 1.04868054389954
6595.199    	 1.04953837394714
6595.236    	 1.0508040189743
6595.273    	 1.05261623859406
6595.311    	 1.05481028556824
6595.348    	 1.0575510263443
6595.385    	 1.05929064750671
6595.423    	 1.05916953086853
6595.460    	 1.05831336975098
6595.497    	 1.05625987052917
6595.535    	 1.05460453033447
6595.572    	 1.05405163764954
6595.609    	 1.05371403694153
6595.647    	 1.05371713638306
6595.684    	 1.05373084545135
6595.721    	 1.05370020866394
6595.759    	 1.05338251590729
6595.796    	 1.05210185050964
6595.833    	 1.05067503452301
6595.870    	 1.04895675182343
6595.908    	 1.04745817184448
6595.945    	 1.04710292816162
6595.982    	 1.04696047306061
6596.020    	 1.04754197597504
6596.057    	 1.0480831861496
6596.094    	 1.04793107509613
6596.132    	 1.04765343666077
6596.169    	 1.04668271541595
6596.206    	 1.04570889472961
6596.244    	 1.0454261302948
6596.281    	 1.04528188705444
6596.318    	 1.04714071750641
6596.356    	 1.04911601543427
6596.393    	 1.04835784435272
6596.430    	 1.04738795757294
6596.467    	 1.04340934753418
6596.505    	 1.03915739059448
6596.542    	 1.03654062747955
6596.579    	 1.03412008285522
6596.617    	 1.03478908538818
6596.654    	 1.03591966629028
6596.691    	 1.0389791727066
6596.729    	 1.04238533973694
6596.766    	 1.04387640953064
6596.803    	 1.04495143890381
6596.841    	 1.04385876655579
6596.878    	 1.04222691059113
6596.915    	 1.03992569446564
6596.953    	 1.03743934631348
6596.990    	 1.03793895244598
6597.027    	 1.03942716121674
6597.065    	 1.04258954524994
6597.102    	 1.04635453224182
6597.139    	 1.04875123500824
6597.176    	 1.05055773258209
6597.214    	 1.05164217948914
6597.251    	 1.05240499973297
6597.288    	 1.05352437496185
6597.326    	 1.05484104156494
6597.363    	 1.05537760257721
6597.400    	 1.05545341968536
6597.438    	 1.05490231513977
6597.475    	 1.05396771430969
6597.512    	 1.05346214771271
6597.550    	 1.05328035354614
6597.587    	 1.05372905731201
6597.624    	 1.05465531349182
6597.662    	 1.05487704277039
6597.699    	 1.05445992946625
6597.736    	 1.0527777671814
6597.773    	 1.04993152618408
6597.811    	 1.04731297492981
6597.848    	 1.04502141475677
6597.885    	 1.04342496395111
6597.923    	 1.04260754585266
6597.960    	 1.04217350482941
6597.997    	 1.04215824604034
6598.035    	 1.04275989532471
6598.072    	 1.04419207572937
6598.109    	 1.04569530487061
6598.147    	 1.04721474647522
6598.184    	 1.04774689674377
6598.221    	 1.04655718803406
6598.259    	 1.04503846168518
6598.296    	 1.04312825202942
6598.333    	 1.04153084754944
6598.371    	 1.04067552089691
6598.408    	 1.03981971740723
6598.445    	 1.03882658481598
6598.482    	 1.03756880760193
6598.520    	 1.03560769557953
6598.557    	 1.03398370742798
6598.594    	 1.03359150886536
6598.632    	 1.03371560573578
6598.669    	 1.0353798866272
6598.706    	 1.03687071800232
6598.744    	 1.03712797164917
6598.781    	 1.03688895702362
6598.818    	 1.03461837768555
6598.856    	 1.03212511539459
6598.893    	 1.02921605110168
6598.930    	 1.02631115913391
6598.968    	 1.02368128299713
6599.005    	 1.02126002311707
6599.042    	 1.02074205875397
6599.080    	 1.02035617828369
6599.117    	 1.01976025104523
6599.154    	 1.01914620399475
6599.191    	 1.01848101615906
6599.229    	 1.01780486106873
6599.266    	 1.01660025119781
6599.303    	 1.01535487174988
6599.341    	 1.01530063152313
6599.378    	 1.01535379886627
6599.415    	 1.01669645309448
6599.453    	 1.01818954944611
6599.490    	 1.0188159942627
6599.527    	 1.01931595802307
6599.565    	 1.01924645900726
6599.602    	 1.01907813549042
6599.639    	 1.01900696754456
6599.677    	 1.01895678043365
6599.714    	 1.0205283164978
6599.751    	 1.02248811721802
6599.788    	 1.0251932144165
6599.826    	 1.02809727191925
6599.863    	 1.02975761890411
6599.900    	 1.03102576732635
6599.938    	 1.03294169902802
6599.975    	 1.0350935459137
6600.012    	 1.03808152675629
6600.050    	 1.0413932800293
6600.087    	 1.04436206817627
6600.124    	 1.04717075824738
6600.162    	 1.04750120639801
6600.199    	 1.04662728309631
6600.236    	 1.04388678073883
6600.274    	 1.04018151760101
6600.311    	 1.03767001628876
6600.348    	 1.03590738773346
6600.386    	 1.03618097305298
6600.423    	 1.03775537014008
6600.460    	 1.03812086582184
6600.497    	 1.03755187988281
6600.535    	 1.03646087646484
6600.572    	 1.03500854969025
6600.609    	 1.03555381298065
6600.647    	 1.03785169124603
6600.684    	 1.0411182641983
6600.721    	 1.04518747329712
6600.759    	 1.04796195030212
6600.796    	 1.04932928085327
6600.833    	 1.04936802387238
6600.871    	 1.04800546169281
6600.908    	 1.04654657840729
6600.945    	 1.0450941324234
6600.983    	 1.04471552371979
6601.020    	 1.04581379890442
6601.057    	 1.04691290855408
6601.094    	 1.04784941673279
6601.132    	 1.04819250106812
6601.169    	 1.04756450653076
6601.206    	 1.04658710956573
6601.244    	 1.04509663581848
6601.281    	 1.04345881938934
6601.318    	 1.04159653186798
6601.356    	 1.04007411003113
6601.393    	 1.03936517238617
6601.430    	 1.03860795497894
6601.468    	 1.03757190704346
6601.505    	 1.03606677055359
6601.542    	 1.03327190876007
6601.580    	 1.03047335147858
6601.617    	 1.02797961235046
6601.654    	 1.02591514587402
6601.692    	 1.02536988258362
6601.729    	 1.02536988258362
6601.766    	 1.0272341966629
6601.803    	 1.02923798561096
6601.841    	 1.0312305688858
6601.878    	 1.03276646137238
6601.915    	 1.03150367736816
6601.953    	 1.02985620498657
6601.990    	 1.02691233158112
6602.027    	 1.02406430244446
6602.065    	 1.02312850952148
6602.102    	 1.02249217033386
6602.139    	 1.02392280101776
6602.177    	 1.02550888061523
6602.214    	 1.02701818943024
6602.251    	 1.02846574783325
6602.289    	 1.02730464935303
6602.326    	 1.02594184875488
6602.363    	 1.02555727958679
6602.400    	 1.02525174617767
6602.438    	 1.02753090858459
6602.475    	 1.03008198738098
6602.512    	 1.02996075153351
6602.550    	 1.02948796749115
6602.587    	 1.02866876125336
6602.624    	 1.027796626091
6602.662    	 1.03009021282196
6602.699    	 1.0329761505127
6602.736    	 1.03461265563965
6602.774    	 1.03597176074982
6602.811    	 1.03560638427734
6602.848    	 1.0348151922226
6602.886    	 1.03623414039612
6602.923    	 1.03828346729279
6602.960    	 1.0427907705307
6602.998    	 1.04806733131409
6603.035    	 1.0519859790802
6603.072    	 1.05540573596954
6603.109    	 1.05449688434601
6603.147    	 1.05189025402069
6603.184    	 1.04767310619354
6603.221    	 1.04279851913452
6603.259    	 1.03998136520386
6603.296    	 1.03817677497864
6603.333    	 1.03723168373108
6603.371    	 1.03670728206635
6603.408    	 1.03544950485229
6603.445    	 1.03374910354614
6603.483    	 1.03217244148254
6603.520    	 1.03069353103638
6603.557    	 1.03049266338348
6603.595    	 1.0311758518219
6603.632    	 1.03331875801086
6603.669    	 1.03652310371399
6603.707    	 1.04049158096313
6603.744    	 1.04503095149994
6603.781    	 1.04832899570465
6603.818    	 1.05047154426575
6603.856    	 1.05048954486847
6603.893    	 1.04850089550018
6603.930    	 1.04631876945496
6603.968    	 1.04408299922943
6604.005    	 1.04203283786774
6604.042    	 1.04020380973816
6604.080    	 1.03841924667358
6604.117    	 1.03667092323303
6604.154    	 1.03591787815094
6604.192    	 1.03654420375824
6604.229    	 1.03664422035217
6604.266    	 1.0357905626297
6604.304    	 1.03356277942657
6604.341    	 1.0291633605957
6604.378    	 1.02473020553589
6604.415    	 1.02052843570709
6604.453    	 1.01811623573303
6604.490    	 1.01927351951599
6604.527    	 1.02146053314209
6604.565    	 1.02534747123718
6604.602    	 1.02913510799408
6604.639    	 1.03236448764801
6604.677    	 1.03486120700836
6604.714    	 1.03545677661896
6604.751    	 1.03542363643646
6604.789    	 1.03389084339142
6604.826    	 1.03275465965271
6604.863    	 1.03339898586273
6604.901    	 1.03451776504517
6604.938    	 1.03698980808258
6604.975    	 1.03886806964874
6605.013    	 1.03754556179047
6605.050    	 1.03570485115051
6605.087    	 1.03238606452942
6605.124    	 1.02912080287933
6605.162    	 1.02692210674286
6605.199    	 1.0250438451767
6605.236    	 1.02504658699036
6605.274    	 1.02525579929352
6605.311    	 1.0260899066925
6605.348    	 1.0268303155899
6605.386    	 1.02563393115997
6605.423    	 1.02429163455963
6605.460    	 1.02301299571991
6605.498    	 1.0217821598053
6605.535    	 1.02230370044708
6605.572    	 1.02296316623688
6605.610    	 1.02525770664215
6605.647    	 1.02767872810364
6605.684    	 1.03120470046997
6605.721    	 1.03483951091766
6605.759    	 1.03834843635559
6605.796    	 1.04184114933014
6605.833    	 1.04386854171753
6605.871    	 1.04567968845367
6605.908    	 1.04618072509766
6605.945    	 1.04645574092865
6605.983    	 1.04617476463318
6606.020    	 1.04578411579132
6606.057    	 1.04671037197113
6606.095    	 1.04793977737427
6606.132    	 1.04721558094025
6606.169    	 1.04598081111908
6606.207    	 1.04207873344421
6606.244    	 1.03740930557251
6606.281    	 1.03399443626404
6606.319    	 1.03100073337555
6606.356    	 1.03039991855621
6606.393    	 1.03064978122711
6606.430    	 1.03138613700867
6606.468    	 1.03229475021362
6606.505    	 1.03379392623901
6606.542    	 1.0355452299118
6606.580    	 1.0370922088623
6606.617    	 1.03853380680084
6606.654    	 1.03861260414124
6606.692    	 1.03798520565033
6606.729    	 1.03742730617523
6606.766    	 1.03693556785583
6606.804    	 1.03732311725616
6606.841    	 1.03825092315674
6606.878    	 1.03881466388702
6606.916    	 1.03910958766937
6606.953    	 1.03958892822266
6606.990    	 1.0402158498764
6607.028    	 1.0407087802887
6607.065    	 1.04108822345734
6607.102    	 1.04053699970245
6607.139    	 1.03919780254364
6607.177    	 1.03782343864441
6607.214    	 1.03646779060364
6607.251    	 1.03564023971558
6607.289    	 1.03533983230591
6607.326    	 1.03468132019043
6607.363    	 1.03359389305115
6607.401    	 1.03182947635651
6607.438    	 1.02930665016174
6607.475    	 1.02829277515411
6607.513    	 1.02926790714264
6607.550    	 1.03144121170044
6607.587    	 1.03506791591644
6607.625    	 1.03845810890198
6607.662    	 1.04133498668671
6607.699    	 1.04320085048676
6607.736    	 1.0434809923172
6607.774    	 1.04274809360504
6607.811    	 1.04042434692383
6607.848    	 1.03761267662048
6607.886    	 1.03408312797546
6607.923    	 1.03093492984772
6607.960    	 1.02870976924896
6607.998    	 1.02793788909912
6608.035    	 1.03039491176605
6608.072    	 1.03353929519653
6608.110    	 1.03782987594604
6608.147    	 1.04150259494781
6608.184    	 1.04317057132721
6608.222    	 1.04421544075012
6608.259    	 1.04376327991486
6608.296    	 1.04321801662445
6608.334    	 1.04274356365204
6608.371    	 1.04220855236053
6608.408    	 1.04140794277191
6608.445    	 1.04057538509369
6608.483    	 1.03968906402588
6608.520    	 1.03873538970947
6608.557    	 1.03744649887085
6608.595    	 1.03638708591461
6608.632    	 1.03691530227661
6608.669    	 1.03790330886841
6608.707    	 1.04142010211945
6608.744    	 1.04494535923004
6608.781    	 1.04676079750061
6608.819    	 1.04814553260803
6608.856    	 1.04595875740051
6608.893    	 1.04349040985107
6608.931    	 1.04090845584869
6608.968    	 1.03830099105835
6609.005    	 1.03524005413055
6609.042    	 1.0321501493454
6609.080    	 1.02941310405731
6609.117    	 1.0267037153244
6609.154    	 1.02735424041748
6609.192    	 1.02828061580658
6609.229    	 1.03060281276703
6609.266    	 1.03306841850281
6609.304    	 1.03339636325836
6609.341    	 1.0334564447403
6609.378    	 1.03204214572906
6609.416    	 1.03041088581085
6609.453    	 1.02874445915222
6609.490    	 1.02707362174988
6609.528    	 1.02571976184845
6609.565    	 1.02442860603333
6609.602    	 1.02377009391785
6609.640    	 1.02325201034546
6609.677    	 1.02385747432709
6609.714    	 1.02474200725555
6609.751    	 1.02616059780121
6609.789    	 1.0277236700058
6609.826    	 1.02804911136627
6609.863    	 1.02799069881439
6609.901    	 1.02854239940643
6609.938    	 1.02930855751038
6609.975    	 1.03196823596954
6610.013    	 1.03532743453979
6610.050    	 1.03599858283997
6610.087    	 1.03555905818939
6610.125    	 1.03359520435333
6610.162    	 1.03098726272583
6610.199    	 1.02993988990784
6610.237    	 1.02966344356537
6610.274    	 1.03006434440613
6610.311    	 1.03079235553741
6610.349    	 1.03092110157013
6610.386    	 1.03069961071014
6610.423    	 1.03029501438141
6610.460    	 1.0297931432724
6610.498    	 1.02995920181274
6610.535    	 1.03056871891022
6610.572    	 1.03115344047546
6610.610    	 1.03169882297516
6610.647    	 1.03130161762238
6610.684    	 1.03018736839294
6610.722    	 1.02949416637421
6610.759    	 1.02918756008148
6610.796    	 1.03050434589386
6610.834    	 1.03322958946228
6610.871    	 1.03602886199951
6610.908    	 1.03880369663239
6610.946    	 1.04032182693481
6610.983    	 1.04056012630463
6611.020    	 1.04027891159058
6611.057    	 1.03952836990356
6611.095    	 1.03802525997162
6611.132    	 1.03567445278168
6611.169    	 1.03303611278534
6611.207    	 1.03011095523834
6611.244    	 1.02773106098175
6611.281    	 1.02612495422363
6611.319    	 1.02524518966675
6611.356    	 1.02535152435303
6611.393    	 1.02632403373718
6611.431    	 1.02855777740479
6611.468    	 1.03051924705505
6611.505    	 1.03185379505157
6611.543    	 1.03199183940887
6611.580    	 1.0299928188324
6611.617    	 1.02808570861816
6611.655    	 1.02668309211731
6611.692    	 1.02618718147278
6611.729    	 1.02759528160095
6611.766    	 1.02938079833984
6611.804    	 1.03172755241394
6611.841    	 1.03362607955933
6611.878    	 1.03424334526062
6611.916    	 1.03413438796997
6611.953    	 1.03221845626831
6611.990    	 1.02990102767944
6612.028    	 1.0267436504364
6612.065    	 1.02393019199371
6612.102    	 1.02254402637482
6612.140    	 1.02137327194214
6612.177    	 1.02062118053436
6612.214    	 1.01962399482727
6612.252    	 1.01740717887878
6612.289    	 1.01548159122467
6612.326    	 1.01547348499298
6612.363    	 1.01603293418884
6612.401    	 1.0190098285675
6612.438    	 1.0217227935791
6612.475    	 1.02143466472626
6612.513    	 1.02088141441345
6612.550    	 1.02004826068878
6612.587    	 1.0193749666214
6612.625    	 1.0204656124115
6612.662    	 1.02168357372284
6612.699    	 1.02279984951019
6612.737    	 1.02388858795166
6612.774    	 1.02464866638184
6612.811    	 1.02536606788635
6612.849    	 1.02564704418182
6612.886    	 1.02589321136475
6612.923    	 1.02609550952911
6612.961    	 1.02629435062408
6612.998    	 1.02650010585785
6613.035    	 1.02670621871948
6613.072    	 1.0257374048233
6613.110    	 1.02465629577637
6613.147    	 1.02275037765503
6613.184    	 1.02074992656708
6613.222    	 1.01959192752838
6613.259    	 1.01854825019836
6613.296    	 1.01964330673218
6613.334    	 1.02107203006744
6613.371    	 1.0240581035614
6613.408    	 1.02731871604919
6613.446    	 1.02926123142242
6613.483    	 1.03093671798706
6613.520    	 1.02975046634674
6613.558    	 1.02792537212372
6613.595    	 1.02539420127869
6613.632    	 1.0226958990097
6613.670    	 1.02233600616455
6613.707    	 1.02261984348297
6613.744    	 1.02419674396515
6613.781    	 1.02615165710449
6613.819    	 1.02714872360229
6613.856    	 1.02782368659973
6613.893    	 1.02773082256317
6613.931    	 1.02737033367157
6613.968    	 1.03006291389465
6614.005    	 1.03394508361816
6614.043    	 1.03501427173615
6614.080    	 1.03714728355408
6614.117    	 1.03930044174194
6614.155    	 1.03114485740662
6614.192    	 1.03111720085144
6614.229    	 1.03971672058105
6614.267    	 1.03766226768494
6614.304    	 1.03533470630646
6614.341    	 1.03400456905365
6614.378    	 1.03245198726654
6614.416    	 1.03006553649902
6614.453    	 1.03058552742004
6614.490    	 1.03093981742859
6614.528    	 1.03106069564819
6614.565    	 1.03031325340271
6614.602    	 1.02897810935974
6614.640    	 1.02824342250824
6614.677    	 1.02798080444336
6614.714    	 1.02774369716644
6614.752    	 1.02750086784363
6614.789    	 1.02648282051086
6614.826    	 1.02481412887573
6614.864    	 1.0234090089798
6614.901    	 1.02228105068207
6614.938    	 1.02209115028381
6614.976    	 1.0227792263031
6615.013    	 1.02307283878326
6615.050    	 1.02290034294128
6615.087    	 1.02211248874664
6615.125    	 1.02069115638733
6615.162    	 1.02043533325195
6615.199    	 1.02158582210541
6615.237    	 1.02269113063812
6615.274    	 1.02361440658569
6615.311    	 1.02367496490479
6615.349    	 1.02261161804199
6615.386    	 1.02209579944611
6615.423    	 1.02247035503387
6615.461    	 1.02366745471954
6615.498    	 1.02600967884064
6615.535    	 1.02792274951935
6615.573    	 1.0290048122406
6615.610    	 1.02941727638245
6615.647    	 1.02877426147461
6615.684    	 1.02768862247467
6615.722    	 1.02592444419861
6615.759    	 1.02481257915497
6615.796    	 1.02510762214661
6615.834    	 1.02633464336395
6615.871    	 1.02934432029724
6615.908    	 1.03172445297241
6615.946    	 1.0323314666748
6615.983    	 1.03252375125885
6616.020    	 1.03200709819794
6616.058    	 1.03218758106232
6616.095    	 1.03441536426544
6616.132    	 1.03655982017517
6616.170    	 1.03799974918365
6616.207    	 1.03863382339478
6616.244    	 1.03682804107666
6616.282    	 1.03492295742035
6616.319    	 1.03332126140594
6616.356    	 1.03212583065033
6616.393    	 1.03243243694305
6616.431    	 1.03269243240356
6616.468    	 1.03225338459015
6616.505    	 1.03184175491333
6616.543    	 1.03182148933411
6616.580    	 1.03196394443512
6616.617    	 1.03283298015594
6616.655    	 1.03367614746094
6616.692    	 1.03401267528534
6616.729    	 1.03418278694153
6616.767    	 1.03343498706818
6616.804    	 1.03275716304779
6616.841    	 1.03326869010925
6616.879    	 1.03393959999084
6616.916    	 1.03530514240265
6616.953    	 1.03656804561615
6616.991    	 1.0358521938324
6617.028    	 1.03491353988647
6617.065    	 1.0328027009964
6617.102    	 1.03058803081512
6617.140    	 1.0280487537384
6617.177    	 1.02553629875183
6617.214    	 1.02511155605316
6617.252    	 1.02484738826752
6617.289    	 1.02443873882294
6617.326    	 1.02401900291443
6617.364    	 1.02342474460602
6617.401    	 1.02281546592712
6617.438    	 1.02414214611053
6617.476    	 1.02566778659821
6617.513    	 1.02511274814606
6617.550    	 1.02430701255798
6617.588    	 1.02229189872742
6617.625    	 1.02011096477509
6617.662    	 1.02250289916992
6617.699    	 1.02561151981354
6617.737    	 1.02869927883148
6617.774    	 1.03177785873413
6617.811    	 1.03140151500702
6617.849    	 1.03035008907318
6617.886    	 1.02857518196106
6617.923    	 1.02665114402771
6617.961    	 1.02630007266998
6617.998    	 1.02632331848145
6618.035    	 1.02780222892761
6618.073    	 1.0296528339386
6618.110    	 1.03115558624268
6618.147    	 1.03255462646484
6618.185    	 1.03102600574493
6618.222    	 1.02860677242279
6618.259    	 1.02542507648468
6618.297    	 1.02200973033905
6618.334    	 1.0219851732254
6618.371    	 1.02316725254059
6618.408    	 1.02454328536987
6618.446    	 1.02596509456635
6618.483    	 1.025235414505
6618.520    	 1.0236269235611
6618.558    	 1.0222362279892
6618.595    	 1.02096486091614
6618.632    	 1.02108645439148
6618.670    	 1.02185356616974
6618.707    	 1.0229400396347
6618.744    	 1.02416443824768
6618.782    	 1.02463471889496
6618.819    	 1.02470183372498
6618.856    	 1.02364790439606
6618.894    	 1.02197909355164
6618.931    	 1.02025973796844
6618.968    	 1.01853489875793
6619.005    	 1.01881635189056
6619.043    	 1.02036893367767
6619.080    	 1.02226996421814
6619.117    	 1.02434682846069
6619.155    	 1.02493286132813
6619.192    	 1.02444922924042
6619.229    	 1.02339291572571
6619.267    	 1.02196049690247
6619.304    	 1.02192747592926
6619.341    	 1.02303194999695
6619.379    	 1.02482628822327
6619.416    	 1.02713572978973
6619.453    	 1.02814209461212
6619.491    	 1.02795207500458
6619.528    	 1.02811467647552
6619.565    	 1.02869057655334
6619.603    	 1.03069829940796
6619.640    	 1.03410708904266
6619.677    	 1.03667497634888
6619.714    	 1.03824877738953
6619.752    	 1.03691434860229
6619.789    	 1.0324102640152
6619.826    	 1.02831780910492
6619.864    	 1.02498233318329
6619.901    	 1.02377164363861
6619.938    	 1.02514934539795
6619.976    	 1.02712464332581
6620.013    	 1.02964174747467
6620.050    	 1.03198313713074
6620.088    	 1.03402280807495
6620.125    	 1.03502225875854
6620.162    	 1.03451025485992
6620.200    	 1.03318178653717
6620.237    	 1.03074324131012
6620.274    	 1.02857613563538
6620.312    	 1.02699863910675
6620.349    	 1.02614414691925
6620.386    	 1.02649366855621
6620.423    	 1.02690780162811
6620.461    	 1.02727580070496
6620.498    	 1.02686738967896
6620.535    	 1.02490985393524
6620.573    	 1.02327811717987
6620.610    	 1.02258849143982
6620.647    	 1.02270174026489
6620.685    	 1.02448427677155
6620.722    	 1.02584838867188
6620.759    	 1.02588891983032
6620.797    	 1.02540862560272
6620.834    	 1.02382922172546
6620.871    	 1.02245664596558
6620.909    	 1.02189350128174
6620.946    	 1.02144765853882
6620.983    	 1.02117109298706
6621.020    	 1.02074480056763
6621.058    	 1.01979088783264
6621.095    	 1.0187623500824
6621.132    	 1.01761150360107
6621.170    	 1.01662695407867
6621.207    	 1.01631045341492
6621.244    	 1.01610255241394
6621.282    	 1.01613438129425
6621.319    	 1.01577711105347
6621.356    	 1.0135645866394
6621.394    	 1.01144802570343
6621.431    	 1.01052153110504
6621.468    	 1.01032829284668
6621.506    	 1.01371037960052
6621.543    	 1.0171263217926
6621.580    	 1.01905584335327
6621.618    	 1.02045834064484
6621.655    	 1.01896119117737
6621.692    	 1.0172426700592
6621.729    	 1.01553058624268
6621.767    	 1.01409780979156
6621.804    	 1.01525962352753
6621.841    	 1.01671135425568
6621.879    	 1.01915979385376
6621.916    	 1.02157819271088
6621.953    	 1.0225704908371
6621.991    	 1.02331626415253
6622.028    	 1.02174401283264
6622.065    	 1.02004075050354
6622.103    	 1.01943004131317
6622.140    	 1.01895797252655
6622.177    	 1.02035939693451
6622.215    	 1.02191054821014
6622.252    	 1.02379977703094
6622.289    	 1.02571451663971
6622.326    	 1.0267938375473
6622.364    	 1.02780818939209
6622.401    	 1.0278240442276
6622.438    	 1.02774894237518
6622.476    	 1.02710735797882
6622.513    	 1.02640628814697
6622.550    	 1.02424085140228
6622.588    	 1.02190065383911
6622.625    	 1.01742160320282
6622.662    	 1.01265561580658
6622.700    	 1.00791347026825
6622.737    	 1.00317704677582
6622.774    	 1.00275897979736
6622.812    	 1.00305736064911
6622.849    	 1.00614488124847
6622.886    	 1.00973451137543
6622.924    	 1.01305854320526
6622.961    	 1.01632487773895
6622.998    	 1.01918160915375
6623.035    	 1.02195000648499
6623.073    	 1.02413392066956
6623.110    	 1.02618205547333
6623.147    	 1.02761375904083
6623.185    	 1.0288919210434
6623.222    	 1.02834594249725
6623.259    	 1.02730894088745
6623.297    	 1.02488780021667
6623.334    	 1.02207398414612
6623.371    	 1.02106189727783
6623.409    	 1.02061402797699
6623.446    	 1.02152574062347
6623.483    	 1.02287459373474
6623.521    	 1.02345097064972
6623.558    	 1.02374744415283
6623.595    	 1.02229464054108
6623.632    	 1.02019727230072
6623.670    	 1.01964592933655
6623.707    	 1.01971995830536
6623.744    	 1.02223670482635
6623.782    	 1.02575635910034
6623.819    	 1.02788400650024
6623.856    	 1.02936935424805
6623.894    	 1.02866530418396
6623.931    	 1.02696096897125
6623.968    	 1.02532052993774
6624.006    	 1.02374351024628
6624.043    	 1.02297449111938
6624.080    	 1.02262151241302
6624.118    	 1.02364063262939
6624.155    	 1.02539169788361
6624.192    	 1.02648031711578
6624.230    	 1.02716159820557
6624.267    	 1.02602362632751
6624.304    	 1.02380776405334
6624.341    	 1.02149415016174
6624.379    	 1.0191650390625
6624.416    	 1.01854574680328
6624.453    	 1.01906085014343
6624.491    	 1.02001404762268
6624.528    	 1.02121770381927
6624.565    	 1.0203891992569
6624.603    	 1.01806604862213
6624.640    	 1.01666581630707
6624.677    	 1.01605010032654
6624.715    	 1.01672387123108
6624.752    	 1.01838636398315
6624.789    	 1.01881647109985
6624.827    	 1.01815509796143
6624.864    	 1.01663887500763
6624.901    	 1.01443946361542
6624.939    	 1.0136981010437
6624.976    	 1.0143415927887
6625.013    	 1.01596176624298
6625.050    	 1.01842713356018
6625.088    	 1.02002108097076
6625.125    	 1.02067625522614
6625.162    	 1.02048647403717
6625.200    	 1.01947641372681
6625.237    	 1.01817488670349
6625.274    	 1.01661670207977
6625.312    	 1.01593554019928
6625.349    	 1.01628875732422
6625.386    	 1.01773750782013
6625.424    	 1.02042055130005
6625.461    	 1.0227884054184
6625.498    	 1.02464401721954
6625.536    	 1.02576076984406
6625.573    	 1.02594769001007
6625.610    	 1.02533793449402
6625.647    	 1.02371668815613
6625.685    	 1.02169668674469
6625.722    	 1.01920425891876
6625.759    	 1.01747310161591
6625.797    	 1.01695501804352
6625.834    	 1.01666879653931
6625.871    	 1.01661038398743
6625.909    	 1.01570761203766
6625.946    	 1.01336109638214
6625.983    	 1.01076722145081
6626.021    	 1.00792562961578
6626.058    	 1.0056973695755
6626.095    	 1.00463497638702
6626.133    	 1.00436222553253
6626.170    	 1.00545310974121
6626.207    	 1.00694763660431
6626.245    	 1.00905847549438
6626.282    	 1.01157915592194
6626.319    	 1.01488173007965
6626.356    	 1.018150806427
6626.394    	 1.02121269702911
6626.431    	 1.02340221405029
6626.468    	 1.0235493183136
6626.506    	 1.02282905578613
6626.543    	 1.02031147480011
6626.580    	 1.01775920391083
6626.618    	 1.01547288894653
6626.655    	 1.01341581344604
6626.692    	 1.01194727420807
6626.730    	 1.01076471805573
6626.767    	 1.01030206680298
6626.804    	 1.01011979579926
6626.842    	 1.01065337657928
6626.879    	 1.01145625114441
6626.916    	 1.01298344135284
6626.953    	 1.01464211940765
6626.991    	 1.01657593250275
6627.028    	 1.01844477653503
6627.065    	 1.01998579502106
6627.103    	 1.02095508575439
6627.140    	 1.01968276500702
6627.177    	 1.0181770324707
6627.215    	 1.01639270782471
6627.252    	 1.01470851898193
6627.289    	 1.01359939575195
6627.327    	 1.01288414001465
6627.364    	 1.01396191120148
6627.401    	 1.01551306247711
6627.439    	 1.0189356803894
6627.476    	 1.02212774753571
6627.513    	 1.02305567264557
6627.551    	 1.02340710163116
6627.588    	 1.02107715606689
6627.625    	 1.01877045631409
6627.662    	 1.01814222335815
6627.700    	 1.01782250404358
6627.737    	 1.01897203922272
6627.774    	 1.0201575756073
6627.812    	 1.0206390619278
6627.849    	 1.0209573507309
6627.886    	 1.02013838291168
6627.924    	 1.01920926570892
6627.961    	 1.01800799369812
6627.998    	 1.01683413982391
6628.036    	 1.01634573936462
6628.073    	 1.01594960689545
6628.110    	 1.01622915267944
6628.148    	 1.01653718948364
6628.185    	 1.01633942127228
6628.222    	 1.01612091064453
6628.260    	 1.01642405986786
6628.297    	 1.01675415039063
6628.334    	 1.01652133464813
6628.371    	 1.01622927188873
6628.409    	 1.01468324661255
6628.446    	 1.01304340362549
6628.483    	 1.01305449008942
6628.521    	 1.01319360733032
6628.558    	 1.01514077186584
6628.595    	 1.01724374294281
6628.633    	 1.01799619197845
6628.670    	 1.01861727237701
6628.707    	 1.01633930206299
6628.745    	 1.01374793052673
6628.782    	 1.01041793823242
6628.819    	 1.00700104236603
6628.857    	 1.00515484809875
6628.894    	 1.0035148859024
6628.931    	 1.00359404087067
6628.968    	 1.00391745567322
6629.006    	 1.00502955913544
6629.043    	 1.00626194477081
6629.080    	 1.0069899559021
6629.118    	 1.00763309001923
6629.155    	 1.00897991657257
6629.192    	 1.01045298576355
6629.230    	 1.01232826709747
6629.267    	 1.01427924633026
6629.304    	 1.01489722728729
6629.342    	 1.01524221897125
6629.379    	 1.01504838466644
6629.416    	 1.01474022865295
6629.454    	 1.0138885974884
6629.491    	 1.01291298866272
6629.528    	 1.01204895973206
6629.566    	 1.01121377944946
6629.603    	 1.01215517520905
6629.640    	 1.01355469226837
6629.677    	 1.0148389339447
6629.715    	 1.01608490943909
6629.752    	 1.01646637916565
6629.789    	 1.01660060882568
6629.827    	 1.01654899120331
6629.864    	 1.01644563674927
6629.901    	 1.01687228679657
6629.939    	 1.01746773719788
6629.976    	 1.01745998859406
6630.013    	 1.01724886894226
6630.051    	 1.01616609096527
6630.088    	 1.01478481292725
6630.125    	 1.01366698741913
6630.163    	 1.01265144348145
6630.200    	 1.01310348510742
6630.237    	 1.01411032676697
6630.274    	 1.0152485370636
6630.312    	 1.01642513275146
6630.349    	 1.01604950428009
6630.386    	 1.01503098011017
6630.424    	 1.01407015323639
6630.461    	 1.01315152645111
6630.498    	 1.0129142999649
6630.536    	 1.0129816532135
6630.573    	 1.0137951374054
6630.610    	 1.01494789123535
6630.648    	 1.01508784294128
6630.685    	 1.01472508907318
6630.722    	 1.01332080364227
6630.760    	 1.0114072561264
6630.797    	 1.01100850105286
6630.834    	 1.01142132282257
6630.872    	 1.0128436088562
6630.909    	 1.01478600502014
6630.946    	 1.01621186733246
6630.983    	 1.01732647418976
6631.021    	 1.01771903038025
6631.058    	 1.01770091056824
6631.095    	 1.01712262630463
6631.133    	 1.01622128486633
6631.170    	 1.01536571979523
6631.207    	 1.01455283164978
6631.245    	 1.01423561573029
6631.282    	 1.01423954963684
6631.319    	 1.01395869255066
6631.357    	 1.0134711265564
6631.394    	 1.01268899440765
6631.431    	 1.01171123981476
6631.469    	 1.01034021377563
6631.506    	 1.00869464874268
6631.543    	 1.00836586952209
6631.581    	 1.0090354681015
6631.618    	 1.01113879680634
6631.655    	 1.01429677009583
6631.692    	 1.01551735401154
6631.730    	 1.01513063907623
6631.767    	 1.01313376426697
6631.804    	 1.00989961624146
6631.842    	 1.00757050514221
6631.879    	 1.0060887336731
6631.916    	 1.00586247444153
6631.954    	 1.00669133663177
6631.991    	 1.00819396972656
6632.028    	 1.01024270057678
6632.066    	 1.01147520542145
6632.103    	 1.01190257072449
6632.140    	 1.01136267185211
6632.178    	 1.0099378824234
6632.215    	 1.00842571258545
6632.252    	 1.00688898563385
6632.289    	 1.00606226921082
6632.327    	 1.00597393512726
6632.364    	 1.00695073604584
6632.401    	 1.00901198387146
6632.439    	 1.01134824752808
6632.476    	 1.01390254497528
6632.513    	 1.0159158706665
6632.551    	 1.01729345321655
6632.588    	 1.01810467243195
6632.625    	 1.01830220222473
6632.663    	 1.01761448383331
6632.700    	 1.0159033536911
6632.737    	 1.0141361951828
6632.775    	 1.01239216327667
6632.812    	 1.01098644733429
6632.849    	 1.01001715660095
6632.887    	 1.01049828529358
6632.924    	 1.01287949085236
6632.961    	 1.01528108119965
6632.998    	 1.0175187587738
6633.036    	 1.01907134056091
6633.073    	 1.01966285705566
6633.110    	 1.02014625072479
6633.148    	 1.02057409286499
6633.185    	 1.02042877674103
6633.222    	 1.01941645145416
6633.260    	 1.01775085926056
6633.297    	 1.01515769958496
6633.334    	 1.01266860961914
6633.372    	 1.0104593038559
6633.409    	 1.00905191898346
6633.446    	 1.00895583629608
6633.484    	 1.00915265083313
6633.521    	 1.00968897342682
6633.558    	 1.01008629798889
6633.595    	 1.01018941402435
6633.633    	 1.01024281978607
6633.670    	 1.01024496555328
6633.707    	 1.01082396507263
6633.745    	 1.01251542568207
6633.782    	 1.01439428329468
6633.819    	 1.01648104190826
6633.857    	 1.01787579059601
6633.894    	 1.01782071590424
6633.931    	 1.01740217208862
6633.969    	 1.01644170284271
6634.006    	 1.0160139799118
6634.043    	 1.01684391498566
6634.081    	 1.01750707626343
6634.118    	 1.01757752895355
6634.155    	 1.01714599132538
6634.193    	 1.01563799381256
6634.230    	 1.01483225822449
6634.267    	 1.01593518257141
6634.304    	 1.01732218265533
6634.342    	 1.01906538009644
6634.379    	 1.01957952976227
6634.416    	 1.01680314540863
6634.454    	 1.01404511928558
6634.491    	 1.01200890541077
6634.528    	 1.0110559463501
6634.566    	 1.01300466060638
6634.603    	 1.01471257209778
6634.640    	 1.0150750875473
6634.678    	 1.01487040519714
6634.715    	 1.01324903964996
6634.752    	 1.01160895824432
6634.790    	 1.0102481842041
6634.827    	 1.00916647911072
6634.864    	 1.00893402099609
6634.902    	 1.00904130935669
6634.939    	 1.01009202003479
6634.976    	 1.01133346557617
6635.013    	 1.01300179958344
6635.051    	 1.01463508605957
6635.088    	 1.01601815223694
6635.125    	 1.0169585943222
6635.163    	 1.01625466346741
6635.200    	 1.01521146297455
6635.237    	 1.013298869133
6635.275    	 1.01131415367126
6635.312    	 1.00930368900299
6635.349    	 1.00754678249359
6635.387    	 1.00692272186279
6635.424    	 1.006476521492
6635.461    	 1.00645649433136
6635.499    	 1.00660538673401
6635.536    	 1.00741982460022
6635.573    	 1.00854766368866
6635.610    	 1.01102209091187
6635.648    	 1.01328909397125
6635.685    	 1.01388645172119
6635.722    	 1.01415467262268
6635.760    	 1.01327800750732
6635.797    	 1.01251018047333
6635.834    	 1.01291930675507
6635.872    	 1.01340937614441
6635.909    	 1.01384210586548
6635.946    	 1.01426708698273
6635.984    	 1.01466989517212
6636.021    	 1.0152542591095
6636.058    	 1.01714670658112
6636.096    	 1.01885485649109
6636.133    	 1.01840150356293
6636.170    	 1.01742839813232
6636.208    	 1.01358163356781
6636.245    	 1.00975179672241
6636.282    	 1.0079847574234
6636.319    	 1.00646686553955
6636.357    	 1.00579452514648
6636.394    	 1.00511276721954
6636.431    	 1.00367712974548
6636.469    	 1.00226283073425
6636.506    	 1.00171506404877
6636.543    	 1.00145208835602
6636.581    	 1.00379860401154
6636.618    	 1.006467461586
6636.655    	 1.01073551177979
6636.693    	 1.01502203941345
6636.730    	 1.0177925825119
6636.767    	 1.0202978849411
6636.805    	 1.02040040493011
6636.842    	 1.02026569843292
6636.879    	 1.01918125152588
6636.916    	 1.01807630062103
6636.954    	 1.01807701587677
6636.991    	 1.01815831661224
6637.028    	 1.01811552047729
6637.066    	 1.01800882816315
6637.103    	 1.01630079746246
6637.140    	 1.0144727230072
6637.178    	 1.01277565956116
6637.215    	 1.01111996173859
6637.252    	 1.0109486579895
6637.290    	 1.01088583469391
6637.327    	 1.01038134098053
6637.364    	 1.00983059406281
6637.402    	 1.00781166553497
6637.439    	 1.00568199157715
6637.476    	 1.00480628013611
6637.514    	 1.00402784347534
6637.551    	 1.00625920295715
6637.588    	 1.00873529911041
6637.625    	 1.01127326488495
6637.663    	 1.01381611824036
6637.700    	 1.01447927951813
6637.737    	 1.01496648788452
6637.775    	 1.01506388187408
6637.812    	 1.01512253284454
6637.849    	 1.01563954353333
6637.887    	 1.01620519161224
6637.924    	 1.01626086235046
6637.961    	 1.01625919342041
6637.999    	 1.01567530632019
6638.036    	 1.01502275466919
6638.073    	 1.01464676856995
6638.111    	 1.01430547237396
6638.148    	 1.01240205764771
6638.185    	 1.01029431819916
6638.223    	 1.01021575927734
6638.260    	 1.01041674613953
6638.297    	 1.01119291782379
6638.334    	 1.01205015182495
6638.372    	 1.00949394702911
6638.409    	 1.00642502307892
6638.446    	 1.00446569919586
6638.484    	 1.00268363952637
6638.521    	 1.0032045841217
6638.558    	 1.00410008430481
6638.596    	 1.00593340396881
6638.633    	 1.00792288780212
6638.670    	 1.01056599617004
6638.708    	 1.01332271099091
6638.745    	 1.01442909240723
6638.782    	 1.0152325630188
6638.820    	 1.01520347595215
6638.857    	 1.0150191783905
6638.894    	 1.0135577917099
6638.931    	 1.01184773445129
6638.969    	 1.01070082187653
6639.006    	 1.00967073440552
6639.043    	 1.01120507717133
6639.081    	 1.01327538490295
6639.118    	 1.01619362831116
6639.155    	 1.01928913593292
6639.193    	 1.02132785320282
6639.230    	 1.02312874794006
6639.267    	 1.02310967445374
6639.305    	 1.02267491817474
6639.342    	 1.02059054374695
6639.379    	 1.0181211233139
6639.417    	 1.01567018032074
6639.454    	 1.01322877407074
6639.491    	 1.01177787780762
6639.529    	 1.01057517528534
6639.566    	 1.01033639907837
6639.603    	 1.01034259796143
6639.640    	 1.01065766811371
6639.678    	 1.01105093955994
6639.715    	 1.01184940338135
6639.752    	 1.01275658607483
6639.790    	 1.01317822933197
6639.827    	 1.01346278190613
6639.864    	 1.01177108287811
6639.902    	 1.00951743125916
6639.939    	 1.00691878795624
6639.976    	 1.00422871112823
6640.014    	 1.00323462486267
6640.051    	 1.00275039672852
6640.088    	 1.00377118587494
6640.126    	 1.00524485111237
6640.163    	 1.00597155094147
6640.200    	 1.00645542144775
6640.237    	 1.00707030296326
6640.275    	 1.00773179531097
6640.312    	 1.00934731960297
6640.349    	 1.011274933815
6640.387    	 1.01198446750641
6640.424    	 1.01227879524231
6640.461    	 1.01210808753967
6640.499    	 1.01178658008575
6640.536    	 1.01202178001404
6640.573    	 1.01245522499084
6640.611    	 1.01114189624786
6640.648    	 1.00920009613037
6640.685    	 1.00659036636353
6640.723    	 1.00375151634216
6640.760    	 1.00295436382294
6640.797    	 1.00292241573334
6640.835    	 1.00384628772736
6640.872    	 1.00511503219604
6640.909    	 1.00641059875488
6640.946    	 1.00770807266235
6640.984    	 1.00854289531708
6641.021    	 1.00919497013092
6641.058    	 1.0088609457016
6641.096    	 1.00813519954681
6641.133    	 1.00611352920532
6641.170    	 1.00357174873352
6641.208    	 1.00118315219879
6641.245    	 .99887216091156
6641.282    	 .998910784721375
6641.320    	 .999943733215332
6641.357    	 1.00343811511993
6641.394    	 1.00796747207642
6641.432    	 1.01088631153107
6641.469    	 1.01306867599487
6641.506    	 1.01229929924011
6641.544    	 1.01023268699646
6641.581    	 1.00904166698456
6641.618    	 1.00828623771667
6641.655    	 1.00849485397339
6641.693    	 1.00913572311401
6641.730    	 1.00867056846619
6641.767    	 1.00767338275909
6641.805    	 1.0062427520752
6641.842    	 1.00462186336517
6641.879    	 1.00341427326202
6641.917    	 1.0024129152298
6641.954    	 1.00271701812744
6641.991    	 1.00365674495697
6642.029    	 1.00403523445129
6642.066    	 1.00411260128021
6642.103    	 1.00346004962921
6642.141    	 1.00244748592377
6642.178    	 1.00202691555023
6642.215    	 1.00192332267761
6642.252    	 1.00293743610382
6642.290    	 1.00452446937561
6642.327    	 1.00679647922516
6642.364    	 1.00941133499146
6642.402    	 1.01059138774872
6642.439    	 1.01098811626434
6642.476    	 1.00945365428925
6642.514    	 1.00689494609833
6642.551    	 1.00302410125732
6642.588    	 .998466074466705
6642.626    	 .994993329048157
6642.663    	 .992154598236084
6642.700    	 .991077423095703
6642.738    	 .990976691246033
6642.775    	 .991409003734589
6642.812    	 .992110431194305
6642.850    	 .993482351303101
6642.887    	 .995234370231628
6642.924    	 .997377216815948
6642.961    	 .999735534191132
6642.999    	 1.00225651264191
6643.036    	 1.00486600399017
6643.073    	 1.00718188285828
6643.111    	 1.0093160867691
6643.148    	 1.00921249389648
6643.185    	 1.00774419307709
6643.223    	 1.00508654117584
6643.260    	 1.00174808502197
6643.297    	 .998629450798035
6643.335    	 .995678186416626
6643.372    	 .993277490139008
6643.409    	 .991219580173492
6643.447    	 .990907549858093
6643.484    	 .991703152656555
6643.521    	 .992840588092804
6643.558    	 .99415111541748
6643.596    	 .995019197463989
6643.633    	 .995588362216949
6643.670    	 .996393978595734
6643.708    	 .997370600700378
6643.745    	 .999091863632202
6643.782    	 1.00130605697632
6643.820    	 1.00214052200317
6643.857    	 1.00201380252838
6643.894    	 .999919712543488
6643.932    	 .996519088745117
6643.969    	 .994007587432861
6644.006    	 .992176175117493
6644.044    	 .992733597755432
6644.081    	 .994934380054474
6644.118    	 .997348725795746
6644.156    	 .99983412027359
6644.193    	 1.00166320800781
6644.230    	 1.00301897525787
6644.267    	 1.00453341007233
6644.305    	 1.00618612766266
6644.342    	 1.00783979892731
6644.379    	 1.00948691368103
6644.417    	 1.01082324981689
6644.454    	 1.01193058490753
6644.491    	 1.01240062713623
6644.529    	 1.01240789890289
6644.566    	 1.0106064081192
6644.603    	 1.0074702501297
6644.641    	 1.00363075733185
6644.678    	 .99932873249054
6644.715    	 .997150599956512
6644.753    	 .99662184715271
6644.790    	 .998379945755005
6644.827    	 1.0018138885498
6644.865    	 1.004838347435
6644.902    	 1.00745284557343
6644.939    	 1.00935506820679
6644.976    	 1.01072072982788
6645.014    	 1.01206243038177
6645.051    	 1.01341462135315
6645.088    	 1.01333057880402
6645.126    	 1.01209950447083
6645.163    	 1.00980520248413
6645.200    	 1.00671994686127
6645.238    	 1.00494182109833
6645.275    	 1.0042690038681
6645.312    	 1.00527358055115
6645.350    	 1.00758624076843
6645.387    	 1.00998735427856
6645.424    	 1.01238536834717
6645.462    	 1.01341915130615
6645.499    	 1.01332032680511
6645.536    	 1.01246082782745
6645.573    	 1.01103150844574
6645.611    	 1.00924730300903
6645.648    	 1.00719785690308
6645.685    	 1.00507628917694
6645.723    	 1.00290942192078
6645.760    	 1.00141322612762
6645.797    	 1.00049245357513
6645.835    	 1.00014865398407
6645.872    	 1.00026607513428
6645.909    	 1.00063478946686
6645.947    	 1.00119292736053
6645.984    	 1.00129854679108
6646.021    	 1.00099802017212
6646.059    	 1.00040876865387
6646.096    	 .999591469764709
6646.133    	 .998943984508514
6646.171    	 .998460650444031
6646.208    	 .998582482337952
6646.245    	 .999231457710266
6646.282    	 1.00092327594757
6646.320    	 1.00351369380951
6646.357    	 1.00555217266083
6646.394    	 1.00703752040863
6646.432    	 1.00702142715454
6646.469    	 1.00568342208862
6646.506    	 1.00378096103668
6646.544    	 1.00145065784454
6646.581    	 1.00019979476929
6646.618    	 .999963462352753
6646.656    	 1.00013244152069
6646.693    	 1.00060749053955
6646.730    	 1.00094079971313
6646.768    	 1.00112283229828
6646.805    	 1.0024825334549
6646.842    	 1.00494575500488
6646.879    	 1.00746667385101
6646.917    	 1.00996851921082
6646.954    	 1.01018512248993
6646.991    	 1.00826108455658
6647.029    	 1.00611639022827
6647.066    	 1.00390756130219
6647.103    	 1.00233805179596
6647.141    	 1.00137758255005
6647.178    	 1.00164890289307
6647.215    	 1.00304901599884
6647.253    	 1.00551295280457
6647.290    	 1.00891506671906
6647.327    	 1.01169669628143
6647.365    	 1.01381981372833
6647.402    	 1.01387000083923
6647.439    	 1.01197195053101
6647.477    	 1.00928640365601
6647.514    	 1.00597488880157
6647.551    	 1.00393521785736
6647.588    	 1.00317120552063
6647.626    	 1.00302720069885
6647.663    	 1.00339758396149
6647.700    	 1.00424158573151
6647.738    	 1.00551176071167
6647.775    	 1.00690388679504
6647.812    	 1.00838577747345
6647.850    	 1.00788879394531
6647.887    	 1.0054429769516
6647.924    	 1.00198662281036
6647.962    	 .997672498226166
6647.999    	 .995214939117432
6648.036    	 .994651079177856
6648.074    	 .995256185531616
6648.111    	 .996884644031525
6648.148    	 .998064279556274
6648.185    	 .998725950717926
6648.223    	 .998823583126068
6648.260    	 .998396813869476
6648.297    	 .996834576129913
6648.335    	 .99417769908905
6648.372    	 .992568254470825
6648.409    	 .992083787918091
6648.447    	 .992567896842957
6648.484    	 .993941187858582
6648.521    	 .995008528232574
6648.559    	 .995705187320709
6648.596    	 .996206521987915
6648.633    	 .996538162231445
6648.671    	 .997484564781189
6648.708    	 .999061763286591
6648.745    	 .999950110912323
6648.783    	 1.00009882450104
6648.820    	 .998201191425323
6648.857    	 .994292020797729
6648.894    	 .990803241729736
6648.932    	 .987884700298309
6648.969    	 .986960589885712
6649.006    	 .988012194633484
6649.044    	 .990155041217804
6649.081    	 .993259131908417
6649.118    	 .995189249515533
6649.156    	 .995860457420349
6649.193    	 .995571374893188
6649.230    	 .994400501251221
6649.268    	 .992893695831299
6649.305    	 .991110384464264
6649.342    	 .990033447742462
6649.380    	 .98969304561615
6649.417    	 .990296483039856
6649.454    	 .99180394411087
6649.492    	 .994062006473541
6649.529    	 .997015953063965
6649.566    	 .999690055847168
6649.603    	 1.00202989578247
6649.641    	 1.00363969802856
6649.678    	 1.00453329086304
6649.715    	 1.00528025627136
6649.753    	 1.00593042373657
6649.790    	 1.00642848014832
6649.827    	 1.00677943229675
6649.865    	 1.00643408298492
6649.902    	 1.00539433956146
6649.939    	 1.00405359268188
6649.977    	 1.0024585723877
6650.014    	 1.00037860870361
6650.051    	 .997826993465424
6650.089    	 .996754050254822
6650.126    	 .997208297252655
6650.163    	 .999214231967926
6650.200    	 1.00267493724823
6650.238    	 1.00573933124542
6650.275    	 1.0082995891571
6650.312    	 1.00917100906372
6650.350    	 1.00838017463684
6650.387    	 1.00649094581604
6650.424    	 1.00361812114716
6650.462    	 1.00024700164795
6650.499    	 .996446847915649
6650.536    	 .994301378726959
6650.574    	 .993841886520386
6650.611    	 .994773864746094
6650.648    	 .996974647045136
6650.686    	 .999205768108368
6650.723    	 1.00137650966644
6650.760    	 1.00406980514526
6650.798    	 1.0072865486145
6650.835    	 1.00971257686615
6650.872    	 1.01131725311279
6650.909    	 1.01207625865936
6650.947    	 1.01205706596375
6650.984    	 1.01249134540558
6651.021    	 1.01342761516571
6651.059    	 1.01454210281372
6651.096    	 1.01579666137695
6651.133    	 1.0157219171524
6651.171    	 1.01433396339417
6651.208    	 1.01250326633453
6651.245    	 1.01033127307892
6651.283    	 1.00854635238647
6651.320    	 1.00716245174408
6651.357    	 1.00636470317841
6651.395    	 1.00610828399658
6651.432    	 1.00609958171844
6651.469    	 1.00629317760468
6651.506    	 1.00596082210541
6651.544    	 1.00510776042938
6651.581    	 1.0040819644928
6651.618    	 1.00292587280273
6651.656    	 1.00208449363708
6651.693    	 1.0015527009964
6651.730    	 1.00080955028534
6651.768    	 .999843895435333
6651.805    	 .99862277507782
6651.842    	 .997174382209778
6651.880    	 .995999455451965
6651.917    	 .995098114013672
6651.954    	 .995461463928223
6651.992    	 .996995389461517
6652.029    	 .998750865459442
6652.066    	 1.00063562393188
6652.104    	 1.00107789039612
6652.141    	 1.00016820430756
6652.178    	 .998979985713959
6652.215    	 .997622847557068
6652.253    	 .997308075428009
6652.290    	 .997965335845947
6652.327    	 .998574078083038
6652.365    	 .999074935913086
6652.402    	 .999725997447968
6652.439    	 1.00052118301392
6652.477    	 1.00117373466492
6652.514    	 1.00168764591217
6652.551    	 1.00146400928497
6652.589    	 1.00058400630951
6652.626    	 .99946117401123
6652.663    	 .998162448406219
6652.701    	 .997297942638397
6652.738    	 .996831774711609
6652.775    	 .996052205562592
6652.813    	 .994969666004181
6652.850    	 .992508292198181
6652.887    	 .988851130008698
6652.924    	 .986730992794037
6652.962    	 .986030459403992
6652.999    	 .987415611743927
6653.036    	 .99052757024765
6653.074    	 .99283492565155
6653.111    	 .994341433048248
6653.148    	 .994367003440857
6653.186    	 .993169903755188
6653.223    	 .992604732513428
6653.260    	 .992651641368866
6653.298    	 .99345064163208
6653.335    	 .994849562644959
6653.372    	 .994987547397614
6653.410    	 .994030117988586
6653.447    	 .993295013904572
6653.484    	 .9928098320961
6653.521    	 .99297833442688
6653.559    	 .99367368221283
6653.596    	 .995089411735535
6653.633    	 .997066736221313
6653.671    	 .998177766799927
6653.708    	 .998550117015839
6653.745    	 .997761070728302
6653.783    	 .996074199676514
6653.820    	 .994634747505188
6653.857    	 .993444323539734
6653.895    	 .993984520435333
6653.932    	 .995888710021973
6653.969    	 .998245120048523
6654.007    	 1.00088322162628
6654.044    	 1.00336253643036
6654.081    	 1.00570201873779
6654.119    	 1.00698244571686
6654.156    	 1.00744795799255
6654.193    	 1.00734210014343
6654.230    	 1.00684034824371
6654.268    	 1.00645744800568
6654.305    	 1.00618624687195
6654.342    	 1.00551390647888
6654.380    	 1.00453245639801
6654.417    	 1.00378572940826
6654.454    	 1.00323104858398
6654.492    	 1.00327038764954
6654.529    	 1.00374066829681
6654.566    	 1.00357556343079
6654.604    	 1.00292146205902
6654.641    	 1.00201606750488
6654.678    	 1.00095248222351
6654.716    	 1.00006711483002
6654.753    	 .999318063259125
6654.790    	 .997126579284668
6654.827    	 .993898451328278
6654.865    	 .991115272045136
6654.902    	 .988697469234467
6654.939    	 .988575518131256
6654.977    	 .990042328834534
6655.014    	 .99060070514679
6655.051    	 .990454196929932
6655.089    	 .989476203918457
6655.126    	 .987961947917938
6655.163    	 .988253951072693
6655.201    	 .989795625209808
6655.238    	 .993346333503723
6655.275    	 .998186647891998
6655.313    	 1.00219249725342
6655.350    	 1.00558602809906
6655.387    	 1.00708901882172
6655.425    	 1.00737953186035
6655.462    	 1.00588262081146
6655.499    	 1.00328052043915
6655.536    	 1.00074791908264
6655.574    	 .998308598995209
6655.611    	 .996936142444611
6655.648    	 .9962357878685
6655.686    	 .996242165565491
6655.723    	 .996662557125092
6655.760    	 .997849702835083
6655.798    	 .999493837356567
6655.835    	 1.00124859809875
6655.872    	 1.0030517578125
6655.910    	 1.0035275220871
6655.947    	 1.00319981575012
6655.984    	 1.00125181674957
6656.022    	 .998369991779327
6656.059    	 .997033834457397
6656.096    	 .996645092964172
6656.134    	 .999281525611877
6656.171    	 1.0036393404007
6656.208    	 1.00575113296509
6656.245    	 1.00650763511658
6656.283    	 1.00314831733704
6656.320    	 .997510313987732
6656.357    	 .993613123893738
6656.395    	 .990774154663086
6656.432    	 .991631984710693
6656.469    	 .99448823928833
6656.507    	 .997556328773499
6656.544    	 1.00066685676575
6656.581    	 1.00252771377563
6656.619    	 1.00371706485748
6656.656    	 1.00264310836792
6656.693    	 1.00039660930634
6656.731    	 .996699631214142
6656.768    	 .992287933826447
6656.805    	 .990454971790314
6656.842    	 .989970147609711
6656.880    	 .991856932640076
6656.917    	 .994898080825806
6656.954    	 .997706592082977
6656.992    	 1.00036132335663
6657.029    	 1.00218498706818
6657.066    	 1.00360572338104
6657.104    	 1.00412535667419
6657.141    	 1.00422239303589
6657.178    	 1.00389635562897
6657.216    	 1.00338220596313
6657.253    	 1.00231885910034
6657.290    	 1.00100421905518
6657.328    	 1.00058448314667
6657.365    	 1.00058448314667
6657.402    	 1.00063872337341
6657.440    	 1.00070536136627
6657.477    	 .9999840259552
6657.514    	 .998911261558533
6657.551    	 .996555685997009
6657.589    	 .993648231029511
6657.626    	 .991201400756836
6657.663    	 .988968312740326
6657.701    	 .98857843875885
6657.738    	 .988962769508362
6657.775    	 .990035355091095
6657.813    	 .991373538970947
6657.850    	 .993284046649933
6657.887    	 .995421230792999
6657.925    	 .997592747211456
6657.962    	 .999772131443024
6657.999    	 .999594748020172
6658.037    	 .998489916324615
6658.074    	 .995959579944611
6658.111    	 .99290144443512
6658.148    	 .991172909736633
6658.186    	 .989960491657257
6658.223    	 .99013489484787
6658.260    	 .990812599658966
6658.298    	 .991508066654205
6658.335    	 .992198765277863
6658.372    	 .993333160877228
6658.410    	 .994625866413116
6658.447    	 .995864152908325
6658.484    	 .997079849243164
6658.522    	 .996424496173859
6658.559    	 .9951291680336
6658.596    	 .994179427623749
6658.634    	 .993358433246613
6658.671    	 .991455674171448
6658.708    	 .989195942878723
6658.746    	 .988695204257965
6658.783    	 .9887655377388
6658.820    	 .99094021320343
6658.857    	 .99376392364502
6658.895    	 .99479216337204
6658.932    	 .995258390903473
6658.969    	 .994436502456665
6659.007    	 .993238866329193
6659.044    	 .993854701519012
6659.081    	 .995006740093231
6659.119    	 .998397529125214
6659.156    	 1.00241780281067
6659.193    	 1.00375282764435
6659.231    	 1.0043306350708
6659.268    	 1.00284576416016
6659.305    	 1.00081300735474
6659.343    	 .998440384864807
6659.380    	 .99598628282547
6659.417    	 .993607401847839
6659.455    	 .991249263286591
6659.492    	 .990738034248352
6659.529    	 .990689158439636
6659.566    	 .990624964237213
6659.604    	 .990550994873047
6659.641    	 .989285826683044
6659.678    	 .987738907337189
6659.716    	 .987849712371826
6659.753    	 .98834490776062
6659.790    	 .990009009838104
6659.828    	 .991929292678833
6659.865    	 .992171823978424
6659.902    	 .992048323154449
6659.940    	 .991796672344208
6659.977    	 .991522073745728
6660.014    	 .991671144962311
6660.052    	 .991906344890594
6660.089    	 .990893721580505
6660.126    	 .989635407924652
6660.163    	 .988880276679993
6660.201    	 .98822283744812
6660.238    	 .98797869682312
6660.275    	 .987809538841248
6660.313    	 .986880898475647
6660.350    	 .985817670822144
6660.387    	 .986857056617737
6660.425    	 .988254845142365
6660.462    	 .990615665912628
6660.499    	 .993131220340729
6660.537    	 .99445915222168
6660.574    	 .995599269866943
6660.611    	 .993341624736786
6660.649    	 .990573406219482
6660.686    	 .988869607448578
6660.723    	 .987322390079498
6660.761    	 .988216042518616
6660.798    	 .989445567131042
6660.835    	 .989943861961365
6660.872    	 .990344285964966
6660.910    	 .990584492683411
6660.947    	 .99080491065979
6660.984    	 .989093363285065
6661.022    	 .987151980400085
6661.059    	 .98549348115921
6661.096    	 .983867943286896
6661.134    	 .986156523227692
6661.171    	 .988862335681915
6661.208    	 .993940353393555
6661.246    	 .999255180358887
6661.283    	 1.00358498096466
6661.320    	 1.00782060623169
6661.358    	 1.00838196277618
6661.395    	 1.00861859321594
6661.432    	 1.00373840332031
6661.469    	 .998438477516174
6661.507    	 .99339759349823
6661.544    	 .988411903381348
6661.581    	 .988110303878784
6661.619    	 .988189399242401
6661.656    	 .989572942256927
6661.693    	 .990998983383179
6661.731    	 .989480197429657
6661.768    	 .987707197666168
6661.805    	 .984921813011169
6661.843    	 .982170343399048
6661.880    	 .982842206954956
6661.917    	 .983813166618347
6661.955    	 .985657870769501
6661.992    	 .987466514110565
6662.029    	 .987031519412994
6662.067    	 .986424207687378
6662.104    	 .985834717750549
6662.141    	 .98528391122818
6662.178    	 .985355257987976
6662.216    	 .985497653484344
6662.253    	 .985982000827789
6662.290    	 .986630201339722
6662.328    	 .989128410816193
6662.365    	 .991724133491516
6662.402    	 .993772685527802
6662.440    	 .995559394359589
6662.477    	 .994888842105865
6662.514    	 .993992328643799
6662.552    	 .992715358734131
6662.589    	 .991547346115112
6662.626    	 .991697907447815
6662.664    	 .991883277893066
6662.701    	 .991478443145752
6662.738    	 .990962386131287
6662.776    	 .989901006221771
6662.813    	 .989056408405304
6662.850    	 .990214169025421
6662.887    	 .991435587406158
6662.925    	 .992002904415131
6662.962    	 .992340266704559
6662.999    	 .991448163986206
6663.037    	 .99047988653183
6663.074    	 .989627182483673
6663.111    	 .988755702972412
6663.149    	 .987715244293213
6663.186    	 .986721754074097
6663.223    	 .986073911190033
6663.261    	 .985574126243591
6663.298    	 .985740780830383
6663.335    	 .986198663711548
6663.373    	 .987908959388733
6663.410    	 .989628553390503
6663.447    	 .990919888019562
6663.484    	 .992132782936096
6663.522    	 .993130147457123
6663.559    	 .993892252445221
6663.596    	 .993667364120483
6663.634    	 .993043303489685
6663.671    	 .991021573543549
6663.708    	 .989182829856873
6663.746    	 .988536477088928
6663.783    	 .987959027290344
6663.820    	 .987294912338257
6663.858    	 .986230432987213
6663.895    	 .983675360679626
6663.932    	 .981449365615845
6663.970    	 .98082822561264
6664.007    	 .98082023859024
6664.044    	 .982524156570435
6664.082    	 .98383641242981
6664.119    	 .98340380191803
6664.156    	 .982903480529785
6664.193    	 .982610046863556
6664.231    	 .98290354013443
6664.268    	 .984965562820435
6664.305    	 .986769258975983
6664.343    	 .987405180931091
6664.380    	 .988081514835358
6664.417    	 .989126980304718
6664.455    	 .990509748458862
6664.492    	 .992748737335205
6664.529    	 .99408346414566
6664.567    	 .992836236953735
6664.604    	 .990920066833496
6664.641    	 .987783014774323
6664.679    	 .984976947307587
6664.716    	 .983219027519226
6664.753    	 .981770575046539
6664.790    	 .980874359607697
6664.828    	 .98080849647522
6664.865    	 .982567310333252
6664.902    	 .984718263149261
6664.940    	 .987440407276154
6664.977    	 .989264845848084
6665.014    	 .989058971405029
6665.052    	 .988531053066254
6665.089    	 .987647473812103
6665.126    	 .987115502357483
6665.164    	 .987346589565277
6665.201    	 .987465798854828
6665.238    	 .98725563287735
6665.276    	 .986272156238556
6665.313    	 .983874797821045
6665.350    	 .981460273265839
6665.388    	 .979206264019012
6665.425    	 .978032886981964
6665.462    	 .978748977184296
6665.499    	 .97985053062439
6665.537    	 .981372058391571
6665.574    	 .982627689838409
6665.611    	 .983391523361206
6665.649    	 .983355104923248
6665.686    	 .982093214988709
6665.723    	 .980368375778198
6665.761    	 .978064835071564
6665.798    	 .977294564247131
6665.835    	 .978895843029022
6665.873    	 .982334733009338
6665.910    	 .988198161125183
6665.947    	 .993362963199615
6665.985    	 .997290134429932
6666.022    	 .999235272407532
6666.059    	 .99859344959259
6666.097    	 .996693074703217
6666.134    	 .993375420570374
6666.171    	 .989999830722809
6666.208    	 .986682653427124
6666.246    	 .984651207923889
6666.283    	 .984214127063751
6666.320    	 .985050916671753
6666.358    	 .98728358745575
6666.395    	 .988930344581604
6666.432    	 .989774405956268
6666.470    	 .989504933357239
6666.507    	 .9880411028862
6666.544    	 .986781358718872
6666.582    	 .985840082168579
6666.619    	 .985339045524597
6666.656    	 .98528128862381
6666.694    	 .984748899936676
6666.731    	 .983695447444916
6666.768    	 .981869399547577
6666.805    	 .979310691356659
6666.843    	 .976914823055267
6666.880    	 .974726915359497
6666.917    	 .974309265613556
6666.955    	 .975532591342926
6666.992    	 .977698862552643
6667.029    	 .980613112449646
6667.067    	 .982567131519318
6667.104    	 .983633041381836
6667.141    	 .983432054519653
6667.179    	 .982209622859955
6667.216    	 .981177151203156
6667.253    	 .980359792709351
6667.291    	 .980370879173279
6667.328    	 .981028258800507
6667.365    	 .982646822929382
6667.403    	 .984969317913055
6667.440    	 .987244367599487
6667.477    	 .98944753408432
6667.514    	 .989940881729126
6667.552    	 .989208698272705
6667.589    	 .988026082515717
6667.626    	 .986589431762695
6667.664    	 .98652720451355
6667.701    	 .987399637699127
6667.738    	 .988378882408142
6667.776    	 .989385783672333
6667.813    	 .989442527294159
6667.850    	 .988902866840363
6667.888    	 .987465739250183
6667.925    	 .985510408878326
6667.962    	 .984555125236511
6668.000    	 .984203934669495
6668.037    	 .984687209129334
6668.074    	 .985617339611053
6668.111    	 .985440969467163
6668.149    	 .984647691249847
6668.186    	 .985540986061096
6668.223    	 .987337827682495
6668.261    	 .989534735679626
6668.298    	 .991902828216553
6668.335    	 .991808414459229
6668.373    	 .990514397621155
6668.410    	 .988853573799133
6668.447    	 .987058222293854
6668.485    	 .987492740154266
6668.522    	 .988931238651276
6668.559    	 .990958154201508
6668.597    	 .993210673332214
6668.634    	 .994201958179474
6668.671    	 .994665503501892
6668.709    	 .993914008140564
6668.746    	 .992693543434143
6668.783    	 .992682039737701
6668.820    	 .993141353130341
6668.858    	 .992643654346466
6668.895    	 .99178683757782
6668.932    	 .988786339759827
6668.970    	 .985047221183777
6669.007    	 .983026385307312
6669.044    	 .981592416763306
6669.082    	 .982796967029572
6669.119    	 .984828293323517
6669.156    	 .987074494361877
6669.194    	 .989370763301849
6669.231    	 .991751909255981
6669.268    	 .994156301021576
6669.306    	 .994238018989563
6669.343    	 .993683338165283
6669.380    	 .990256190299988
6669.418    	 .986092269420624
6669.455    	 .98323929309845
6669.492    	 .980719149112701
6669.529    	 .980594217777252
6669.567    	 .981022357940674
6669.604    	 .981287837028503
6669.641    	 .981511235237122
6669.679    	 .980807721614838
6669.716    	 .979913473129272
6669.753    	 .980198979377747
6669.791    	 .980714797973633
6669.828    	 .981456518173218
6669.865    	 .982237100601196
6669.903    	 .98225200176239
6669.940    	 .982137203216553
6669.977    	 .982009470462799
6670.015    	 .981880605220795
6670.052    	 .982211709022522
6670.089    	 .982609510421753
6670.126    	 .982779085636139
6670.164    	 .982917845249176
6670.201    	 .984205186367035
6670.238    	 .985632836818695
6670.276    	 .986828744411469
6670.313    	 .987998247146606
6670.350    	 .986947596073151
6670.388    	 .985674917697906
6670.425    	 .983619868755341
6670.462    	 .981495559215546
6670.500    	 .979983508586884
6670.537    	 .97853696346283
6670.574    	 .978906571865082
6670.612    	 .979444324970245
6670.649    	 .981343984603882
6670.686    	 .983301997184753
6670.724    	 .983761727809906
6670.761    	 .984162867069244
6670.798    	 .985913097858429
6670.835    	 .987849950790405
6670.873    	 .991313755512238
6670.910    	 .994735956192017
6670.947    	 .995754957199097
6670.985    	 .996262967586517
6671.022    	 .992614567279816
6671.059    	 .988602757453918
6671.097    	 .984110474586487
6671.134    	 .980032742023468
6671.171    	 .980307698249817
6671.209    	 .98121190071106
6671.246    	 .984638750553131
6671.283    	 .988086521625519
6671.321    	 .990210175514221
6671.358    	 .991902410984039
6671.395    	 .991306960582733
6671.432    	 .990207493305206
6671.470    	 .987030029296875
6671.507    	 .983707368373871
6671.544    	 .980462908744812
6671.582    	 .977718710899353
6671.619    	 .97760397195816
6671.656    	 .977802693843842
6671.694    	 .978554844856262
6671.731    	 .978963434696198
6671.768    	 .977610647678375
6671.806    	 .976103365421295
6671.843    	 .974509060382843
6671.880    	 .973432719707489
6671.918    	 .974437057971954
6671.955    	 .976023137569427
6671.992    	 .979183375835419
6672.030    	 .981653213500977
6672.067    	 .981301844120026
6672.104    	 .979913711547852
6672.141    	 .975830078125
6672.179    	 .972512066364288
6672.216    	 .97218519449234
6672.253    	 .972798824310303
6672.291    	 .975492119789124
6672.328    	 .977733790874481
6672.365    	 .978301584720612
6672.403    	 .978484630584717
6672.440    	 .977994561195374
6672.477    	 .977652847766876
6672.515    	 .977801918983459
6672.552    	 .97795033454895
6672.589    	 .978011190891266
6672.627    	 .978186428546906
6672.664    	 .978630423545837
6672.701    	 .978734314441681
6672.738    	 .978077828884125
6672.776    	 .97636753320694
6672.813    	 .972655057907104
6672.850    	 .969276785850525
6672.888    	 .96682220697403
6672.925    	 .965872526168823
6672.962    	 .967537343502045
6673.000    	 .969633400440216
6673.037    	 .972141265869141
6673.074    	 .973680734634399
6673.112    	 .973567306995392
6673.149    	 .973739564418793
6673.186    	 .974555671215057
6673.224    	 .975175976753235
6673.261    	 .975429892539978
6673.298    	 .974402129650116
6673.336    	 .971568584442139
6673.373    	 .968828856945038
6673.410    	 .966400146484375
6673.447    	 .965244174003601
6673.485    	 .965729713439941
6673.522    	 .966432631015778
6673.559    	 .967257857322693
6673.597    	 .968124151229858
6673.634    	 .969028949737549
6673.671    	 .970876336097717
6673.709    	 .97380143404007
6673.746    	 .975968360900879
6673.783    	 .977218627929688
6673.821    	 .977383852005005
6673.858    	 .976480960845947
6673.895    	 .975378155708313
6673.933    	 .974151790142059
6673.970    	 .972862303256989
6674.007    	 .971520721912384
6674.045    	 .970529675483704
6674.082    	 .969863057136536
6674.119    	 .969013690948486
6674.156    	 .967984259128571
6674.194    	 .967235505580902
6674.231    	 .966732203960419
6674.268    	 .966287195682526
6674.306    	 .965874910354614
6674.343    	 .965145230293274
6674.380    	 .964171767234802
6674.418    	 .963684856891632
6674.455    	 .963564991950989
6674.492    	 .965129554271698
6674.530    	 .967847764492035
6674.567    	 .970345914363861
6674.604    	 .972645282745361
6674.642    	 .973215341567993
6674.679    	 .972700178623199
6674.716    	 .972045421600342
6674.753    	 .971351027488709
6674.791    	 .970911741256714
6674.828    	 .970620512962341
6674.865    	 .970432162284851
6674.903    	 .970294713973999
6674.940    	 .970699548721313
6674.977    	 .971384346485138
6675.015    	 .972519159317017
6675.052    	 .973866879940033
6675.089    	 .973049223423004
6675.127    	 .971210658550262
6675.164    	 .968043327331543
6675.201    	 .964315474033356
6675.239    	 .962446689605713
6675.276    	 .96137535572052
6675.313    	 .962180256843567
6675.351    	 .963711678981781
6675.388    	 .967123687267303
6675.425    	 .971225261688232
6675.462    	 .975308835506439
6675.500    	 .979370474815369
6675.537    	 .980032026767731
6675.574    	 .979559540748596
6675.612    	 .977148294448853
6675.649    	 .974150717258453
6675.686    	 .970399081707001
6675.724    	 .966436386108398
6675.761    	 .962792932987213
6675.798    	 .959240972995758
6675.836    	 .95787239074707
6675.873    	 .957062602043152
6675.910    	 .957102954387665
6675.948    	 .957338809967041
6675.985    	 .956879615783691
6676.022    	 .956264615058899
6676.059    	 .957342922687531
6676.097    	 .958768010139465
6676.134    	 .961234509944916
6676.171    	 .963892757892609
6676.209    	 .964734613895416
6676.246    	 .965263903141022
6676.283    	 .963927209377289
6676.321    	 .962302446365356
6676.358    	 .959087193012238
6676.395    	 .955650925636292
6676.433    	 .954889535903931
6676.470    	 .954464495182037
6676.507    	 .957397222518921
6676.545    	 .960700452327728
6676.582    	 .963250994682312
6676.619    	 .965727508068085
6676.657    	 .964939653873444
6676.694    	 .963877856731415
6676.731    	 .962348341941834
6676.768    	 .960835874080658
6676.806    	 .961693823337555
6676.843    	 .962778270244598
6676.880    	 .965039551258087
6676.918    	 .967366874217987
6676.955    	 .969218552112579
6676.992    	 .970880746841431
6677.030    	 .970255494117737
6677.067    	 .969370603561401
6677.104    	 .967474341392517
6677.142    	 .96563458442688
6677.179    	 .965156316757202
6677.216    	 .964759409427643
6677.254    	 .964159369468689
6677.291    	 .963488340377808
6677.328    	 .962398052215576
6677.366    	 .961169123649597
6677.403    	 .959228873252869
6677.440    	 .957429945468903
6677.477    	 .956792950630188
6677.515    	 .956459999084473
6677.552    	 .957275569438934
6677.589    	 .958345711231232
6677.627    	 .960222959518433
6677.664    	 .962160170078278
6677.701    	 .964091241359711
6677.739    	 .965531289577484
6677.776    	 .964992523193359
6677.813    	 .96408885717392
6677.851    	 .962389349937439
6677.888    	 .96088033914566
6677.925    	 .960230827331543
6677.963    	 .960169792175293
6678.000    	 .961770474910736
6678.037    	 .963439166545868
6678.074    	 .964938163757324
6678.112    	 .965915381908417
6678.149    	 .96549516916275
6678.186    	 .964941620826721
6678.224    	 .964316308498383
6678.261    	 .963714778423309
6678.298    	 .963183224201202
6678.336    	 .962882399559021
6678.373    	 .96308821439743
6678.410    	 .964099586009979
6678.448    	 .96673047542572
6678.485    	 .968927264213562
6678.522    	 .970024228096008
6678.560    	 .970652878284454
6678.597    	 .970560729503632
6678.634    	 .970714271068573
6678.672    	 .971393644809723
6678.709    	 .972191274166107
6678.746    	 .973120629787445
6678.783    	 .973285377025604
6678.821    	 .972239553928375
6678.858    	 .970899701118469
6678.895    	 .969257473945618
6678.933    	 .967350602149963
6678.970    	 .965105473995209
6679.007    	 .963198721408844
6679.045    	 .96177065372467
6679.082    	 .960925281047821
6679.119    	 .960763096809387
6679.157    	 .96099454164505
6679.194    	 .961631894111633
6679.231    	 .962644875049591
6679.269    	 .964044451713562
6679.306    	 .965469181537628
6679.343    	 .966890931129456
6679.380    	 .967794179916382
6679.418    	 .968178868293762
6679.455    	 .967976927757263
6679.492    	 .967254817485809
6679.530    	 .966418206691742
6679.567    	 .965512156486511
6679.604    	 .965313732624054
6679.642    	 .965719401836395
6679.679    	 .965922117233276
6679.716    	 .96592777967453
6679.754    	 .96522057056427
6679.791    	 .963982999324799
6679.828    	 .963616371154785
6679.866    	 .963900744915009
6679.903    	 .965776443481445
6679.940    	 .96869945526123
6679.978    	 .971308052539825
6680.015    	 .973669409751892
6680.052    	 .975019752979279
6680.089    	 .97577029466629
6680.127    	 .975781142711639
6680.164    	 .975394427776337
6680.201    	 .973697125911713
6680.239    	 .971312463283539
6680.276    	 .969984829425812
6680.313    	 .969212651252747
6680.351    	 .969634532928467
6680.388    	 .970604062080383
6680.425    	 .971676528453827
6680.463    	 .972778797149658
6680.500    	 .972657442092896
6680.537    	 .972026586532593
6680.575    	 .969965100288391
6680.612    	 .967360317707062
6680.649    	 .966128885746002
6680.687    	 .965407848358154
6680.724    	 .966881990432739
6680.761    	 .969086349010468
6680.798    	 .969456017017365
6680.836    	 .969237148761749
6680.873    	 .967889308929443
6680.910    	 .966224312782288
6680.948    	 .963711202144623
6680.985    	 .960976421833038
6681.022    	 .957396030426025
6681.060    	 .953611433506012
6681.097    	 .952286601066589
6681.134    	 .951516926288605
6681.172    	 .954022884368896
6681.209    	 .957191944122314
6681.246    	 .961722612380981
6681.284    	 .966498136520386
6681.321    	 .971684277057648
6681.358    	 .976935863494873
6681.395    	 .979361534118652
6681.433    	 .981370627880096
6681.470    	 .981054425239563
6681.507    	 .980439603328705
6681.545    	 .979916036128998
6681.582    	 .979403793811798
6681.619    	 .978979408740997
6681.657    	 .978563487529755
6681.694    	 .977489650249481
6681.731    	 .976356089115143
6681.769    	 .974687933921814
6681.806    	 .972954094409943
6681.843    	 .970444917678833
6681.881    	 .967941403388977
6681.918    	 .966772496700287
6681.955    	 .965731978416443
6681.993    	 .965066969394684
6682.030    	 .964508175849915
6682.067    	 .964853048324585
6682.104    	 .965411901473999
6682.142    	 .96735280752182
6682.179    	 .969433486461639
6682.216    	 .971786022186279
6682.254    	 .97414642572403
6682.291    	 .976419270038605
6682.328    	 .978206515312195
6682.366    	 .977115154266357
6682.403    	 .97564297914505
6682.440    	 .973317623138428
6682.478    	 .971118152141571
6682.515    	 .969821691513062
6682.552    	 .968785643577576
6682.590    	 .968563735485077
6682.627    	 .968586206436157
6682.664    	 .969310224056244
6682.701    	 .97026926279068
6682.739    	 .97186404466629
6682.776    	 .972927331924438
6682.813    	 .972138166427612
6682.851    	 .971063435077667
6682.888    	 .969561636447906
6682.925    	 .968648910522461
6682.963    	 .969414174556732
6683.000    	 .97028911113739
6683.037    	 .971122920513153
6683.075    	 .971514523029327
6683.112    	 .97089159488678
6683.149    	 .970194876194
6683.187    	 .969503164291382
6683.224    	 .969147443771362
6683.261    	 .969461441040039
6683.299    	 .970188677310944
6683.336    	 .971591114997864
6683.373    	 .973094284534454
6683.410    	 .974685430526733
6683.448    	 .975820124149323
6683.485    	 .976204574108124
6683.522    	 .975915312767029
6683.560    	 .974688708782196
6683.597    	 .973816156387329
6683.634    	 .97354394197464
6683.672    	 .974088966846466
6683.709    	 .975662350654602
6683.746    	 .977051794528961
6683.784    	 .978118240833282
6683.821    	 .978200614452362
6683.858    	 .977159857749939
6683.896    	 .97609406709671
6683.933    	 .975089907646179
6683.970    	 .973936676979065
6684.008    	 .972625136375427
6684.045    	 .972025156021118
6684.082    	 .972123861312866
6684.119    	 .973281502723694
6684.157    	 .975354433059692
6684.194    	 .977015316486359
6684.231    	 .978270292282104
6684.269    	 .978343427181244
6684.306    	 .977495670318604
6684.343    	 .978048503398895
6684.381    	 .979698359966278
6684.418    	 .981290996074677
6684.455    	 .982789874076843
6684.493    	 .982392013072968
6684.530    	 .980752050876617
6684.567    	 .978910446166992
6684.605    	 .976997077465057
6684.642    	 .975149393081665
6684.679    	 .973342478275299
6684.716    	 .972560405731201
6684.754    	 .972326934337616
6684.791    	 .973718583583832
6684.828    	 .975904762744904
6684.866    	 .976140856742859
6684.903    	 .975444734096527
6684.940    	 .974703669548035
6684.978    	 .973969280719757
6685.015    	 .976541221141815
6685.052    	 .980438411235809
6685.090    	 .984670698642731
6685.127    	 .988995969295502
6685.164    	 .988702774047852
6685.202    	 .986828982830048
6685.239    	 .982882916927338
6685.276    	 .978316307067871
6685.314    	 .976978719234467
6685.351    	 .976580083370209
6685.388    	 .977325975894928
6685.425    	 .97835773229599
6685.463    	 .977755188941956
6685.500    	 .976760864257813
6685.537    	 .975057244300842
6685.575    	 .973206579685211
6685.612    	 .971985697746277
6685.649    	 .970886886119843
6685.687    	 .97130298614502
6685.724    	 .971974730491638
6685.761    	 .972699224948883
6685.799    	 .97342985868454
6685.836    	 .973891794681549
6685.873    	 .974319219589233
6685.911    	 .973995327949524
6685.948    	 .973589956760406
6685.985    	 .972913563251495
6686.022    	 .972219228744507
6686.060    	 .972519814968109
6686.097    	 .972877979278564
6686.134    	 .972452461719513
6686.172    	 .971932351589203
6686.209    	 .970640242099762
6686.246    	 .969500243663788
6686.284    	 .971649765968323
6686.321    	 .974057912826538
6686.358    	 .976526439189911
6686.396    	 .978702962398529
6686.433    	 .97810685634613
6686.470    	 .977388679981232
6686.508    	 .977373838424683
6686.545    	 .977636277675629
6686.582    	 .979358911514282
6686.620    	 .981008172035217
6686.657    	 .981615006923676
6686.694    	 .981936752796173
6686.731    	 .981247007846832
6686.769    	 .980275571346283
6686.806    	 .978412806987762
6686.843    	 .97633570432663
6686.881    	 .973688840866089
6686.918    	 .971161961555481
6686.955    	 .969204306602478
6686.993    	 .967824876308441
6687.030    	 .96813428401947
6687.067    	 .96888679265976
6687.105    	 .970544099807739
6687.142    	 .972323000431061
6687.179    	 .974241852760315
6687.217    	 .976066052913666
6687.254    	 .97763866186142
6687.291    	 .978500008583069
6687.329    	 .977835714817047
6687.366    	 .976466655731201
6687.403    	 .973898410797119
6687.440    	 .971045196056366
6687.478    	 .967824995517731
6687.515    	 .965535044670105
6687.552    	 .964905679225922
6687.590    	 .966183543205261
6687.627    	 .970329940319061
6687.664    	 .974432051181793
6687.702    	 .978152692317963
6687.739    	 .980096936225891
6687.776    	 .979617416858673
6687.814    	 .97772604227066
6687.851    	 .974243104457855
6687.888    	 .972023963928223
6687.926    	 .971460342407227
6687.963    	 .972656428813934
6688.000    	 .975684523582459
6688.037    	 .978646457195282
6688.075    	 .981402039527893
6688.112    	 .983088970184326
6688.149    	 .98375403881073
6688.187    	 .983248233795166
6688.224    	 .981750667095184
6688.261    	 .980305075645447
6688.299    	 .978962600231171
6688.336    	 .977289795875549
6688.373    	 .97535252571106
6688.411    	 .973626136779785
6688.448    	 .97206711769104
6688.485    	 .970935881137848
6688.523    	 .970086932182312
6688.560    	 .969062805175781
6688.597    	 .967916309833527
6688.635    	 .968571484088898
6688.672    	 .970284819602966
6688.709    	 .972502887248993
6688.746    	 .974955677986145
6688.784    	 .975602030754089
6688.821    	 .975335240364075
6688.858    	 .974457979202271
6688.896    	 .973326027393341
6688.933    	 .973120927810669
6688.970    	 .973317861557007
6689.008    	 .97344982624054
6689.045    	 .97354644536972
6689.082    	 .973069190979004
6689.120    	 .972387075424194
6689.157    	 .972340047359467
6689.194    	 .972504794597626
6689.232    	 .973586201667786
6689.269    	 .974936068058014
6689.306    	 .977438569068909
6689.343    	 .98024594783783
6689.381    	 .981764376163483
6689.418    	 .982967793941498
6689.455    	 .98070228099823
6689.493    	 .977695345878601
6689.530    	 .976270794868469
6689.567    	 .975153684616089
6689.605    	 .976570188999176
6689.642    	 .978403985500336
6689.679    	 .979267060756683
6689.717    	 .979988873004913
6689.754    	 .979844391345978
6689.791    	 .979596138000488
6689.829    	 .977600157260895
6689.866    	 .975431263446808
6689.903    	 .972545385360718
6689.941    	 .96965366601944
6689.978    	 .969368159770966
6690.015    	 .969390094280243
6690.052    	 .972028136253357
6690.090    	 .974834084510803
6690.127    	 .977096736431122
6690.164    	 .979036569595337
6690.202    	 .977691650390625
6690.239    	 .975850701332092
6690.276    	 .971786320209503
6690.314    	 .967733383178711
6690.351    	 .965032994747162
6690.388    	 .962724626064301
6690.426    	 .962208271026611
6690.463    	 .961841762065887
6690.500    	 .961542367935181
6690.538    	 .961293160915375
6690.575    	 .961251854896545
6690.612    	 .961459279060364
6690.650    	 .962611377239227
6690.687    	 .963913023471832
6690.724    	 .965494751930237
6690.761    	 .966809272766113
6690.799    	 .967197299003601
6690.836    	 .967275977134705
6690.873    	 .966663539409637
6690.911    	 .966088175773621
6690.948    	 .965745866298676
6690.985    	 .966191053390503
6691.023    	 .968464195728302
6691.060    	 .970786154270172
6691.097    	 .972917377948761
6691.135    	 .974299967288971
6691.172    	 .974229037761688
6691.209    	 .974939525127411
6691.247    	 .977265417575836
6691.284    	 .980537593364716
6691.321    	 .985188782215118
6691.358    	 .988822877407074
6691.396    	 .990737617015839
6691.433    	 .990534245967865
6691.470    	 .987508714199066
6691.508    	 .983752906322479
6691.545    	 .979312181472778
6691.582    	 .975506246089935
6691.620    	 .972528159618378
6691.657    	 .970532715320587
6691.694    	 .969569087028503
6691.732    	 .968803644180298
6691.769    	 .968166410923004
6691.806    	 .966914534568787
6691.844    	 .96506530046463
6691.881    	 .964073538780212
6691.918    	 .963879585266113
6691.956    	 .965168952941895
6691.993    	 .967628359794617
6692.030    	 .97026389837265
6692.067    	 .972970604896545
6692.105    	 .974500358104706
6692.142    	 .975201725959778
6692.179    	 .975090444087982
6692.217    	 .974490404129028
6692.254    	 .973329424858093
6692.291    	 .971853852272034
6692.329    	 .970988512039185
6692.366    	 .970470070838928
6692.403    	 .970321595668793
6692.441    	 .970348060131073
6692.478    	 .970718204975128
6692.515    	 .971241891384125
6692.553    	 .971698462963104
6692.590    	 .972122550010681
6692.627    	 .971756935119629
6692.664    	 .971087992191315
6692.702    	 .969548404216766
6692.739    	 .96771115064621
6692.776    	 .966367065906525
6692.814    	 .965184509754181
6692.851    	 .966127216815948
6692.888    	 .967670440673828
6692.926    	 .968081295490265
6692.963    	 .968196570873261
6693.000    	 .966330587863922
6693.038    	 .96402382850647
6693.075    	 .963943362236023
6693.112    	 .964305222034454
6693.150    	 .967233657836914
6693.187    	 .970595180988312
6693.224    	 .972104489803314
6693.262    	 .973342180252075
6693.299    	 .972259342670441
6693.336    	 .970897257328033
6693.373    	 .970661103725433
6693.411    	 .970538735389709
6693.448    	 .971908450126648
6693.485    	 .973343074321747
6693.523    	 .972696781158447
6693.560    	 .97186142206192
6693.597    	 .970433235168457
6693.635    	 .968946278095245
6693.672    	 .967276036739349
6693.709    	 .965725719928741
6693.747    	 .965551912784576
6693.784    	 .96549129486084
6693.821    	 .965489447116852
6693.859    	 .965268969535828
6693.896    	 .96357798576355
6693.933    	 .961715400218964
6693.971    	 .959526240825653
6694.008    	 .957748055458069
6694.045    	 .958027243614197
6694.082    	 .958724796772003
6694.120    	 .960493624210358
6694.157    	 .962181806564331
6694.194    	 .963288128376007
6694.232    	 .96450012922287
6694.269    	 .966189682483673
6694.306    	 .967683851718903
6694.344    	 .968520939350128
6694.381    	 .968982517719269
6694.418    	 .968612790107727
6694.456    	 .968006014823914
6694.493    	 .966997504234314
6694.530    	 .965745449066162
6694.568    	 .964047908782959
6694.605    	 .963052093982697
6694.642    	 .963449716567993
6694.679    	 .96491414308548
6694.717    	 .968044221401215
6694.754    	 .970660984516144
6694.791    	 .972271621227264
6694.829    	 .972914636135101
6694.866    	 .972264409065247
6694.903    	 .971054196357727
6694.941    	 .969226479530334
6694.978    	 .968059360980988
6695.015    	 .967752575874329
6695.053    	 .967909514904022
6695.090    	 .968516051769257
6695.127    	 .969633102416992
6695.165    	 .971242785453796
6695.202    	 .973012387752533
6695.239    	 .974899888038635
6695.277    	 .975717544555664
6695.314    	 .975594937801361
6695.351    	 .975034475326538
6695.388    	 .974176287651062
6695.426    	 .973287999629974
6695.463    	 .972393095493317
6695.500    	 .971019864082336
6695.538    	 .969323635101318
6695.575    	 .967270076274872
6695.612    	 .965008854866028
6695.650    	 .963788747787476
6695.687    	 .963167905807495
6695.724    	 .964855670928955
6695.762    	 .967719852924347
6695.799    	 .969711422920227
6695.836    	 .971253752708435
6695.874    	 .970855116844177
6695.911    	 .969635665416718
6695.948    	 .968472421169281
6695.985    	 .96735155582428
6696.023    	 .965856730937958
6696.060    	 .964230120182037
6696.097    	 .961430430412292
6696.135    	 .958265125751495
6696.172    	 .957589328289032
6696.209    	 .957615852355957
6696.247    	 .960488319396973
6696.284    	 .96405416727066
6696.321    	 .968689680099487
6696.359    	 .973547995090485
6696.396    	 .975948512554169
6696.433    	 .977886855602264
6696.471    	 .976533055305481
6696.508    	 .974658608436584
6696.545    	 .972656667232513
6696.583    	 .97064083814621
6696.620    	 .969808757305145
6696.657    	 .969103872776031
6696.694    	 .968136250972748
6696.732    	 .9671351313591
6696.769    	 .965495586395264
6696.806    	 .963850378990173
6696.844    	 .963223040103912
6696.881    	 .962712526321411
6696.918    	 .9627565741539
6696.956    	 .962741494178772
6696.993    	 .961663484573364
6697.030    	 .960500597953796
6697.068    	 .95931214094162
6697.105    	 .95846551656723
6697.142    	 .959845781326294
6697.180    	 .961536347866058
6697.217    	 .963979363441467
6697.254    	 .965914487838745
6697.291    	 .965271055698395
6697.329    	 .964411079883575
6697.366    	 .963472247123718
6697.403    	 .96300083398819
6697.441    	 .964154064655304
6697.478    	 .965739488601685
6697.515    	 .968260049819946
6697.553    	 .970835745334625
6697.590    	 .973370432853699
6697.627    	 .975360691547394
6697.665    	 .976052165031433
6697.702    	 .975851774215698
6697.739    	 .973938226699829
6697.777    	 .971817970275879
6697.814    	 .969544589519501
6697.851    	 .967329144477844
6697.889    	 .965235710144043
6697.926    	 .962825238704681
6697.963    	 .959893047809601
6698.000    	 .95723557472229
6698.038    	 .955033898353577
6698.075    	 .954666256904602
6698.112    	 .956688523292542
6698.150    	 .961237549781799
6698.187    	 .96863716840744
6698.224    	 .979963660240173
6698.262    	 .969541013240814
6698.299    	 .964999973773956
6698.336    	 .969020366668701
6698.374    	 .970205426216125
6698.411    	 .970104515552521
6698.448    	 .979847490787506
6698.486    	 .968551218509674
6698.523    	 .97703343629837
6698.560    	 .972080528736115
6698.598    	 .96874862909317
6698.635    	 .96638947725296
6698.672    	 .96539443731308
6698.709    	 .965236246585846
6698.747    	 .965935528278351
6698.784    	 .967105090618134
6698.821    	 .968026697635651
6698.859    	 .968798875808716
6698.896    	 .968724310398102
6698.933    	 .968244731426239
6698.971    	 .967670142650604
6699.008    	 .967065632343292
6699.045    	 .966507852077484
6699.083    	 .965969145298004
6699.120    	 .966787040233612
6699.157    	 .968082368373871
6699.195    	 .970148265361786
6699.232    	 .97244656085968
6699.269    	 .972155630588531
6699.306    	 .971143186092377
6699.344    	 .969811916351318
6699.381    	 .968413293361664
6699.418    	 .96707683801651
6699.456    	 .965754449367523
6699.493    	 .964615106582642
6699.530    	 .963508725166321
6699.568    	 .964585244655609
6699.605    	 .965989291667938
6699.642    	 .96918261051178
6699.680    	 .972593128681183
6699.717    	 .974799811840057
6699.754    	 .976876378059387
6699.792    	 .976931750774384
6699.829    	 .976749241352081
6699.866    	 .974057137966156
6699.904    	 .971182346343994
6699.941    	 .968491852283478
6699.978    	 .965983748435974
6700.015    	 .965383291244507
6700.053    	 .964945375919342
6700.090    	 .964639604091644
6700.127    	 .96442323923111
6700.165    	 .964737176895142
6700.202    	 .965073764324188
6700.239    	 .965311944484711
6700.277    	 .965205788612366
6700.314    	 .963554859161377
6700.351    	 .962064206600189
6700.389    	 .961661696434021
6700.426    	 .96177065372467
6700.463    	 .963334143161774
6700.501    	 .964552938938141
6700.538    	 .964421808719635
6700.575    	 .964219093322754
6700.612    	 .964095771312714
6700.650    	 .965333223342896
6700.687    	 .969727158546448
6700.724    	 .967840015888214
6700.762    	 .969549119472504
6700.799    	 .968999981880188
6700.836    	 .960290849208832
6700.874    	 .970340073108673
6700.911    	 .970197677612305
6700.948    	 .970020174980164
6700.986    	 .968106806278229
6701.023    	 .966281235218048
6701.060    	 .960322797298431
6701.098    	 .957970917224884
6701.135    	 .959325671195984
6701.172    	 .960483193397522
6701.210    	 .961109519004822
6701.247    	 .961724400520325
6701.284    	 .962367355823517
6701.321    	 .963394045829773
6701.359    	 .96478009223938
6701.396    	 .965463817119598
6701.433    	 .965524077415466
6701.471    	 .964763402938843
6701.508    	 .963397741317749
6701.545    	 .96120011806488
6701.583    	 .958443999290466
6701.620    	 .956198871135712
6701.657    	 .954306721687317
6701.695    	 .954405784606934
6701.732    	 .955648422241211
6701.769    	 .958447158336639
6701.807    	 .962022602558136
6701.844    	 .963911175727844
6701.881    	 .964977502822876
6701.919    	 .963500082492828
6701.956    	 .960966050624847
6701.993    	 .959556043148041
6702.030    	 .958597481250763
6702.068    	 .959522187709808
6702.105    	 .961070895195007
6702.142    	 .962584316730499
6702.180    	 .964076161384583
6702.217    	 .963879466056824
6702.254    	 .963245630264282
6702.292    	 .961858689785004
6702.329    	 .960308790206909
6702.366    	 .959456145763397
6702.404    	 .958737909793854
6702.441    	 .960016787052155
6702.478    	 .961612164974213
6702.516    	 .962827861309052
6702.553    	 .963992774486542
6702.590    	 .964637815952301
6702.627    	 .965230941772461
6702.665    	 .96603786945343
6702.702    	 .96682220697403
6702.739    	 .966312885284424
6702.777    	 .965665757656097
6702.814    	 .96437531709671
6702.851    	 .963022112846375
6702.889    	 .961519777774811
6702.926    	 .959995090961456
6702.963    	 .9583780169487
6703.001    	 .956977427005768
6703.038    	 .957026422023773
6703.075    	 .957608044147491
6703.113    	 .96041339635849
6703.150    	 .963053107261658
6703.187    	 .964218139648438
6703.225    	 .96484512090683
6703.262    	 .963879466056824
6703.299    	 .963021218776703
6703.336    	 .962900102138519
6703.374    	 .96325558423996
6703.411    	 .964795768260956
6703.448    	 .966127634048462
6703.486    	 .966722249984741
6703.523    	 .966814756393433
6703.560    	 .965926945209503
6703.598    	 .965174436569214
6703.635    	 .964829564094543
6703.672    	 .964738011360168
6703.710    	 .965036809444427
6703.747    	 .965139925479889
6703.784    	 .96489006280899
6703.822    	 .964277982711792
6703.859    	 .963190019130707
6703.896    	 .961207747459412
6703.933    	 .958127975463867
6703.971    	 .9558926820755
6704.008    	 .954724192619324
6704.045    	 .95501035451889
6704.083    	 .956734836101532
6704.120    	 .958616316318512
6704.157    	 .960548400878906
6704.195    	 .962378919124603
6704.232    	 .964119374752045
6704.269    	 .965071082115173
6704.307    	 .965417146682739
6704.344    	 .965473055839539
6704.381    	 .965355515480042
6704.419    	 .966200113296509
6704.456    	 .967659831047058
6704.493    	 .969323396682739
6704.531    	 .971078932285309
6704.568    	 .97125631570816
6704.605    	 .97062474489212
6704.642    	 .968525171279907
6704.680    	 .965779483318329
6704.717    	 .963406682014465
6704.754    	 .96120274066925
6704.792    	 .96128511428833
6704.829    	 .962187528610229
6704.866    	 .962891578674316
6704.904    	 .963516891002655
6704.941    	 .962218701839447
6704.978    	 .960390448570251
6705.016    	 .959368050098419
6705.053    	 .958544909954071
6705.090    	 .959922552108765
6705.128    	 .961743474006653
6705.165    	 .96406078338623
6705.202    	 .966457843780518
6705.240    	 .96673983335495
6705.277    	 .966731369495392
6705.314    	 .965543925762177
6705.351    	 .964231550693512
6705.389    	 .962703704833984
6705.426    	 .961172223091125
6705.463    	 .960114657878876
6705.501    	 .959164619445801
6705.538    	 .959453165531158
6705.575    	 .959750413894653
6705.613    	 .959065735340118
6705.650    	 .95825332403183
6705.687    	 .957012176513672
6705.725    	 .955755889415741
6705.762    	 .954611301422119
6705.799    	 .953501582145691
6705.837    	 .95252650976181
6705.874    	 .951981365680695
6705.911    	 .953224658966064
6705.948    	 .954554378986359
6705.986    	 .955705285072327
6706.023    	 .956322312355042
6706.060    	 .955326020717621
6706.098    	 .95486319065094
6706.135    	 .956166207790375
6706.172    	 .958491802215576
6706.210    	 .962919414043427
6706.247    	 .966674327850342
6706.284    	 .968697786331177
6706.322    	 .969020962715149
6706.359    	 .966434478759766
6706.396    	 .963657677173615
6706.434    	 .960923492908478
6706.471    	 .959414660930634
6706.508    	 .959712505340576
6706.546    	 .96098929643631
6706.583    	 .963388383388519
6706.620    	 .964742958545685
6706.657    	 .964754402637482
6706.695    	 .963234722614288
6706.732    	 .960176050662994
6706.769    	 .957874655723572
6706.807    	 .956412434577942
6706.844    	 .955145597457886
6706.881    	 .953996777534485
6706.919    	 .9524747133255
6706.956    	 .950653374195099
6706.993    	 .94963127374649
6707.031    	 .949187994003296
6707.068    	 .949452877044678
6707.105    	 .950141251087189
6707.143    	 .950049042701721
6707.180    	 .949497044086456
6707.217    	 .950299084186554
6707.254    	 .951803624629974
6707.292    	 .954499363899231
6707.329    	 .957711696624756
6707.366    	 .958917677402496
6707.404    	 .959308505058289
6707.441    	 .957656800746918
6707.478    	 .955305159091949
6707.516    	 .953661620616913
6707.553    	 .952248454093933
6707.590    	 .953020334243774
6707.628    	 .954367578029633
6707.665    	 .954486131668091
6707.702    	 .954319953918457
6707.740    	 .953655898571014
6707.777    	 .952900350093842
6707.814    	 .953509509563446
6707.852    	 .954330623149872
6707.889    	 .955909013748169
6707.926    	 .957578957080841
6707.963    	 .960079073905945
6708.001    	 .962621629238129
6708.038    	 .96291446685791
6708.075    	 .96293568611145
6708.113    	 .960808157920837
6708.150    	 .958547711372375
6708.187    	 .956711113452911
6708.225    	 .955079674720764
6708.262    	 .954988777637482
6708.299    	 .954795777797699
6708.337    	 .9531130194664
6708.374    	 .95126086473465
6708.411    	 .949112057685852
6708.449    	 .94740492105484
6708.486    	 .947733581066132
6708.523    	 .948565721511841
6708.561    	 .950679063796997
6708.598    	 .952684640884399
6708.635    	 .95404839515686
6708.672    	 .954903602600098
6708.710    	 .954515218734741
6708.747    	 .953673779964447
6708.784    	 .95198529958725
6708.822    	 .950461685657501
6708.859    	 .949410378932953
6708.896    	 .948473513126373
6708.934    	 .947681128978729
6708.971    	 .947022259235382
6709.008    	 .946562588214874
6709.046    	 .947519421577454
6709.083    	 .950504422187805
6709.120    	 .954192578792572
6709.158    	 .958597362041473
6709.195    	 .96110999584198
6709.232    	 .96137273311615
6709.269    	 .96042138338089
6709.307    	 .958379626274109
6709.344    	 .957730174064636
6709.381    	 .958448648452759
6709.419    	 .958845555782318
6709.456    	 .958893060684204
6709.493    	 .957196652889252
6709.531    	 .954215168952942
6709.568    	 .951599359512329
6709.605    	 .949288070201874
6709.643    	 .94874519109726
6709.680    	 .949246048927307
6709.717    	 .951092541217804
6709.755    	 .953616917133331
6709.792    	 .955186009407043
6709.829    	 .956283271312714
