6510.01 -1.08555 0
6510.05 -1.08549 0
6510.08 0.0275517 0
6510.12 0.0248808 0
6510.16 0.0220833 0
6510.2 0.0213791 0
6510.23 0.0209275 0
6510.27 0.0214689 0
6510.31 0.0222113 0
6510.35 0.0226856 0
6510.38 0.023076 0
6510.42 0.0238321 0
6510.46 0.0247473 0
6510.49 0.0258056 0
6510.53 0.0269376 0
6510.57 0.0277785 0
6510.61 0.0283971 0
6510.64 0.0289338 0
6510.68 0.0294065 0
6510.72 0.0302599 0
6510.76 0.0316088 0
6510.79 0.0327661 0
6510.83 0.0335318 0
6510.87 0.0333146 0
6510.9 0.0308537 0
6510.94 0.0282454 0
6510.98 0.025708 0
6511.02 0.0236252 0
6511.05 0.0239211 0
6511.09 0.0246206 0
6511.13 0.0275874 0
6511.17 0.0307167 0
6511.2 0.033171 0
6511.24 0.0355709 0
6511.28 0.0347077 0
6511.32 0.0334027 0
6511.35 0.0316561 0
6511.39 0.0298147 0
6511.43 0.0289424 0
6511.47 0.0283858 0
6511.5 0.0281915 0
6511.54 0.0281519 0
6511.58 0.0270367 0
6511.61 0.0252668 0
6511.65 0.0218104 0
6511.69 0.0170617 0
6511.73 0.0102355 0
6511.76 0.00136909 0
6511.8 -0.00830566 0
6511.84 -0.0188758 0
6511.88 -0.0291041 0
6511.91 -0.0386048 0
6511.95 -0.0475594 0
6511.99 -0.0553108 0
6512.02 -0.0623599 0
6512.06 -0.0672723 0
6512.1 -0.0712773 0
6512.14 -0.0711279 0
6512.17 -0.0703291 0
6512.21 -0.0657786 0
6512.25 -0.0608973 0
6512.29 -0.052 0
6512.32 -0.0427951 0
6512.36 -0.0309425 0
6512.4 -0.018713 0
6512.44 -0.00648773 0
6512.47 0.00573199 0
6512.51 0.0158166 0
6512.55 0.0251848 0
6512.58 0.0288838 0
6512.62 0.0300095 0
6512.66 0.0282821 0
6512.7 0.024921 0
6512.73 0.0194584 0
6512.77 0.0124078 0
6512.81 -0.00342375 0
6512.85 -0.0282376 0
6512.88 -0.0535262 0
6512.92 -0.0785903 0
6512.96 -0.0890731 0
6512.99 -0.0734224 0
6513.03 -0.0531894 0
6513.07 -0.0264828 0
6513.11 -0.0028556 0
6513.14 0.00826784 0
6513.18 0.0173328 0
6513.22 0.0202504 0
6513.26 0.0225684 0
6513.29 0.0234794 0
6513.33 0.0242591 0
6513.37 0.0231077 0
6513.4 0.0218072 0
6513.44 0.0189196 0
6513.48 0.0158091 0
6513.52 0.0116497 0
6513.55 0.00725538 0
6513.59 0.00481375 0
6513.63 0.0030147 0
6513.67 0.00378607 0
6513.7 0.00569736 0
6513.74 0.00964646 0
6513.78 0.0147694 0
6513.82 0.0185939 0
6513.85 0.0213404 0
6513.89 0.0222079 0
6513.93 0.0212493 0
6513.97 0.0188835 0
6514 0.0148347 0
6514.04 0.00972316 0
6514.08 0.00296887 0
6514.11 -0.00394847 0
6514.15 -0.010965 0
6514.19 -0.0175796 0
6514.23 -0.0228328 0
6514.26 -0.0277744 0
6514.3 -0.0316366 0
6514.34 -0.035702 0
6514.38 -0.0425616 0
6514.41 -0.0498625 0
6514.45 -0.0670922 0
6514.49 -0.0850872 0
6514.52 -0.113044 0
6514.56 -0.14227 0
6514.6 -0.169684 0
6514.64 -0.196702 0
6514.67 -0.210148 0
6514.71 -0.219395 0
6514.75 -0.21096 0
6514.79 -0.195091 0
6514.82 -0.169239 0
6514.86 -0.137991 0
6514.9 -0.106019 0
6514.94 -0.0737814 0
6514.97 -0.0465585 0
6515.01 -0.0241744 0
6515.05 -0.00730227 0
6515.08 0.00312281 0
6515.12 0.0104956 0
6515.16 0.0136342 0
6515.2 0.0161671 0
6515.23 0.0180589 0
6515.27 0.0196667 0
6515.31 0.0205567 0
6515.35 0.0211215 0
6515.38 0.0204289 0
6515.42 0.0194006 0
6515.46 0.0164272 0
6515.49 0.0130821 0
6515.53 0.00453001 0
6515.57 -0.00442308 0
6515.61 -0.0176595 0
6515.64 -0.0313553 0
6515.68 -0.0448669 0
6515.72 -0.0583386 0
6515.76 -0.0677435 0
6515.79 -0.0760083 0
6515.83 -0.0774884 0
6515.87 -0.0763492 0
6515.9 -0.0693766 0
6515.94 -0.0594429 0
6515.98 -0.0476008 0
6516.02 -0.0345874 0
6516.06 -0.0247598 0
6516.09 -0.0178272 0
6516.13 -0.0176407 0
6516.17 -0.0249462 0
6516.2 -0.0385535 0
6516.24 -0.0607606 0
6516.28 -0.0892764 0
6516.32 -0.129028 0
6516.35 -0.172125 0
6516.39 -0.22203 0
6516.43 -0.270365 0
6516.47 -0.310538 0
6516.5 -0.346079 0
6516.54 -0.355986 0
6516.58 -0.361711 0
6516.61 -0.336526 0
6516.65 -0.308961 0
6516.69 -0.264278 0
6516.73 -0.218241 0
6516.76 -0.177759 0
6516.8 -0.138142 0
6516.84 -0.115348 0
6516.88 -0.0965972 0
6516.91 -0.0920061 0
6516.95 -0.092191 0
6516.99 -0.0941591 0
6517.02 -0.0968191 0
6517.06 -0.0937501 0
6517.1 -0.0871594 0
6517.14 -0.0745254 0
6517.17 -0.0573033 0
6517.21 -0.0395005 0
6517.25 -0.0214316 0
6517.29 -0.00621902 0
6517.32 0.00519898 0
6517.36 0.0154131 0
6517.4 0.0240215 0
6517.44 0.0320491 0
6517.47 0.0390059 0
6517.51 0.0451541 0
6517.55 0.0489292 0
6517.58 0.0520449 0
6517.62 0.0527958 0
6517.66 0.0530219 0
6517.7 0.0502005 0
6517.73 0.0468978 0
6517.77 0.0363426 0
6517.81 0.0252284 0
6517.85 0.00942877 0
6517.88 -0.00690484 0
6517.92 -0.0190338 0
6517.96 -0.0303438 0
6517.99 -0.0347114 0
6518.03 -0.0371047 0
6518.07 -0.0323345 0
6518.11 -0.0247825 0
6518.14 -0.0115697 0
6518.18 0.00452435 0
6518.22 0.0189469 0
6518.26 0.0320919 0
6518.29 0.0403002 0
6518.33 0.044229 0
6518.37 0.0443131 0
6518.4 0.0403725 0
6518.44 0.0292836 0
6518.48 0.00808693 0
6518.52 -0.0242716 0
6518.56 -0.0768644 0
6518.59 -0.125632 0
6518.63 -0.160351 0
6518.67 -0.178451 0
6518.7 -0.13779 0
6518.74 -0.0924504 0
6518.78 -0.0457743 0
6518.82 -0.00171257 0
6518.85 0.00949391 0
6518.89 0.0180498 0
6518.93 0.0130091 0
6518.97 0.00691457 0
6519 -0.000746164 0
6519.04 -0.00862519 0
6519.08 -0.017044 0
6519.11 -0.0255802 0
6519.15 -0.0361946 0
6519.19 -0.0474726 0
6519.23 -0.063498 0
6519.26 -0.0815666 0
6519.3 -0.100088 0
6519.34 -0.118791 0
6519.38 -0.13084 0
6519.41 -0.137954 0
6519.45 -0.137499 0
6519.49 -0.130168 0
6519.52 -0.117621 0
6519.56 -0.0992948 0
6519.6 -0.0783623 0
6519.64 -0.0539551 0
6519.67 -0.0307407 0
6519.71 -0.0105649 0
6519.75 0.00685621 0
6519.79 0.0170046 0
6519.82 0.0251554 0
6519.86 0.0272411 0
6519.9 0.0286402 0
6519.94 0.0284994 0
6519.97 0.028361 0
6520.01 0.0300839 0
6520.05 0.0319498 0
6520.09 0.0342068 0
6520.12 0.0364953 0
6520.16 0.0380367 0
6520.2 0.0394599 0
6520.23 0.0399625 0
6520.27 0.0402418 0
6520.31 0.0401259 0
6520.35 0.0398796 0
6520.38 0.0390907 0
6520.42 0.0380571 0
6520.46 0.0361361 0
6520.49 0.0336912 0
6520.53 0.0317673 0
6520.57 0.0302741 0
6520.61 0.027678 0
6520.64 0.0239601 0
6520.68 0.0205402 0
6520.72 0.0175997 0
6520.76 0.016354 0
6520.79 0.0178485 0
6520.83 0.0194328 0
6520.87 0.0207693 0
6520.9 0.0216467 0
6520.94 0.0212014 0
6520.98 0.0208942 0
6521.02 0.0216394 0
6521.06 0.0225936 0
6521.09 0.0244919 0
6521.13 0.0263766 0
6521.17 0.0267565 0
6521.2 0.0270193 0
6521.24 0.0266136 0
6521.28 0.0261479 0
6521.32 0.0256884 0
6521.35 0.02523 0
6521.39 0.0254297 0
6521.43 0.0257921 0
6521.47 0.0262246 0
6521.5 0.0266783 0
6521.54 0.0256421 0
6521.58 0.0239113 0
6521.61 0.0208284 0
6521.65 0.0169531 0
6521.69 0.0134861 0
6521.73 0.0103797 0
6521.76 0.00817802 0
6521.8 0.00685177 0
6521.84 0.00507282 0
6521.88 0.00263624 0
6521.91 -0.000166999 0
6521.95 -0.00349615 0
6521.99 -0.00666673 0
6522.02 -0.00940786 0
6522.06 -0.0121138 0
6522.1 -0.0148106 0
6522.14 -0.0168288 0
6522.17 -0.015889 0
6522.21 -0.0141521 0
6522.25 -0.00829072 0
6522.29 -0.00204468 0
6522.32 0.00536941 0
6522.36 0.0128726 0
6522.4 0.0190046 0
6522.44 0.025016 0
6522.47 0.0263996 0
6522.51 0.0270457 0
6522.55 0.0253319 0
6522.59 0.0230535 0
6522.62 0.0219372 0
6522.66 0.0212253 0
6522.7 0.0219925 0
6522.73 0.0234195 0
6522.77 0.0239893 0
6522.81 0.0240268 0
6522.85 0.0224578 0
6522.88 0.019696 0
6522.92 0.0157471 0
6522.96 0.0107293 0
6522.99 0.00568255 0
6523.03 0.000694681 0
6523.07 -0.00406541 0
6523.11 -0.00846974 0
6523.14 -0.0124943 0
6523.18 -0.0157783 0
6523.22 -0.018912 0
6523.26 -0.021776 0
6523.29 -0.0245858 0
6523.33 -0.0272593 0
6523.37 -0.0297633 0
6523.41 -0.0312314 0
6523.44 -0.032852 0
6523.48 -0.0376284 0
6523.52 -0.0426764 0
6523.56 -0.0565286 0
6523.59 -0.0710612 0
6523.63 -0.0924385 0
6523.67 -0.114797 0
6523.7 -0.133438 0
6523.74 -0.151236 0
6523.78 -0.156888 0
6523.82 -0.158706 0
6523.85 -0.149638 0
6523.89 -0.13603 0
6523.93 -0.116864 0
6523.97 -0.0947696 0
6524 -0.0726358 0
6524.04 -0.0506151 0
6524.08 -0.0322895 0
6524.11 -0.0173188 0
6524.15 -0.00628843 0
6524.19 0.000453835 0
6524.23 0.00501202 0
6524.26 0.0067888 0
6524.3 0.00858922 0
6524.34 0.0108308 0
6524.38 0.0131151 0
6524.41 0.0154264 0
6524.45 0.0173347 0
6524.49 0.0177781 0
6524.52 0.0179205 0
6524.56 0.0170165 0
6524.6 0.0160006 0
6524.64 0.0146649 0
6524.67 0.0133278 0
6524.71 0.0128852 0
6524.75 0.0125118 0
6524.79 0.0151739 0
6524.82 0.0181958 0
6524.86 0.0215264 0
6524.9 0.0249143 0
6524.94 0.0259897 0
6524.97 0.0264137 0
6525.01 0.0273501 0
6525.05 0.0284964 0
6525.09 0.0295654 0
6525.12 0.0305891 0
6525.16 0.0307958 0
6525.2 0.0304748 0
6525.23 0.0299353 0
6525.27 0.0292447 0
6525.31 0.0279275 0
6525.35 0.0259652 0
6525.38 0.0234751 0
6525.42 0.0203424 0
6525.46 0.0174345 0
6525.49 0.0149928 0
6525.53 0.0122103 0
6525.57 0.00857822 0
6525.61 0.00473009 0
6525.64 0.00041053 0
6525.68 -0.00359544 0
6525.72 -0.00603904 0
6525.76 -0.00811459 0
6525.79 -0.00836296 0
6525.83 -0.00839231 0
6525.87 -0.00710231 0
6525.91 -0.00571129 0
6525.94 -0.00209029 0
6525.98 0.00171997 0
6526.02 0.00630108 0
6526.06 0.0110008 0
6526.09 0.014829 0
6526.13 0.0184505 0
6526.17 0.0181502 0
6526.2 0.0165685 0
6526.24 0.00556358 0
6526.28 -0.00952103 0
6526.32 -0.0236571 0
6526.35 -0.0371082 0
6526.39 -0.0372449 0
6526.43 -0.0277909 0
6526.47 -0.0162989 0
6526.5 -0.00354887 0
6526.54 0.00534363 0
6526.58 0.00965288 0
6526.61 0.0127005 0
6526.65 0.0143719 0
6526.69 0.0157137 0
6526.73 0.0166175 0
6526.76 0.0172709 0
6526.8 0.0173697 0
6526.84 0.0176755 0
6526.88 0.0188591 0
6526.91 0.0198607 0
6526.95 0.0195452 0
6526.99 0.0189545 0
6527.02 0.0167365 0
6527.06 0.0144169 0
6527.1 0.0127685 0
6527.14 0.0111726 0
6527.17 0.0104968 0
6527.21 0.00992037 0
6527.25 0.00806976 0
6527.29 0.00598874 0
6527.32 0.00469869 0
6527.36 0.00362076 0
6527.4 0.00375129 0
6527.44 0.00431292 0
6527.47 0.00523444 0
6527.51 0.0063147 0
6527.55 0.00762496 0
6527.59 0.00906851 0
6527.62 0.00997104 0
6527.66 0.0104473 0
6527.7 0.0101059 0
6527.73 0.0089944 0
6527.77 0.00903133 0
6527.81 0.0105573 0
6527.85 0.0129806 0
6527.88 0.0166497 0
6527.92 0.019573 0
6527.96 0.0207822 0
6527.99 0.0214847 0
6528.03 0.0211503 0
6528.07 0.0205432 0
6528.11 0.0191877 0
6528.14 0.0177206 0
6528.18 0.01593 0
6528.22 0.0144087 0
6528.26 0.0160995 0
6528.29 0.0180219 0
6528.33 0.0192522 0
6528.37 0.0204287 0
6528.41 0.0194747 0
6528.44 0.0182636 0
6528.48 0.0172182 0
6528.52 0.016206 0
6528.56 0.0145685 0
6528.59 0.0127563 0
6528.63 0.0116236 0
6528.67 0.0107512 0
6528.7 0.0112626 0
6528.74 0.0124466 0
6528.78 0.0139525 0
6528.82 0.0156341 0
6528.85 0.0167451 0
6528.89 0.0173912 0
6528.93 0.0175787 0
6528.97 0.0173376 0
6529 0.0176202 0
6529.04 0.0186071 0
6529.08 0.0197368 0
6529.11 0.0210138 0
6529.15 0.0217072 0
6529.19 0.0211532 0
6529.23 0.0201561 0
6529.26 0.0181818 0
6529.3 0.0160432 0
6529.34 0.0135468 0
6529.38 0.0112213 0
6529.41 0.0100832 0
6529.45 0.00912002 0
6529.49 0.00910657 0
6529.52 0.00915581 0
6529.56 0.00864864 0
6529.6 0.00809808 0
6529.64 0.00631525 0
6529.67 0.00438191 0
6529.71 0.00320796 0
6529.75 0.00218384 0
6529.79 0.0046252 0
6529.82 0.00802898 0
6529.86 0.0121102 0
6529.9 0.0164248 0
6529.94 0.0177987 0
6529.97 0.0177281 0
6530.01 0.0166292 0
6530.05 0.0149465 0
6530.09 0.0147332 0
6530.12 0.0157096 0
6530.16 0.016272 0
6530.2 0.0163408 0
6530.23 0.0148723 0
6530.27 0.0115268 0
6530.31 0.00692932 0
6530.35 0.000563377 0
6530.38 -0.00615877 0
6530.42 -0.0133448 0
6530.46 -0.0192707 0
6530.49 -0.0216854 0
6530.53 -0.0228635 0
6530.57 -0.0203756 0
6530.61 -0.017652 0
6530.65 -0.01517 0
6530.68 -0.0128395 0
6530.72 -0.0118718 0
6530.76 -0.0109709 0
6530.79 -0.00874381 0
6530.83 -0.00641401 0
6530.87 -0.00332792 0
6530.91 -0.000157724 0
6530.94 0.0017381 0
6530.98 0.00340066 0
6531.02 0.00494816 0
6531.06 0.00646868 0
6531.09 0.00730593 0
6531.13 0.00789998 0
6531.17 0.00748965 0
6531.2 0.00661863 0
6531.24 0.00547033 0
6531.28 0.0041756 0
6531.32 0.00392651 0
6531.35 0.00446935 0
6531.39 0.00669038 0
6531.43 0.0104394 0
6531.47 0.0138985 0
6531.5 0.0168862 0
6531.54 0.0187758 0
6531.58 0.0190758 0
6531.61 0.0188828 0
6531.65 0.0179711 0
6531.69 0.0169142 0
6531.73 0.0156274 0
6531.76 0.0142175 0
6531.8 0.0124439 0
6531.84 0.0102429 0
6531.88 0.00604913 0
6531.91 0.00145178 0
6531.95 -0.00524411 0
6531.99 -0.0123007 0
6532.02 -0.0234287 0
6532.06 -0.0348691 0
6532.1 -0.0543479 0
6532.14 -0.0745575 0
6532.17 -0.0975465 0
6532.21 -0.12097 0
6532.25 -0.13839 0
6532.29 -0.154398 0
6532.32 -0.159154 0
6532.36 -0.160314 0
6532.4 -0.150592 0
6532.44 -0.136353 0
6532.47 -0.117016 0
6532.51 -0.0950657 0
6532.55 -0.073796 0
6532.59 -0.0531137 0
6532.62 -0.035623 0
6532.66 -0.0208441 0
6532.7 -0.0100543 0
6532.73 -0.00335211 0
6532.77 0.000483543 0
6532.81 0.000842453 0
6532.85 0.00131479 0
6532.88 0.00241765 0
6532.92 0.00461679 0
6532.96 0.0091421 0
6532.99 0.013468 0
6533.03 0.0166937 0
6533.07 0.0189062 0
6533.11 0.0172752 0
6533.15 0.0151546 0
6533.18 0.0117782 0
6533.22 0.00827875 0
6533.26 0.00444684 0
6533.29 0.00064676 0
6533.33 0.000159442 0
6533.37 -7.10736e-05 0
6533.41 0.00381433 0
6533.44 0.00820549 0
6533.48 0.0123064 0
6533.52 0.0163482 0
6533.56 0.0160121 0
6533.59 0.01448 0
6533.63 0.00956167 0
6533.67 0.00342888 0
6533.7 -0.00479297 0
6533.74 -0.0139692 0
6533.78 -0.0252194 0
6533.82 -0.0376797 0
6533.85 -0.0499484 0
6533.89 -0.0620098 0
6533.93 -0.0720292 0
6533.97 -0.0801361 0
6534 -0.0845951 0
6534.04 -0.0849177 0
6534.08 -0.0820267 0
6534.11 -0.0748227 0
6534.15 -0.066624 0
6534.19 -0.0571473 0
6534.23 -0.0479059 0
6534.26 -0.0394726 0
6534.3 -0.0319457 0
6534.34 -0.0272074 0
6534.38 -0.0234336 0
6534.41 -0.0232152 0
6534.45 -0.0231973 0
6534.49 -0.0226455 0
6534.52 -0.0218822 0
6534.56 -0.0183248 0
6534.6 -0.0145524 0
6534.64 -0.0119119 0
6534.68 -0.00936121 0
6534.71 -0.00985777 0
6534.75 -0.0107894 0
6534.79 -0.0123906 0
6534.82 -0.0141317 0
6534.86 -0.0145806 0
6534.9 -0.0146426 0
6534.94 -0.0146218 0
6534.97 -0.0145775 0
6535.01 -0.0135269 0
6535.05 -0.0119691 0
6535.09 -0.00960898 0
6535.12 -0.00675922 0
6535.16 -0.00439845 0
6535.2 -0.0024536 0
6535.23 -0.000218307 0
6535.27 0.00233378 0
6535.31 0.00539211 0
6535.35 0.00904763 0
6535.38 0.0114955 0
6535.42 0.012006 0
6535.46 0.0112593 0
6535.49 0.00831549 0
6535.53 0.00592099 0
6535.57 0.00535602 0
6535.61 0.00584744 0
6535.65 0.00953387 0
6535.68 0.013103 0
6535.72 0.014872 0
6535.76 0.0160315 0
6535.79 0.0132996 0
6535.83 0.0102545 0
6535.87 0.00691857 0
6535.91 0.00356068 0
6535.94 0.00182867 0
6535.98 0.000238125 0
6536.02 -0.000474061 0
6536.06 -0.00105417 0
6536.09 0.000735712 0
6536.13 0.00305158 0
6536.17 0.0068244 0
6536.2 0.0110327 0
6536.24 0.0138869 0
6536.28 0.0161884 0
6536.32 0.0159005 0
6536.35 0.0143086 0
6536.39 0.0106042 0
6536.43 0.0055988 0
6536.47 -0.00168561 0
6536.5 -0.0107242 0
6536.54 -0.0197396 0
6536.58 -0.0286088 0
6536.61 -0.0361548 0
6536.65 -0.0420775 0
6536.69 -0.0467661 0
6536.73 -0.0497304 0
6536.76 -0.0500979 0
6536.8 -0.0456144 0
6536.84 -0.0396282 0
6536.88 -0.0307347 0
6536.91 -0.0222588 0
6536.95 -0.0159641 0
6536.99 -0.0104629 0
6537.02 -0.00804224 0
6537.06 -0.00596935 0
6537.1 -0.00479966 0
6537.14 -0.00364946 0
6537.18 -0.00163903 0
6537.21 0.000436855 0
6537.25 0.00206423 0
6537.29 0.00365685 0
6537.32 0.00463958 0
6537.36 0.00553572 0
6537.4 0.00674057 0
6537.44 0.00801374 0
6537.47 0.0112543 0
6537.51 0.015072 0
6537.55 0.0188506 0
6537.59 0.0225995 0
6537.62 0.0251315 0
6537.66 0.0270653 0
6537.7 0.0277684 0
6537.73 0.0277336 0
6537.77 0.0271909 0
6537.81 0.0262928 0
6537.85 0.0254755 0
6537.88 0.0247609 0
6537.92 0.0233958 0
6537.96 0.0212541 0
6538 0.0193724 0
6538.03 0.0179536 0
6538.07 0.0167135 0
6538.11 0.0157422 0
6538.15 0.0146402 0
6538.18 0.0131714 0
6538.22 0.0115381 0
6538.26 0.00946938 0
6538.29 0.00761376 0
6538.33 0.0068569 0
6538.37 0.00636373 0
6538.41 0.00708763 0
6538.44 0.00793598 0
6538.48 0.00918693 0
6538.52 0.0104807 0
6538.56 0.0127357 0
6538.59 0.0150671 0
6538.63 0.0171083 0
6538.67 0.0191143 0
6538.7 0.0200902 0
6538.74 0.0208725 0
6538.78 0.0205939 0
6538.82 0.0200364 0
6538.85 0.017313 0
6538.89 0.0138286 0
6538.93 0.0118719 0
6538.97 0.0106315 0
6539 0.0114284 0
6539.04 0.0133645 0
6539.08 0.0150221 0
6539.11 0.0164244 0
6539.15 0.0161249 0
6539.19 0.0143468 0
6539.23 0.0122278 0
6539.26 0.00985424 0
6539.3 0.0081094 0
6539.34 0.00723031 0
6539.38 0.00681534 0
6539.41 0.00707452 0
6539.45 0.00769141 0
6539.49 0.00895976 0
6539.52 0.00999996 0
6539.56 0.0102708 0
6539.6 0.0103099 0
6539.64 0.00970003 0
6539.68 0.00930239 0
6539.71 0.0103233 0
6539.75 0.0114946 0
6539.79 0.0130481 0
6539.82 0.0145253 0
6539.86 0.0136566 0
6539.9 0.0126093 0
6539.94 0.0113219 0
6539.97 0.0100134 0
6540.01 0.0103721 0
6540.05 0.0109855 0
6540.09 0.0118657 0
6540.12 0.0128036 0
6540.16 0.0121853 0
6540.2 0.011091 0
6540.23 0.0094348 0
6540.27 0.00757029 0
6540.31 0.00615673 0
6540.35 0.00497747 0
6540.38 0.00372114 0
6540.42 0.00240334 0
6540.46 0.00123722 0
6540.5 0.000194081 0
6540.53 -0.000723644 0
6540.57 -0.00152773 0
6540.61 -0.00123953 0
6540.65 0.000317853 0
6540.68 0.00307832 0
6540.72 0.00745766 0
6540.76 0.0115104 0
6540.79 0.0147434 0
6540.83 0.0162856 0
6540.87 0.0140361 0
6540.91 0.0115727 0
6540.94 0.00933042 0
6540.98 0.00780396 0
6541.02 0.00919771 0
6541.06 0.0107302 0
6541.09 0.0117397 0
6541.13 0.0127005 0
6541.17 0.013596 0
6541.2 0.0145191 0
6541.24 0.0165242 0
6541.28 0.0186132 0
6541.32 0.0222758 0
6541.35 0.0261043 0
6541.39 0.0281864 0
6541.43 0.0299701 0
6541.47 0.0288037 0
6541.5 0.0269248 0
6541.54 0.0241239 0
6541.58 0.0210411 0
6541.61 0.0181105 0
6541.65 0.015252 0
6541.69 0.0128733 0
6541.73 0.0107398 0
6541.76 0.00940252 0
6541.8 0.00857554 0
6541.84 0.00715231 0
6541.88 0.00522567 0
6541.91 0.00151545 0
6541.95 -0.00392235 0
6541.99 -0.00961573 0
6542.02 -0.0154697 0
6542.06 -0.0219254 0
6542.1 -0.0292734 0
6542.14 -0.0376107 0
6542.18 -0.0476796 0
6542.21 -0.0569917 0
6542.25 -0.0641817 0
6542.29 -0.0692142 0
6542.32 -0.0679924 0
6542.36 -0.065005 0
6542.4 -0.0564361 0
6542.44 -0.0473028 0
6542.47 -0.0372425 0
6542.51 -0.0275209 0
6542.55 -0.0225596 0
6542.59 -0.0180024 0
6542.62 -0.014918 0
6542.66 -0.0119509 0
6542.7 -0.00846621 0
6542.73 -0.00492549 0
6542.77 -0.000794019 0
6542.81 0.00343463 0
6542.85 0.00592178 0
6542.88 0.00798974 0
6542.92 0.00629319 0
6542.96 0.00339468 0
6543 0.000219186 0
6543.03 -0.00304526 0
6543.07 -0.00345463 0
6543.11 -0.00237585 0
6543.15 0.000504978 0
6543.18 0.0044842 0
6543.22 0.00806043 0
6543.26 0.0112532 0
6543.29 0.0123175 0
6543.33 0.0113477 0
6543.37 0.00838686 0
6543.41 0.00323602 0
6543.44 -0.00342774 0
6543.48 -0.0120729 0
6543.52 -0.0219835 0
6543.56 -0.0339331 0
6543.59 -0.0477209 0
6543.63 -0.0654207 0
6543.67 -0.0847088 0
6543.7 -0.107896 0
6543.74 -0.130955 0
6543.78 -0.152284 0
6543.82 -0.171744 0
6543.85 -0.180868 0
6543.89 -0.187823 0
6543.93 -0.180823 0
6543.97 -0.172405 0
6544 -0.154548 0
6544.04 -0.135964 0
6544.08 -0.113362 0
6544.11 -0.0903789 0
6544.15 -0.0694018 0
6544.19 -0.0487399 0
6544.23 -0.0337502 0
6544.26 -0.0200297 0
6544.3 -0.0107649 0
6544.34 -0.00282384 0
6544.38 0.00299545 0
6544.41 0.00802461 0
6544.45 0.0103276 0
6544.49 0.0113261 0
6544.53 0.0115893 0
6544.56 0.0114545 0
6544.6 0.0120045 0
6544.64 0.0130858 0
6544.68 0.0142231 0
6544.71 0.0153808 0
6544.75 0.0167169 0
6544.79 0.0182524 0
6544.82 0.0198123 0
6544.86 0.02139 0
6544.9 0.022453 0
6544.94 0.0226398 0
6544.97 0.0223694 0
6545.01 0.0212736 0
6545.05 0.0201717 0
6545.09 0.0192285 0
6545.12 0.0184849 0
6545.16 0.0184009 0
6545.2 0.0185475 0
6545.23 0.0196061 0
6545.27 0.0208225 0
6545.31 0.0227575 0
6545.35 0.0245886 0
6545.38 0.0239267 0
6545.42 0.0230512 0
6545.46 0.0192631 0
6545.5 0.0152528 0
6545.53 0.00920512 0
6545.57 0.00289912 0
6545.61 -0.00370678 0
6545.65 -0.0103707 0
6545.68 -0.0140297 0
6545.72 -0.0169006 0
6545.76 -0.0161812 0
6545.79 -0.0142509 0
6545.83 -0.00963233 0
6545.87 -0.00388598 0
6545.91 0.00214083 0
6545.94 0.00828228 0
6545.98 0.0127801 0
6546.02 0.0161847 0
6546.06 0.0176462 0
6546.09 0.0175971 0
6546.13 0.0179449 0
6546.17 0.018792 0
6546.2 0.0209553 0
6546.24 0.0246539 0
6546.28 0.0275917 0
6546.32 0.0292451 0
6546.35 0.0301596 0
6546.39 0.029902 0
6546.43 0.0293653 0
6546.47 0.0283775 0
6546.5 0.0268886 0
6546.54 0.0240143 0
6546.58 0.0216066 0
6546.61 0.0214845 0
6546.65 0.0220616 0
6546.69 0.0256241 0
6546.73 0.029373 0
6546.76 0.0327343 0
6546.8 0.0359606 0
6546.84 0.0368713 0
6546.88 0.0376029 0
6546.91 0.0374409 0
6546.95 0.0371988 0
6546.99 0.0373927 0
6547.03 0.0376516 0
6547.06 0.0381183 0
6547.1 0.0386277 0
6547.14 0.0378094 0
6547.18 0.036617 0
6547.21 0.0330195 0
6547.25 0.0285662 0
6547.29 0.0230574 0
6547.32 0.0170951 0
6547.36 0.00885256 0
6547.4 -0.000650237 0
6547.44 -0.0121886 0
6547.47 -0.0250652 0
6547.51 -0.0363882 0
6547.55 -0.0463392 0
6547.59 -0.0532027 0
6547.62 -0.0570249 0
6547.66 -0.0579925 0
6547.7 -0.0556968 0
6547.73 -0.0516965 0
6547.77 -0.0454821 0
6547.81 -0.0381553 0
6547.85 -0.0290493 0
6547.88 -0.0200135 0
6547.92 -0.0114452 0
6547.96 -0.0035855 0
6548 0.00222695 0
6548.03 0.00743035 0
6548.07 0.01079 0
6548.11 0.0133318 0
6548.15 0.011913 0
6548.18 0.00978606 0
6548.22 0.00380689 0
6548.26 -0.00257873 0
6548.29 -0.0113528 0
6548.33 -0.0203079 0
6548.37 -0.0343666 0
6548.41 -0.048864 0
6548.44 -0.0673152 0
6548.48 -0.0863295 0
6548.52 -0.100696 0
6548.56 -0.114101 0
6548.59 -0.119383 0
6548.63 -0.122438 0
6548.67 -0.11814 0
6548.7 -0.111271 0
6548.74 -0.098895 0
6548.78 -0.0841309 0
6548.82 -0.0677851 0
6548.85 -0.0506566 0
6548.89 -0.0352525 0
6548.93 -0.0210442 0
6548.97 -0.00957371 0
6549 -0.000274251 0
6549.04 0.00731705 0
6549.08 0.0133624 0
6549.11 0.0187432 0
6549.15 0.0234603 0
6549.19 0.0271788 0
6549.23 0.0295094 0
6549.27 0.0309749 0
6549.3 0.0310607 0
6549.34 0.03165 0
6549.38 0.0336022 0
6549.41 0.0366051 0
6549.45 0.0423241 0
6549.49 0.0478677 0
6549.53 0.0519739 0
6549.56 0.0551729 0
6549.6 0.0541494 0
6549.64 0.0528348 0
6549.68 0.0517666 0
6549.71 0.0508563 0
6549.75 0.0522478 0
6549.79 0.0538147 0
6549.82 0.0554592 0
6549.86 0.057111 0
6549.9 0.0596119 0
6549.94 0.0622187 0
6549.97 0.0638294 0
6550.01 0.0652523 0
6550.05 0.0652037 0
6550.09 0.0647863 0
6550.12 0.0625699 0
6550.16 0.0597687 0
6550.2 0.058024 0
6550.23 0.0567314 0
6550.27 0.0584244 0
6550.31 0.0616287 0
6550.35 0.0658967 0
6550.38 0.0707634 0
6550.42 0.0739489 0
6550.46 0.0758315 0
6550.5 0.0761432 0
6550.53 0.0751017 0
6550.57 0.0735184 0
6550.61 0.0714389 0
6550.65 0.0697755 0
6550.68 0.0687173 0
6550.72 0.0689496 0
6550.76 0.0712156 0
6550.79 0.0735211 0
6550.83 0.0756048 0
6550.87 0.0772644 0
6550.91 0.0778951 0
6550.94 0.0785404 0
6550.98 0.0794813 0
6551.02 0.0806686 0
6551.06 0.0828481 0
6551.09 0.0851457 0
6551.13 0.0877301 0
6551.17 0.0900908 0
6551.2 0.0898022 0
6551.24 0.0893103 0
6551.28 0.0888461 0
6551.32 0.0883824 0
6551.35 0.0901789 0
6551.39 0.0921861 0
6551.43 0.0932979 0
6551.47 0.0942739 0
6551.5 0.0931789 0
6551.54 0.0916511 0
6551.58 0.0896276 0
6551.61 0.087472 0
6551.65 0.0872124 0
6551.69 0.0876294 0
6551.73 0.0894275 0
6551.77 0.0918223 0
6551.8 0.0929777 0
6551.84 0.093436 0
6551.88 0.0923682 0
6551.91 0.090317 0
6551.95 0.0879753 0
6551.99 0.0854547 0
6552.03 0.0828168 0
6552.06 0.0800756 0
6552.1 0.077032 0
6552.14 0.0736472 0
6552.18 0.0694593 0
6552.21 0.0641786 0
6552.25 0.057048 0
6552.29 0.0468792 0
6552.32 0.0350534 0
6552.36 0.0201952 0
6552.4 0.00497945 0
6552.44 -0.0105854 0
6552.47 -0.0251561 0
6552.51 -0.0362181 0
6552.55 -0.0454582 0
6552.59 -0.0474351 0
6552.62 -0.0476411 0
6552.66 -0.0395095 0
6552.7 -0.0302179 0
6552.73 -0.0147763 0
6552.77 0.00115849 0
6552.81 0.0178757 0
6552.85 0.0346515 0
6552.88 0.0499912 0
6552.92 0.0651861 0
6552.96 0.0808655 0
6553 0.0966159 0
6553.03 0.111608 0
6553.07 0.126434 0
6553.11 0.138168 0
6553.15 0.149028 0
6553.18 0.155955 0
6553.22 0.161483 0
6553.26 0.164754 0
6553.29 0.167054 0
6553.33 0.167738 0
6553.37 0.16757 0
6553.41 0.166414 0
6553.44 0.164642 0
6553.48 0.161642 0
6553.52 0.157697 0
6553.56 0.15327 0
6553.59 0.148442 0
6553.63 0.145099 0
6553.67 0.143497 0
6553.7 0.144418 0
6553.74 0.148662 0
6553.78 0.154023 0
6553.82 0.160853 0
6553.85 0.167894 0
6553.89 0.175145 0
6553.93 0.182149 0
6553.97 0.188477 0
6554 0.195149 0
6554.04 0.20314 0
6554.08 0.21132 0
6554.11 0.219905 0
6554.15 0.228421 0
6554.19 0.236299 0
6554.23 0.244144 0
6554.27 0.25218 0
6554.3 0.26023 0
6554.34 0.268321 0
6554.38 0.276414 0
6554.41 0.281054 0
6554.45 0.285391 0
6554.49 0.287863 0
6554.53 0.290073 0
6554.56 0.294145 0
6554.6 0.298588 0
6554.64 0.30517 0
6554.68 0.312309 0
6554.71 0.320291 0
6554.75 0.328544 0
6554.79 0.33568 0
6554.82 0.342338 0
6554.86 0.347161 0
6554.9 0.351056 0
6554.94 0.35575 0
6554.97 0.360979 0
6555.01 0.366529 0
6555.05 0.372293 0
6555.09 0.377456 0
6555.12 0.382067 0
6555.16 0.387237 0
6555.2 0.393046 0
6555.23 0.400219 0
6555.27 0.409088 0
6555.31 0.418439 0
6555.35 0.428349 0
6555.38 0.438821 0
6555.42 0.450277 0
6555.46 0.460679 0
6555.5 0.468453 0
6555.53 0.474875 0
6555.57 0.477901 0
6555.61 0.4819 0
6555.65 0.490606 0
6555.68 0.500057 0
6555.72 0.511552 0
6555.76 0.522922 0
6555.8 0.532088 0
6555.83 0.5412 0
6555.87 0.551981 0
6555.91 0.562902 0
6555.94 0.574608 0
6555.98 0.586373 0
6556.02 0.598106 0
6556.06 0.609834 0
6556.09 0.620356 0
6556.13 0.630678 0
6556.17 0.639337 0
6556.2 0.647625 0
6556.24 0.656354 0
6556.28 0.665217 0
6556.32 0.673783 0
6556.35 0.682237 0
6556.39 0.689624 0
6556.43 0.696534 0
6556.47 0.706402 0
6556.5 0.717905 0
6556.54 0.732719 0
6556.58 0.749639 0
6556.61 0.765872 0
6556.65 0.781448 0
6556.69 0.793999 0
6556.73 0.803747 0
6556.77 0.808444 0
6556.8 0.807694 0
6556.84 0.802916 0
6556.88 0.793248 0
6556.91 0.784477 0
6556.95 0.777737 0
6556.99 0.774572 0
6557.03 0.778154 0
6557.06 0.784372 0
6557.1 0.795781 0
6557.14 0.80881 0
6557.18 0.825621 0
6557.21 0.844301 0
6557.25 0.869332 0
6557.29 0.895945 0
6557.32 0.928642 0
6557.36 0.961841 0
6557.4 0.995389 0
6557.44 1.02869 0
6557.47 1.0578 0
6557.51 1.08655 0
6557.55 1.1125 0
6557.59 1.13823 0
6557.62 1.16261 0
6557.66 1.18684 0
6557.7 1.2061 0
6557.73 1.22453 0
6557.77 1.23937 0
6557.81 1.2534 0
6557.85 1.26639 0
6557.88 1.27908 0
6557.92 1.29154 0
6557.96 1.30392 0
6558 1.3206 0
6558.03 1.33922 0
6558.07 1.36106 0
6558.11 1.38457 0
6558.15 1.40983 0
6558.18 1.43616 0
6558.22 1.46528 0
6558.26 1.49651 0
6558.3 1.52968 0
6558.33 1.56452 0
6558.37 1.60071 0
6558.41 1.63825 0
6558.44 1.67519 0
6558.48 1.7112 0
6558.52 1.74732 0
6558.56 1.78373 0
6558.59 1.81912 0
6558.63 1.85254 0
6558.67 1.88546 0
6558.7 1.9176 0
6558.74 1.95077 0
6558.78 1.98711 0
6558.82 2.02422 0
6558.85 2.06331 0
6558.89 2.10337 0
6558.93 2.14764 0
6558.97 2.19245 0
6559 2.23897 0
6559.04 2.28533 0
6559.08 2.32814 0
6559.12 2.37048 0
6559.15 2.40568 0
6559.19 2.44032 0
6559.23 2.47396 0
6559.27 2.50748 0
6559.3 2.54196 0
6559.34 2.57658 0
6559.38 2.61294 0
6559.41 2.64966 0
6559.45 2.68843 0
6559.49 2.72774 0
6559.53 2.7645 0
6559.56 2.80039 0
6559.6 2.83541 0
6559.64 2.87007 0
6559.68 2.90701 0
6559.71 2.94508 0
6559.75 2.9729 0
6559.79 2.99449 0
6559.82 2.99029 0
6559.86 2.96786 0
6559.9 2.95323 0
6559.94 2.94634 0
6559.97 2.98105 0
6560.01 3.05729 0
6560.05 3.13553 0
6560.09 3.21258 0
6560.12 3.2718 0
6560.16 3.30563 0
6560.2 3.33171 0
6560.23 3.34767 0
6560.27 3.36068 0
6560.31 3.36914 0
6560.35 3.37707 0
6560.38 3.38452 0
6560.42 3.39367 0
6560.46 3.40845 0
6560.5 3.42569 0
6560.53 3.45146 0
6560.57 3.47813 0
6560.61 3.50632 0
6560.65 3.53409 0
6560.68 3.55729 0
6560.72 3.57973 0
6560.76 3.59573 0
6560.8 3.61116 0
6560.83 3.62199 0
6560.87 3.63246 0
6560.91 3.63632 0
6560.94 3.63944 0
6560.98 3.63892 0
6561.02 3.63781 0
6561.06 3.64132 0
6561.09 3.64584 0
6561.13 3.6492 0
6561.17 3.65222 0
6561.2 3.65074 0
6561.24 3.64767 0
6561.28 3.64526 0
6561.32 3.64317 0
6561.35 3.64388 0
6561.39 3.64602 0
6561.43 3.64701 0
6561.47 3.64723 0
6561.5 3.64062 0
6561.54 3.62902 0
6561.58 3.61108 0
6561.62 3.58792 0
6561.65 3.56302 0
6561.69 3.53672 0
6561.73 3.50969 0
6561.77 3.4819 0
6561.8 3.45472 0
6561.84 3.42848 0
6561.88 3.40437 0
6561.91 3.3838 0
6561.95 3.36481 0
6561.99 3.34853 0
6562.03 3.33206 0
6562.06 3.31457 0
6562.1 3.29668 0
6562.14 3.27776 0
6562.18 3.25998 0
6562.21 3.24725 0
6562.25 3.23543 0
6562.29 3.2266 0
6562.32 3.21829 0
6562.36 3.21236 0
6562.4 3.20707 0
6562.44 3.20871 0
6562.47 3.21102 0
6562.51 3.22065 0
6562.55 3.23083 0
6562.59 3.24787 0
6562.62 3.26562 0
6562.66 3.29153 0
6562.7 3.31869 0
6562.73 3.35379 0
6562.77 3.39054 0
6562.81 3.42918 0
6562.85 3.46829 0
6562.88 3.50852 0
6562.92 3.54912 0
6562.96 3.59234 0
6563 3.63662 0
6563.03 3.67733 0
6563.07 3.71622 0
6563.11 3.75037 0
6563.15 3.78179 0
6563.18 3.81386 0
6563.22 3.84651 0
6563.26 3.88065 0
6563.3 3.91597 0
6563.33 3.95264 0
6563.37 3.99054 0
6563.41 4.02914 0
6563.44 4.06845 0
6563.48 4.10543 0
6563.52 4.13918 0
6563.56 4.16577 0
6563.59 4.18122 0
6563.63 4.19131 0
6563.67 4.19263 0
6563.7 4.19059 0
6563.74 4.18223 0
6563.78 4.16731 0
6563.82 4.13476 0
6563.85 4.09517 0
6563.89 4.03466 0
6563.93 3.97023 0
6563.97 3.8946 0
6564 3.81966 0
6564.04 3.75508 0
6564.08 3.69317 0
6564.12 3.65132 0
6564.15 3.61201 0
6564.19 3.5953 0
6564.23 3.58034 0
6564.27 3.58134 0
6564.3 3.58359 0
6564.34 3.58624 0
6564.38 3.58894 0
6564.41 3.59542 0
6564.45 3.60256 0
6564.49 3.6146 0
6564.53 3.62777 0
6564.56 3.63461 0
6564.6 3.63958 0
6564.64 3.6294 0
6564.68 3.61381 0
6564.71 3.58505 0
6564.75 3.5507 0
6564.79 3.51734 0
6564.82 3.48468 0
6564.86 3.45325 0
6564.9 3.42255 0
6564.94 3.38767 0
6564.97 3.34971 0
6565.01 3.30897 0
6565.05 3.26605 0
6565.09 3.21968 0
6565.12 3.17002 0
6565.16 3.11797 0
6565.2 3.06336 0
6565.23 3.00998 0
6565.27 2.95854 0
6565.31 2.90539 0
6565.35 2.8492 0
6565.38 2.79291 0
6565.42 2.73687 0
6565.46 2.68239 0
6565.5 2.63158 0
6565.53 2.58075 0
6565.57 2.52902 0
6565.61 2.47719 0
6565.65 2.42522 0
6565.68 2.37443 0
6565.72 2.32938 0
6565.76 2.28542 0
6565.8 2.24586 0
6565.83 2.20658 0
6565.87 2.16657 0
6565.91 2.12628 0
6565.94 2.08085 0
6565.98 2.03503 0
6566.02 1.98837 0
6566.06 1.94164 0
6566.09 1.89792 0
6566.13 1.85457 0
6566.17 1.81346 0
6566.2 1.77274 0
6566.24 1.73214 0
6566.28 1.69157 0
6566.32 1.64976 0
6566.35 1.60761 0
6566.39 1.56599 0
6566.43 1.52456 0
6566.47 1.487 0
6566.5 1.45106 0
6566.54 1.4197 0
6566.58 1.39059 0
6566.62 1.36227 0
6566.65 1.33435 0
6566.69 1.30623 0
6566.73 1.27795 0
6566.77 1.25005 0
6566.8 1.22245 0
6566.84 1.19699 0
6566.88 1.17355 0
6566.91 1.15143 0
6566.95 1.13062 0
6566.99 1.10901 0
6567.03 1.0862 0
6567.06 1.06231 0
6567.1 1.03687 0
6567.14 1.01251 0
6567.18 0.990359 0
6567.21 0.969243 0
6567.25 0.950056 0
6567.29 0.930634 0
6567.32 0.910189 0
6567.36 0.889459 0
6567.4 0.868024 0
6567.44 0.84718 0
6567.47 0.829083 0
6567.51 0.81167 0
6567.55 0.796958 0
6567.59 0.78223 0
6567.62 0.765634 0
6567.66 0.748839 0
6567.7 0.731234 0
6567.73 0.713617 0
6567.77 0.697925 0
6567.81 0.682386 0
6567.85 0.670143 0
6567.89 0.658217 0
6567.92 0.647165 0
6567.96 0.636238 0
6568 0.623593 0
6568.03 0.610619 0
6568.07 0.596134 0
6568.11 0.581284 0
6568.15 0.568628 0
6568.18 0.55665 0
6568.22 0.546331 0
6568.26 0.536614 0
6568.3 0.524048 0
6568.33 0.510197 0
6568.37 0.494707 0
6568.41 0.478397 0
6568.44 0.462675 0
6568.48 0.447352 0
6568.52 0.432007 0
6568.56 0.416626 0
6568.59 0.402463 0
6568.63 0.389335 0
6568.67 0.377237 0
6568.7 0.366087 0
6568.74 0.355512 0
6568.78 0.345525 0
6568.82 0.336499 0
6568.85 0.328712 0
6568.89 0.322662 0
6568.93 0.31922 0
6568.97 0.31605 0
6569 0.313029 0
6569.04 0.309542 0
6569.08 0.304982 0
6569.12 0.30044 0
6569.15 0.296165 0
6569.19 0.291904 0
6569.23 0.287625 0
6569.27 0.283271 0
6569.3 0.278602 0
6569.34 0.273956 0
6569.38 0.269581 0
6569.41 0.265473 0
6569.45 0.26338 0
6569.49 0.261391 0
6569.53 0.258708 0
6569.56 0.255882 0
6569.6 0.2499 0
6569.64 0.243675 0
6569.68 0.236996 0
6569.71 0.230277 0
6569.75 0.225548 0
6569.79 0.22109 0
6569.82 0.217766 0
6569.86 0.214649 0
6569.9 0.211298 0
6569.94 0.20789 0
6569.97 0.203357 0
6570.01 0.198495 0
6570.05 0.194157 0
6570.09 0.190013 0
6570.12 0.18563 0
6570.16 0.18114 0
6570.2 0.176794 0
6570.23 0.172525 0
6570.27 0.16956 0
6570.31 0.167365 0
6570.35 0.164818 0
6570.39 0.16199 0
6570.42 0.158192 0
6570.46 0.153626 0
6570.5 0.148885 0
6570.53 0.14403 0
6570.57 0.140593 0
6570.61 0.138709 0
6570.65 0.137282 0
6570.68 0.136293 0
6570.72 0.133367 0
6570.76 0.127527 0
6570.8 0.121874 0
6570.83 0.116916 0
6570.87 0.113484 0
6570.91 0.113091 0
6570.94 0.113328 0
6570.98 0.114562 0
6571.02 0.11564 0
6571.06 0.116025 0
6571.09 0.116033 0
6571.13 0.114831 0
6571.17 0.113252 0
6571.21 0.110301 0
6571.24 0.106908 0
6571.28 0.101303 0
6571.32 0.0954852 0
6571.35 0.0892245 0
6571.39 0.0831339 0
6571.43 0.0806127 0
6571.47 0.0783962 0
6571.5 0.0782344 0
6571.54 0.0782318 0
6571.58 0.0771766 0
6571.62 0.0760123 0
6571.65 0.0703738 0
6571.69 0.0640731 0
6571.73 0.0522757 0
6571.77 0.0394067 0
6571.8 0.025429 0
6571.84 0.0111906 0
6571.88 -0.00132395 0
6571.91 -0.0133055 0
6571.95 -0.0224225 0
6571.99 -0.030493 0
6572.03 -0.0339902 0
6572.06 -0.0355084 0
6572.1 -0.0335982 0
6572.14 -0.0299823 0
6572.18 -0.0258902 0
6572.21 -0.0215785 0
6572.25 -0.01675 0
6572.29 -0.0115694 0
6572.32 -0.00554755 0
6572.36 0.0011388 0
6572.4 0.00855628 0
6572.44 0.0166184 0
6572.47 0.0240478 0
6572.51 0.030737 0
6572.55 0.0361892 0
6572.59 0.0401447 0
6572.62 0.0434072 0
6572.66 0.0458104 0
6572.7 0.0479621 0
6572.73 0.0497896 0
6572.77 0.0512368 0
6572.81 0.0519621 0
6572.85 0.0522973 0
6572.89 0.0518203 0
6572.92 0.0510463 0
6572.96 0.049583 0
6573 0.0477749 0
6573.03 0.0449104 0
6573.07 0.0423396 0
6573.11 0.0414774 0
6573.15 0.0409291 0
6573.18 0.0414977 0
6573.22 0.0420073 0
6573.26 0.0412524 0
6573.3 0.0402701 0
6573.33 0.0373765 0
6573.37 0.0343724 0
6573.41 0.032763 0
6573.44 0.0312621 0
6573.48 0.0318381 0
6573.52 0.0326041 0
6573.56 0.0315016 0
6573.59 0.0301502 0
6573.63 0.0277844 0
6573.67 0.0252395 0
6573.71 0.0250497 0
6573.74 0.0253982 0
6573.78 0.0249201 0
6573.82 0.0242021 0
6573.85 0.0233305 0
6573.89 0.0224116 0
6573.93 0.0232964 0
6573.97 0.0249141 0
6574 0.0283858 0
6574.04 0.0327209 0
6574.08 0.0357624 0
6574.12 0.0380505 0
6574.15 0.0378195 0
6574.19 0.0359898 0
6574.23 0.033483 0
6574.27 0.0305511 0
6574.3 0.0262855 0
6574.34 0.0208925 0
6574.38 0.0127001 0
6574.41 0.00179785 0
6574.45 -0.0104612 0
6574.49 -0.024057 0
6574.53 -0.0376876 0
6574.56 -0.0512374 0
6574.6 -0.0650952 0
6574.64 -0.0794383 0
6574.68 -0.0925665 0
6574.71 -0.103446 0
6574.75 -0.111473 0
6574.79 -0.113813 0
6574.82 -0.114133 0
6574.86 -0.110438 0
6574.9 -0.106293 0
6574.94 -0.1017 0
6574.97 -0.0969609 0
6575.01 -0.0917972 0
6575.05 -0.085684 0
6575.09 -0.0751986 0
6575.12 -0.063939 0
6575.16 -0.0498817 0
6575.2 -0.0359312 0
6575.23 -0.0248905 0
6575.27 -0.0142724 0
6575.31 -0.00668269 0
6575.35 0.000620251 0
6575.39 0.00576086 0
6575.42 0.0107331 0
6575.46 0.0136557 0
6575.5 0.0163896 0
6575.53 0.0180249 0
6575.57 0.0195146 0
6575.61 0.0202629 0
6575.65 0.0208804 0
6575.68 0.021139 0
6575.72 0.021319 0
6575.76 0.0202397 0
6575.8 0.0188137 0
6575.83 0.0178163 0
6575.87 0.016968 0
6575.91 0.0160309 0
6575.94 0.0150553 0
6575.98 0.0138445 0
6576.02 0.012525 0
6576.06 0.0123236 0
6576.09 0.012732 0
6576.13 0.0147727 0
6576.17 0.0178113 0
6576.21 0.0200917 0
6576.24 0.0217742 0
6576.28 0.0215148 0
6576.32 0.0196769 0
6576.35 0.017201 0
6576.39 0.0142229 0
6576.43 0.0117614 0
6576.47 0.00990435 0
6576.5 0.00853608 0
6576.54 0.00772923 0
6576.58 0.00771944 0
6576.62 0.0088085 0
6576.65 0.0102215 0
6576.69 0.0120455 0
6576.73 0.013529 0
6576.77 0.0142839 0
6576.8 0.0143837 0
6576.84 0.0130891 0
6576.88 0.0116251 0
6576.91 0.00998187 0
6576.95 0.00870309 0
6576.99 0.00869059 0
6577.03 0.00938818 0
6577.06 0.0126332 0
6577.1 0.0158815 0
6577.14 0.0181162 0
6577.18 0.0200522 0
6577.21 0.0203964 0
6577.25 0.0206349 0
6577.29 0.0210487 0
6577.32 0.0214479 0
6577.36 0.021309 0
6577.4 0.0211269 0
6577.44 0.0207214 0
6577.47 0.0202988 0
6577.51 0.0199883 0
6577.55 0.0196887 0
6577.59 0.0212424 0
6577.62 0.0230628 0
6577.66 0.0254516 0
6577.7 0.027945 0
6577.74 0.0280565 0
6577.77 0.0276079 0
6577.81 0.0255395 0
6577.85 0.0230167 0
6577.89 0.0211261 0
6577.92 0.0194595 0
6577.96 0.0198263 0
6578 0.0210085 0
6578.03 0.0233464 0
6578.07 0.0262047 0
6578.11 0.0276138 0
6578.15 0.0282123 0
6578.18 0.0264994 0
6578.22 0.0233674 0
6578.26 0.0207388 0
6578.3 0.0185445 0
6578.33 0.0182515 0
6578.37 0.0195049 0
6578.41 0.0210982 0
6578.44 0.0229114 0
6578.48 0.0250039 0
6578.52 0.0273831 0
6578.56 0.0293167 0
6578.59 0.030673 0
6578.63 0.0304552 0
6578.67 0.0280555 0
6578.71 0.0255052 0
6578.74 0.0229681 0
6578.78 0.0207153 0
6578.82 0.019003 0
6578.85 0.0173566 0
6578.89 0.0157691 0
6578.93 0.0145483 0
6578.97 0.0142785 0
6579 0.0144405 0
6579.04 0.0157407 0
6579.08 0.0169806 0
6579.12 0.0176578 0
6579.15 0.0177967 0
6579.19 0.0155213 0
6579.23 0.0133559 0
6579.27 0.0130658 0
6579.3 0.0132268 0
6579.34 0.0161424 0
6579.38 0.0190508 0
6579.41 0.0187924 0
6579.45 0.0182659 0
6579.49 0.0169708 0
6579.53 0.0156172 0
6579.56 0.0173085 0
6579.6 0.0192567 0
6579.64 0.0207164 0
6579.68 0.0221152 0
6579.71 0.0202694 0
6579.75 0.0178977 0
6579.79 0.017344 0
6579.82 0.0171702 0
6579.86 0.0196148 0
6579.9 0.0227198 0
6579.94 0.0247927 0
6579.97 0.0265399 0
6580.01 0.026844 0
6580.05 0.0266323 0
6580.09 0.0264003 0
6580.12 0.026174 0
6580.16 0.0258958 0
6580.2 0.0255926 0
6580.24 0.023874 0
6580.27 0.0213557 0
6580.31 0.0173769 0
6580.35 0.0124886 0
6580.39 0.00769111 0
6580.42 0.00300793 0
6580.46 -0.00147057 0
6580.5 -0.00578459 0
6580.53 -0.009782 0
6580.57 -0.0134862 0
6580.61 -0.0175919 0
6580.65 -0.0221624 0
6580.68 -0.0256875 0
6580.72 -0.0278633 0
6580.76 -0.0281687 0
6580.8 -0.025939 0
6580.83 -0.0229968 0
6580.87 -0.0191927 0
6580.91 -0.0160474 0
6580.94 -0.0142704 0
6580.98 -0.0121448 0
6581.02 -0.00902326 0
6581.06 -0.00577306 0
6581.09 -0.00238573 0
6581.13 0.000924076 0
6581.17 0.00396408 0
6581.21 0.00719056 0
6581.24 0.0111868 0
6581.28 0.0147017 0
6581.32 0.0157151 0
6581.35 0.0164032 0
6581.39 0.0162924 0
6581.43 0.0162248 0
6581.47 0.0170001 0
6581.5 0.017733 0
6581.54 0.0171422 0
6581.58 0.0164703 0
6581.62 0.016322 0
6581.65 0.016222 0
6581.69 0.0172962 0
6581.73 0.0184613 0
6581.77 0.0206242 0
6581.8 0.022893 0
6581.84 0.0260983 0
6581.88 0.0294392 0
6581.91 0.0312223 0
6581.95 0.0327124 0
6581.99 0.0323076 0
6582.03 0.0314695 0
6582.06 0.0301216 0
6582.1 0.0286383 0
6582.14 0.0283696 0
6582.18 0.0285033 0
6582.21 0.0276354 0
6582.25 0.0263718 0
6582.29 0.0233925 0
6582.32 0.0196551 0
6582.36 0.0168564 0
6582.4 0.0145665 0
6582.44 0.0138371 0
6582.48 0.014012 0
6582.51 0.0139621 0
6582.55 0.0137204 0
6582.59 0.0146173 0
6582.62 0.0163984 0
6582.66 0.0185913 0
6582.7 0.02109 0
6582.74 0.0224414 0
6582.77 0.0226368 0
6582.81 0.0214894 0
6582.85 0.0189312 0
6582.89 0.0168279 0
6582.92 0.0154355 0
6582.96 0.0144338 0
6583 0.013921 0
6583.03 0.0127737 0
6583.07 0.0105144 0
6583.11 0.00833494 0
6583.15 0.00646681 0
6583.18 0.00525355 0
6583.22 0.00543642 0
6583.26 0.00563076 0
6583.3 0.00558826 0
6583.33 0.00507521 0
6583.37 0.00317576 0
6583.41 0.000998958 0
6583.44 -0.00181137 0
6583.48 -0.00402195 0
6583.52 -0.00330614 0
6583.56 -0.00212545 0
6583.59 0.000434845 0
6583.63 0.00286107 0
6583.67 0.00345536 0
6583.71 0.00398801 0
6583.74 0.00541632 0
6583.78 0.00709362 0
6583.82 0.0122459 0
6583.85 0.0176358 0
6583.89 0.0211343 0
6583.93 0.024487 0
6583.97 0.0243565 0
6584 0.0238925 0
6584.04 0.0230242 0
6584.08 0.0221021 0
6584.12 0.0228616 0
6584.15 0.0239087 0
6584.19 0.0259272 0
6584.23 0.0281489 0
6584.27 0.0291405 0
6584.3 0.0298128 0
6584.34 0.0293813 0
6584.38 0.02862 0
6584.41 0.0278386 0
6584.45 0.0270573 0
6584.49 0.0261265 0
6584.53 0.0251351 0
6584.56 0.0239332 0
6584.6 0.0226335 0
6584.64 0.0215832 0
6584.68 0.0206704 0
6584.71 0.0194118 0
6584.75 0.017935 0
6584.79 0.0171439 0
6584.82 0.016845 0
6584.86 0.0176328 0
6584.9 0.0192539 0
6584.94 0.0200541 0
6584.98 0.0200666 0
6585.01 0.0192767 0
6585.05 0.0177313 0
6585.09 0.0164237 0
6585.12 0.0154476 0
6585.16 0.0153738 0
6585.2 0.0164381 0
6585.24 0.0176328 0
6585.27 0.0188941 0
6585.31 0.0190496 0
6585.35 0.0173461 0
6585.39 0.0156154 0
6585.42 0.0140988 0
6585.46 0.012718 0
6585.5 0.011598 0
6585.53 0.0107857 0
6585.57 0.0107128 0
6585.61 0.0106442 0
6585.65 0.0104248 0
6585.68 0.0100258 0
6585.72 0.00901683 0
6585.76 0.00803756 0
6585.8 0.00738986 0
6585.83 0.00682626 0
6585.87 0.00659035 0
6585.91 0.00657617 0
6585.94 0.00796931 0
6585.98 0.00960353 0
6586.02 0.0125865 0
6586.06 0.0155227 0
6586.09 0.016029 0
6586.13 0.0162279 0
6586.17 0.012004 0
6586.21 0.00743741 0
6586.24 0.00128837 0
6586.28 -0.00499068 0
6586.32 -0.0139363 0
6586.35 -0.0231931 0
6586.39 -0.0325097 0
6586.43 -0.0418341 0
6586.47 -0.0446306 0
6586.5 -0.0461728 0
6586.54 -0.0451133 0
6586.58 -0.0434613 0
6586.62 -0.0423591 0
6586.65 -0.0414173 0
6586.69 -0.0401837 0
6586.73 -0.0388517 0
6586.77 -0.037332 0
6586.8 -0.0357453 0
6586.84 -0.0318311 0
6586.88 -0.0269054 0
6586.91 -0.0194052 0
6586.95 -0.0106585 0
6586.99 -0.00244076 0
6587.03 0.00543005 0
6587.06 0.0111843 0
6587.1 0.015603 0
6587.14 0.017879 0
6587.18 0.0186785 0
6587.21 0.0189834 0
6587.25 0.0189711 0
6587.29 0.0206006 0
6587.32 0.0237481 0
6587.36 0.0271968 0
6587.4 0.0308414 0
6587.44 0.0326612 0
6587.48 0.0323609 0
6587.51 0.0310338 0
6587.55 0.0285732 0
6587.59 0.0261054 0
6587.62 0.0237454 0
6587.66 0.0221052 0
6587.7 0.0216498 0
6587.74 0.0219261 0
6587.77 0.0234245 0
6587.81 0.0249669 0
6587.85 0.0264089 0
6587.89 0.0280973 0
6587.92 0.0304238 0
6587.96 0.0326784 0
6588 0.0345805 0
6588.03 0.0357495 0
6588.07 0.0344911 0
6588.11 0.0328923 0
6588.15 0.0306518 0
6588.18 0.0287346 0
6588.22 0.0287004 0
6588.26 0.0288442 0
6588.3 0.0292104 0
6588.33 0.0293966 0
6588.37 0.0278828 0
6588.41 0.0262659 0
6588.44 0.0249866 0
6588.48 0.0238081 0
6588.52 0.0243586 0
6588.56 0.025054 0
6588.59 0.0267358 0
6588.63 0.0284936 0
6588.67 0.028516 0
6588.71 0.0283659 0
6588.74 0.0267177 0
6588.78 0.0248733 0
6588.82 0.0255793 0
6588.85 0.0267142 0
6588.89 0.0294211 0
6588.93 0.0324462 0
6588.97 0.0339604 0
6589.01 0.0350991 0
6589.04 0.0342163 0
6589.08 0.0327526 0
6589.12 0.0313626 0
6589.15 0.0300073 0
6589.19 0.0296303 0
6589.23 0.0296324 0
6589.27 0.0302297 0
6589.3 0.0310792 0
6589.34 0.0324471 0
6589.38 0.034069 0
6589.41 0.0350192 0
6589.45 0.0355784 0
6589.49 0.0340359 0
6589.53 0.031163 0
6589.56 0.0282226 0
6589.6 0.0252999 0
6589.64 0.023934 0
6589.68 0.023822 0
6589.71 0.0247967 0
6589.75 0.0266703 0
6589.79 0.0288364 0
6589.82 0.0312331 0
6589.86 0.0330702 0
6589.9 0.0342543 0
6589.94 0.0349258 0
6589.98 0.0350089 0
6590.01 0.035426 0
6590.05 0.0363811 0
6590.09 0.0370176 0
6590.12 0.0370778 0
6590.16 0.0363661 0
6590.2 0.0343334 0
6590.24 0.0324233 0
6590.27 0.0309692 0
6590.31 0.0306412 0
6590.35 0.032881 0
6590.39 0.0351628 0
6590.42 0.037037 0
6590.46 0.0380386 0
6590.5 0.0363821 0
6590.53 0.0346121 0
6590.57 0.0331694 0
6590.61 0.0316984 0
6590.65 0.029993 0
6590.68 0.0281213 0
6590.72 0.0254195 0
6590.76 0.0226679 0
6590.8 0.0200124 0
6590.83 0.0174481 0
6590.87 0.0156999 0
6590.91 0.0142407 0
6590.94 0.0160546 0
6590.98 0.0181697 0
6591.02 0.0216504 0
6591.06 0.0252281 0
6591.09 0.0274072 0
6591.13 0.0294777 0
6591.17 0.0308406 0
6591.21 0.0321292 0
6591.24 0.0320312 0
6591.28 0.0317464 0
6591.32 0.0303059 0
6591.35 0.0286708 0
6591.39 0.0280961 0
6591.43 0.0277406 0
6591.47 0.028548 0
6591.51 0.0296386 0
6591.54 0.0294421 0
6591.58 0.0288723 0
6591.62 0.0271993 0
6591.65 0.0251664 0
6591.69 0.0239087 0
6591.73 0.0229547 0
6591.77 0.0232822 0
6591.8 0.0241559 0
6591.84 0.0247883 0
6591.88 0.0252869 0
6591.91 0.0243661 0
6591.95 0.0226705 0
6591.99 0.0205986 0
6592.03 0.0183251 0
6592.06 0.0165804 0
6592.1 0.0152101 0
6592.14 0.015399 0
6592.18 0.0167671 0
6592.21 0.0196982 0
6592.25 0.023896 0
6592.29 0.0265823 0
6592.33 0.0277425 0
6592.36 0.0282261 0
6592.4 0.0281077 0
6592.44 0.0275427 0
6592.48 0.0264984 0
6592.51 0.0249749 0
6592.55 0.0228634 0
6592.59 0.0217455 0
6592.62 0.0221582 0
6592.66 0.0228912 0
6592.7 0.0239698 0
6592.74 0.0243887 0
6592.77 0.0235303 0
6592.81 0.0222398 0
6592.85 0.020235 0
6592.89 0.0186057 0
6592.92 0.0180072 0
6592.96 0.0178531 0
6593 0.0187138 0
6593.03 0.0194308 0
6593.07 0.0194417 0
6593.11 0.0191181 0
6593.15 0.0177406 0
6593.18 0.0164611 0
6593.22 0.0159728 0
6593.26 0.0159996 0
6593.3 0.0185104 0
6593.33 0.0211258 0
6593.37 0.0231624 0
6593.41 0.0248857 0
6593.44 0.0241469 0
6593.48 0.0232096 0
6593.52 0.0221479 0
6593.56 0.0211282 0
6593.59 0.0212991 0
6593.63 0.0215657 0
6593.67 0.0220559 0
6593.71 0.0225631 0
6593.74 0.0218342 0
6593.78 0.0209904 0
6593.82 0.0216525 0
6593.85 0.0224991 0
6593.89 0.0216217 0
6593.93 0.0204764 0
6593.97 0.0154703 0
6594.01 0.00974012 0
6594.04 0.00531432 0
6594.08 0.00118956 0
6594.12 0.00015857 0
6594.15 -6.39166e-05 0
6594.19 0.000599122 0
6594.23 0.0015185 0
6594.27 0.00229272 0
6594.3 0.00301154 0
6594.34 0.00390969 0
6594.38 0.00487893 0
6594.41 0.00655203 0
6594.45 0.00853653 0
6594.49 0.0103694 0
6594.53 0.0121152 0
6594.56 0.0129829 0
6594.6 0.0133632 0
6594.64 0.0127338 0
6594.68 0.0114957 0
6594.71 0.0116176 0
6594.75 0.0127097 0
6594.79 0.0152316 0
6594.83 0.0188028 0
6594.86 0.0221082 0
6594.9 0.0251246 0
6594.94 0.02678 0
6594.98 0.0271662 0
6595.01 0.0269175 0
6595.05 0.0260987 0
6595.09 0.0257237 0
6595.12 0.0259129 0
6595.16 0.0264278 0
6595.2 0.0273107 0
6595.24 0.0286007 0
6595.27 0.0304373 0
6595.31 0.0326562 0
6595.35 0.0354211 0
6595.39 0.0371848 0
6595.42 0.0370884 0
6595.46 0.0362562 0
6595.5 0.0342265 0
6595.53 0.0325956 0
6595.57 0.0320665 0
6595.61 0.0317525 0
6595.65 0.0317798 0
6595.68 0.031817 0
6595.72 0.0318098 0
6595.76 0.0315161 0
6595.8 0.0302587 0
6595.83 0.0288551 0
6595.87 0.0271599 0
6595.91 0.025685 0
6595.94 0.0253528 0
6595.98 0.0252333 0
6596.02 0.0258382 0
6596.06 0.0264022 0
6596.09 0.0262728 0
6596.13 0.0260184 0
6596.17 0.0250703 0
6596.21 0.0241189 0
6596.24 0.0238592 0
6596.28 0.0237373 0
6596.32 0.0256184 0
6596.36 0.0276165 0
6596.39 0.0268805 0
6596.43 0.0259327 0
6596.47 0.0219761 0
6596.51 0.0177467 0
6596.54 0.0151518 0
6596.58 0.012753 0
6596.62 0.0134443 0
6596.65 0.0145966 0
6596.69 0.0176777 0
6596.73 0.021106 0
6596.77 0.0226185 0
6596.8 0.0237149 0
6596.84 0.0226441 0
6596.88 0.0210335 0
6596.91 0.0187535 0
6596.95 0.0162889 0
6596.99 0.0168095 0
6597.03 0.0183187 0
6597.06 0.0215026 0
6597.1 0.0252884 0
6597.14 0.0277059 0
6597.18 0.0295332 0
6597.21 0.0306388 0
6597.25 0.0314223 0
6597.29 0.0325622 0
6597.33 0.0338999 0
6597.36 0.0344568 0
6597.4 0.034553 0
6597.44 0.0340227 0
6597.48 0.0331083 0
6597.51 0.0326229 0
6597.55 0.0324617 0
6597.59 0.0329305 0
6597.62 0.0338767 0
6597.66 0.0341188 0
6597.7 0.0337216 0
6597.74 0.0320592 0
6597.77 0.0292326 0
6597.81 0.0266343 0
6597.85 0.0243623 0
6597.89 0.0227854 0
6597.92 0.0219879 0
6597.96 0.0215733 0
6598 0.0215774 0
6598.03 0.0221988 0
6598.07 0.0236502 0
6598.11 0.0251726 0
6598.15 0.0267117 0
6598.18 0.0272628 0
6598.22 0.0260921 0
6598.26 0.0245928 0
6598.3 0.0227015 0
6598.33 0.0211229 0
6598.37 0.0202868 0
6598.41 0.0194496 0
6598.44 0.0184751 0
6598.48 0.0172359 0
6598.52 0.0152938 0
6598.56 0.0136883 0
6598.59 0.0133145 0
6598.63 0.0134574 0
6598.67 0.0151399 0
6598.71 0.016649 0
6598.74 0.0169249 0
6598.78 0.016704 0
6598.82 0.0144514 0
6598.86 0.0119767 0
6598.89 0.00908553 0
6598.93 0.00619851 0
6598.97 0.00358694 0
6599.01 0.00118344 0
6599.04 0.000683187 0
6599.08 0.000315436 0
6599.12 -0.000262893 0
6599.15 -0.000859398 0
6599.19 -0.0015071 0
6599.23 -0.00216535 0
6599.27 -0.00335258 0
6599.3 -0.00458063 0
6599.34 -0.00461714 0
6599.38 -0.00454675 0
6599.41 -0.00318693 0
6599.45 -0.00167627 0
6599.49 -0.00103276 0
6599.53 -0.000515797 0
6599.56 -0.000567887 0
6599.6 -0.000719313 0
6599.64 -0.000773636 0
6599.68 -0.000806576 0
6599.71 0.0007817 0
6599.75 0.00275819 0
6599.79 0.00547993 0
6599.83 0.00840102 0
6599.86 0.0100779 0
6599.9 0.0113625 0
6599.94 0.0132953 0
6599.98 0.0154636 0
6600.01 0.0184679 0
6600.05 0.0217964 0
6600.09 0.0247814 0
6600.12 0.0276062 0
6600.16 0.0279533 0
6600.2 0.0270954 0
6600.24 0.0243709 0
6600.27 0.0206821 0
6600.31 0.0181865 0
6600.35 0.0164398 0
6600.39 0.0167296 0
6600.42 0.0183198 0
6600.46 0.0187011 0
6600.5 0.0181478 0
6600.53 0.0170728 0
6600.57 0.0156361 0
6600.61 0.0161969 0
6600.65 0.0185107 0
6600.68 0.0217927 0
6600.72 0.0258774 0
6600.76 0.0286676 0
6600.8 0.0300503 0
6600.83 0.0301043 0
6600.87 0.0287573 0
6600.91 0.0273136 0
6600.94 0.0258763 0
6600.98 0.0255132 0
6601.02 0.0266265 0
6601.06 0.0277406 0
6601.09 0.0286921 0
6601.13 0.0290505 0
6601.17 0.0284374 0
6601.21 0.0274748 0
6601.24 0.0259995 0
6601.28 0.0243764 0
6601.32 0.0225288 0
6601.36 0.0210214 0
6601.39 0.0203271 0
6601.43 0.0195844 0
6601.47 0.0185633 0
6601.51 0.0170726 0
6601.54 0.0142922 0
6601.58 0.0115084 0
6601.62 0.00902899 0
6601.65 0.00697883 0
6601.69 0.00644821 0
6601.73 0.00646243 0
6601.77 0.00834092 0
6601.8 0.0103588 0
6601.84 0.0123659 0
6601.88 0.0139159 0
6601.91 0.0126671 0
6601.95 0.011034 0
6601.99 0.00810403 0
6602.03 0.00526989 0
6602.06 0.00434833 0
6602.1 0.0037258 0
6602.14 0.00517021 0
6602.18 0.0067704 0
6602.21 0.0082934 0
6602.25 0.00975462 0
6602.29 0.00860751 0
6602.33 0.00725829 0
6602.36 0.00688727 0
6602.4 0.00659524 0
6602.44 0.00888823 0
6602.48 0.0114527 0
6602.51 0.0113449 0
6602.55 0.0108858 0
6602.59 0.0100799 0
6602.62 0.00922109 0
6602.66 0.0115283 0
6602.7 0.0144274 0
6602.74 0.0160771 0
6602.77 0.0174497 0
6602.81 0.0170974 0
6602.85 0.0163193 0
6602.89 0.0177516 0
6602.92 0.0198139 0
6602.96 0.0243342 0
6603 0.029624 0
6603.03 0.0335556 0
6603.07 0.0369882 0
6603.11 0.0360922 0
6603.15 0.0334987 0
6603.18 0.0292943 0
6603.22 0.0244324 0
6603.26 0.0216283 0
6603.3 0.0198363 0
6603.33 0.0189039 0
6603.37 0.0183924 0
6603.41 0.0171472 0
6603.44 0.0154593 0
6603.48 0.0138955 0
6603.52 0.012429 0
6603.56 0.0122406 0
6603.6 0.0129365 0
6603.63 0.0150917 0
6603.67 0.0183084 0
6603.71 0.0222895 0
6603.74 0.0268412 0
6603.78 0.0301514 0
6603.82 0.0323062 0
6603.86 0.0323367 0
6603.89 0.0303602 0
6603.93 0.0281902 0
6603.97 0.0259668 0
6604.01 0.0239287 0
6604.04 0.0221117 0
6604.08 0.0203395 0
6604.12 0.0186031 0
6604.15 0.017862 0
6604.19 0.0185006 0
6604.23 0.0186125 0
6604.27 0.0177707 0
6604.3 0.0155551 0
6604.34 0.0111674 0
6604.38 0.00674606 0
6604.41 0.00255603 0
6604.45 0.000155869 0
6604.49 0.00132484 0
6604.53 0.00352352 0
6604.56 0.00742241 0
6604.6 0.0112217 0
6604.64 0.0144626 0
6604.68 0.0169712 0
6604.71 0.0175783 0
6604.75 0.0175567 0
6604.79 0.0160357 0
6604.83 0.014911 0
6604.86 0.0155667 0
6604.9 0.0166972 0
6604.94 0.0191806 0
6604.98 0.0210702 0
6605.01 0.0197594 0
6605.05 0.01793 0
6605.09 0.0146225 0
6605.12 0.0113685 0
6605.16 0.00918132 0
6605.2 0.00731427 0
6605.24 0.00732821 0
6605.27 0.00754889 0
6605.31 0.00839414 0
6605.35 0.00914568 0
6605.39 0.00796069 0
6605.42 0.00662948 0
6605.46 0.00536189 0
6605.5 0.00414239 0
6605.53 0.00467494 0
6605.57 0.0053454 0
6605.61 0.00765121 0
6605.65 0.0100832 0
6605.68 0.0136201 0
6605.72 0.0172658 0
6605.76 0.0207859 0
6605.8 0.0242895 0
6605.83 0.0263277 0
6605.87 0.02815 0
6605.91 0.0286618 0
6605.94 0.0289477 0
6605.98 0.0286777 0
6606.02 0.0282978 0
6606.06 0.0292348 0
6606.1 0.0304752 0
6606.13 0.0297617 0
6606.17 0.0285376 0
6606.21 0.0246465 0
6606.24 0.0199877 0
6606.28 0.0165835 0
6606.32 0.0136007 0
6606.36 0.0130104 0
6606.39 0.0132709 0
6606.43 0.0140178 0
6606.47 0.0149372 0
6606.51 0.0164469 0
6606.54 0.0182087 0
6606.58 0.0197665 0
6606.62 0.0212186 0
6606.65 0.0213078 0
6606.69 0.0206911 0
6606.73 0.0201437 0
6606.77 0.0196624 0
6606.8 0.0200606 0
6606.84 0.0209988 0
6606.88 0.0215729 0
6606.92 0.0218784 0
6606.95 0.0223681 0
6606.99 0.0230054 0
6607.03 0.0235089 0
6607.06 0.0238986 0
6607.1 0.0233577 0
6607.14 0.0220288 0
6607.18 0.0206649 0
6607.21 0.0193195 0
6607.25 0.0185022 0
6607.29 0.0182123 0
6607.33 0.017564 0
6607.36 0.0164868 0
6607.4 0.0147328 0
6607.44 0.0122202 0
6607.48 0.0112165 0
6607.51 0.012202 0
6607.55 0.0143855 0
6607.59 0.0180223 0
6607.62 0.0214229 0
6607.66 0.0243099 0
6607.7 0.0261858 0
6607.74 0.0264761 0
6607.77 0.0257535 0
6607.81 0.0234399 0
6607.85 0.0206382 0
6607.89 0.017119 0
6607.92 0.0139809 0
6607.96 0.0117657 0
6608 0.0110041 0
6608.03 0.0134712 0
6608.07 0.0166256 0
6608.11 0.0209264 0
6608.15 0.0246091 0
6608.18 0.0262871 0
6608.22 0.0273422 0
6608.26 0.0269 0
6608.3 0.0263647 0
6608.33 0.0259005 0
6608.37 0.0253754 0
6608.41 0.0245848 0
6608.44 0.0237622 0
6608.48 0.022886 0
6608.52 0.0219423 0
6608.56 0.0206633 0
6608.6 0.0196141 0
6608.63 0.0201522 0
6608.67 0.0211501 0
6608.71 0.0246771 0
6608.74 0.0282122 0
6608.78 0.0300376 0
6608.82 0.0314324 0
6608.86 0.0292555 0
6608.89 0.0267971 0
6608.93 0.0242253 0
6608.97 0.0216277 0
6609.01 0.0185766 0
6609.04 0.0154966 0
6609.08 0.0127696 0
6609.12 0.0100701 0
6609.15 0.0107305 0
6609.19 0.011667 0
6609.23 0.013999 0
6609.27 0.0164745 0
6609.3 0.0168125 0
6609.34 0.0168825 0
6609.38 0.015478 0
6609.42 0.0138569 0
6609.45 0.0122003 0
6609.49 0.0105393 0
6609.53 0.00919553 0
6609.56 0.00791422 0
6609.6 0.00726554 0
6609.64 0.00675757 0
6609.68 0.00737287 0
6609.71 0.00826724 0
6609.75 0.00969567 0
6609.79 0.0112689 0
6609.83 0.0116041 0
6609.86 0.0115556 0
6609.9 0.0121174 0
6609.94 0.0128934 0
6609.98 0.0155629 0
6610.01 0.0189322 0
6610.05 0.0196132 0
6610.09 0.0191836 0
6610.12 0.0172298 0
6610.16 0.0146318 0
6610.2 0.0135942 0
6610.24 0.0133279 0
6610.27 0.0137387 0
6610.31 0.0144766 0
6610.35 0.0146155 0
6610.39 0.0144039 0
6610.42 0.0140092 0
6610.46 0.0135172 0
6610.5 0.0136934 0
6610.53 0.0143128 0
6610.57 0.0149074 0
6610.61 0.015463 0
6610.65 0.0150757 0
6610.68 0.0139714 0
6610.72 0.0132884 0
6610.76 0.0129917 0
6610.8 0.0143184 0
6610.83 0.0170539 0
6610.87 0.0198631 0
6610.91 0.0226479 0
6610.95 0.0241762 0
6610.98 0.0244245 0
6611.02 0.0241533 0
6611.06 0.0234127 0
6611.1 0.0219199 0
6611.13 0.0195791 0
6611.17 0.0169507 0
6611.21 0.0140359 0
6611.24 0.011666 0
6611.28 0.0100699 0
6611.32 0.00920047 0
6611.36 0.00931686 0
6611.39 0.0102994 0
6611.43 0.0125435 0
6611.47 0.0145151 0
6611.51 0.0158597 0
6611.54 0.0160081 0
6611.58 0.0140192 0
6611.62 0.0121222 0
6611.65 0.01073 0
6611.69 0.0102442 0
6611.73 0.0116625 0
6611.77 0.0134582 0
6611.8 0.0158154 0
6611.84 0.0177241 0
6611.88 0.0183516 0
6611.92 0.0182531 0
6611.95 0.0163474 0
6611.99 0.0140402 0
6612.03 0.0108933 0
6612.06 0.00809013 0
6612.1 0.00671424 0
6612.14 0.00555405 0
6612.18 0.00481226 0
6612.21 0.00382539 0
6612.25 0.00161918 0
6612.29 -0.000296071 0
6612.33 -0.000293823 0
6612.36 0.000275995 0
6612.4 0.00326355 0
6612.44 0.00598692 0
6612.48 0.0057092 0
6612.51 0.00516666 0
6612.55 0.00434395 0
6612.59 0.00368112 0
6612.62 0.00478252 0
6612.66 0.00601097 0
6612.7 0.00713775 0
6612.74 0.0082373 0
6612.77 0.00900792 0
6612.81 0.00973587 0
6612.85 0.0100277 0
6612.89 0.0102845 0
6612.92 0.0104974 0
6612.96 0.0107071 0
6613 0.0109235 0
6613.03 0.0111403 0
6613.07 0.0101822 0
6613.11 0.00911204 0
6613.15 0.00721683 0
6613.18 0.00522711 0
6613.22 0.00408016 0
6613.26 0.00304725 0
6613.3 0.0041531 0
6613.33 0.00559292 0
6613.37 0.00858983 0
6613.41 0.0118613 0
6613.45 0.013815 0
6613.48 0.0155013 0
6613.52 0.014326 0
6613.56 0.0125121 0
6613.6 0.00999191 0
6613.63 0.00730458 0
6613.67 0.00695598 0
6613.71 0.00725083 0
6613.74 0.00883876 0
6613.78 0.0108047 0
6613.82 0.0118132 0
6613.86 0.0124992 0
6613.89 0.0124175 0
6613.93 0.0120685 0
6613.97 0.0147722 0
6614.01 0.0186656 0
6614.04 0.0197463 0
6614.08 0.0218905 0
6614.12 0.024055 0
6614.15 0.015911 0
6614.19 0.0158946 0
6614.23 0.0245055 0
6614.27 0.0224627 0
6614.3 0.0201465 0
6614.34 0.0188278 0
6614.38 0.0172866 0
6614.42 0.0149119 0
6614.45 0.0154434 0
6614.49 0.0158092 0
6614.53 0.0159419 0
6614.56 0.015206 0
6614.6 0.0138825 0
6614.64 0.0131597 0
6614.68 0.0129087 0
6614.71 0.0126833 0
6614.75 0.0124525 0
6614.79 0.0114462 0
6614.83 0.00978921 0
6614.86 0.00839618 0
6614.9 0.00728002 0
6614.94 0.00710195 0
6614.98 0.0078022 0
6615.01 0.0081077 0
6615.05 0.00794712 0
6615.09 0.0071712 0
6615.12 0.00576216 0
6615.16 0.00551834 0
6615.2 0.00668086 0
6615.24 0.00779855 0
6615.27 0.00873391 0
6615.31 0.00880659 0
6615.35 0.00775572 0
6615.39 0.00725208 0
6615.42 0.00763884 0
6615.46 0.00884851 0
6615.5 0.011203 0
6615.53 0.0131284 0
6615.57 0.0142231 0
6615.61 0.0146479 0
6615.65 0.0140173 0
6615.68 0.0129441 0
6615.72 0.0111927 0
6615.76 0.0100933 0
6615.8 0.0104009 0
6615.83 0.0116408 0
6615.87 0.0146631 0
6615.91 0.0170558 0
6615.95 0.0176758 0
6615.98 0.0178808 0
6616.02 0.0173769 0
6616.06 0.0175705 0
6616.1 0.019811 0
6616.13 0.0219683 0
6616.17 0.0234214 0
6616.21 0.0240684 0
6616.24 0.0222756 0
6616.28 0.0203838 0
6616.32 0.0187951 0
6616.36 0.0176127 0
6616.39 0.0179324 0
6616.43 0.0182058 0
6616.47 0.0177799 0
6616.51 0.0173814 0
6616.54 0.0173747 0
6616.58 0.0175304 0
6616.62 0.0184128 0
6616.65 0.0192696 0
6616.69 0.0196195 0
6616.73 0.019803 0
6616.77 0.019069 0
6616.8 0.0184046 0
6616.84 0.0189297 0
6616.88 0.0196145 0
6616.92 0.0209936 0
6616.95 0.0222701 0
6616.99 0.0215683 0
6617.03 0.0206434 0
6617.06 0.0185463 0
6617.1 0.0163454 0
6617.14 0.0138203 0
6617.18 0.0113217 0
6617.21 0.0109108 0
6617.25 0.010661 0
6617.29 0.0102663 0
6617.33 0.00986058 0
6617.36 0.00928075 0
6617.4 0.00868557 0
6617.44 0.0100264 0
6617.48 0.0115666 0
6617.51 0.0110258 0
6617.55 0.0102343 0
6617.59 0.00823388 0
6617.62 0.00606729 0
6617.66 0.00847361 0
6617.7 0.0115967 0
6617.74 0.0146993 0
6617.77 0.0177924 0
6617.81 0.0174306 0
6617.85 0.0163942 0
6617.89 0.0146339 0
6617.92 0.0127245 0
6617.96 0.0123886 0
6618 0.0124266 0
6618.03 0.0139204 0
6618.07 0.0157862 0
6618.11 0.0173039 0
6618.15 0.0187179 0
6618.19 0.0172047 0
6618.22 0.0148005 0
6618.26 0.0116339 0
6618.3 0.00823406 0
6618.33 0.00822468 0
6618.37 0.00942199 0
6618.41 0.0108133 0
6618.45 0.0122508 0
6618.48 0.0115365 0
6618.52 0.00994343 0
6618.56 0.00856861 0
6618.6 0.00731275 0
6618.63 0.00744989 0
6618.67 0.00823303 0
6618.71 0.00933515 0
6618.74 0.0105752 0
6618.78 0.0110617 0
6618.82 0.0111446 0
6618.86 0.0101065 0
6618.89 0.00845401 0
6618.93 0.00675059 0
6618.97 0.00504173 0
6619.01 0.00533922 0
6619.04 0.00690832 0
6619.08 0.00882548 0
6619.12 0.0109185 0
6619.15 0.0115212 0
6619.19 0.0110539 0
6619.23 0.0100139 0
6619.27 0.00859831 0
6619.3 0.00858172 0
6619.34 0.00970268 0
6619.38 0.011514 0
6619.42 0.01384 0
6619.45 0.014863 0
6619.49 0.0146902 0
6619.53 0.0148695 0
6619.56 0.0154622 0
6619.6 0.0174872 0
6619.64 0.0209129 0
6619.68 0.0234977 0
6619.71 0.0250886 0
6619.75 0.0237716 0
6619.79 0.0192847 0
6619.83 0.0152094 0
6619.86 0.0118916 0
6619.9 0.0106982 0
6619.94 0.0120932 0
6619.98 0.0140863 0
6620.01 0.0166209 0
6620.05 0.0189798 0
6620.09 0.0210375 0
6620.12 0.0220545 0
6620.16 0.0215602 0
6620.2 0.0202499 0
6620.24 0.0178291 0
6620.27 0.0156798 0
6620.31 0.0141207 0
6620.35 0.0132841 0
6620.39 0.0136516 0
6620.42 0.0140838 0
6620.46 0.0144704 0
6620.5 0.0140802 0
6620.53 0.0121408 0
6620.57 0.0105279 0
6620.61 0.00985657 0
6620.65 0.00998821 0
6620.69 0.0117897 0
6620.72 0.0131723 0
6620.76 0.0132314 0
6620.8 0.0127702 0
6620.83 0.0112095 0
6620.87 0.00985569 0
6620.91 0.00931185 0
6620.95 0.00888487 0
6620.98 0.00862722 0
6621.02 0.00821991 0
6621.06 0.00728555 0
6621.1 0.00627611 0
6621.13 0.00514442 0
6621.17 0.00417961 0
6621.21 0.00388239 0
6621.24 0.00369383 0
6621.28 0.00374559 0
6621.32 0.00340778 0
6621.36 0.00121478 0
6621.39 -0.000881664 0
6621.43 -0.00178851 0
6621.47 -0.00196204 0
6621.51 0.00144036 0
6621.54 0.00487614 0
6621.58 0.00682556 0
6621.62 0.00824855 0
6621.65 0.00677143 0
6621.69 0.005073 0
6621.73 0.00338106 0
6621.77 0.00196905 0
6621.8 0.00315114 0
6621.84 0.00462321 0
6621.88 0.00709261 0
6621.92 0.00953148 0
6621.95 0.0105443 0
6621.99 0.0113112 0
6622.03 0.00975966 0
6622.06 0.00807713 0
6622.1 0.00748777 0
6622.14 0.00703657 0
6622.18 0.00845892 0
6622.22 0.0100316 0
6622.25 0.0119419 0
6622.29 0.0138778 0
6622.33 0.0149783 0
6622.36 0.0160144 0
6622.4 0.0160516 0
6622.44 0.0159979 0
6622.48 0.0153783 0
6622.51 0.0146988 0
6622.55 0.0125549 0
6622.59 0.0102369 0
6622.62 0.00577955 0
6622.66 0.00103532 0
6622.7 -0.00368441 0
6622.74 -0.00839895 0
6622.77 -0.00879507 0
6622.81 -0.00847408 0
6622.85 -0.00536448 0
6622.89 -0.00175271 0
6622.92 0.00159413 0
6622.96 0.00488273 0
6623 0.00776179 0
6623.03 0.0105526 0
6623.07 0.0127596 0
6623.11 0.0148302 0
6623.15 0.0162845 0
6623.19 0.0175859 0
6623.22 0.0170626 0
6623.26 0.0160484 0
6623.3 0.0136507 0
6623.33 0.0108598 0
6623.37 0.00987064 0
6623.41 0.00944641 0
6623.45 0.0103812 0
6623.48 0.0117532 0
6623.52 0.0123534 0
6623.56 0.0126731 0
6623.6 0.0112437 0
6623.63 0.00916967 0
6623.67 0.00864241 0
6623.71 0.00873995 0
6623.74 0.0112803 0
6623.78 0.0148242 0
6623.82 0.0169755 0
6623.86 0.0184846 0
6623.89 0.017805 0
6623.93 0.0161246 0
6623.97 0.0145081 0
6624.01 0.0129557 0
6624.04 0.0122107 0
6624.08 0.0118819 0
6624.12 0.0129258 0
6624.15 0.0147011 0
6624.19 0.0158141 0
6624.23 0.0165204 0
6624.27 0.0154068 0
6624.3 0.0132154 0
6624.34 0.0109264 0
6624.38 0.0086225 0
6624.42 0.00802787 0
6624.45 0.00856769 0
6624.49 0.00954634 0
6624.53 0.0107748 0
6624.56 0.00997123 0
6624.6 0.00767371 0
6624.64 0.00629849 0
6624.68 0.00570785 0
6624.72 0.00640744 0
6624.75 0.00809513 0
6624.79 0.00855049 0
6624.83 0.00791511 0
6624.86 0.00642426 0
6624.9 0.00425028 0
6624.94 0.00353509 0
6624.98 0.00420413 0
6625.01 0.00584991 0
6625.05 0.00834094 0
6625.09 0.00996131 0
6625.12 0.0106423 0
6625.16 0.0104783 0
6625.2 0.00949485 0
6625.24 0.00821928 0
6625.27 0.00668711 0
6625.31 0.00603272 0
6625.35 0.00641207 0
6625.39 0.007887 0
6625.42 0.010597 0
6625.46 0.0129912 0
6625.5 0.0148731 0
6625.54 0.016017 0
6625.57 0.0162304 0
6625.61 0.0156472 0
6625.65 0.0140525 0
6625.69 0.0120599 0
6625.72 0.00959415 0
6625.76 0.00788975 0
6625.8 0.00739921 0
6625.83 0.00713986 0
6625.87 0.00710837 0
6625.91 0.00623332 0
6625.95 0.00391384 0
6625.98 0.00134706 0
6626.02 -0.00146664 0
6626.06 -0.00366769 0
6626.1 -0.00470282 0
6626.13 -0.00494751 0
6626.17 -0.00382925 0
6626.21 -0.00230728 0
6626.24 -0.000168213 0
6626.28 0.00238001 0
6626.32 0.00571019 0
6626.36 0.00900692 0
6626.39 0.0120973 0
6626.43 0.0143146 0
6626.47 0.0144895 0
6626.51 0.0137979 0
6626.54 0.0113082 0
6626.58 0.00878392 0
6626.62 0.0065264 0
6626.65 0.00449743 0
6626.69 0.00305704 0
6626.73 0.00190345 0
6626.77 0.00146906 0
6626.8 0.00131511 0
6626.84 0.00187783 0
6626.88 0.00270913 0
6626.92 0.0042648 0
6626.95 0.00595201 0
6626.99 0.00791518 0
6627.03 0.00981267 0
6627.06 0.0113824 0
6627.1 0.0123812 0
6627.14 0.0111377 0
6627.18 0.00966081 0
6627.22 0.00790617 0
6627.25 0.00625095 0
6627.29 0.00517084 0
6627.33 0.00448544 0
6627.36 0.00559234 0
6627.4 0.00717267 0
6627.44 0.0106253 0
6627.48 0.0138467 0
6627.51 0.0148039 0
6627.55 0.0151855 0
6627.59 0.012885 0
6627.62 0.0106078 0
6627.66 0.0100091 0
6627.7 0.00971982 0
6627.74 0.010899 0
6627.77 0.0121143 0
6627.81 0.0126263 0
6627.85 0.0129744 0
6627.89 0.0121853 0
6627.92 0.0112869 0
6627.96 0.0101156 0
6628 0.00897176 0
6628.04 0.00851424 0
6628.07 0.00814823 0
6628.11 0.00845795 0
6628.15 0.00879703 0
6628.19 0.00862954 0
6628.22 0.00844135 0
6628.26 0.0087757 0
6628.3 0.00913622 0
6628.33 0.00893389 0
6628.37 0.00867236 0
6628.41 0.00715774 0
6628.45 0.00554854 0
6628.48 0.00559031 0
6628.52 0.00576099 0
6628.56 0.00773894 0
6628.6 0.00987275 0
6628.63 0.0106569 0
6628.67 0.0113089 0
6628.71 0.00906196 0
6628.74 0.00650246 0
6628.78 0.00320356 0
6628.82 -0.000182195 0
6628.86 -0.00199636 0
6628.89 -0.00360508 0
6628.93 -0.00349464 0
6628.97 -0.00313988 0
6629.01 -0.00199554 0
6629.04 -0.000731719 0
6629.08 2.77787e-05 0
6629.12 0.000703302 0
6629.15 0.00208171 0
6629.19 0.00358642 0
6629.23 0.00549424 0
6629.27 0.00747695 0
6629.3 0.00812672 0
6629.34 0.0085044 0
6629.38 0.00834245 0
6629.42 0.00806622 0
6629.45 0.00724743 0
6629.49 0.00630385 0
6629.53 0.0054719 0
6629.57 0.00466971 0
6629.6 0.00564328 0
6629.64 0.00707501 0
6629.68 0.00839152 0
6629.72 0.00967069 0
6629.75 0.0100845 0
6629.79 0.0102512 0
6629.83 0.0102329 0
6629.86 0.010162 0
6629.9 0.0106212 0
6629.94 0.0112502 0
6629.98 0.0112751 0
6630.01 0.0110967 0
6630.05 0.0100475 0
6630.09 0.00869903 0
6630.12 0.00761404 0
6630.16 0.00663228 0
6630.2 0.00711725 0
6630.24 0.00815708 0
6630.27 0.00932832 0
6630.31 0.0105389 0
6630.35 0.0101964 0
6630.39 0.00921102 0
6630.42 0.0082843 0
6630.46 0.00739894 0
6630.5 0.00719502 0
6630.54 0.00729663 0
6630.57 0.00814351 0
6630.61 0.00932971 0
6630.65 0.00950406 0
6630.69 0.00917485 0
6630.72 0.00780415 0
6630.76 0.00592514 0
6630.8 0.00556006 0
6630.83 0.0060066 0
6630.87 0.00746357 0
6630.91 0.00943978 0
6630.95 0.0108995 0
6630.98 0.012048 0
6631.02 0.0124754 0
6631.06 0.0124913 0
6631.1 0.0119471 0
6631.13 0.0110807 0
6631.17 0.0102593 0
6631.21 0.00948057 0
6631.24 0.0091985 0
6631.28 0.00923669 0
6631.32 0.00899015 0
6631.36 0.00853786 0
6631.39 0.00779012 0
6631.43 0.00684681 0
6631.47 0.0055112 0
6631.51 0.00390017 0
6631.54 0.00360596 0
6631.58 0.00431111 0
6631.62 0.0064491 0
6631.65 0.00964178 0
6631.69 0.0108971 0
6631.73 0.0105461 0
6631.77 0.00858409 0
6631.8 0.00538482 0
6631.84 0.00309158 0
6631.88 0.00164477 0
6631.92 0.00145352 0
6631.95 0.00231838 0
6631.99 0.00385611 0
6632.03 0.00593998 0
6632.07 0.00720862 0
6632.1 0.00767121 0
6632.14 0.00716658 0
6632.18 0.00577805 0
6632.22 0.00430124 0
6632.25 0.0027999 0
6632.29 0.00200862 0
6632.33 0.00195673 0
6632.36 0.00296905 0
6632.4 0.00506586 0
6632.44 0.0074387 0
6632.48 0.0100286 0
6632.51 0.0120777 0
6632.55 0.0134919 0
6632.59 0.0143389 0
6632.62 0.0145723 0
6632.66 0.0139214 0
6632.7 0.0122462 0
6632.74 0.0105149 0
6632.77 0.00880786 0
6632.81 0.00743816 0
6632.85 0.00650494 0
6632.89 0.00702315 0
6632.92 0.0094405 0
6632.96 0.0118783 0
6633 0.0141522 0
6633.04 0.015742 0
6633.07 0.0163698 0
6633.11 0.0168896 0
6633.15 0.0173548 0
6633.19 0.0172459 0
6633.22 0.0162701 0
6633.26 0.014642 0
6633.3 0.0120854 0
6633.33 0.00963286 0
6633.37 0.00746118 0
6633.41 0.00609046 0
6633.45 0.00603109 0
6633.48 0.00626565 0
6633.52 0.00683877 0
6633.56 0.00727292 0
6633.6 0.00741291 0
6633.63 0.00750422 0
6633.67 0.00754332 0
6633.71 0.0081593 0
6633.74 0.00988879 0
6633.78 0.0118047 0
6633.82 0.0139286 0
6633.86 0.0153615 0
6633.89 0.0153436 0
6633.93 0.0149623 0
6633.97 0.0140401 0
6634.01 0.0136496 0
6634.04 0.0145169 0
6634.08 0.0152185 0
6634.12 0.0153263 0
6634.15 0.0149323 0
6634.19 0.0134628 0
6634.23 0.0126946 0
6634.27 0.013835 0
6634.3 0.0152597 0
6634.34 0.0170415 0
6634.38 0.0175933 0
6634.42 0.0148547 0
6634.45 0.0121354 0
6634.49 0.010137 0
6634.53 0.00922188 0
6634.57 0.0112095 0
6634.6 0.0129553 0
6634.64 0.0133558 0
6634.68 0.0131901 0
6634.72 0.0116067 0
6634.75 0.0100047 0
6634.79 0.00868307 0
6634.83 0.0076395 0
6634.86 0.0074452 0
6634.9 0.00759173 0
6634.94 0.00868068 0
6634.98 0.0099604 0
6635.01 0.011667 0
6635.05 0.0133397 0
6635.09 0.0147612 0
6635.12 0.01574 0
6635.16 0.0150756 0
6635.2 0.0140709 0
6635.24 0.0121968 0
6635.27 0.0102517 0
6635.31 0.00827985 0
6635.35 0.00656158 0
6635.39 0.00597724 0
6635.42 0.00556974 0
6635.46 0.00558846 0
6635.5 0.00577718 0
6635.54 0.00663043 0
6635.57 0.00779712 0
6635.61 0.0103104 0
6635.65 0.0126174 0
6635.69 0.0132537 0
6635.72 0.0135609 0
6635.76 0.0127243 0
6635.8 0.0119956 0
6635.83 0.0124438 0
6635.87 0.012974 0
6635.91 0.0134459 0
6635.95 0.0139101 0
6635.98 0.0143532 0
6636.02 0.0149768 0
6636.06 0.0169086 0
6636.1 0.0186571 0
6636.13 0.0182431 0
6636.17 0.0173094 0
6636.21 0.0135032 0
6636.24 0.0097128 0
6636.28 0.00798526 0
6636.32 0.0065069 0
6636.36 0.0058752 0
6636.39 0.00523304 0
6636.43 0.00383704 0
6636.47 0.00246348 0
6636.51 0.00195542 0
6636.54 0.00173218 0
6636.58 0.00411953 0
6636.62 0.00682819 0
6636.65 0.0111361 0
6636.69 0.0154635 0
6636.73 0.018274 0
6636.77 0.0208192 0
6636.81 0.0209628 0
6636.84 0.0208681 0
6636.88 0.0198237 0
6636.92 0.0187588 0
6636.95 0.0188007 0
6636.99 0.0189221 0
6637.03 0.0189194 0
6637.07 0.018854 0
6637.1 0.0171862 0
6637.14 0.0153984 0
6637.18 0.0137427 0
6637.22 0.0121273 0
6637.25 0.0119964 0
6637.29 0.011975 0
6637.33 0.0115109 0
6637.36 0.0110006 0
6637.4 0.00902325 0
6637.44 0.00693407 0
6637.48 0.0060989 0
6637.51 0.00536212 0
6637.55 0.00763408 0
6637.59 0.0101508 0
6637.62 0.0127294 0
6637.66 0.0153141 0
6637.7 0.0160179 0
6637.74 0.0165459 0
6637.77 0.0166852 0
6637.81 0.0167846 0
6637.85 0.0173425 0
6637.89 0.0179501 0
6637.92 0.0180467 0
6637.96 0.0180859 0
6638 0.0175441 0
6638.04 0.0169325 0
6638.07 0.0165976 0
6638.11 0.0162984 0
6638.15 0.0144361 0
6638.19 0.0123695 0
6638.22 0.0123332 0
6638.26 0.0125753 0
6638.3 0.0133927 0
6638.33 0.0142911 0
6638.37 0.0117773 0
6638.41 0.00874965 0
6638.45 0.00683163 0
6638.48 0.00509203 0
6638.52 0.00565434 0
6638.56 0.00659124 0
6638.6 0.0084671 0
6638.63 0.010498 0
6638.67 0.0131826 0
6638.71 0.015982 0
6638.74 0.0171299 0
6638.78 0.0179749 0
6638.82 0.0179886 0
6638.86 0.0178459 0
6638.89 0.0164261 0
6638.93 0.0147578 0
6638.97 0.0136537 0
6639.01 0.0126653 0
6639.04 0.0142414 0
6639.08 0.0163547 0
6639.12 0.0193147 0
6639.15 0.0224521 0
6639.19 0.0245338 0
6639.23 0.0263766 0
6639.27 0.0263994 0
6639.31 0.0260078 0
6639.34 0.0239654 0
6639.38 0.0215379 0
6639.42 0.0191302 0
6639.45 0.0167308 0
6639.49 0.015322 0
6639.53 0.0141625 0
6639.57 0.0139659 0
6639.6 0.0140143 0
6639.64 0.0143715 0
6639.68 0.0148082 0
6639.72 0.0156489 0
6639.75 0.0165983 0
6639.79 0.0170634 0
6639.83 0.0173903 0
6639.86 0.0157409 0
6639.9 0.0135308 0
6639.94 0.0109745 0
6639.98 0.00832687 0
6640.01 0.00737638 0
6640.05 0.00693462 0
6640.09 0.00799791 0
6640.13 0.00951524 0
6640.16 0.0102845 0
6640.2 0.0108109 0
6640.24 0.0114684 0
6640.27 0.0121737 0
6640.31 0.0138318 0
6640.35 0.0158021 0
6640.39 0.0165555 0
6640.42 0.0168926 0
6640.46 0.0167646 0
6640.5 0.016487 0
6640.54 0.016765 0
6640.57 0.0172413 0
6640.61 0.0159719 0
6640.65 0.014073 0
6640.69 0.0115062 0
6640.72 0.00871139 0
6640.76 0.00795718 0
6640.8 0.00796819 0
6640.84 0.00893621 0
6640.87 0.010248 0
6640.91 0.0115866 0
6640.95 0.0129271 0
6640.98 0.0138061 0
6641.02 0.0145013 0
6641.06 0.0142104 0
6641.1 0.013529 0
6641.13 0.0115505 0
6641.17 0.0090519 0
6641.21 0.00670769 0
6641.24 0.00443993 0
6641.28 0.00452182 0
6641.32 0.00559922 0
6641.36 0.00913691 0
6641.39 0.0137096 0
6641.43 0.016673 0
6641.47 0.0188987 0
6641.51 0.0181727 0
6641.54 0.0161507 0
6641.58 0.0150031 0
6641.62 0.0142911 0
6641.65 0.0145432 0
6641.69 0.0152288 0
6641.73 0.0148071 0
6641.77 0.0138535 0
6641.81 0.0124676 0
6641.84 0.0108903 0
6641.88 0.00972634 0
6641.92 0.0087698 0
6641.95 0.00911755 0
6641.99 0.010101 0
6642.03 0.0105243 0
6642.07 0.0106454 0
6642.1 0.0100366 0
6642.14 0.00906896 0
6642.18 0.00869217 0
6642.22 0.00863237 0
6642.25 0.0096903 0
6642.29 0.0113224 0
6642.33 0.0136382 0
6642.36 0.016297 0
6642.4 0.0175221 0
6642.44 0.0179627 0
6642.48 0.0164722 0
6642.51 0.0139587 0
6642.55 0.0101318 0
6642.59 0.00561777 0
6642.63 0.00219023 0
6642.66 -0.00060446 0
6642.7 -0.00163758 0
6642.74 -0.00169304 0
6642.77 -0.00121663 0
6642.81 -0.000471092 0
6642.85 0.000946155 0
6642.89 0.00274233 0
6642.92 0.00492935 0
6642.96 0.00733185 0
6643 0.00989824 0
6643.04 0.012552 0
6643.07 0.0149121 0
6643.11 0.0170917 0
6643.15 0.0170324 0
6643.19 0.0156084 0
6643.22 0.0129963 0
6643.26 0.00970219 0
6643.3 0.00662791 0
6643.34 0.00372222 0
6643.37 0.00136592 0
6643.41 -0.00064758 0
6643.45 -0.000913981 0
6643.48 -7.39317e-05 0
6643.52 0.00110797 0
6643.56 0.00246298 0
6643.6 0.00337676 0
6643.63 0.00399044 0
6643.67 0.00484059 0
6643.71 0.00586297 0
6643.74 0.0076288 0
6643.78 0.00988758 0
6643.82 0.0107678 0
6643.86 0.0106857 0
6643.89 0.00863629 0
6643.93 0.00528153 0
6643.97 0.0028147 0
6644.01 0.00102797 0
6644.04 0.0016313 0
6644.08 0.00387681 0
6644.12 0.00633589 0
6644.16 0.00886724 0
6644.19 0.0107411 0
6644.23 0.0121416 0
6644.27 0.0137009 0
6644.31 0.0153996 0
6644.34 0.0170981 0
6644.38 0.0187901 0
6644.42 0.0201725 0
6644.45 0.0213247 0
6644.49 0.0218396 0
6644.53 0.021893 0
6644.57 0.0201365 0
6644.6 0.0170453 0
6644.64 0.0132519 0
6644.68 0.00899488 0
6644.72 0.00686173 0
6644.75 0.00637919 0
6644.79 0.00818231 0
6644.83 0.0116613 0
6644.86 0.014732 0
6644.9 0.0173916 0
6644.94 0.0193389 0
6644.98 0.0207496 0
6645.01 0.0221376 0
6645.05 0.0235349 0
6645.09 0.023496 0
6645.13 0.0223113 0
6645.16 0.0200622 0
6645.2 0.0170221 0
6645.24 0.0152904 0
6645.27 0.0146627 0
6645.31 0.0157125 0
6645.35 0.0180716 0
6645.39 0.020518 0
6645.42 0.0229613 0
6645.46 0.0240415 0
6645.5 0.023988 0
6645.54 0.0231738 0
6645.57 0.0217898 0
6645.61 0.0200521 0
6645.65 0.018048 0
6645.69 0.0159718 0
6645.72 0.0138515 0
6645.76 0.0124007 0
6645.8 0.0115253 0
6645.84 0.0112281 0
6645.87 0.0113909 0
6645.91 0.0118051 0
6645.95 0.0124099 0
6645.98 0.0125609 0
6646.02 0.0123059 0
6646.06 0.0117633 0
6646.1 0.0109915 0
6646.13 0.0103895 0
6646.17 0.0099529 0
6646.21 0.0101203 0
6646.24 0.0108148 0
6646.28 0.0125521 0
6646.32 0.0151893 0
6646.36 0.0172734 0
6646.39 0.0188043 0
6646.43 0.018835 0
6646.47 0.0175426 0
6646.51 0.0156857 0
6646.54 0.0134023 0
6646.58 0.0121971 0
6646.62 0.0120064 0
6646.66 0.0122222 0
6646.69 0.0127429 0
6646.73 0.0131219 0
6646.77 0.0133509 0
6646.81 0.0147563 0
6646.84 0.0172652 0
6646.88 0.0198318 0
6646.92 0.0223806 0
6646.95 0.022643 0
6646.99 0.0207647 0
6647.03 0.018667 0
6647.07 0.0165039 0
6647.1 0.0149802 0
6647.14 0.0140667 0
6647.18 0.0143838 0
6647.22 0.0158297 0
6647.25 0.0183407 0
6647.29 0.0217887 0
6647.33 0.0246161 0
6647.36 0.0267863 0
6647.4 0.0268823 0
6647.44 0.0250301 0
6647.48 0.0223917 0
6647.51 0.0191261 0
6647.55 0.0171323 0
6647.59 0.0164142 0
6647.63 0.0163173 0
6647.66 0.0167336 0
6647.7 0.0176235 0
6647.74 0.0189408 0
6647.77 0.0203789 0
6647.81 0.0219067 0
6647.85 0.0214569 0
6647.89 0.0190571 0
6647.92 0.0156467 0
6647.96 0.0113798 0
6648 0.00896821 0
6648.04 0.00845034 0
6648.07 0.00910269 0
6648.11 0.0107772 0
6648.15 0.0120028 0
6648.19 0.0127105 0
6648.22 0.0128554 0
6648.26 0.0124747 0
6648.3 0.0109585 0
6648.34 0.00834887 0
6648.37 0.00678548 0
6648.41 0.00634708 0
6648.45 0.0068785 0
6648.48 0.00829787 0
6648.52 0.00941129 0
6648.56 0.0101553 0
6648.6 0.0107027 0
6648.63 0.0110804 0
6648.67 0.0120742 0
6648.71 0.0136975 0
6648.74 0.014632 0
6648.78 0.0148281 0
6648.82 0.0129766 0
6648.86 0.00911353 0
6648.89 0.0056709 0
6648.93 0.00279975 0
6648.97 0.00192179 0
6649.01 0.00301956 0
6649.04 0.00520982 0
6649.08 0.00836008 0
6649.12 0.0103364 0
6649.16 0.011055 0
6649.19 0.0108121 0
6649.23 0.00968743 0
6649.27 0.00822807 0
6649.31 0.00649096 0
6649.34 0.00546023 0
6649.38 0.00516728 0
6649.42 0.00581693 0
6649.45 0.00737061 0
6649.49 0.00967615 0
6649.53 0.0126763 0
6649.57 0.0153967 0
6649.6 0.0177827 0
6649.64 0.01944 0
6649.68 0.0203799 0
6649.72 0.0211731 0
6649.75 0.0218707 0
6649.79 0.0224151 0
6649.83 0.0228123 0
6649.86 0.0225144 0
6649.9 0.021521 0
6649.94 0.0202265 0
6649.98 0.018679 0
6650.01 0.0166453 0
6650.05 0.01414 0
6650.09 0.0131146 0
6650.13 0.0136151 0
6650.16 0.0156673 0
6650.2 0.0191743 0
6650.24 0.0222863 0
6650.27 0.0248928 0
6650.31 0.0258105 0
6650.35 0.0250673 0
6650.39 0.0232243 0
6650.42 0.0203978 0
6650.46 0.0170743 0
6650.5 0.0133204 0
6650.54 0.0112213 0
6650.57 0.0108093 0
6650.61 0.0117876 0
6650.65 0.0140347 0
6650.69 0.0163134 0
6650.72 0.0185305 0
6650.76 0.0212701 0
6650.8 0.0245344 0
6650.84 0.0270068 0
6650.87 0.0286578 0
6650.91 0.0294631 0
6650.95 0.0294915 0
6650.98 0.0299721 0
6651.02 0.0309547 0
6651.06 0.0321167 0
6651.1 0.0334176 0
6651.13 0.0333892 0
6651.17 0.0320488 0
6651.21 0.0302644 0
6651.24 0.0281387 0
6651.28 0.0264013 0
6651.32 0.0250637 0
6651.36 0.0243122 0
6651.4 0.0241033 0
6651.43 0.0241409 0
6651.47 0.0243807 0
6651.51 0.0240946 0
6651.54 0.023289 0
6651.58 0.0223095 0
6651.62 0.0211996 0
6651.66 0.0204057 0
6651.69 0.0199201 0
6651.73 0.0192232 0
6651.77 0.0183049 0
6651.81 0.01713 0
6651.84 0.0157278 0
6651.88 0.0146002 0
6651.92 0.013745 0
6651.95 0.0141545 0
6651.99 0.0157358 0
6652.03 0.0175374 0
6652.07 0.0194682 0
6652.1 0.0199578 0
6652.14 0.0190942 0
6652.18 0.017952 0
6652.22 0.0166409 0
6652.25 0.0163734 0
6652.29 0.0170766 0
6652.33 0.0177313 0
6652.36 0.0182794 0
6652.4 0.0189764 0
6652.44 0.0198175 0
6652.48 0.0205172 0
6652.51 0.021077 0
6652.55 0.0208993 0
6652.59 0.0200664 0
6652.63 0.0189894 0
6652.66 0.0177365 0
6652.7 0.016919 0
6652.74 0.0164986 0
6652.77 0.0157648 0
6652.81 0.0147292 0
6652.85 0.0123135 0
6652.89 0.00870204 0
6652.92 0.00662757 0
6652.96 0.0059739 0
6653 0.00740467 0
6653.04 0.0105622 0
6653.07 0.0129164 0
6653.11 0.0144684 0
6653.15 0.0145395 0
6653.19 0.0133891 0
6653.22 0.0128694 0
6653.26 0.0129618 0
6653.3 0.0138074 0
6653.34 0.0152517 0
6653.37 0.015435 0
6653.41 0.0145241 0
6653.45 0.0138343 0
6653.48 0.0133944 0
6653.52 0.0136082 0
6653.56 0.0143499 0
6653.6 0.0158108 0
6653.63 0.0178333 0
6653.67 0.0189907 0
6653.71 0.0194081 0
6653.74 0.0186641 0
6653.78 0.0170235 0
6653.82 0.015629 0
6653.86 0.0144835 0
6653.9 0.0150699 0
6653.93 0.017019 0
6653.97 0.0194202 0
6654.01 0.0221043 0
6654.04 0.0246284 0
6654.08 0.0270127 0
6654.12 0.028339 0
6654.16 0.0288492 0
6654.19 0.028788 0
6654.23 0.0283308 0
6654.27 0.0279937 0
6654.31 0.027767 0
6654.34 0.0271391 0
6654.38 0.0262033 0
6654.42 0.025501 0
6654.45 0.0249907 0
6654.49 0.0250756 0
6654.53 0.0255901 0
6654.57 0.0254693 0
6654.6 0.0248606 0
6654.64 0.0239993 0
6654.68 0.0229799 0
6654.72 0.0221398 0
6654.75 0.0214348 0
6654.79 0.0192873 0
6654.83 0.0161031 0
6654.86 0.013365 0
6654.9 0.010991 0
6654.94 0.0109129 0
6654.98 0.0124247 0
6655.01 0.0130268 0
6655.05 0.0129239 0
6655.09 0.0119908 0
6655.13 0.0105201 0
6655.16 0.0108556 0
6655.2 0.012442 0
6655.24 0.0160361 0
6655.27 0.0209198 0
6655.31 0.0249702 0
6655.35 0.028407 0
6655.39 0.0299532 0
6655.43 0.0302881 0
6655.46 0.0288343 0
6655.5 0.0262753 0
6655.54 0.0237857 0
6655.57 0.0213906 0
6655.61 0.020061 0
6655.65 0.0194036 0
6655.69 0.0194539 0
6655.72 0.0199171 0
6655.76 0.021147 0
6655.8 0.0228349 0
6655.84 0.0246323 0
6655.87 0.026478 0
6655.91 0.0269974 0
6655.95 0.0267122 0
6655.98 0.0248065 0
6656.02 0.0219682 0
6656.06 0.0206743 0
6656.1 0.0203278 0
6656.13 0.0230075 0
6656.17 0.0274074 0
6656.21 0.0295613 0
6656.24 0.0303597 0
6656.28 0.0270435 0
6656.32 0.0214473 0
6656.36 0.017592 0
6656.4 0.0147959 0
6656.43 0.0156954 0
6656.47 0.0185932 0
6656.51 0.021704 0
6656.54 0.024856 0
6656.58 0.0267583 0
6656.62 0.0279901 0
6656.66 0.0269575 0
6656.69 0.0247522 0
6656.73 0.0210975 0
6656.77 0.016727 0
6656.81 0.014935 0
6656.84 0.0144912 0
6656.88 0.01642 0
6656.92 0.019502 0
6656.95 0.0223513 0
6656.99 0.0250478 0
6657.03 0.0269121 0
6657.07 0.0283734 0
6657.1 0.0289347 0
6657.14 0.0290721 0
6657.18 0.0287865 0
6657.22 0.0283137 0
6657.25 0.0272906 0
6657.29 0.0260161 0
6657.33 0.0256375 0
6657.36 0.0256776 0
6657.4 0.0257717 0
6657.44 0.0258793 0
6657.48 0.0251978 0
6657.51 0.0241648 0
6657.55 0.0218488 0
6657.59 0.018982 0
6657.63 0.0165747 0
6657.66 0.014381 0
6657.7 0.0140316 0
6657.74 0.0144552 0
6657.77 0.015567 0
6657.81 0.0169453 0
6657.85 0.0188949 0
6657.89 0.0210711 0
6657.93 0.0232825 0
6657.96 0.0255007 0
6658 0.0253621 0
6658.04 0.0242969 0
6658.07 0.0218052 0
6658.11 0.0187855 0
6658.15 0.0170954 0
6658.19 0.0159224 0
6658.22 0.0161351 0
6658.26 0.0168509 0
6658.3 0.0175855 0
6658.34 0.0183142 0
6658.37 0.0194866 0
6658.41 0.0208181 0
6658.45 0.0220942 0
6658.48 0.0233476 0
6658.52 0.0227308 0
6658.56 0.021473 0
6658.6 0.0205607 0
6658.63 0.0197781 0
6658.67 0.0179126 0
6658.71 0.01569 0
6658.75 0.0152274 0
6658.78 0.0153347 0
6658.82 0.0175463 0
6658.86 0.0204068 0
6658.9 0.0214728 0
6658.93 0.0219756 0
6658.97 0.0211903 0
6659.01 0.0200301 0
6659.04 0.0206823 0
6659.08 0.0218707 0
6659.12 0.0252986 0
6659.16 0.029355 0
6659.19 0.0307261 0
6659.23 0.0313408 0
6659.27 0.0298917 0
6659.31 0.0278947 0
6659.34 0.0255587 0
6659.38 0.0231401 0
6659.42 0.0207967 0
6659.45 0.0184749 0
6659.49 0.0179989 0
6659.53 0.0179852 0
6659.57 0.0179561 0
6659.6 0.0179181 0
6659.64 0.0166878 0
6659.68 0.0151757 0
6659.72 0.0153221 0
6659.75 0.0158519 0
6659.79 0.0175505 0
6659.83 0.0195061 0
6659.86 0.0197829 0
6659.9 0.0196936 0
6659.94 0.019477 0
6659.98 0.0192364 0
6660.01 0.0194194 0
6660.05 0.0196893 0
6660.09 0.0187104 0
6660.13 0.0174856 0
6660.16 0.016764 0
6660.2 0.0161409 0
6660.24 0.01593 0
6660.27 0.0157941 0
6660.31 0.0148994 0
6660.35 0.0138691 0
6660.39 0.0149414 0
6660.43 0.0163728 0
6660.46 0.0187663 0
6660.5 0.0213144 0
6660.54 0.0226757 0
6660.57 0.0238482 0
6660.61 0.0216228 0
6660.65 0.0188876 0
6660.69 0.0172158 0
6660.72 0.0157005 0
6660.76 0.0166268 0
6660.8 0.017888 0
6660.84 0.0184179 0
6660.87 0.0188498 0
6660.91 0.0191222 0
6660.95 0.0193739 0
6660.98 0.0176935 0
6661.02 0.015784 0
6661.06 0.0141564 0
6661.1 0.0125617 0
6661.13 0.0148818 0
6661.17 0.0176182 0
6661.21 0.0227267 0
6661.25 0.0280727 0
6661.28 0.0324328 0
6661.32 0.0366985 0
6661.36 0.0372907 0
6661.4 0.0375572 0
6661.43 0.0327068 0
6661.47 0.0274366 0
6661.51 0.0224261 0
6661.54 0.0174698 0
6661.58 0.0171975 0
6661.62 0.0173066 0
6661.66 0.0187192 0
6661.69 0.0201742 0
6661.73 0.0186851 0
6661.77 0.0169408 0
6661.81 0.014184 0
6661.84 0.0114618 0
6661.88 0.012162 0
6661.92 0.0131612 0
6661.95 0.0150348 0
6661.99 0.0168715 0
6662.03 0.0164644 0
6662.07 0.0158855 0
6662.1 0.0153237 0
6662.14 0.0148004 0
6662.18 0.0148991 0
6662.22 0.0150695 0
6662.25 0.015581 0
6662.29 0.0162562 0
6662.33 0.018782 0
6662.36 0.0214045 0
6662.4 0.0234797 0
6662.44 0.0252936 0
6662.48 0.0246495 0
6662.51 0.0237792 0
6662.55 0.022529 0
6662.59 0.021387 0
6662.63 0.0215635 0
6662.66 0.0217753 0
6662.7 0.021396 0
6662.74 0.0209054 0
6662.78 0.0198701 0
6662.81 0.0190507 0
6662.85 0.0202336 0
6662.89 0.0214799 0
6662.93 0.0220727 0
6662.96 0.0224348 0
6663 0.0215672 0
6663.04 0.020624 0
6663.07 0.0197956 0
6663.11 0.0189483 0
6663.15 0.0179325 0
6663.19 0.0169629 0
6663.22 0.0163388 0
6663.26 0.0158633 0
6663.3 0.0160534 0
6663.34 0.0165346 0
6663.37 0.0182688 0
6663.41 0.0200114 0
6663.45 0.0213257 0
6663.48 0.0225614 0
6663.52 0.023582 0
6663.56 0.0243666 0
6663.6 0.0241641 0
6663.63 0.0235629 0
6663.67 0.0215632 0
6663.71 0.0197464 0
6663.75 0.0191225 0
6663.78 0.0185667 0
6663.82 0.0179241 0
6663.86 0.0168816 0
6663.9 0.0143478 0
6663.93 0.0121429 0
6663.97 0.0115432 0
6664.01 0.0115561 0
6664.04 0.0132807 0
6664.08 0.014614 0
6664.12 0.0142018 0
6664.16 0.0137217 0
6664.19 0.0134483 0
6664.23 0.0137623 0
6664.27 0.0158441 0
6664.31 0.0176675 0
6664.34 0.0183234 0
6664.38 0.0190191 0
6664.42 0.0200838 0
6664.45 0.0214861 0
6664.49 0.023744 0
6664.53 0.0250975 0
6664.57 0.0238693 0
6664.6 0.0219716 0
6664.64 0.0188529 0
6664.68 0.0160655 0
6664.72 0.0143255 0
6664.75 0.0128949 0
6664.79 0.0120164 0
6664.83 0.0119686 0
6664.86 0.0137448 0
6664.9 0.015913 0
6664.94 0.0186527 0
6664.98 0.020494 0
6665.01 0.0203049 0
6665.05 0.0197941 0
6665.09 0.0189269 0
6665.13 0.0184113 0
6665.16 0.018659 0
6665.2 0.0187942 0
6665.24 0.0185998 0
6665.28 0.0176324 0
6665.31 0.0152506 0
6665.35 0.0128514 0
6665.39 0.010613 0
6665.43 0.00945471 0
6665.46 0.0101857 0
6665.5 0.011302 0
6665.54 0.0128384 0
6665.57 0.0141085 0
6665.61 0.0148865 0
6665.65 0.0148646 0
6665.69 0.0136166 0
6665.72 0.0119055 0
6665.76 0.00961595 0
6665.8 0.0088591 0
6665.84 0.0104736 0
6665.87 0.013926 0
6665.91 0.0198023 0
6665.95 0.0249799 0
6665.98 0.02892 0
6666.02 0.0308776 0
6666.06 0.0302481 0
6666.1 0.0283601 0
6666.13 0.0250544 0
6666.17 0.0216906 0
6666.21 0.018385 0
6666.25 0.0163653 0
6666.28 0.0159395 0
6666.32 0.0167874 0
6666.36 0.0190313 0
6666.4 0.0206888 0
6666.43 0.0215434 0
6666.47 0.0212846 0
6666.51 0.019831 0
6666.54 0.0185814 0
6666.58 0.0176503 0
6666.62 0.017159 0
6666.66 0.0171108 0
6666.69 0.016588 0
6666.73 0.0155438 0
6666.77 0.0137267 0
6666.81 0.0111769 0
6666.84 0.00878995 0
6666.88 0.00661055 0
6666.92 0.00620123 0
6666.95 0.00743294 0
6666.99 0.00960719 0
6667.03 0.0125292 0
6667.07 0.0144911 0
6667.1 0.0155645 0
6667.14 0.0153707 0
6667.18 0.0141556 0
6667.22 0.01313 0
6667.25 0.0123194 0
6667.29 0.0123372 0
6667.33 0.013001 0
6667.36 0.0146257 0
6667.4 0.0169544 0
6667.44 0.0192353 0
6667.48 0.0214441 0
6667.51 0.0219429 0
6667.55 0.0212162 0
6667.59 0.0200387 0
6667.63 0.0186069 0
6667.66 0.0185496 0
6667.7 0.0194266 0
6667.74 0.0204103 0
6667.78 0.0214215 0
6667.81 0.0214823 0
6667.85 0.0209466 0
6667.89 0.0195133 0
6667.93 0.0175615 0
6667.96 0.0166096 0
6668 0.0162618 0
6668.04 0.0167481 0
6668.07 0.0176812 0
6668.11 0.0175076 0
6668.15 0.016717 0
6668.19 0.0176128 0
6668.22 0.019412 0
6668.26 0.0216111 0
6668.3 0.0239812 0
6668.34 0.0238887 0
6668.37 0.0225965 0
6668.41 0.0209373 0
6668.45 0.0191434 0
6668.48 0.0195793 0
6668.52 0.021019 0
6668.56 0.023047 0
6668.6 0.0253004 0
6668.63 0.0262925 0
6668.67 0.0267568 0
6668.71 0.0260058 0
6668.75 0.0247858 0
6668.78 0.0247746 0
6668.82 0.0252341 0
6668.86 0.0247365 0
6668.9 0.0238796 0
6668.93 0.020879 0
6668.97 0.0171396 0
6669.01 0.0151183 0
6669.04 0.0136839 0
6669.08 0.0148878 0
6669.12 0.0169184 0
6669.16 0.0191638 0
6669.19 0.0214591 0
6669.23 0.0238393 0
6669.27 0.0262426 0
6669.31 0.026323 0
6669.34 0.025767 0
6669.38 0.0223385 0
6669.42 0.0181731 0
6669.45 0.0153185 0
6669.49 0.0127967 0
6669.53 0.01267 0
6669.57 0.0130963 0
6669.6 0.0133598 0
6669.64 0.0135812 0
6669.68 0.0128756 0
6669.72 0.0119792 0
6669.75 0.0122625 0
6669.79 0.0127759 0
6669.83 0.0135153 0
6669.86 0.0142934 0
6669.9 0.0143058 0
6669.94 0.0141884 0
6669.98 0.014058 0
6670.02 0.0139264 0
6670.05 0.0142547 0
6670.09 0.0146497 0
6670.13 0.0148164 0
6670.16 0.0149522 0
6670.2 0.0162366 0
6670.24 0.0176612 0
6670.28 0.0188539 0
6670.31 0.0200203 0
6670.35 0.0189665 0
6670.39 0.0176905 0
6670.43 0.0156322 0
6670.46 0.0135046 0
6670.5 0.0119891 0
6670.54 0.0105392 0
6670.57 0.0109054 0
6670.61 0.0114396 0
6670.65 0.0133358 0
6670.69 0.0152903 0
6670.72 0.0157464 0
6670.76 0.016144 0
6670.8 0.0178906 0
6670.84 0.0198239 0
6670.87 0.023284 0
6670.91 0.0267025 0
6670.95 0.0277179 0
6670.98 0.0282221 0
6671.02 0.02457 0
6671.06 0.0205545 0
6671.1 0.0160584 0
6671.13 0.011977 0
6671.17 0.0122482 0
6671.21 0.0131486 0
6671.25 0.0165717 0
6671.28 0.0200157 0
6671.32 0.0221356 0
6671.36 0.0238241 0
6671.4 0.0232249 0
6671.43 0.0221217 0
6671.47 0.0189405 0
6671.51 0.0156141 0
6671.54 0.012366 0
6671.58 0.00961803 0
6671.62 0.00949964 0
6671.66 0.00969474 0
6671.69 0.0104432 0
6671.73 0.0108482 0
6671.77 0.00949182 0
6671.81 0.00798091 0
6671.84 0.00638309 0
6671.88 0.00530326 0
6671.92 0.00630405 0
6671.95 0.00788671 0
6671.99 0.0110436 0
6672.03 0.0135099 0
6672.07 0.0131553 0
6672.1 0.0117639 0
6672.14 0.00767699 0
6672.18 0.0043557 0
6672.22 0.00402568 0
6672.25 0.00463621 0
6672.29 0.00732637 0
6672.33 0.00956504 0
6672.36 0.0101299 0
6672.4 0.01031 0
6672.44 0.00981705 0
6672.48 0.00947256 0
6672.52 0.00961883 0
6672.55 0.00976459 0
6672.59 0.00982285 0
6672.63 0.00999548 0
6672.66 0.010437 0
6672.7 0.0105385 0
6672.74 0.00987969 0
6672.78 0.00816708 0
6672.81 0.00445243 0
6672.85 0.00107205 0
6672.89 -0.00138461 0
6672.93 -0.00233624 0
6672.96 -0.00067329 0
6673 0.00142093 0
6673.04 0.0039271 0
6673.07 0.00546496 0
6673.11 0.00534997 0
6673.15 0.00552079 0
6673.19 0.00633556 0
6673.22 0.00695458 0
6673.26 0.00720734 0
6673.3 0.00617853 0
6673.34 0.003344 0
6673.37 0.000603422 0
6673.41 -0.00182604 0
6673.45 -0.00298266 0
6673.48 -0.00249767 0
6673.52 -0.00179519 0
6673.56 -0.000970282 0
6673.6 -0.000104202 0
6673.63 0.000800502 0
6673.67 0.00264791 0
6673.71 0.00557315 0
6673.75 0.00774033 0
6673.78 0.00899098 0
6673.82 0.00915672 0
6673.86 0.00825446 0
6673.9 0.0071524 0
6673.93 0.00592694 0
6673.97 0.00463847 0
6674.01 0.00329803 0
6674.05 0.0023083 0
6674.08 0.00164309 0
6674.12 0.000795277 0
6674.16 -0.000232466 0
6674.19 -0.00097934 0
6674.23 -0.00148067 0
6674.27 -0.00192356 0
6674.31 -0.00233352 0
6674.34 -0.00306078 0
6674.38 -0.00403168 0
6674.42 -0.00451581 0
6674.45 -0.0046328 0
6674.49 -0.00306522 0
6674.53 -0.000343737 0
6674.57 0.00215776 0
6674.6 0.00446063 0
6674.64 0.00503445 0
6674.68 0.00452312 0
6674.72 0.00387236 0
6674.75 0.00318212 0
6674.79 0.00274729 0
6674.83 0.00246057 0
6674.86 0.00227689 0
6674.9 0.00214443 0
6674.94 0.0025543 0
6674.98 0.00324431 0
6675.02 0.00438466 0
6675.05 0.00573796 0
6675.09 0.00492606 0
6675.13 0.0030936 0
6675.16 -6.75928e-05 0
6675.2 -0.00378912 0
6675.24 -0.00565121 0
6675.28 -0.00671584 0
6675.31 -0.00590403 0
6675.35 -0.00436531 0
6675.39 -0.000945999 0
6675.43 0.00316308 0
6675.46 0.00725436 0
6675.5 0.0113241 0
6675.54 0.0119938 0
6675.57 0.0115296 0
6675.61 0.00912714 0
6675.65 0.00613831 0
6675.69 0.00239564 0
6675.72 -0.00155764 0
6675.76 -0.0051917 0
6675.8 -0.00873406 0
6675.84 -0.0100926 0
6675.87 -0.0108923 0
6675.91 -0.0108418 0
6675.95 -0.0105952 0
6675.98 -0.0110438 0
6676.02 -0.011648 0
6676.06 -0.0105586 0
6676.1 -0.00912204 0
6676.13 -0.00664415 0
6676.17 -0.00397432 0
6676.21 -0.00312039 0
6676.25 -0.00257916 0
6676.28 -0.00390373 0
6676.32 -0.00551586 0
6676.36 -0.00871864 0
6676.4 -0.0121423 0
6676.43 -0.0128905 0
6676.47 -0.0133026 0
6676.51 -0.0103567 0
6676.55 -0.00703982 0
6676.58 -0.00447582 0
6676.62 -0.00198569 0
6676.66 -0.00275941 0
6676.69 -0.00380729 0
6676.73 -0.00532274 0
6676.77 -0.00682101 0
6676.81 -0.00594832 0
6676.84 -0.00484938 0
6676.88 -0.00257348 0
6676.92 -0.000230994 0
6676.95 0.00163558 0
6676.99 0.00331279 0
6677.03 0.0027031 0
6677.07 0.00183348 0
6677.1 -4.73818e-05 0
6677.14 -0.0018712 0
6677.18 -0.00233384 0
6677.22 -0.002715 0
6677.25 -0.00329875 0
6677.29 -0.00395382 0
6677.33 -0.00502803 0
6677.37 -0.00624034 0
6677.4 -0.00816432 0
6677.44 -0.00994687 0
6677.48 -0.0105674 0
6677.52 -0.0108833 0
6677.55 -0.0100511 0
6677.59 -0.00896421 0
6677.63 -0.00706968 0
6677.66 -0.00511555 0
6677.7 -0.00316748 0
6677.74 -0.0017099 0
6677.78 -0.00223152 0
6677.81 -0.00311796 0
6677.85 -0.00479971 0
6677.89 -0.00629136 0
6677.93 -0.00692344 0
6677.96 -0.00696652 0
6678 -0.00534829 0
6678.04 -0.00366199 0
6678.07 -0.00214533 0
6678.11 -0.00114992 0
6678.15 -0.00155237 0
6678.19 -0.00208811 0
6678.22 -0.00269508 0
6678.26 -0.00327872 0
6678.3 -0.00379233 0
6678.34 -0.0040747 0
6678.37 -0.00385088 0
6678.41 -0.00282146 0
6678.45 -0.000172017 0
6678.48 0.00204287 0
6678.52 0.00315795 0
6678.56 0.00380523 0
6678.6 0.00373125 0
6678.63 0.00390296 0
6678.67 0.00460102 0
6678.71 0.00541685 0
6678.75 0.00636442 0
6678.78 0.00654738 0
6678.82 0.00552027 0
6678.86 0.00419864 0
6678.9 0.00257463 0
6678.93 0.000686467 0
6678.97 -0.00154045 0
6679.01 -0.00342901 0
6679.05 -0.0048384 0
6679.08 -0.0056656 0
6679.12 -0.00580962 0
6679.16 -0.00555955 0
6679.19 -0.00490409 0
6679.23 -0.00387302 0
6679.27 -0.00245489 0
6679.31 -0.00101213 0
6679.34 0.00042762 0
6679.38 0.00134883 0
6679.42 0.00175193 0
6679.45 0.00156788 0
6679.49 0.000863613 0
6679.53 4.52817e-05 0
6679.57 -0.000843018 0
6679.6 -0.00102374 0
6679.64 -0.000599949 0
6679.68 -0.000379642 0
6679.72 -0.000356447 0
6679.75 -0.00104571 0
6679.79 -0.00226587 0
6679.83 -0.00261516 0
6679.87 -0.00231304 0
6679.9 -0.000420143 0
6679.94 0.00252 0
6679.98 0.00514611 0
6680.02 0.00752444 0
6680.05 0.00889168 0
6680.09 0.00965903 0
6680.13 0.00968705 0
6680.16 0.00931697 0
6680.2 0.00763621 0
6680.24 0.00526844 0
6680.28 0.00395716 0
6680.31 0.00320123 0
6680.35 0.0036397 0
6680.39 0.00462528 0
6680.43 0.00571368 0
6680.46 0.00683221 0
6680.5 0.00672657 0
6680.54 0.00611131 0
6680.57 0.00406573 0
6680.61 0.00147631 0
6680.65 0.00026012 0
6680.69 -0.000445392 0
6680.72 0.00104374 0
6680.76 0.00326295 0
6680.8 0.00364735 0
6680.84 0.00344347 0
6680.87 0.00211008 0
6680.91 0.000459397 0
6680.95 -0.00203916 0
6680.98 -0.00475992 0
6681.02 -0.00832643 0
6681.06 -0.0120969 0
6681.1 -0.0134082 0
6681.13 -0.0141645 0
6681.17 -0.0116449 0
6681.21 -0.00846273 0
6681.25 -0.00391913 0
6681.28 0.000869504 0
6681.32 0.00606824 0
6681.36 0.0113323 0
6681.4 0.0137702 0
6681.43 0.0157917 0
6681.47 0.0154874 0
6681.51 0.0148843 0
6681.55 0.0143725 0
6681.58 0.0138716 0
6681.62 0.0134584 0
6681.66 0.0130537 0
6681.69 0.0119907 0
6681.73 0.0108677 0
6681.77 0.00921017 0
6681.81 0.0074865 0
6681.84 0.00498729 0
6681.88 0.00249379 0
6681.92 0.00133443 0
6681.95 0.000303245 0
6681.99 -0.0003524 0
6682.03 -0.000902295 0
6682.07 -0.000548742 0
6682.1 1.85705e-05 0
6682.14 0.00196793 0
6682.18 0.00405661 0
6682.22 0.00641693 0
6682.25 0.00878507 0
6682.29 0.0110652 0
6682.33 0.0128595 0
6682.37 0.0117752 0
6682.4 0.0103096 0
6682.44 0.00799057 0
6682.48 0.00579735 0
6682.52 0.00450673 0
6682.55 0.00347626 0
6682.59 0.00325982 0
6682.63 0.00328736 0
6682.66 0.00401619 0
6682.7 0.00497977 0
6682.74 0.00657894 0
6682.78 0.00764624 0
6682.81 0.00686081 0
6682.85 0.00578963 0
6682.89 0.00429102 0
6682.93 0.0033812 0
6682.96 0.00414916 0
6683 0.00502643 0
6683.04 0.00586229 0
6683.07 0.0062557 0
6683.11 0.00563424 0
6683.15 0.0049387 0
6683.19 0.00424789 0
6683.22 0.00389274 0
6683.26 0.00420701 0
6683.3 0.00493422 0
6683.34 0.00633631 0
6683.37 0.00783883 0
6683.41 0.00942902 0
6683.45 0.0105624 0
6683.48 0.0109453 0
6683.52 0.0106541 0
6683.56 0.00942518 0
6683.6 0.00855006 0
6683.63 0.00827496 0
6683.67 0.00881667 0
6683.71 0.0103865 0
6683.75 0.011772 0
6683.78 0.0128341 0
6683.82 0.0129119 0
6683.86 0.0118663 0
6683.9 0.0107951 0
6683.93 0.0097853 0
6683.97 0.00862611 0
6684.01 0.00730808 0
6684.05 0.00670142 0
6684.08 0.0067931 0
6684.12 0.00794335 0
6684.16 0.0100083 0
6684.19 0.0116611 0
6684.23 0.0129075 0
6684.27 0.0129716 0
6684.31 0.0121146 0
6684.34 0.0126578 0
6684.38 0.0142974 0
6684.42 0.0158796 0
6684.45 0.0173677 0
6684.49 0.0169584 0
6684.53 0.0153069 0
6684.57 0.0134534 0
6684.6 0.0115273 0
6684.64 0.00966693 0
6684.68 0.00784689 0
6684.72 0.00705129 0
6684.75 0.0068035 0
6684.79 0.00818081 0
6684.83 0.0103522 0
6684.87 0.0105727 0
6684.9 0.00986104 0
6684.94 0.00910398 0
6684.98 0.00835272 0
6685.02 0.0109078 0
6685.05 0.0147877 0
6685.09 0.0190018 0
6685.13 0.023309 0
6685.16 0.0229972 0
6685.2 0.0211039 0
6685.24 0.0171384 0
6685.28 0.0125519 0
6685.31 0.0111934 0
6685.35 0.010774 0
6685.39 0.0114987 0
6685.43 0.0125088 0
6685.46 0.0118835 0
6685.5 0.0108666 0
6685.54 0.00913993 0
6685.57 0.00726512 0
6685.61 0.00602026 0
6685.65 0.00489701 0
6685.69 0.00528753 0
6685.72 0.00593389 0
6685.76 0.00663253 0
6685.8 0.00733612 0
6685.84 0.00777124 0
6685.87 0.00817137 0
6685.91 0.00781894 0
6685.95 0.0073853 0
6685.98 0.00668014 0
6686.02 0.00595656 0
6686.06 0.0062266 0
6686.1 0.00655451 0
6686.13 0.00609825 0
6686.17 0.00554605 0
6686.21 0.00422218 0
6686.25 0.00304992 0
6686.28 0.00516579 0
6686.32 0.00754064 0
6686.36 0.00997537 0
6686.4 0.0121166 0
6686.43 0.0114857 0
6686.47 0.0107321 0
6686.51 0.0106804 0
6686.55 0.0109064 0
6686.58 0.0125921 0
6686.62 0.0142029 0
6686.66 0.0147717 0
6686.69 0.0150549 0
6686.73 0.014326 0
6686.77 0.0133139 0
6686.81 0.0114109 0
6686.84 0.00929306 0
6686.88 0.00660378 0
6686.92 0.00403504 0
6686.95 0.00203498 0
6686.99 0.000611417 0
6687.03 0.000877289 0
6687.07 0.0015857 0
6687.1 0.00319714 0
6687.14 0.0049308 0
6687.18 0.00680384 0
6687.22 0.0085804 0
6687.25 0.010106 0
6687.29 0.0109199 0
6687.33 0.0102061 0
6687.37 0.00878836 0
6687.4 0.00617081 0
6687.44 0.00326771 0
6687.48 -4.33051e-06 0
6687.52 -0.00234536 0
6687.55 -0.0030264 0
6687.59 -0.00180222 0
6687.63 0.00229129 0
6687.66 0.00633993 0
6687.7 0.010005 0
6687.74 0.0118946 0
6687.78 0.0113599 0
6687.81 0.00941116 0
6687.85 0.00587184 0
6687.89 0.00359576 0
6687.93 0.00297309 0
6687.96 0.00411113 0
6688 0.00708065 0
6688.04 0.00998347 0
6688.07 0.0126778 0
6688.11 0.0143046 0
6688.15 0.014909 0
6688.19 0.0143403 0
6688.22 0.012781 0
6688.26 0.0112733 0
6688.3 0.00986643 0
6688.34 0.00813046 0
6688.37 0.00612956 0
6688.41 0.00433733 0
6688.45 0.00271375 0
6688.48 0.00151749 0
6688.52 0.000601298 0
6688.56 -0.000488748 0
6688.6 -0.00170159 0
6688.64 -0.00111501 0
6688.67 0.000531116 0
6688.71 0.00268156 0
6688.75 0.00506632 0
6688.78 0.00564238 0
6688.82 0.00530676 0
6688.86 0.00436027 0
6688.9 0.00315682 0
6688.93 0.00288173 0
6688.97 0.00300831 0
6689.01 0.00306763 0
6689.05 0.00309316 0
6689.08 0.00254447 0
6689.12 0.00178863 0
6689.16 0.00166947 0
6689.19 0.00176177 0
6689.23 0.00276842 0
6689.27 0.00404518 0
6689.31 0.00647427 0
6689.34 0.00920793 0
6689.38 0.0106503 0
6689.42 0.0117794 0
6689.45 0.00943932 0
6689.49 0.00635548 0
6689.53 0.00485577 0
6689.57 0.00366323 0
6689.6 0.005002 0
6689.64 0.00675986 0
6689.68 0.00754674 0
6689.72 0.00819006 0
6689.75 0.00796891 0
6689.79 0.00764376 0
6689.83 0.00556857 0
6689.87 0.00332235 0
6689.9 0.000358925 0
6689.94 -0.00261264 0
6689.98 -0.00297609 0
6690.02 -0.00303229 0
6690.05 -0.000472558 0
6690.09 0.00225278 0
6690.13 0.00443677 0
6690.16 0.00629778 0
6690.2 0.00487174 0
6690.24 0.00295166 0
6690.28 -0.00119199 0
6690.31 -0.00532649 0
6690.35 -0.00810642 0
6690.39 -0.0104945 0
6690.43 -0.0110928 0
6690.46 -0.0115392 0
6690.5 -0.0119186 0
6690.54 -0.01225 0
6690.57 -0.0123715 0
6690.61 -0.0122444 0
6690.65 -0.0111748 0
6690.69 -0.00995361 0
6690.72 -0.00845238 0
6690.76 -0.00721842 0
6690.8 -0.00691318 0
6690.84 -0.00691516 0
6690.87 -0.00760829 0
6690.91 -0.00826657 0
6690.95 -0.00868963 0
6690.98 -0.00832522 0
6691.02 -0.00613506 0
6691.06 -0.00389389 0
6691.1 -0.00184347 0
6691.14 -0.000543858 0
6691.17 -0.000695569 0
6691.21 -6.58447e-05 0
6691.25 0.00217713 0
6691.28 0.0053686 0
6691.32 0.00993912 0
6691.36 0.0134926 0
6691.4 0.0153246 0
6691.43 0.0150407 0
6691.47 0.0119347 0
6691.51 0.00809635 0
6691.55 0.00357532 0
6691.58 -0.000310832 0
6691.62 -0.00337121 0
6691.66 -0.00544669 0
6691.69 -0.00649025 0
6691.73 -0.00733767 0
6691.77 -0.0080546 0
6691.81 -0.00938606 0
6691.84 -0.0113169 0
6691.88 -0.012388 0
6691.92 -0.0126611 0
6691.96 -0.0114529 0
6691.99 -0.00907235 0
6692.03 -0.00651552 0
6692.07 -0.00388735 0
6692.1 -0.00243808 0
6692.14 -0.0018149 0
6692.18 -0.00200418 0
6692.22 -0.00268412 0
6692.25 -0.0039227 0
6692.29 -0.00547567 0
6692.33 -0.00642027 0
6692.37 -0.00701567 0
6692.4 -0.00724088 0
6692.44 -0.00729298 0
6692.48 -0.00699909 0
6692.52 -0.00655142 0
6692.55 -0.00617266 0
6692.59 -0.00582407 0
6692.63 -0.00626492 0
6692.66 -0.00700883 0
6692.7 -0.00862512 0
6692.74 -0.0105368 0
6692.78 -0.011955 0
6692.81 -0.0132133 0
6692.85 -0.0123441 0
6692.89 -0.0108741 0
6692.93 -0.0105381 0
6692.96 -0.0104954 0
6693 -0.0124336 0
6693.04 -0.0148141 0
6693.07 -0.0149661 0
6693.11 -0.0146755 0
6693.15 -0.0118198 0
6693.19 -0.00852872 0
6693.22 -0.00708951 0
6693.26 -0.00592342 0
6693.3 -0.00707559 0
6693.34 -0.00850662 0
6693.37 -0.00881133 0
6693.41 -0.00900369 0
6693.45 -0.00770172 0
6693.48 -0.00633442 0
6693.52 -0.00704943 0
6693.56 -0.00795126 0
6693.6 -0.00944549 0
6693.64 -0.0109998 0
6693.67 -0.0127352 0
6693.71 -0.0143502 0
6693.75 -0.01459 0
6693.78 -0.0147144 0
6693.82 -0.0147795 0
6693.86 -0.0150645 0
6693.9 -0.0168178 0
6693.93 -0.0187422 0
6693.97 -0.0209944 0
6694.01 -0.0228334 0
6694.05 -0.0226145 0
6694.08 -0.0219768 0
6694.12 -0.0202688 0
6694.16 -0.0186393 0
6694.19 -0.0175912 0
6694.23 -0.0164384 0
6694.27 -0.014806 0
6694.31 -0.0133683 0
6694.34 -0.0125887 0
6694.38 -0.0121826 0
6694.42 -0.0126071 0
6694.46 -0.0132696 0
6694.49 -0.0143317 0
6694.53 -0.0156369 0
6694.57 -0.0173883 0
6694.6 -0.0184359 0
6694.64 -0.0180895 0
6694.68 -0.0166757 0
6694.72 -0.0135969 0
6694.75 -0.0110295 0
6694.79 -0.00946753 0
6694.83 -0.00887385 0
6694.87 -0.00957145 0
6694.9 -0.0108284 0
6694.94 -0.0127034 0
6694.98 -0.0139159 0
6695.02 -0.0142674 0
6695.05 -0.0141556 0
6695.09 -0.0135924 0
6695.13 -0.0125179 0
6695.16 -0.0109513 0
6695.2 -0.00922283 0
6695.24 -0.00737579 0
6695.28 -0.00659894 0
6695.31 -0.00676054 0
6695.35 -0.00735925 0
6695.39 -0.00825496 0
6695.43 -0.00918099 0
6695.46 -0.0101119 0
6695.5 -0.0115204 0
6695.54 -0.013252 0
6695.57 -0.0153392 0
6695.61 -0.0176333 0
6695.65 -0.0188864 0
6695.69 -0.0195385 0
6695.72 -0.0178812 0
6695.76 -0.0150475 0
6695.8 -0.0130848 0
6695.84 -0.0115705 0
6695.87 -0.0119971 0
6695.91 -0.0132429 0
6695.95 -0.0144317 0
6695.98 -0.0155772 0
6696.02 -0.0170965 0
6696.06 -0.018746 0
6696.1 -0.0215678 0
6696.14 -0.0247549 0
6696.17 -0.025451 0
6696.21 -0.0254439 0
6696.25 -0.0225906 0
6696.28 -0.0190424 0
6696.32 -0.0144238 0
6696.36 -0.00958189 0
6696.4 -0.00719652 0
6696.43 -0.00527247 0
6696.47 -0.00664007 0
6696.51 -0.00852711 0
6696.55 -0.0105408 0
6696.58 -0.0125679 0
6696.62 -0.01341 0
6696.66 -0.0141241 0
6696.69 -0.0151002 0
6696.73 -0.0161091 0
6696.77 -0.0177554 0
6696.81 -0.0194066 0
6696.84 -0.0200392 0
6696.88 -0.0205541 0
6696.92 -0.0205136 0
6696.96 -0.0205314 0
6696.99 -0.0216113 0
6697.03 -0.0227753 0
6697.07 -0.0239641 0
6697.1 -0.0248103 0
6697.14 -0.0234288 0
6697.18 -0.0217361 0
6697.22 -0.0192902 0
6697.25 -0.0173515 0
6697.29 -0.0179906 0
6697.33 -0.0188453 0
6697.37 -0.0197782 0
6697.4 -0.0202429 0
6697.44 -0.019082 0
6697.48 -0.0174884 0
6697.52 -0.0149589 0
6697.55 -0.0123732 0
6697.59 -0.00982802 0
6697.63 -0.00782655 0
6697.66 -0.0071228 0
6697.7 -0.00731049 0
6697.74 -0.00921061 0
6697.78 -0.0113163 0
6697.81 -0.0135748 0
6697.85 -0.0157746 0
6697.89 -0.0178513 0
6697.93 -0.0202447 0
6697.96 -0.0231591 0
6698 -0.0257981 0
6698.04 -0.0279801 0
6698.07 -0.0283278 0
6698.11 -0.0262849 0
6698.15 -0.021714 0
6698.19 -0.0142924 0
6698.22 -0.00294321 0
6698.26 -0.0133418 0
6698.3 -0.0178588 0
6698.34 -0.0138137 0
6698.37 -0.0126025 0
6698.41 -0.0126773 0
6698.45 -0.00290752 0
6698.49 -0.0141756 0
6698.52 -0.00566526 0
6698.56 -0.0105894 0
6698.6 -0.013891 0
6698.64 -0.0162201 0
6698.67 -0.0171844 0
6698.71 -0.0173112 0
6698.75 -0.016579 0
6698.78 -0.0153767 0
6698.82 -0.0144218 0
6698.86 -0.0136147 0
6698.9 -0.0136547 0
6698.93 -0.0140991 0
6698.97 -0.0146368 0
6699.01 -0.0152048 0
6699.05 -0.0157255 0
6699.08 -0.0162255 0
6699.12 -0.0153693 0
6699.16 -0.014035 0
6699.19 -0.0119285 0
6699.23 -0.00959004 0
6699.27 -0.00984022 0
6699.31 -0.0108113 0
6699.34 -0.0120995 0
6699.38 -0.0134556 0
6699.42 -0.014749 0
6699.46 -0.0160265 0
6699.49 -0.0171215 0
6699.53 -0.0181831 0
6699.57 -0.0170599 0
6699.6 -0.0156098 0
6699.64 -0.0123699 0
6699.68 -0.00891101 0
6699.72 -0.00665663 0
6699.75 -0.00453181 0
6699.79 -0.00442632 0
6699.83 -0.00455947 0
6699.87 -0.00720167 0
6699.9 -0.0100246 0
6699.94 -0.0126641 0
6699.98 -0.0151207 0
6700.02 -0.0156691 0
6700.05 -0.016053 0
6700.09 -0.0163057 0
6700.13 -0.0164684 0
6700.16 -0.0160989 0
6700.2 -0.0157076 0
6700.24 -0.0154142 0
6700.28 -0.0154632 0
6700.31 -0.0170579 0
6700.35 -0.0184918 0
6700.39 -0.0188356 0
6700.43 -0.0186689 0
6700.46 -0.0170472 0
6700.5 -0.0157681 0
6700.54 -0.0158401 0
6700.57 -0.0159831 0
6700.61 -0.0160463 0
6700.65 -0.0147466 0
6700.69 -0.0102915 0
6700.72 -0.0121171 0
6700.76 -0.0103443 0
6700.8 -0.0108309 0
6700.84 -0.0194771 0
6700.87 -0.0093627 0
6700.91 -0.00944121 0
6700.95 -0.00955439 0
6700.99 -0.0114012 0
6701.02 -0.0131616 0
6701.06 -0.0190543 0
6701.1 -0.0213383 0
6701.14 -0.019917 0
6701.17 -0.0186925 0
6701.21 -0.017997 0
6701.25 -0.0173143 0
6701.28 -0.0166031 0
6701.32 -0.0155077 0
6701.36 -0.0140507 0
6701.4 -0.0132975 0
6701.43 -0.0131674 0
6701.47 -0.0138558 0
6701.51 -0.0151508 0
6701.55 -0.0172773 0
6701.58 -0.01996 0
6701.62 -0.0221333 0
6701.66 -0.0239531 0
6701.69 -0.0237794 0
6701.73 -0.0224638 0
6701.77 -0.0195916 0
6701.81 -0.0159404 0
6701.84 -0.0139776 0
6701.88 -0.0128367 0
6701.92 -0.0142372 0
6701.96 -0.016696 0
6701.99 -0.0180304 0
6702.03 -0.018913 0
6702.07 -0.0179099 0
6702.1 -0.0162845 0
6702.14 -0.014694 0
6702.18 -0.0131227 0
6702.22 -0.0132417 0
6702.25 -0.0137975 0
6702.29 -0.015104 0
6702.33 -0.0165752 0
6702.37 -0.0173488 0
6702.4 -0.0179855 0
6702.44 -0.016627 0
6702.48 -0.0149516 0
6702.52 -0.0136534 0
6702.55 -0.0124079 0
6702.59 -0.011682 0
6702.63 -0.0110076 0
6702.66 -0.010117 0
6702.7 -0.00925084 0
6702.74 -0.00967806 0
6702.78 -0.0102406 0
6702.81 -0.0114483 0
6702.85 -0.0127186 0
6702.89 -0.0141354 0
6702.93 -0.0155766 0
6702.96 -0.0171099 0
6703 -0.0184241 0
6703.04 -0.0182908 0
6703.07 -0.0176246 0
6703.11 -0.0147321 0
6703.15 -0.0120073 0
6703.19 -0.0107569 0
6703.23 -0.010042 0
6703.26 -0.0109218 0
6703.3 -0.011694 0
6703.34 -0.0117288 0
6703.37 -0.0112844 0
6703.41 -0.00965742 0
6703.45 -0.00823852 0
6703.49 -0.00755429 0
6703.52 -0.00737431 0
6703.56 -0.00817442 0
6703.6 -0.00883664 0
6703.64 -0.00909338 0
6703.67 -0.0090966 0
6703.71 -0.00870687 0
6703.75 -0.008515 0
6703.78 -0.00867592 0
6703.82 -0.00919645 0
6703.86 -0.0101951 0
6703.9 -0.0120878 0
6703.93 -0.0150779 0
6703.97 -0.0172208 0
6704.01 -0.0182993 0
6704.05 -0.0179228 0
6704.08 -0.0161055 0
6704.12 -0.0141334 0
6704.16 -0.0121106 0
6704.19 -0.0101867 0
6704.23 -0.00835513 0
6704.27 -0.00731218 0
6704.31 -0.00687225 0
6704.34 -0.0067248 0
6704.38 -0.00675064 0
6704.42 -0.00581173 0
6704.46 -0.00426003 0
6704.49 -0.00250435 0
6704.53 -0.000654077 0
6704.57 -0.000384315 0
6704.6 -0.000923381 0
6704.64 -0.00293033 0
6704.68 -0.00558076 0
6704.72 -0.0078607 0
6704.75 -0.00997166 0
6704.79 -0.00979368 0
6704.83 -0.00879807 0
6704.87 -0.00800072 0
6704.9 -0.00727948 0
6704.94 -0.00848417 0
6704.98 -0.0102188 0
6705.02 -0.011145 0
6705.05 -0.0118744 0
6705.09 -0.0104029 0
6705.13 -0.00848549 0
6705.16 -0.00607417 0
6705.2 -0.00358302 0
6705.24 -0.00320433 0
6705.28 -0.00311857 0
6705.31 -0.00421172 0
6705.35 -0.00542975 0
6705.39 -0.00686063 0
6705.43 -0.00829766 0
6705.46 -0.00926071 0
6705.5 -0.0101136 0
6705.54 -0.00973048 0
6705.57 -0.00933859 0
6705.61 -0.00992602 0
6705.65 -0.0106437 0
6705.69 -0.0117901 0
6705.73 -0.0129491 0
6705.76 -0.0139989 0
6705.8 -0.0150138 0
6705.84 -0.0158914 0
6705.87 -0.0163417 0
6705.91 -0.0150036 0
6705.95 -0.013579 0
6705.99 -0.0123306 0
6706.02 -0.0116187 0
6706.06 -0.0125201 0
6706.1 -0.0128855 0
6706.14 -0.0114876 0
6706.17 -0.00906719 0
6706.21 -0.00454218 0
6706.25 -0.000692454 0
6706.28 0.0014258 0
6706.32 0.00184631 0
6706.36 -0.000645436 0
6706.4 -0.00332753 0
6706.43 -0.00596448 0
6706.47 -0.00737868 0
6706.51 -0.00698624 0
6706.55 -0.00561234 0
6706.58 -0.00311876 0
6706.62 -0.00166973 0
6706.66 -0.00156389 0
6706.69 -0.00298669 0
6706.73 -0.00595109 0
6706.77 -0.00815827 0
6706.81 -0.00952381 0
6706.84 -0.0106966 0
6706.88 -0.0117514 0
6706.92 -0.013177 0
6706.96 -0.0149045 0
6706.99 -0.0158329 0
6707.03 -0.01618 0
6707.07 -0.0158215 0
6707.1 -0.0150397 0
6707.14 -0.015036 0
6707.18 -0.0154947 0
6707.22 -0.0145995 0
6707.25 -0.0130019 0
6707.29 -0.0102107 0
6707.33 -0.00690549 0
6707.37 -0.00560679 0
6707.4 -0.00512086 0
6707.44 -0.00668009 0
6707.48 -0.00893938 0
6707.52 -0.0104882 0
6707.55 -0.0118093 0
6707.59 -0.0109455 0
6707.63 -0.00950395 0
6707.66 -0.00929373 0
6707.7 -0.0093684 0
6707.74 -0.00993863 0
6707.78 -0.010603 0
6707.81 -0.00990276 0
6707.85 -0.00898831 0
6707.89 -0.0073192 0
6707.93 -0.0055587 0
6707.96 -0.00296819 0
6708 -0.00033299 0
6708.04 4.98807e-05 0
6708.07 0.000160953 0
6708.11 -0.00187448 0
6708.15 -0.00404545 0
6708.19 -0.00579276 0
6708.23 -0.00733269 0
6708.26 -0.00733469 0
6708.3 -0.00743899 0
6708.34 -0.00903086 0
6708.37 -0.0107947 0
6708.41 -0.0128555 0
6708.45 -0.0144724 0
6708.49 -0.0140561 0
6708.52 -0.0131365 0
6708.56 -0.0109336 0
6708.6 -0.00884104 0
6708.64 -0.00739054 0
6708.67 -0.00644882 0
6708.71 -0.0067486 0
6708.75 -0.007504 0
6708.78 -0.00910669 0
6708.82 -0.0105425 0
6708.86 -0.0115085 0
6708.9 -0.0123603 0
6708.93 -0.0130656 0
6708.97 -0.01364 0
6709.01 -0.0140154 0
6709.05 -0.0129723 0
6709.08 -0.00990355 0
6709.12 -0.00613194 0
6709.16 -0.00164174 0
6709.19 0.000953783 0
6709.23 0.00129913 0
6709.27 0.000430104 0
6709.31 -0.0015274 0
6709.34 -0.00209512 0
6709.38 -0.0012952 0
6709.42 -0.000814954 0
6709.46 -0.000686611 0
6709.49 -0.00230248 0
6709.53 -0.00520158 0
6709.57 -0.00773748 0
6709.6 -0.00996917 0
6709.64 -0.0104306 0
6709.68 -0.00985083 0
6709.72 -0.00792571 0
6709.76 -0.00532092 0
6709.79 -0.00367387 0
6709.83 -0.00249898 0
